match,home_team,away_team,market_name,player_name,player_team,opposition_team,line,over_price,agency
Crystal Palace v Wolverhampton Wanderers,Crystal Palace,Wolverhampton Wanderers,Player Goals,Jefferson Lerma,Crystal Palace,Wolverhampton Wanderers,1.5,126,Neds
Crystal Palace v Wolverhampton Wanderers,Crystal Palace,Wolverhampton Wanderers,Player Goals,Justin Devenny,Crystal Palace,Wolverhampton Wanderers,1.5,67,Neds
Crystal Palace v Wolverhampton Wanderers,Crystal Palace,Wolverhampton Wanderers,Player Goals,Evann Guessand,Aston Villa,Crystal Palace,1.5,29,Neds
Crystal Palace v Wolverhampton Wanderers,Crystal Palace,Wolverhampton Wanderers,Player Goals,Tyrick Mitchell,Crystal Palace,Wolverhampton Wanderers,1.5,126,Neds
Crystal Palace v Wolverhampton Wanderers,Crystal Palace,Wolverhampton Wanderers,Player Goals,Adam Armstrong,Southampton,Crystal Palace,1.5,29,Neds
Crystal Palace v Wolverhampton Wanderers,Crystal Palace,Wolverhampton Wanderers,Player Goals,Daichi Kamada,Crystal Palace,Wolverhampton Wanderers,1.5,51,Neds
Crystal Palace v Wolverhampton Wanderers,Crystal Palace,Wolverhampton Wanderers,Player Goals,Jeanricner Bellegarde,NA,NA,1.5,61,Neds
Crystal Palace v Wolverhampton Wanderers,Crystal Palace,Wolverhampton Wanderers,Player Goals,Santiago Bueno,Wolverhampton Wanderers,Crystal Palace,1.5,151,Neds
Crystal Palace v Wolverhampton Wanderers,Crystal Palace,Wolverhampton Wanderers,Player Goals,Borna Sosa,Crystal Palace,Wolverhampton Wanderers,1.5,201,Neds
Crystal Palace v Wolverhampton Wanderers,Crystal Palace,Wolverhampton Wanderers,Player Goals,Chrisantus Uche,NA,NA,1.5,26,Neds
Crystal Palace v Wolverhampton Wanderers,Crystal Palace,Wolverhampton Wanderers,Player Goals,Rio Cardines,Crystal Palace,Wolverhampton Wanderers,1.5,71,Neds
Crystal Palace v Wolverhampton Wanderers,Crystal Palace,Wolverhampton Wanderers,Player Goals,Caleb Kporha,Crystal Palace,Wolverhampton Wanderers,1.5,81,Neds
Crystal Palace v Wolverhampton Wanderers,Crystal Palace,Wolverhampton Wanderers,Player Goals,Angel Gomes,NA,NA,1.5,126,Neds
Crystal Palace v Wolverhampton Wanderers,Crystal Palace,Wolverhampton Wanderers,Player Goals,Jerome Abbey,NA,NA,1.5,201,Neds
Crystal Palace v Wolverhampton Wanderers,Crystal Palace,Wolverhampton Wanderers,Player Goals,Dean Benamar,Crystal Palace,Wolverhampton Wanderers,1.5,201,Neds
Crystal Palace v Wolverhampton Wanderers,Crystal Palace,Wolverhampton Wanderers,Player Goals,Daniel Mu<c3><b1>oz,NA,NA,1.5,26,Neds
Crystal Palace v Wolverhampton Wanderers,Crystal Palace,Wolverhampton Wanderers,Player Goals,J<c3><b8>rgen Strand Larsen,NA,NA,1.5,9,Neds
Crystal Palace v Wolverhampton Wanderers,Crystal Palace,Wolverhampton Wanderers,Player Goals,Isma<c3><af>la Sarr,NA,NA,1.5,10,Neds
Crystal Palace v Wolverhampton Wanderers,Crystal Palace,Wolverhampton Wanderers,Player Goals,Kaden Rodney,Crystal Palace,Wolverhampton Wanderers,1.5,101,Neds
Crystal Palace v Wolverhampton Wanderers,Crystal Palace,Wolverhampton Wanderers,Player Goals,Yerson Mosquera,Wolverhampton Wanderers,Crystal Palace,1.5,176,Neds
Crystal Palace v Wolverhampton Wanderers,Crystal Palace,Wolverhampton Wanderers,Player Goals,Ladislav Krejci,Wolverhampton Wanderers,Crystal Palace,1.5,126,Neds
Crystal Palace v Wolverhampton Wanderers,Crystal Palace,Wolverhampton Wanderers,Player Goals,George King,Crystal Palace,Wolverhampton Wanderers,1.5,151,Neds
Crystal Palace v Wolverhampton Wanderers,Crystal Palace,Wolverhampton Wanderers,Player Goals,Rodrigo Gomes,Wolverhampton Wanderers,Crystal Palace,1.5,101,Neds
Crystal Palace v Wolverhampton Wanderers,Crystal Palace,Wolverhampton Wanderers,Player Goals,Ben Casey,Crystal Palace,Wolverhampton Wanderers,1.5,15,Neds
Crystal Palace v Wolverhampton Wanderers,Crystal Palace,Wolverhampton Wanderers,Player Goals,Will Hughes,Crystal Palace,Wolverhampton Wanderers,1.5,101,Neds
Crystal Palace v Wolverhampton Wanderers,Crystal Palace,Wolverhampton Wanderers,Player Goals,Mateus Mane,NA,NA,1.5,41,Neds
Crystal Palace v Wolverhampton Wanderers,Crystal Palace,Wolverhampton Wanderers,Player Goals,Yeremi Pino,NA,NA,1.5,29,Neds
Crystal Palace v Wolverhampton Wanderers,Crystal Palace,Wolverhampton Wanderers,Player Goals,Jo<c3><a3>o Gomes,NA,NA,1.5,176,Neds
Crystal Palace v Wolverhampton Wanderers,Crystal Palace,Wolverhampton Wanderers,Player Goals,Chadi Riad,Crystal Palace,Wolverhampton Wanderers,1.5,176,Neds
Crystal Palace v Wolverhampton Wanderers,Crystal Palace,Wolverhampton Wanderers,Player Goals,Jaydee Canvot,Crystal Palace,Wolverhampton Wanderers,1.5,201,Neds
Crystal Palace v Wolverhampton Wanderers,Crystal Palace,Wolverhampton Wanderers,Player Goals,Brennan Johnson,Tottenham Hotspur,Crystal Palace,1.5,19,Neds
Crystal Palace v Wolverhampton Wanderers,Crystal Palace,Wolverhampton Wanderers,Player Goals,Brennan Johnson,Crystal Palace,Wolverhampton Wanderers,1.5,19,Neds
Crystal Palace v Wolverhampton Wanderers,Crystal Palace,Wolverhampton Wanderers,Player Goals,Joel Drakes Thomas,NA,NA,1.5,41,Neds
Crystal Palace v Wolverhampton Wanderers,Crystal Palace,Wolverhampton Wanderers,Player Goals,Tom Edozie,NA,NA,1.5,56,Neds
Crystal Palace v Wolverhampton Wanderers,Crystal Palace,Wolverhampton Wanderers,Player Goals,Tolu Arokodare,Wolverhampton Wanderers,Crystal Palace,1.5,34,Neds
Crystal Palace v Wolverhampton Wanderers,Crystal Palace,Wolverhampton Wanderers,Player Goals,Adam Wharton,Crystal Palace,Wolverhampton Wanderers,1.5,101,Neds
Crystal Palace v Wolverhampton Wanderers,Crystal Palace,Wolverhampton Wanderers,Player Goals,Maxence Lacroix,Crystal Palace,Wolverhampton Wanderers,1.5,201,Neds
Manchester City v Newcastle United,Manchester City,Newcastle United,Player Goals,Savio Moreira,NA,NA,0.5,5,Neds
Manchester City v Newcastle United,Manchester City,Newcastle United,Player Goals,R<c3><ba>ben Dias,NA,NA,0.5,9,Neds
Manchester City v Newcastle United,Manchester City,Newcastle United,Player Goals,Anthony Gordon,Newcastle United,Manchester City,0.5,4.2,Neds
Manchester City v Newcastle United,Manchester City,Newcastle United,Player Goals,Harvey Barnes,Newcastle United,Manchester City,0.5,3.9,Neds
Manchester City v Newcastle United,Manchester City,Newcastle United,Player Goals,Rayan A<c3><af>t-Nouri,NA,NA,0.5,8,Neds
Manchester City v Newcastle United,Manchester City,Newcastle United,Player Goals,Kieran Trippier,Newcastle United,Manchester City,0.5,15,Neds
Manchester City v Newcastle United,Manchester City,Newcastle United,Player Goals,Phil Foden,Manchester City,Newcastle United,0.5,3.1,Neds
Manchester City v Newcastle United,Manchester City,Newcastle United,Player Goals,Botman Sven,NA,NA,0.5,12,Neds
Manchester City v Newcastle United,Manchester City,Newcastle United,Player Goals,Leo Shahar,Newcastle United,Manchester City,0.5,19,Neds
Manchester City v Newcastle United,Manchester City,Newcastle United,Player Goals,Jacob Ramsey,Newcastle United,Manchester City,0.5,6.5,Neds
Manchester City v Newcastle United,Manchester City,Newcastle United,Player Goals,J<c3><a9>r<c3><a9>my Doku,NA,NA,0.5,4.6,Neds
Manchester City v Newcastle United,Manchester City,Newcastle United,Player Goals,Sandro Tonali,Newcastle United,Manchester City,0.5,8,Neds
Manchester City v Newcastle United,Manchester City,Newcastle United,Player Goals,Tijjani Reijnders,Manchester City,Newcastle United,0.5,4.33,Neds
Manchester City v Newcastle United,Manchester City,Newcastle United,Player Goals,Nico Gonzalez,NA,NA,0.5,8,Neds
Manchester City v Newcastle United,Manchester City,Newcastle United,Player Goals,Abdukodir Khusanov,Manchester City,Newcastle United,0.5,15,Neds
Manchester City v Newcastle United,Manchester City,Newcastle United,Player Goals,Nathan Ak<c3><a9>,NA,NA,0.5,12,Neds
Manchester City v Newcastle United,Manchester City,Newcastle United,Player Goals,Rico Lewis,Manchester City,Newcastle United,0.5,8,Neds
Manchester City v Newcastle United,Manchester City,Newcastle United,Player Goals,Lewis Hall,Newcastle United,Manchester City,0.5,13,Neds
Manchester City v Newcastle United,Manchester City,Newcastle United,Player Goals,Erling Haaland,Manchester City,Newcastle United,0.5,1.6,Neds
Manchester City v Newcastle United,Manchester City,Newcastle United,Player Goals,Omar Marmoush,Manchester City,Newcastle United,0.5,2.5,Neds
Manchester City v Newcastle United,Manchester City,Newcastle United,Player Goals,Emil Krafth,Newcastle United,Manchester City,0.5,21,Neds
Manchester City v Newcastle United,Manchester City,Newcastle United,Player Goals,Matheus Nunes,Manchester City,Newcastle United,0.5,12,Neds
Manchester City v Newcastle United,Manchester City,Newcastle United,Player Goals,Nico O'Reilly,Manchester City,Newcastle United,0.5,7.5,Neds
Manchester City v Newcastle United,Manchester City,Newcastle United,Player Goals,John Stones,Manchester City,Newcastle United,0.5,9,Neds
Manchester City v Newcastle United,Manchester City,Newcastle United,Player Goals,Antoine Semenyo,Manchester City,Newcastle United,0.5,2.1,Neds
Manchester City v Newcastle United,Manchester City,Newcastle United,Player Goals,Antoine Semenyo,Bournemouth,Manchester City,0.5,2.1,Neds
Manchester City v Newcastle United,Manchester City,Newcastle United,Player Goals,Sam Alabi,Newcastle United,Manchester City,0.5,11,Neds
Manchester City v Newcastle United,Manchester City,Newcastle United,Player Goals,Jacob Murphy,Newcastle United,Manchester City,0.5,5.75,Neds
Manchester City v Newcastle United,Manchester City,Newcastle United,Player Goals,Yoane Wissa,Newcastle United,Manchester City,0.5,3.4,Neds
Manchester City v Newcastle United,Manchester City,Newcastle United,Player Goals,Anthony Elanga,Newcastle United,Manchester City,0.5,6,Neds
Manchester City v Newcastle United,Manchester City,Newcastle United,Player Goals,Alex Murphy,Newcastle United,Manchester City,0.5,13,Neds
Manchester City v Newcastle United,Manchester City,Newcastle United,Player Goals,William Osula,Newcastle United,Manchester City,0.5,4.6,Neds
Manchester City v Newcastle United,Manchester City,Newcastle United,Player Goals,Stephen Mfuni,Manchester City,Newcastle United,0.5,9,Neds
Manchester City v Newcastle United,Manchester City,Newcastle United,Player Goals,Bernardo Silva,Manchester City,Newcastle United,0.5,8,Neds
Manchester City v Newcastle United,Manchester City,Newcastle United,Player Goals,Ryan McAidoo,Manchester City,Newcastle United,0.5,5,Neds
Manchester City v Newcastle United,Manchester City,Newcastle United,Player Goals,Joe Willock,Newcastle United,Manchester City,0.5,7.5,Neds
Manchester City v Newcastle United,Manchester City,Newcastle United,Player Goals,Malick Thiaw,Newcastle United,Manchester City,0.5,7,Neds
Manchester City v Newcastle United,Manchester City,Newcastle United,Player Goals,Lewis Miley,Newcastle United,Manchester City,0.5,12,Neds
Manchester City v Newcastle United,Manchester City,Newcastle United,Player Goals,Nick Woltemade,Newcastle United,Manchester City,0.5,3.4,Neds
Manchester City v Newcastle United,Manchester City,Newcastle United,Player Goals,Dan Burn,Newcastle United,Manchester City,0.5,15,Neds
Manchester City v Newcastle United,Manchester City,Newcastle United,Player Goals,No Goalscorer,NA,NA,0.5,15,Neds
Manchester City v Newcastle United,Manchester City,Newcastle United,Player Goals,Max Alleyne,Manchester City,Newcastle United,0.5,12,Neds
Manchester City v Newcastle United,Manchester City,Newcastle United,Player Goals,Joelinton,Newcastle United,Manchester City,0.5,7.5,Neds
Manchester City v Newcastle United,Manchester City,Newcastle United,Player Goals,Mathis Rayan Cherki,NA,NA,0.5,4.8,Neds
Manchester City v Newcastle United,Manchester City,Newcastle United,Player Goals,Sean Neave,Newcastle United,Manchester City,0.5,4.4,Neds
Manchester City v Newcastle United,Manchester City,Newcastle United,Player Goals,Rodrigo Hernandez Cascante,NA,NA,0.5,8,Neds
Nottingham Forest v Liverpool,Nottingham Forest,Liverpool,Player Goals,Rio Ngumoha,Liverpool,Nottingham Forest,2.5,201,Neds
Nottingham Forest v Liverpool,Nottingham Forest,Liverpool,Player Goals,Lorenzo Lucca,Nottingham Forest,Liverpool,2.5,126,Neds
Nottingham Forest v Liverpool,Nottingham Forest,Liverpool,Player Goals,James McAtee,Nottingham Forest,Liverpool,2.5,201,Neds
Nottingham Forest v Liverpool,Nottingham Forest,Liverpool,Player Goals,Cody Gakpo,Liverpool,Nottingham Forest,2.5,126,Neds
Nottingham Forest v Liverpool,Nottingham Forest,Liverpool,Player Goals,Morgan Gibbs-White,Nottingham Forest,Liverpool,2.5,126,Neds
Nottingham Forest v Liverpool,Nottingham Forest,Liverpool,Player Goals,Taiwo Awoniyi,Nottingham Forest,Liverpool,2.5,126,Neds
Nottingham Forest v Liverpool,Nottingham Forest,Liverpool,Player Goals,Florian Wirtz,Liverpool,Nottingham Forest,2.5,176,Neds
Nottingham Forest v Liverpool,Nottingham Forest,Liverpool,Player Goals,Igor Jesus,Nottingham Forest,Liverpool,2.5,126,Neds
Nottingham Forest v Liverpool,Nottingham Forest,Liverpool,Player Goals,Federico Chiesa,Liverpool,Nottingham Forest,2.5,126,Neds
Nottingham Forest v Liverpool,Nottingham Forest,Liverpool,Player Goals,Hugo Ekitike,NA,NA,2.5,26,Neds
Nottingham Forest v Liverpool,Nottingham Forest,Liverpool,Player Goals,Mohamed Salah,Liverpool,Nottingham Forest,2.5,91,Neds
Nottingham Forest v Liverpool,Nottingham Forest,Liverpool,Player Goals,Callum Hudson-Odoi,Nottingham Forest,Liverpool,2.5,201,Neds
Brentford v Brighton & Hove Albion,Brentford,Brighton & Hove Albion,Player Goals,Kevin Schade,Brentford,Brighton & Hove Albion,0.5,3.4,Neds
Brentford v Brighton & Hove Albion,Brentford,Brighton & Hove Albion,Player Goals,Jan Paul van Hecke,Brighton & Hove Albion,Brentford,0.5,6,Neds
Brentford v Brighton & Hove Albion,Brentford,Brighton & Hove Albion,Player Goals,Danny Welbeck,Brighton & Hove Albion,Brentford,0.5,2.5,Neds
Brentford v Brighton & Hove Albion,Brentford,Brighton & Hove Albion,Player Goals,Ethan Pinnock,Brentford,Brighton & Hove Albion,0.5,13,Neds
Brentford v Brighton & Hove Albion,Brentford,Brighton & Hove Albion,Player Goals,Pascal Gross,NA,NA,0.5,7,Neds
Brentford v Brighton & Hove Albion,Brentford,Brighton & Hove Albion,Player Goals,Mikkel Damsgaard,Brentford,Brighton & Hove Albion,0.5,6.5,Neds
Brentford v Brighton & Hove Albion,Brentford,Brighton & Hove Albion,Player Goals,Kaoru Mitoma,Brighton & Hove Albion,Brentford,0.5,5.5,Neds
Brentford v Brighton & Hove Albion,Brentford,Brighton & Hove Albion,Player Goals,Ferdi Kadioglu,NA,NA,0.5,9.5,Neds
Brentford v Brighton & Hove Albion,Brentford,Brighton & Hove Albion,Player Goals,Michael Kayode,Brentford,Brighton & Hove Albion,0.5,17,Neds
Brentford v Brighton & Hove Albion,Brentford,Brighton & Hove Albion,Player Goals,Matthew O'Riley,NA,NA,0.5,4.75,Neds
Brentford v Brighton & Hove Albion,Brentford,Brighton & Hove Albion,Player Goals,Diego Gomez,NA,NA,0.5,5.25,Neds
Brentford v Brighton & Hove Albion,Brentford,Brighton & Hove Albion,Player Goals,Igor,NA,NA,0.5,23,Neds
Brentford v Brighton & Hove Albion,Brentford,Brighton & Hove Albion,Player Goals,Romelle Donavan,NA,NA,0.5,3.9,Neds
Brentford v Brighton & Hove Albion,Brentford,Brighton & Hove Albion,Player Goals,Harry Howell,Brighton & Hove Albion,Brentford,0.5,5.25,Neds
Brentford v Brighton & Hove Albion,Brentford,Brighton & Hove Albion,Player Goals,No Goalscorer,NA,NA,0.5,11,Neds
Brentford v Brighton & Hove Albion,Brentford,Brighton & Hove Albion,Player Goals,Yankuba Minteh,Brighton & Hove Albion,Brentford,0.5,5.5,Neds
Brentford v Brighton & Hove Albion,Brentford,Brighton & Hove Albion,Player Goals,Jordan Henderson,Brentford,Brighton & Hove Albion,0.5,10,Neds
Brentford v Brighton & Hove Albion,Brentford,Brighton & Hove Albion,Player Goals,Kristoffer Ajer,Brentford,Brighton & Hove Albion,0.5,13,Neds
Brentford v Brighton & Hove Albion,Brentford,Brighton & Hove Albion,Player Goals,Maxim De Cuyper,Brighton & Hove Albion,Brentford,0.5,6,Neds
Brentford v Brighton & Hove Albion,Brentford,Brighton & Hove Albion,Player Goals,Luka Bentt,NA,NA,0.5,4,Neds
Brentford v Brighton & Hove Albion,Brentford,Brighton & Hove Albion,Player Goals,Kaye Furo,Brentford,Brighton & Hove Albion,0.5,2.88,Neds
Brentford v Brighton & Hove Albion,Brentford,Brighton & Hove Albion,Player Goals,Charalampos Kostoulas,Brighton & Hove Albion,Brentford,0.5,3.2,Neds
Brentford v Brighton & Hove Albion,Brentford,Brighton & Hove Albion,Player Goals,Igor Thiago,Brentford,Brighton & Hove Albion,0.5,1.8,Neds
Brentford v Brighton & Hove Albion,Brentford,Brighton & Hove Albion,Player Goals,Yegor Yarmolyuk,Brentford,Brighton & Hove Albion,0.5,10,Neds
Brentford v Brighton & Hove Albion,Brentford,Brighton & Hove Albion,Player Goals,Jack Hinshelwood,Brighton & Hove Albion,Brentford,0.5,6,Neds
Brentford v Brighton & Hove Albion,Brentford,Brighton & Hove Albion,Player Goals,Mathias Jensen,Brentford,Brighton & Hove Albion,0.5,7,Neds
Brentford v Brighton & Hove Albion,Brentford,Brighton & Hove Albion,Player Goals,Georginio Rutter,Brighton & Hove Albion,Brentford,0.5,5,Neds
Brentford v Brighton & Hove Albion,Brentford,Brighton & Hove Albion,Player Goals,Rico Henry,Brentford,Brighton & Hove Albion,0.5,13,Neds
Brentford v Brighton & Hove Albion,Brentford,Brighton & Hove Albion,Player Goals,Aaron Hickey,Brentford,Brighton & Hove Albion,0.5,12,Neds
Brentford v Brighton & Hove Albion,Brentford,Brighton & Hove Albion,Player Goals,Nathan Collins,Brentford,Brighton & Hove Albion,0.5,12,Neds
Brentford v Brighton & Hove Albion,Brentford,Brighton & Hove Albion,Player Goals,Reiss Nelson,Brentford,Brighton & Hove Albion,0.5,3.8,Neds
Brentford v Brighton & Hove Albion,Brentford,Brighton & Hove Albion,Player Goals,Olivier Boscagli,Brighton & Hove Albion,Brentford,0.5,17,Neds
Brentford v Brighton & Hove Albion,Brentford,Brighton & Hove Albion,Player Goals,Sepp Van den Berg,NA,NA,0.5,13,Neds
Brentford v Brighton & Hove Albion,Brentford,Brighton & Hove Albion,Player Goals,Jo<c3><ab>l Veltman,NA,NA,0.5,17,Neds
Brentford v Brighton & Hove Albion,Brentford,Brighton & Hove Albion,Player Goals,Lewis Dunk,Brighton & Hove Albion,Brentford,0.5,13,Neds
Brentford v Brighton & Hove Albion,Brentford,Brighton & Hove Albion,Player Goals,Yasin Ayari,Brighton & Hove Albion,Brentford,0.5,5.25,Neds
Brentford v Brighton & Hove Albion,Brentford,Brighton & Hove Albion,Player Goals,Mats Wieffer,Brighton & Hove Albion,Brentford,0.5,13,Neds
Brentford v Brighton & Hove Albion,Brentford,Brighton & Hove Albion,Player Goals,James Milner,Brighton & Hove Albion,Brentford,0.5,8,Neds
Brentford v Brighton & Hove Albion,Brentford,Brighton & Hove Albion,Player Goals,Nehemiah Oriola,Brighton & Hove Albion,Brentford,0.5,5.25,Neds
Brentford v Brighton & Hove Albion,Brentford,Brighton & Hove Albion,Player Goals,Keane Lewis-Potter,Brentford,Brighton & Hove Albion,0.5,3.6,Neds
Aston Villa v Leeds United,Aston Villa,Leeds United,Player Goals,Ian Maatsen,Aston Villa,Leeds United,1.5,151,Neds
Aston Villa v Leeds United,Aston Villa,Leeds United,Player Goals,Ross Barkley,Aston Villa,Leeds United,1.5,46,Neds
Aston Villa v Leeds United,Aston Villa,Leeds United,Player Goals,Jaka Bijol,NA,NA,1.5,151,Neds
Aston Villa v Leeds United,Aston Villa,Leeds United,Player Goals,Ethan Ampadu,NA,NA,1.5,176,Neds
Aston Villa v Leeds United,Aston Villa,Leeds United,Player Goals,Daniel James,NA,NA,1.5,51,Neds
Aston Villa v Leeds United,Aston Villa,Leeds United,Player Goals,Sean Longstaff,NA,NA,1.5,101,Neds
Aston Villa v Leeds United,Aston Villa,Leeds United,Player Goals,Gabriel Gudmundsson,NA,NA,1.5,126,Neds
Aston Villa v Leeds United,Aston Villa,Leeds United,Player Goals,Harvey Elliott,Liverpool,Aston Villa,1.5,34,Neds
Aston Villa v Leeds United,Aston Villa,Leeds United,Player Goals,Harvey Elliott,Aston Villa,Leeds United,1.5,34,Neds
Aston Villa v Leeds United,Aston Villa,Leeds United,Player Goals,Facundo Buonanotte,Chelsea,Aston Villa,1.5,46,Neds
Aston Villa v Leeds United,Aston Villa,Leeds United,Player Goals,Tammy Abraham,NA,NA,1.5,10,Neds
Aston Villa v Leeds United,Aston Villa,Leeds United,Player Goals,Pascal Struijk,NA,NA,1.5,126,Neds
Aston Villa v Leeds United,Aston Villa,Leeds United,Player Goals,Alysson Edward,NA,NA,1.5,29,Neds
Aston Villa v Leeds United,Aston Villa,Leeds United,Player Goals,Jadon Sancho,Aston Villa,Leeds United,1.5,34,Neds
Aston Villa v Leeds United,Aston Villa,Leeds United,Player Goals,Morgan Rogers,Aston Villa,Leeds United,1.5,13,Neds
Aston Villa v Leeds United,Aston Villa,Leeds United,Player Goals,Lukas Nmecha,NA,NA,1.5,11,Neds
Aston Villa v Leeds United,Aston Villa,Leeds United,Player Goals,Joel Piroe,NA,NA,1.5,41,Neds
Aston Villa v Leeds United,Aston Villa,Leeds United,Player Goals,George Hemmings,Aston Villa,Leeds United,1.5,91,Neds
Aston Villa v Leeds United,Aston Villa,Leeds United,Player Goals,Anton Stach,NA,NA,1.5,67,Neds
Aston Villa v Leeds United,Aston Villa,Leeds United,Player Goals,Douglas Luiz,Nottingham Forest,Aston Villa,1.5,81,Neds
Aston Villa v Leeds United,Aston Villa,Leeds United,Player Goals,Ollie Watkins,Aston Villa,Leeds United,1.5,11,Neds
Aston Villa v Leeds United,Aston Villa,Leeds United,Player Goals,Jayden Bogle,NA,NA,1.5,81,Neds
Aston Villa v Leeds United,Aston Villa,Leeds United,Player Goals,James Justin,Leicester City,Aston Villa,1.5,126,Neds
Aston Villa v Leeds United,Aston Villa,Leeds United,Player Goals,Wilfried Gnonto,NA,NA,1.5,81,Neds
Aston Villa v Leeds United,Aston Villa,Leeds United,Player Goals,Sebastiaan Bornauw,NA,NA,1.5,176,Neds
Aston Villa v Leeds United,Aston Villa,Leeds United,Player Goals,Ilia Gruev,NA,NA,1.5,201,Neds
Aston Villa v Leeds United,Aston Villa,Leeds United,Player Goals,Noah Okafor,NA,NA,1.5,34,Neds
Aston Villa v Leeds United,Aston Villa,Leeds United,Player Goals,Leon Bailey,Aston Villa,Leeds United,1.5,29,Neds
Aston Villa v Leeds United,Aston Villa,Leeds United,Player Goals,Joe Rodon,NA,NA,1.5,126,Neds
Aston Villa v Leeds United,Aston Villa,Leeds United,Player Goals,Andres Garcia,NA,NA,1.5,151,Neds
Aston Villa v Leeds United,Aston Villa,Leeds United,Player Goals,Emiliano Buend<c3><ad>a,NA,NA,1.5,15,Neds
Aston Villa v Leeds United,Aston Villa,Leeds United,Player Goals,Amadou Onana,Aston Villa,Leeds United,1.5,46,Neds
Aston Villa v Leeds United,Aston Villa,Leeds United,Player Goals,Ao Tanaka,NA,NA,1.5,51,Neds
Aston Villa v Leeds United,Aston Villa,Leeds United,Player Goals,Tyrone Mings,Aston Villa,Leeds United,1.5,201,Neds
Aston Villa v Leeds United,Aston Villa,Leeds United,Player Goals,Matthew Cash,NA,NA,1.5,71,Neds
Aston Villa v Leeds United,Aston Villa,Leeds United,Player Goals,Lucas Digne,Aston Villa,Leeds United,1.5,201,Neds
Aston Villa v Leeds United,Aston Villa,Leeds United,Player Goals,Dominic Calvert-Lewin,NA,NA,1.5,11,Neds
Aston Villa v Leeds United,Aston Villa,Leeds United,Player Goals,Mohamed Kone,NA,NA,1.5,101,Neds
Aston Villa v Leeds United,Aston Villa,Leeds United,Player Goals,Brenden Aaronson,NA,NA,1.5,46,Neds
Manchester City v Newcastle United,Manchester City,Newcastle United,Player Goals,Sean Neave,Newcastle United,Manchester City,2.5,201,Neds
Manchester City v Newcastle United,Manchester City,Newcastle United,Player Goals,J<c3><a9>r<c3><a9>my Doku,NA,NA,2.5,201,Neds
Manchester City v Newcastle United,Manchester City,Newcastle United,Player Goals,Erling Haaland,Manchester City,Newcastle United,2.5,13,Neds
Manchester City v Newcastle United,Manchester City,Newcastle United,Player Goals,Tijjani Reijnders,Manchester City,Newcastle United,2.5,176,Neds
Manchester City v Newcastle United,Manchester City,Newcastle United,Player Goals,Nick Woltemade,Newcastle United,Manchester City,2.5,101,Neds
Manchester City v Newcastle United,Manchester City,Newcastle United,Player Goals,Mathis Rayan Cherki,NA,NA,2.5,201,Neds
Manchester City v Newcastle United,Manchester City,Newcastle United,Player Goals,Harvey Barnes,Newcastle United,Manchester City,2.5,151,Neds
Manchester City v Newcastle United,Manchester City,Newcastle United,Player Goals,Yoane Wissa,Newcastle United,Manchester City,2.5,101,Neds
Manchester City v Newcastle United,Manchester City,Newcastle United,Player Goals,Antoine Semenyo,Manchester City,Newcastle United,2.5,34,Neds
Manchester City v Newcastle United,Manchester City,Newcastle United,Player Goals,Antoine Semenyo,Bournemouth,Manchester City,2.5,34,Neds
Manchester City v Newcastle United,Manchester City,Newcastle United,Player Goals,Anthony Gordon,Newcastle United,Manchester City,2.5,176,Neds
Manchester City v Newcastle United,Manchester City,Newcastle United,Player Goals,William Osula,Newcastle United,Manchester City,2.5,201,Neds
Manchester City v Newcastle United,Manchester City,Newcastle United,Player Goals,Ryan McAidoo,Manchester City,Newcastle United,2.5,201,Neds
Manchester City v Newcastle United,Manchester City,Newcastle United,Player Goals,Omar Marmoush,Manchester City,Newcastle United,2.5,56,Neds
Manchester City v Newcastle United,Manchester City,Newcastle United,Player Goals,Phil Foden,Manchester City,Newcastle United,2.5,91,Neds
Tottenham Hotspur v Arsenal,Tottenham Hotspur,Arsenal,Player Goals,Conor Gallagher,Tottenham Hotspur,Arsenal,1.5,81,Neds
Tottenham Hotspur v Arsenal,Tottenham Hotspur,Arsenal,Player Goals,Tynan Thompson,Tottenham Hotspur,Arsenal,1.5,71,Neds
Tottenham Hotspur v Arsenal,Tottenham Hotspur,Arsenal,Player Goals,Ben White,Arsenal,Tottenham Hotspur,1.5,101,Neds
Tottenham Hotspur v Arsenal,Tottenham Hotspur,Arsenal,Player Goals,Richarlison,Tottenham Hotspur,Arsenal,1.5,23,Neds
Tottenham Hotspur v Arsenal,Tottenham Hotspur,Arsenal,Player Goals,Gabriel Martinelli,Arsenal,Tottenham Hotspur,1.5,21,Neds
Tottenham Hotspur v Arsenal,Tottenham Hotspur,Arsenal,Player Goals,Riccardo Calafiori,Arsenal,Tottenham Hotspur,1.5,126,Neds
Tottenham Hotspur v Arsenal,Tottenham Hotspur,Arsenal,Player Goals,Martin Zubimendi,NA,NA,1.5,34,Neds
Tottenham Hotspur v Arsenal,Tottenham Hotspur,Arsenal,Player Goals,Leandro Trossard,Arsenal,Tottenham Hotspur,1.5,17,Neds
Tottenham Hotspur v Arsenal,Tottenham Hotspur,Arsenal,Player Goals,Mathys Tel,Tottenham Hotspur,Arsenal,1.5,41,Neds
Tottenham Hotspur v Arsenal,Tottenham Hotspur,Arsenal,Player Goals,Noni Madueke,Arsenal,Tottenham Hotspur,1.5,23,Neds
Tottenham Hotspur v Arsenal,Tottenham Hotspur,Arsenal,Player Goals,Randal Kolo Muani,Tottenham Hotspur,Arsenal,1.5,46,Neds
Tottenham Hotspur v Arsenal,Tottenham Hotspur,Arsenal,Player Goals,Max Dowman,Arsenal,Tottenham Hotspur,1.5,26,Neds
Tottenham Hotspur v Arsenal,Tottenham Hotspur,Arsenal,Player Goals,Archie Gray,Tottenham Hotspur,Arsenal,1.5,201,Neds
Tottenham Hotspur v Arsenal,Tottenham Hotspur,Arsenal,Player Goals,Myles Lewis-Skelly,Arsenal,Tottenham Hotspur,1.5,201,Neds
Tottenham Hotspur v Arsenal,Tottenham Hotspur,Arsenal,Player Goals,Luca Williams-Barnett,NA,NA,1.5,56,Neds
Tottenham Hotspur v Arsenal,Tottenham Hotspur,Arsenal,Player Goals,Bukayo Saka,Arsenal,Tottenham Hotspur,1.5,23,Neds
Tottenham Hotspur v Arsenal,Tottenham Hotspur,Arsenal,Player Goals,Pape Matar Sarr,Tottenham Hotspur,Arsenal,1.5,81,Neds
Tottenham Hotspur v Arsenal,Tottenham Hotspur,Arsenal,Player Goals,Xavi Simons,Tottenham Hotspur,Arsenal,1.5,67,Neds
Tottenham Hotspur v Arsenal,Tottenham Hotspur,Arsenal,Player Goals,Gabriel Jesus,Arsenal,Tottenham Hotspur,1.5,11,Neds
Tottenham Hotspur v Arsenal,Tottenham Hotspur,Arsenal,Player Goals,Christian N<c3><b8>rgaard,NA,NA,1.5,101,Neds
Tottenham Hotspur v Arsenal,Tottenham Hotspur,Arsenal,Player Goals,Dominic Solanke,Tottenham Hotspur,Arsenal,1.5,23,Neds
Tottenham Hotspur v Arsenal,Tottenham Hotspur,Arsenal,Player Goals,Declan Rice,Arsenal,Tottenham Hotspur,1.5,41,Neds
Tottenham Hotspur v Arsenal,Tottenham Hotspur,Arsenal,Player Goals,Callum Olusesi,Tottenham Hotspur,Arsenal,1.5,101,Neds
Tottenham Hotspur v Arsenal,Tottenham Hotspur,Arsenal,Player Goals,Gabriel Magalh<c3><a3>es,NA,NA,1.5,46,Neds
Tottenham Hotspur v Arsenal,Tottenham Hotspur,Arsenal,Player Goals,Micky van de Ven,Tottenham Hotspur,Arsenal,1.5,101,Neds
Tottenham Hotspur v Arsenal,Tottenham Hotspur,Arsenal,Player Goals,Eberechi Eze,Arsenal,Tottenham Hotspur,1.5,19,Neds
Tottenham Hotspur v Arsenal,Tottenham Hotspur,Arsenal,Player Goals,Eberechi Eze,Crystal Palace,Tottenham Hotspur,1.5,19,Neds
Tottenham Hotspur v Arsenal,Tottenham Hotspur,Arsenal,Player Goals,Viktor Gyokeres,NA,NA,1.5,10,Neds
Tottenham Hotspur v Arsenal,Tottenham Hotspur,Arsenal,Player Goals,Jurrien Timber,NA,NA,1.5,101,Neds
Tottenham Hotspur v Arsenal,Tottenham Hotspur,Arsenal,Player Goals,Rio Kyerematen,Tottenham Hotspur,Arsenal,1.5,126,Neds
Tottenham Hotspur v Arsenal,Tottenham Hotspur,Arsenal,Player Goals,Joao Palhinha,NA,NA,1.5,126,Neds
Tottenham Hotspur v Arsenal,Tottenham Hotspur,Arsenal,Player Goals,Martin <c3><98>degaard,NA,NA,1.5,46,Neds
Tottenham Hotspur v Arsenal,Tottenham Hotspur,Arsenal,Player Goals,Kai Havertz,Arsenal,Tottenham Hotspur,1.5,12,Neds
Chelsea v Burnley,Chelsea,Burnley,Player Goals,Wesley Fofana,Chelsea,Burnley,1.5,201,Neds
Chelsea v Burnley,Chelsea,Burnley,Player Goals,Lesley Ugochukwu,NA,NA,1.5,101,Neds
Chelsea v Burnley,Chelsea,Burnley,Player Goals,Mamadou Sarr,NA,NA,1.5,151,Neds
Chelsea v Burnley,Chelsea,Burnley,Player Goals,Beno<c3><ae>t Badiashile,NA,NA,1.5,201,Neds
Chelsea v Burnley,Chelsea,Burnley,Player Goals,Malo Gusto,Chelsea,Burnley,1.5,71,Neds
Chelsea v Burnley,Chelsea,Burnley,Player Goals,James Ward Prowse,NA,NA,1.5,151,Neds
Chelsea v Burnley,Chelsea,Burnley,Player Goals,Mois<c3><a9>s Caicedo,NA,NA,1.5,41,Neds
Chelsea v Burnley,Chelsea,Burnley,Player Goals,Lyle Foster,NA,NA,1.5,56,Neds
Chelsea v Burnley,Chelsea,Burnley,Player Goals,Jorrel Hato,Chelsea,Burnley,1.5,126,Neds
Chelsea v Burnley,Chelsea,Burnley,Player Goals,Enock Agyei,NA,NA,1.5,101,Neds
Chelsea v Burnley,Chelsea,Burnley,Player Goals,Rom<c3><a9>o Lavia,NA,NA,1.5,67,Neds
Chelsea v Burnley,Chelsea,Burnley,Player Goals,Estevao Willian,NA,NA,1.5,29,Neds
Chelsea v Burnley,Chelsea,Burnley,Player Goals,Marc Cucurella,Chelsea,Burnley,1.5,151,Neds
Chelsea v Burnley,Chelsea,Burnley,Player Goals,Armando Broja,NA,NA,1.5,34,Neds
Chelsea v Burnley,Chelsea,Burnley,Player Goals,Jo<c3><a3>o Pedro,NA,NA,1.5,7.5,Neds
Chelsea v Burnley,Chelsea,Burnley,Player Goals,Marcus Edwards,NA,NA,1.5,101,Neds
Chelsea v Burnley,Chelsea,Burnley,Player Goals,Jaidon Anthony,NA,NA,1.5,41,Neds
Chelsea v Burnley,Chelsea,Burnley,Player Goals,Marc Guiu,Chelsea,Burnley,1.5,9,Neds
Chelsea v Burnley,Chelsea,Burnley,Player Goals,Enzo Fern<c3><a1>ndez,NA,NA,1.5,11,Neds
Chelsea v Burnley,Chelsea,Burnley,Player Goals,Hannibal Mejbri,NA,NA,1.5,201,Neds
Chelsea v Burnley,Chelsea,Burnley,Player Goals,Jacob Bruun Larsen,NA,NA,1.5,101,Neds
Chelsea v Burnley,Chelsea,Burnley,Player Goals,Cole Palmer,Chelsea,Burnley,1.5,5,Neds
Chelsea v Burnley,Chelsea,Burnley,Player Goals,Trevoh Chalobah,Chelsea,Burnley,1.5,61,Neds
Chelsea v Burnley,Chelsea,Burnley,Player Goals,Pedro Neto,Chelsea,Burnley,1.5,19,Neds
Chelsea v Burnley,Chelsea,Burnley,Player Goals,Tosin Adarabioyo,Chelsea,Burnley,1.5,176,Neds
Chelsea v Burnley,Chelsea,Burnley,Player Goals,Loum Tchaouna,NA,NA,1.5,101,Neds
Chelsea v Burnley,Chelsea,Burnley,Player Goals,Zian Flemming,NA,NA,1.5,29,Neds
Chelsea v Burnley,Chelsea,Burnley,Player Goals,Reece James,Chelsea,Burnley,1.5,67,Neds
Chelsea v Burnley,Chelsea,Burnley,Player Goals,Andrey Santos,Chelsea,Burnley,1.5,41,Neds
Chelsea v Burnley,Chelsea,Burnley,Player Goals,Alejandro Garnacho,Chelsea,Burnley,1.5,17,Neds
Chelsea v Burnley,Chelsea,Burnley,Player Goals,Josh Laurent,NA,NA,1.5,201,Neds
Chelsea v Burnley,Chelsea,Burnley,Player Goals,Ashley Barnes,NA,NA,1.5,41,Neds
Chelsea v Burnley,Chelsea,Burnley,Player Goals,Josh Acheampong,Chelsea,Burnley,1.5,151,Neds
Chelsea v Burnley,Chelsea,Burnley,Player Goals,Liam Delap,Chelsea,Burnley,1.5,8,Neds
Sunderland AFC v Fulham,Sunderland AFC,Fulham,Player Goals,Timothy Castagne,Fulham,Sunderland AFC,0.5,15,Neds
Sunderland AFC v Fulham,Sunderland AFC,Fulham,Player Goals,Luke O'Nien,NA,NA,0.5,13,Neds
Sunderland AFC v Fulham,Sunderland AFC,Fulham,Player Goals,Jocelin Ta Bi,NA,NA,0.5,5.25,Neds
Sunderland AFC v Fulham,Sunderland AFC,Fulham,Player Goals,Dennis Cirkin,NA,NA,0.5,13,Neds
Sunderland AFC v Fulham,Sunderland AFC,Fulham,Player Goals,Harrison Reed,Fulham,Sunderland AFC,0.5,12,Neds
Sunderland AFC v Fulham,Sunderland AFC,Fulham,Player Goals,Eliezer Mayenda,NA,NA,0.5,2.9,Neds
Sunderland AFC v Fulham,Sunderland AFC,Fulham,Player Goals,Mouhamadou Habib Diarra,NA,NA,0.5,5.75,Neds
Sunderland AFC v Fulham,Sunderland AFC,Fulham,Player Goals,Antonee Robinson,Fulham,Sunderland AFC,0.5,19,Neds
Sunderland AFC v Fulham,Sunderland AFC,Fulham,Player Goals,Sa<c5><a1>a Luki<c4><87>,NA,NA,0.5,11,Neds
Sunderland AFC v Fulham,Sunderland AFC,Fulham,Player Goals,Kenny Tete,Fulham,Sunderland AFC,0.5,19,Neds
Sunderland AFC v Fulham,Sunderland AFC,Fulham,Player Goals,Daniel Ballard,NA,NA,0.5,6,Neds
Sunderland AFC v Fulham,Sunderland AFC,Fulham,Player Goals,Reinildo Mandava,NA,NA,0.5,19,Neds
Sunderland AFC v Fulham,Sunderland AFC,Fulham,Player Goals,Emile Smith Rowe,Fulham,Sunderland AFC,0.5,5.25,Neds
Sunderland AFC v Fulham,Sunderland AFC,Fulham,Player Goals,Kevin Macedo,NA,NA,0.5,4.6,Neds
Sunderland AFC v Fulham,Sunderland AFC,Fulham,Player Goals,Chris Rigg,NA,NA,0.5,5.5,Neds
Sunderland AFC v Fulham,Sunderland AFC,Fulham,Player Goals,Lutsharel Geertruida,NA,NA,0.5,7.5,Neds
Sunderland AFC v Fulham,Sunderland AFC,Fulham,Player Goals,Tom Cairney,Fulham,Sunderland AFC,0.5,10,Neds
Sunderland AFC v Fulham,Sunderland AFC,Fulham,Player Goals,Joachim Andersen,Fulham,Sunderland AFC,0.5,15,Neds
Sunderland AFC v Fulham,Sunderland AFC,Fulham,Player Goals,Joshua King,NA,NA,0.5,5.25,Neds
Sunderland AFC v Fulham,Sunderland AFC,Fulham,Player Goals,Chemsdine Talbi,NA,NA,0.5,4,Neds
Sunderland AFC v Fulham,Sunderland AFC,Fulham,Player Goals,Issa Diop,Fulham,Sunderland AFC,0.5,17,Neds
Sunderland AFC v Fulham,Sunderland AFC,Fulham,Player Goals,Jonah Kusi-Asare,Fulham,Sunderland AFC,0.5,3.9,Neds
Sunderland AFC v Fulham,Sunderland AFC,Fulham,Player Goals,Omar Alderete,NA,NA,0.5,11,Neds
Sunderland AFC v Fulham,Sunderland AFC,Fulham,Player Goals,Wilson Isidor,NA,NA,0.5,2.9,Neds
Sunderland AFC v Fulham,Sunderland AFC,Fulham,Player Goals,Seth Ridgeon,Fulham,Sunderland AFC,0.5,6,Neds
Sunderland AFC v Fulham,Sunderland AFC,Fulham,Player Goals,Enzo Le Fee,NA,NA,0.5,5,Neds
Sunderland AFC v Fulham,Sunderland AFC,Fulham,Player Goals,Oscar Bobb,Manchester City,Sunderland AFC,0.5,5,Neds
Sunderland AFC v Fulham,Sunderland AFC,Fulham,Player Goals,Alexander Iwobi,NA,NA,0.5,8,Neds
Sunderland AFC v Fulham,Sunderland AFC,Fulham,Player Goals,Noah Sadiki,NA,NA,0.5,13,Neds
Sunderland AFC v Fulham,Sunderland AFC,Fulham,Player Goals,Rodrigo Muniz,Fulham,Sunderland AFC,0.5,3.4,Neds
Sunderland AFC v Fulham,Sunderland AFC,Fulham,Player Goals,Calvin Bassey,Fulham,Sunderland AFC,0.5,21,Neds
Sunderland AFC v Fulham,Sunderland AFC,Fulham,Player Goals,Trai Hume,NA,NA,0.5,7.5,Neds
Sunderland AFC v Fulham,Sunderland AFC,Fulham,Player Goals,Sander Berge,Fulham,Sunderland AFC,0.5,15,Neds
Sunderland AFC v Fulham,Sunderland AFC,Fulham,Player Goals,Samuel Chukwueze,Fulham,Sunderland AFC,0.5,3.6,Neds
Sunderland AFC v Fulham,Sunderland AFC,Fulham,Player Goals,No Goalscorer,NA,NA,0.5,7,Neds
Sunderland AFC v Fulham,Sunderland AFC,Fulham,Player Goals,Sam Amissah,Fulham,Sunderland AFC,0.5,17,Neds
Sunderland AFC v Fulham,Sunderland AFC,Fulham,Player Goals,Brian Brobbey,NA,NA,0.5,2.75,Neds
Sunderland AFC v Fulham,Sunderland AFC,Fulham,Player Goals,Harry Wilson,Fulham,Sunderland AFC,0.5,3.25,Neds
Sunderland AFC v Fulham,Sunderland AFC,Fulham,Player Goals,Jenson Jones,NA,NA,0.5,13,Neds
Sunderland AFC v Fulham,Sunderland AFC,Fulham,Player Goals,Jorge Cuenca,Fulham,Sunderland AFC,0.5,23,Neds
Sunderland AFC v Fulham,Sunderland AFC,Fulham,Player Goals,Romaine Mundle,NA,NA,0.5,4.6,Neds
Sunderland AFC v Fulham,Sunderland AFC,Fulham,Player Goals,Ra<c3><ba>l Jim<c3><a9>nez,NA,NA,0.5,3.75,Neds
Sunderland AFC v Fulham,Sunderland AFC,Fulham,Player Goals,Nilson Angulo,NA,NA,0.5,4.5,Neds
Sunderland AFC v Fulham,Sunderland AFC,Fulham,Player Goals,Nordi Mukiele,NA,NA,0.5,17,Neds
Manchester City v Newcastle United,Manchester City,Newcastle United,Player Goals,Yoane Wissa,Newcastle United,Manchester City,1.5,21,Neds
Manchester City v Newcastle United,Manchester City,Newcastle United,Player Goals,Harvey Barnes,Newcastle United,Manchester City,1.5,26,Neds
Manchester City v Newcastle United,Manchester City,Newcastle United,Player Goals,Matheus Nunes,Manchester City,Newcastle United,1.5,176,Neds
Manchester City v Newcastle United,Manchester City,Newcastle United,Player Goals,Malick Thiaw,Newcastle United,Manchester City,1.5,81,Neds
Manchester City v Newcastle United,Manchester City,Newcastle United,Player Goals,Mathis Rayan Cherki,NA,NA,1.5,41,Neds
Manchester City v Newcastle United,Manchester City,Newcastle United,Player Goals,Ryan McAidoo,Manchester City,Newcastle United,1.5,41,Neds
Manchester City v Newcastle United,Manchester City,Newcastle United,Player Goals,Savio Moreira,NA,NA,1.5,41,Neds
Manchester City v Newcastle United,Manchester City,Newcastle United,Player Goals,Jacob Ramsey,Newcastle United,Manchester City,1.5,67,Neds
Manchester City v Newcastle United,Manchester City,Newcastle United,Player Goals,Max Alleyne,Manchester City,Newcastle United,1.5,176,Neds
Manchester City v Newcastle United,Manchester City,Newcastle United,Player Goals,Nico Gonzalez,NA,NA,1.5,101,Neds
Manchester City v Newcastle United,Manchester City,Newcastle United,Player Goals,R<c3><ba>ben Dias,NA,NA,1.5,126,Neds
Manchester City v Newcastle United,Manchester City,Newcastle United,Player Goals,Rayan A<c3><af>t-Nouri,NA,NA,1.5,101,Neds
Manchester City v Newcastle United,Manchester City,Newcastle United,Player Goals,Erling Haaland,Manchester City,Newcastle United,1.5,4.33,Neds
Manchester City v Newcastle United,Manchester City,Newcastle United,Player Goals,Stephen Mfuni,Manchester City,Newcastle United,1.5,126,Neds
Manchester City v Newcastle United,Manchester City,Newcastle United,Player Goals,Joe Willock,Newcastle United,Manchester City,1.5,91,Neds
Manchester City v Newcastle United,Manchester City,Newcastle United,Player Goals,Alex Murphy,Newcastle United,Manchester City,1.5,201,Neds
Manchester City v Newcastle United,Manchester City,Newcastle United,Player Goals,Omar Marmoush,Manchester City,Newcastle United,1.5,11,Neds
Manchester City v Newcastle United,Manchester City,Newcastle United,Player Goals,Rodrigo Hernandez Cascante,NA,NA,1.5,101,Neds
Manchester City v Newcastle United,Manchester City,Newcastle United,Player Goals,Tijjani Reijnders,Manchester City,Newcastle United,1.5,29,Neds
Manchester City v Newcastle United,Manchester City,Newcastle United,Player Goals,Sean Neave,Newcastle United,Manchester City,1.5,34,Neds
Manchester City v Newcastle United,Manchester City,Newcastle United,Player Goals,Antoine Semenyo,Manchester City,Newcastle United,1.5,7.5,Neds
Manchester City v Newcastle United,Manchester City,Newcastle United,Player Goals,Antoine Semenyo,Bournemouth,Manchester City,1.5,7.5,Neds
Manchester City v Newcastle United,Manchester City,Newcastle United,Player Goals,Sam Alabi,Newcastle United,Manchester City,1.5,151,Neds
Manchester City v Newcastle United,Manchester City,Newcastle United,Player Goals,Phil Foden,Manchester City,Newcastle United,1.5,17,Neds
Manchester City v Newcastle United,Manchester City,Newcastle United,Player Goals,Anthony Gordon,Newcastle United,Manchester City,1.5,29,Neds
Manchester City v Newcastle United,Manchester City,Newcastle United,Player Goals,Sandro Tonali,Newcastle United,Manchester City,1.5,91,Neds
Manchester City v Newcastle United,Manchester City,Newcastle United,Player Goals,William Osula,Newcastle United,Manchester City,1.5,34,Neds
Manchester City v Newcastle United,Manchester City,Newcastle United,Player Goals,Joelinton,Newcastle United,Manchester City,1.5,81,Neds
Manchester City v Newcastle United,Manchester City,Newcastle United,Player Goals,Nick Woltemade,Newcastle United,Manchester City,1.5,21,Neds
Manchester City v Newcastle United,Manchester City,Newcastle United,Player Goals,Nico O'Reilly,Manchester City,Newcastle United,1.5,81,Neds
Manchester City v Newcastle United,Manchester City,Newcastle United,Player Goals,Rico Lewis,Manchester City,Newcastle United,1.5,101,Neds
Manchester City v Newcastle United,Manchester City,Newcastle United,Player Goals,Marc Gu<c3><a9>hi,NA,NA,1.5,91,Neds
Manchester City v Newcastle United,Manchester City,Newcastle United,Player Goals,Lewis Miley,Newcastle United,Manchester City,1.5,176,Neds
Manchester City v Newcastle United,Manchester City,Newcastle United,Player Goals,John Stones,Manchester City,Newcastle United,1.5,126,Neds
Manchester City v Newcastle United,Manchester City,Newcastle United,Player Goals,Bernardo Silva,Manchester City,Newcastle United,1.5,91,Neds
Manchester City v Newcastle United,Manchester City,Newcastle United,Player Goals,Botman Sven,NA,NA,1.5,176,Neds
Manchester City v Newcastle United,Manchester City,Newcastle United,Player Goals,Anthony Elanga,Newcastle United,Manchester City,1.5,61,Neds
Manchester City v Newcastle United,Manchester City,Newcastle United,Player Goals,Lewis Hall,Newcastle United,Manchester City,1.5,201,Neds
Manchester City v Newcastle United,Manchester City,Newcastle United,Player Goals,Jacob Murphy,Newcastle United,Manchester City,1.5,56,Neds
Manchester City v Newcastle United,Manchester City,Newcastle United,Player Goals,Nathan Ak<c3><a9>,NA,NA,1.5,176,Neds
Crystal Palace v Wolverhampton Wanderers,Crystal Palace,Wolverhampton Wanderers,Player Goals,Tolu Arokodare,Wolverhampton Wanderers,Crystal Palace,2.5,176,Neds
Crystal Palace v Wolverhampton Wanderers,Crystal Palace,Wolverhampton Wanderers,Player Goals,Adam Armstrong,Southampton,Crystal Palace,2.5,151,Neds
Crystal Palace v Wolverhampton Wanderers,Crystal Palace,Wolverhampton Wanderers,Player Goals,Daniel Mu<c3><b1>oz,NA,NA,2.5,151,Neds
Crystal Palace v Wolverhampton Wanderers,Crystal Palace,Wolverhampton Wanderers,Player Goals,J<c3><b8>rgen Strand Larsen,NA,NA,2.5,41,Neds
Crystal Palace v Wolverhampton Wanderers,Crystal Palace,Wolverhampton Wanderers,Player Goals,Yeremi Pino,NA,NA,2.5,176,Neds
Crystal Palace v Wolverhampton Wanderers,Crystal Palace,Wolverhampton Wanderers,Player Goals,Chrisantus Uche,NA,NA,2.5,151,Neds
Crystal Palace v Wolverhampton Wanderers,Crystal Palace,Wolverhampton Wanderers,Player Goals,Ben Casey,Crystal Palace,Wolverhampton Wanderers,2.5,71,Neds
Crystal Palace v Wolverhampton Wanderers,Crystal Palace,Wolverhampton Wanderers,Player Goals,Evann Guessand,Aston Villa,Crystal Palace,2.5,151,Neds
Crystal Palace v Wolverhampton Wanderers,Crystal Palace,Wolverhampton Wanderers,Player Goals,Isma<c3><af>la Sarr,NA,NA,2.5,51,Neds
Crystal Palace v Wolverhampton Wanderers,Crystal Palace,Wolverhampton Wanderers,Player Goals,Brennan Johnson,Tottenham Hotspur,Crystal Palace,2.5,101,Neds
Crystal Palace v Wolverhampton Wanderers,Crystal Palace,Wolverhampton Wanderers,Player Goals,Brennan Johnson,Crystal Palace,Wolverhampton Wanderers,2.5,101,Neds
Nottingham Forest v Liverpool,Nottingham Forest,Liverpool,Player Goals,James McAtee,Nottingham Forest,Liverpool,0.5,4.75,Neds
Nottingham Forest v Liverpool,Nottingham Forest,Liverpool,Player Goals,Hugo Ekitike,NA,NA,0.5,1.95,Neds
Nottingham Forest v Liverpool,Nottingham Forest,Liverpool,Player Goals,Ryan Yates,Nottingham Forest,Liverpool,0.5,7,Neds
Nottingham Forest v Liverpool,Nottingham Forest,Liverpool,Player Goals,Federico Chiesa,Liverpool,Nottingham Forest,0.5,3.75,Neds
Nottingham Forest v Liverpool,Nottingham Forest,Liverpool,Player Goals,Dan Ndoye,Nottingham Forest,Liverpool,0.5,5.5,Neds
Nottingham Forest v Liverpool,Nottingham Forest,Liverpool,Player Goals,Neco Williams,Nottingham Forest,Liverpool,0.5,12,Neds
Nottingham Forest v Liverpool,Nottingham Forest,Liverpool,Player Goals,Taiwo Awoniyi,Nottingham Forest,Liverpool,0.5,3.7,Neds
Nottingham Forest v Liverpool,Nottingham Forest,Liverpool,Player Goals,No Goalscorer,NA,NA,0.5,11,Neds
Nottingham Forest v Liverpool,Nottingham Forest,Liverpool,Player Goals,Jeremie Frimpong,Liverpool,Nottingham Forest,0.5,9.5,Neds
Nottingham Forest v Liverpool,Nottingham Forest,Liverpool,Player Goals,Joseph Gomez,NA,NA,0.5,15,Neds
Nottingham Forest v Liverpool,Nottingham Forest,Liverpool,Player Goals,Lorenzo Lucca,Nottingham Forest,Liverpool,0.5,3.5,Neds
Nottingham Forest v Liverpool,Nottingham Forest,Liverpool,Player Goals,Ola Aina,Nottingham Forest,Liverpool,0.5,21,Neds
Nottingham Forest v Liverpool,Nottingham Forest,Liverpool,Player Goals,Rio Ngumoha,Liverpool,Nottingham Forest,0.5,4.8,Neds
Nottingham Forest v Liverpool,Nottingham Forest,Liverpool,Player Goals,Kieran Morrison,Liverpool,Nottingham Forest,0.5,5.75,Neds
Nottingham Forest v Liverpool,Nottingham Forest,Liverpool,Player Goals,Calvin Ramsay,Liverpool,Nottingham Forest,0.5,15,Neds
Nottingham Forest v Liverpool,Nottingham Forest,Liverpool,Player Goals,Ibrahim Sangar<c3><a9>,NA,NA,0.5,7,Neds
Nottingham Forest v Liverpool,Nottingham Forest,Liverpool,Player Goals,Ibrahima Konat<c3><a9>,NA,NA,0.5,13,Neds
Nottingham Forest v Liverpool,Nottingham Forest,Liverpool,Player Goals,Elliot Anderson,Nottingham Forest,Liverpool,0.5,8.5,Neds
Nottingham Forest v Liverpool,Nottingham Forest,Liverpool,Player Goals,Alexis Mac Allister,Liverpool,Nottingham Forest,0.5,7,Neds
Nottingham Forest v Liverpool,Nottingham Forest,Liverpool,Player Goals,Igor Jesus,Nottingham Forest,Liverpool,0.5,3.6,Neds
Nottingham Forest v Liverpool,Nottingham Forest,Liverpool,Player Goals,Murillo,Nottingham Forest,Liverpool,0.5,17,Neds
Nottingham Forest v Liverpool,Nottingham Forest,Liverpool,Player Goals,Morato,Nottingham Forest,Liverpool,0.5,23,Neds
Nottingham Forest v Liverpool,Nottingham Forest,Liverpool,Player Goals,Nikola Milenkovi<c4><87>,NA,NA,0.5,17,Neds
Nottingham Forest v Liverpool,Nottingham Forest,Liverpool,Player Goals,Curtis Jones,Liverpool,Nottingham Forest,0.5,10,Neds
Nottingham Forest v Liverpool,Nottingham Forest,Liverpool,Player Goals,Cody Gakpo,Liverpool,Nottingham Forest,0.5,3.5,Neds
Nottingham Forest v Liverpool,Nottingham Forest,Liverpool,Player Goals,Ryan Gravenberch,Liverpool,Nottingham Forest,0.5,5.5,Neds
Nottingham Forest v Liverpool,Nottingham Forest,Liverpool,Player Goals,Virgil van Dijk,Liverpool,Nottingham Forest,0.5,9.5,Neds
Nottingham Forest v Liverpool,Nottingham Forest,Liverpool,Player Goals,Morgan Gibbs-White,Nottingham Forest,Liverpool,0.5,3.6,Neds
Nottingham Forest v Liverpool,Nottingham Forest,Liverpool,Player Goals,Mohamed Salah,Liverpool,Nottingham Forest,0.5,3.2,Neds
Nottingham Forest v Liverpool,Nottingham Forest,Liverpool,Player Goals,Florian Wirtz,Liverpool,Nottingham Forest,0.5,4.2,Neds
Nottingham Forest v Liverpool,Nottingham Forest,Liverpool,Player Goals,Andrew Robertson,Liverpool,Nottingham Forest,0.5,13,Neds
Nottingham Forest v Liverpool,Nottingham Forest,Liverpool,Player Goals,Callum Hudson-Odoi,Nottingham Forest,Liverpool,0.5,4.5,Neds
Nottingham Forest v Liverpool,Nottingham Forest,Liverpool,Player Goals,Nicolo Savona,NA,NA,0.5,8.5,Neds
Nottingham Forest v Liverpool,Nottingham Forest,Liverpool,Player Goals,Milos Kerkez,Liverpool,Nottingham Forest,0.5,13,Neds
Nottingham Forest v Liverpool,Nottingham Forest,Liverpool,Player Goals,Trey Nyoni,Liverpool,Nottingham Forest,0.5,5.75,Neds
Nottingham Forest v Liverpool,Nottingham Forest,Liverpool,Player Goals,Dilane Bakwa,Nottingham Forest,Liverpool,0.5,5.25,Neds
Nottingham Forest v Liverpool,Nottingham Forest,Liverpool,Player Goals,Nicol<c3><a1>s Dom<c3><ad>nguez,NA,NA,0.5,6.5,Neds
Nottingham Forest v Liverpool,Nottingham Forest,Liverpool,Player Goals,Jair Paula,NA,NA,0.5,23,Neds
Nottingham Forest v Liverpool,Nottingham Forest,Liverpool,Player Goals,Luca Netz,NA,NA,0.5,13,Neds
Nottingham Forest v Liverpool,Nottingham Forest,Liverpool,Player Goals,Omari Hutchinson,Nottingham Forest,Liverpool,0.5,5.25,Neds
Nottingham Forest v Liverpool,Nottingham Forest,Liverpool,Player Goals,Zach Abbott,Nottingham Forest,Liverpool,0.5,23,Neds
Nottingham Forest v Liverpool,Nottingham Forest,Liverpool,Player Goals,Dominik Szoboszlai,Liverpool,Nottingham Forest,0.5,5,Neds
West Ham United v Bournemouth,West Ham United,Bournemouth,Player Goals,El Hadji Malick Diouf,West Ham United,Bournemouth,1.5,126,Neds
West Ham United v Bournemouth,West Ham United,Bournemouth,Player Goals,Crysencio Summerville,West Ham United,Bournemouth,1.5,21,Neds
West Ham United v Bournemouth,West Ham United,Bournemouth,Player Goals,Valentin Castellanos,NA,NA,1.5,11,Neds
West Ham United v Bournemouth,West Ham United,Bournemouth,Player Goals,Mohamadou Kante,NA,NA,1.5,91,Neds
West Ham United v Bournemouth,West Ham United,Bournemouth,Player Goals,Tomas Soucek,NA,NA,1.5,23,Neds
West Ham United v Bournemouth,West Ham United,Bournemouth,Player Goals,Rayan Vitor,NA,NA,1.5,10,Neds
West Ham United v Bournemouth,West Ham United,Bournemouth,Player Goals,Alex Scott,Bournemouth,West Ham United,1.5,101,Neds
West Ham United v Bournemouth,West Ham United,Bournemouth,Player Goals,Lewis Orford,West Ham United,Bournemouth,1.5,46,Neds
West Ham United v Bournemouth,West Ham United,Bournemouth,Player Goals,Kyle Walker-Peters,West Ham United,Bournemouth,1.5,151,Neds
West Ham United v Bournemouth,West Ham United,Bournemouth,Player Goals,Veljko Milosavljevic,Bournemouth,West Ham United,1.5,201,Neds
West Ham United v Bournemouth,West Ham United,Bournemouth,Player Goals,Enes Unal,NA,NA,1.5,19,Neds
West Ham United v Bournemouth,West Ham United,Bournemouth,Player Goals,Evanilson,Bournemouth,West Ham United,1.5,13,Neds
West Ham United v Bournemouth,West Ham United,Bournemouth,Player Goals,Axel Disasi,Chelsea,West Ham United,1.5,126,Neds
West Ham United v Bournemouth,West Ham United,Bournemouth,Player Goals,Marcus Tavernier,Bournemouth,West Ham United,1.5,26,Neds
West Ham United v Bournemouth,West Ham United,Bournemouth,Player Goals,Eli Junior Kroupi,NA,NA,1.5,9.5,Neds
West Ham United v Bournemouth,West Ham United,Bournemouth,Player Goals,Marcos Senesi,Bournemouth,West Ham United,1.5,176,Neds
West Ham United v Bournemouth,West Ham United,Bournemouth,Player Goals,Amine Adli,Bournemouth,West Ham United,1.5,29,Neds
West Ham United v Bournemouth,West Ham United,Bournemouth,Player Goals,Jarrod Bowen,West Ham United,Bournemouth,1.5,12,Neds
West Ham United v Bournemouth,West Ham United,Bournemouth,Player Goals,Max Kilman,NA,NA,1.5,201,Neds
West Ham United v Bournemouth,West Ham United,Bournemouth,Player Goals,Adama Traor<c3><a9>,NA,NA,1.5,41,Neds
West Ham United v Bournemouth,West Ham United,Bournemouth,Player Goals,Tyler Adams,Bournemouth,West Ham United,1.5,101,Neds
West Ham United v Bournemouth,West Ham United,Bournemouth,Player Goals,Remy Rees-Dottin,Bournemouth,West Ham United,1.5,23,Neds
West Ham United v Bournemouth,West Ham United,Bournemouth,Player Goals,Konstantinos Mavropanos,West Ham United,Bournemouth,1.5,151,Neds
West Ham United v Bournemouth,West Ham United,Bournemouth,Player Goals,Lewis Cook,Bournemouth,West Ham United,1.5,126,Neds
West Ham United v Bournemouth,West Ham United,Bournemouth,Player Goals,Ryan Christie,Bournemouth,West Ham United,1.5,56,Neds
West Ham United v Bournemouth,West Ham United,Bournemouth,Player Goals,Mateus Fernandes,West Ham United,Bournemouth,1.5,41,Neds
West Ham United v Bournemouth,West Ham United,Bournemouth,Player Goals,Mateus Fernandes,Southampton,West Ham United,1.5,41,Neds
West Ham United v Bournemouth,West Ham United,Bournemouth,Player Goals,Oliver Scarles,West Ham United,Bournemouth,1.5,201,Neds
West Ham United v Bournemouth,West Ham United,Bournemouth,Player Goals,Soungoutou Magassa,West Ham United,Bournemouth,1.5,101,Neds
West Ham United v Bournemouth,West Ham United,Bournemouth,Player Goals,Ezra Mayers,West Ham United,Bournemouth,1.5,176,Neds
West Ham United v Bournemouth,West Ham United,Bournemouth,Player Goals,David Brooks,Bournemouth,West Ham United,1.5,41,Neds
West Ham United v Bournemouth,West Ham United,Bournemouth,Player Goals,Alex Jimenez,NA,NA,1.5,101,Neds
West Ham United v Bournemouth,West Ham United,Bournemouth,Player Goals,Callum Wilson,West Ham United,Bournemouth,1.5,10,Neds
West Ham United v Bournemouth,West Ham United,Bournemouth,Player Goals,Pablo Felipe,NA,NA,1.5,13,Neds
West Ham United v Bournemouth,West Ham United,Bournemouth,Player Goals,Alex Toth,NA,NA,1.5,41,Neds
Tottenham Hotspur v Arsenal,Tottenham Hotspur,Arsenal,Player Goals,Dominic Solanke,Tottenham Hotspur,Arsenal,0.5,3.7,Neds
Tottenham Hotspur v Arsenal,Tottenham Hotspur,Arsenal,Player Goals,Viktor Gyokeres,NA,NA,0.5,2.4,Neds
Tottenham Hotspur v Arsenal,Tottenham Hotspur,Arsenal,Player Goals,Radu Matei Dragusin,NA,NA,0.5,19,Neds
Tottenham Hotspur v Arsenal,Tottenham Hotspur,Arsenal,Player Goals,Martin Zubimendi,NA,NA,0.5,4.33,Neds
Tottenham Hotspur v Arsenal,Tottenham Hotspur,Arsenal,Player Goals,Gabriel Jesus,Arsenal,Tottenham Hotspur,0.5,2.45,Neds
Tottenham Hotspur v Arsenal,Tottenham Hotspur,Arsenal,Player Goals,Pedro Porro,Tottenham Hotspur,Arsenal,0.5,15,Neds
Tottenham Hotspur v Arsenal,Tottenham Hotspur,Arsenal,Player Goals,Richarlison,Tottenham Hotspur,Arsenal,0.5,3.5,Neds
Tottenham Hotspur v Arsenal,Tottenham Hotspur,Arsenal,Player Goals,Djed Spence,Tottenham Hotspur,Arsenal,0.5,15,Neds
Tottenham Hotspur v Arsenal,Tottenham Hotspur,Arsenal,Player Goals,Riccardo Calafiori,Arsenal,Tottenham Hotspur,0.5,10,Neds
Tottenham Hotspur v Arsenal,Tottenham Hotspur,Arsenal,Player Goals,William Saliba,Arsenal,Tottenham Hotspur,0.5,15,Neds
Tottenham Hotspur v Arsenal,Tottenham Hotspur,Arsenal,Player Goals,Max Dowman,Arsenal,Tottenham Hotspur,0.5,3.9,Neds
Tottenham Hotspur v Arsenal,Tottenham Hotspur,Arsenal,Player Goals,Conor Gallagher,Tottenham Hotspur,Arsenal,0.5,7.5,Neds
Tottenham Hotspur v Arsenal,Tottenham Hotspur,Arsenal,Player Goals,Eberechi Eze,Arsenal,Tottenham Hotspur,0.5,3.3,Neds
Tottenham Hotspur v Arsenal,Tottenham Hotspur,Arsenal,Player Goals,Eberechi Eze,Crystal Palace,Tottenham Hotspur,0.5,3.3,Neds
Tottenham Hotspur v Arsenal,Tottenham Hotspur,Arsenal,Player Goals,Tynan Thompson,Tottenham Hotspur,Arsenal,0.5,7,Neds
Tottenham Hotspur v Arsenal,Tottenham Hotspur,Arsenal,Player Goals,Ben White,Arsenal,Tottenham Hotspur,0.5,9,Neds
Tottenham Hotspur v Arsenal,Tottenham Hotspur,Arsenal,Player Goals,Pape Matar Sarr,Tottenham Hotspur,Arsenal,0.5,7.5,Neds
Tottenham Hotspur v Arsenal,Tottenham Hotspur,Arsenal,Player Goals,Joao Palhinha,NA,NA,0.5,9.5,Neds
Tottenham Hotspur v Arsenal,Tottenham Hotspur,Arsenal,Player Goals,Mathys Tel,Tottenham Hotspur,Arsenal,0.5,5,Neds
Tottenham Hotspur v Arsenal,Tottenham Hotspur,Arsenal,Player Goals,Marli Salmon,Arsenal,Tottenham Hotspur,0.5,15,Neds
Tottenham Hotspur v Arsenal,Tottenham Hotspur,Arsenal,Player Goals,Christian N<c3><b8>rgaard,NA,NA,0.5,9,Neds
Tottenham Hotspur v Arsenal,Tottenham Hotspur,Arsenal,Player Goals,Rio Kyerematen,Tottenham Hotspur,Arsenal,0.5,10,Neds
Tottenham Hotspur v Arsenal,Tottenham Hotspur,Arsenal,Player Goals,Leandro Trossard,Arsenal,Tottenham Hotspur,0.5,3.2,Neds
Tottenham Hotspur v Arsenal,Tottenham Hotspur,Arsenal,Player Goals,Luca Williams-Barnett,NA,NA,0.5,5.75,Neds
Tottenham Hotspur v Arsenal,Tottenham Hotspur,Arsenal,Player Goals,Archie Gray,Tottenham Hotspur,Arsenal,0.5,13,Neds
Tottenham Hotspur v Arsenal,Tottenham Hotspur,Arsenal,Player Goals,Callum Olusesi,Tottenham Hotspur,Arsenal,0.5,9,Neds
Tottenham Hotspur v Arsenal,Tottenham Hotspur,Arsenal,Player Goals,Junai Byfield,NA,NA,0.5,15,Neds
Tottenham Hotspur v Arsenal,Tottenham Hotspur,Arsenal,Player Goals,Jurrien Timber,NA,NA,0.5,8.5,Neds
Tottenham Hotspur v Arsenal,Tottenham Hotspur,Arsenal,Player Goals,Myles Lewis-Skelly,Arsenal,Tottenham Hotspur,0.5,13,Neds
Tottenham Hotspur v Arsenal,Tottenham Hotspur,Arsenal,Player Goals,Piero Hincapie,NA,NA,0.5,15,Neds
Tottenham Hotspur v Arsenal,Tottenham Hotspur,Arsenal,Player Goals,Martin <c3><98>degaard,NA,NA,0.5,5.25,Neds
Tottenham Hotspur v Arsenal,Tottenham Hotspur,Arsenal,Player Goals,Yves Bissouma,Tottenham Hotspur,Arsenal,0.5,15,Neds
Tottenham Hotspur v Arsenal,Tottenham Hotspur,Arsenal,Player Goals,James Rowswell,Tottenham Hotspur,Arsenal,0.5,23,Neds
Tottenham Hotspur v Arsenal,Tottenham Hotspur,Arsenal,Player Goals,Xavi Simons,Tottenham Hotspur,Arsenal,0.5,6.5,Neds
Tottenham Hotspur v Arsenal,Tottenham Hotspur,Arsenal,Player Goals,Declan Rice,Arsenal,Tottenham Hotspur,0.5,5,Neds
Tottenham Hotspur v Arsenal,Tottenham Hotspur,Arsenal,Player Goals,Randal Kolo Muani,Tottenham Hotspur,Arsenal,0.5,5.25,Neds
Tottenham Hotspur v Arsenal,Tottenham Hotspur,Arsenal,Player Goals,Bukayo Saka,Arsenal,Tottenham Hotspur,0.5,3.5,Neds
Tottenham Hotspur v Arsenal,Tottenham Hotspur,Arsenal,Player Goals,Gabriel Magalh<c3><a3>es,NA,NA,0.5,5.25,Neds
Tottenham Hotspur v Arsenal,Tottenham Hotspur,Arsenal,Player Goals,Noni Madueke,Arsenal,Tottenham Hotspur,0.5,3.6,Neds
Tottenham Hotspur v Arsenal,Tottenham Hotspur,Arsenal,Player Goals,Souza,Tottenham Hotspur,Arsenal,0.5,19,Neds
Tottenham Hotspur v Arsenal,Tottenham Hotspur,Arsenal,Player Goals,Gabriel Martinelli,Arsenal,Tottenham Hotspur,0.5,3.4,Neds
Tottenham Hotspur v Arsenal,Tottenham Hotspur,Arsenal,Player Goals,No Goalscorer,NA,NA,0.5,10,Neds
Tottenham Hotspur v Arsenal,Tottenham Hotspur,Arsenal,Player Goals,Kai Havertz,Arsenal,Tottenham Hotspur,0.5,2.5,Neds
Tottenham Hotspur v Arsenal,Tottenham Hotspur,Arsenal,Player Goals,Cristhian Mosquera,Arsenal,Tottenham Hotspur,0.5,15,Neds
Tottenham Hotspur v Arsenal,Tottenham Hotspur,Arsenal,Player Goals,Micky van de Ven,Tottenham Hotspur,Arsenal,0.5,8.5,Neds
West Ham United v Bournemouth,West Ham United,Bournemouth,Player Goals,Evanilson,Bournemouth,West Ham United,0.5,2.8,Neds
West Ham United v Bournemouth,West Ham United,Bournemouth,Player Goals,Ryan Christie,Bournemouth,West Ham United,0.5,5.75,Neds
West Ham United v Bournemouth,West Ham United,Bournemouth,Player Goals,Oliver Scarles,West Ham United,Bournemouth,0.5,13,Neds
West Ham United v Bournemouth,West Ham United,Bournemouth,Player Goals,Mateus Fernandes,West Ham United,Bournemouth,0.5,4.8,Neds
West Ham United v Bournemouth,West Ham United,Bournemouth,Player Goals,Mateus Fernandes,Southampton,West Ham United,0.5,4.8,Neds
West Ham United v Bournemouth,West Ham United,Bournemouth,Player Goals,Amine Adli,Bournemouth,West Ham United,0.5,4,Neds
West Ham United v Bournemouth,West Ham United,Bournemouth,Player Goals,Axel Disasi,Chelsea,West Ham United,0.5,10,Neds
West Ham United v Bournemouth,West Ham United,Bournemouth,Player Goals,Marcus Tavernier,Bournemouth,West Ham United,0.5,3.8,Neds
West Ham United v Bournemouth,West Ham United,Bournemouth,Player Goals,Aaron Wan-Bissaka,West Ham United,Bournemouth,0.5,15,Neds
West Ham United v Bournemouth,West Ham United,Bournemouth,Player Goals,Mohamadou Kante,NA,NA,0.5,8,Neds
West Ham United v Bournemouth,West Ham United,Bournemouth,Player Goals,Adama Traor<c3><a9>,NA,NA,0.5,4.8,Neds
West Ham United v Bournemouth,West Ham United,Bournemouth,Player Goals,Remy Rees-Dottin,Bournemouth,West Ham United,0.5,3.6,Neds
West Ham United v Bournemouth,West Ham United,Bournemouth,Player Goals,Veljko Milosavljevic,Bournemouth,West Ham United,0.5,13,Neds
West Ham United v Bournemouth,West Ham United,Bournemouth,Player Goals,Bafode Diakite,NA,NA,0.5,17,Neds
West Ham United v Bournemouth,West Ham United,Bournemouth,Player Goals,No Goalscorer,NA,NA,0.5,13,Neds
West Ham United v Bournemouth,West Ham United,Bournemouth,Player Goals,Jean-Clair Todibo,West Ham United,Bournemouth,0.5,15,Neds
West Ham United v Bournemouth,West Ham United,Bournemouth,Player Goals,Lewis Orford,West Ham United,Bournemouth,0.5,5.25,Neds
West Ham United v Bournemouth,West Ham United,Bournemouth,Player Goals,Rayan Vitor,NA,NA,0.5,2.4,Neds
West Ham United v Bournemouth,West Ham United,Bournemouth,Player Goals,Jarrod Bowen,West Ham United,Bournemouth,0.5,2.5,Neds
West Ham United v Bournemouth,West Ham United,Bournemouth,Player Goals,Soungoutou Magassa,West Ham United,Bournemouth,0.5,8,Neds
West Ham United v Bournemouth,West Ham United,Bournemouth,Player Goals,David Brooks,Bournemouth,West Ham United,0.5,4.75,Neds
West Ham United v Bournemouth,West Ham United,Bournemouth,Player Goals,El Hadji Malick Diouf,West Ham United,Bournemouth,0.5,9.5,Neds
West Ham United v Bournemouth,West Ham United,Bournemouth,Player Goals,Kyle Walker-Peters,West Ham United,Bournemouth,0.5,11,Neds
West Ham United v Bournemouth,West Ham United,Bournemouth,Player Goals,Konstantinos Mavropanos,West Ham United,Bournemouth,0.5,10,Neds
West Ham United v Bournemouth,West Ham United,Bournemouth,Player Goals,Tyler Adams,Bournemouth,West Ham United,0.5,8.5,Neds
West Ham United v Bournemouth,West Ham United,Bournemouth,Player Goals,Max Kilman,NA,NA,0.5,13,Neds
West Ham United v Bournemouth,West Ham United,Bournemouth,Player Goals,Adrien Truffert,Bournemouth,West Ham United,0.5,15,Neds
West Ham United v Bournemouth,West Ham United,Bournemouth,Player Goals,Adam Smith,Bournemouth,West Ham United,0.5,21,Neds
West Ham United v Bournemouth,West Ham United,Bournemouth,Player Goals,Crysencio Summerville,West Ham United,Bournemouth,0.5,3.5,Neds
West Ham United v Bournemouth,West Ham United,Bournemouth,Player Goals,James Hill,Bournemouth,West Ham United,0.5,15,Neds
West Ham United v Bournemouth,West Ham United,Bournemouth,Player Goals,Valentin Castellanos,NA,NA,0.5,2.5,Neds
West Ham United v Bournemouth,West Ham United,Bournemouth,Player Goals,Eli Junior Kroupi,NA,NA,0.5,2.3,Neds
West Ham United v Bournemouth,West Ham United,Bournemouth,Player Goals,Alex Toth,NA,NA,0.5,5,Neds
West Ham United v Bournemouth,West Ham United,Bournemouth,Player Goals,Tomas Soucek,NA,NA,0.5,3.6,Neds
West Ham United v Bournemouth,West Ham United,Bournemouth,Player Goals,Pablo Felipe,NA,NA,0.5,2.7,Neds
West Ham United v Bournemouth,West Ham United,Bournemouth,Player Goals,Alex Scott,Bournemouth,West Ham United,0.5,8.5,Neds
West Ham United v Bournemouth,West Ham United,Bournemouth,Player Goals,Lewis Cook,Bournemouth,West Ham United,0.5,10,Neds
West Ham United v Bournemouth,West Ham United,Bournemouth,Player Goals,Ezra Mayers,West Ham United,Bournemouth,0.5,12,Neds
West Ham United v Bournemouth,West Ham United,Bournemouth,Player Goals,Enes Unal,NA,NA,0.5,3.25,Neds
West Ham United v Bournemouth,West Ham United,Bournemouth,Player Goals,Marcos Senesi,Bournemouth,West Ham United,0.5,12,Neds
West Ham United v Bournemouth,West Ham United,Bournemouth,Player Goals,Callum Wilson,West Ham United,Bournemouth,0.5,2.38,Neds
West Ham United v Bournemouth,West Ham United,Bournemouth,Player Goals,Alex Jimenez,NA,NA,0.5,8.5,Neds
Nottingham Forest v Liverpool,Nottingham Forest,Liverpool,Player Goals,Morgan Gibbs-White,Nottingham Forest,Liverpool,1.5,23,Neds
Nottingham Forest v Liverpool,Nottingham Forest,Liverpool,Player Goals,Omari Hutchinson,Nottingham Forest,Liverpool,1.5,46,Neds
Nottingham Forest v Liverpool,Nottingham Forest,Liverpool,Player Goals,Elliot Anderson,Nottingham Forest,Liverpool,1.5,101,Neds
Nottingham Forest v Liverpool,Nottingham Forest,Liverpool,Player Goals,Nicol<c3><a1>s Dom<c3><ad>nguez,NA,NA,1.5,71,Neds
Nottingham Forest v Liverpool,Nottingham Forest,Liverpool,Player Goals,Virgil van Dijk,Liverpool,Nottingham Forest,1.5,126,Neds
Nottingham Forest v Liverpool,Nottingham Forest,Liverpool,Player Goals,Curtis Jones,Liverpool,Nottingham Forest,1.5,126,Neds
Nottingham Forest v Liverpool,Nottingham Forest,Liverpool,Player Goals,Federico Chiesa,Liverpool,Nottingham Forest,1.5,26,Neds
Nottingham Forest v Liverpool,Nottingham Forest,Liverpool,Player Goals,Ryan Yates,Nottingham Forest,Liverpool,1.5,81,Neds
Nottingham Forest v Liverpool,Nottingham Forest,Liverpool,Player Goals,Ryan Gravenberch,Liverpool,Nottingham Forest,1.5,51,Neds
Nottingham Forest v Liverpool,Nottingham Forest,Liverpool,Player Goals,Hugo Ekitike,NA,NA,1.5,6.5,Neds
Nottingham Forest v Liverpool,Nottingham Forest,Liverpool,Player Goals,Neco Williams,Nottingham Forest,Liverpool,1.5,176,Neds
Nottingham Forest v Liverpool,Nottingham Forest,Liverpool,Player Goals,Kieran Morrison,Liverpool,Nottingham Forest,1.5,56,Neds
Nottingham Forest v Liverpool,Nottingham Forest,Liverpool,Player Goals,Andrew Robertson,Liverpool,Nottingham Forest,1.5,201,Neds
Nottingham Forest v Liverpool,Nottingham Forest,Liverpool,Player Goals,Nicolo Savona,NA,NA,1.5,101,Neds
Nottingham Forest v Liverpool,Nottingham Forest,Liverpool,Player Goals,Ibrahima Konat<c3><a9>,NA,NA,1.5,201,Neds
Nottingham Forest v Liverpool,Nottingham Forest,Liverpool,Player Goals,Dominik Szoboszlai,Liverpool,Nottingham Forest,1.5,41,Neds
Nottingham Forest v Liverpool,Nottingham Forest,Liverpool,Player Goals,Lorenzo Lucca,Nottingham Forest,Liverpool,1.5,23,Neds
Nottingham Forest v Liverpool,Nottingham Forest,Liverpool,Player Goals,Rio Ngumoha,Liverpool,Nottingham Forest,1.5,41,Neds
Nottingham Forest v Liverpool,Nottingham Forest,Liverpool,Player Goals,Taiwo Awoniyi,Nottingham Forest,Liverpool,1.5,23,Neds
Nottingham Forest v Liverpool,Nottingham Forest,Liverpool,Player Goals,James McAtee,Nottingham Forest,Liverpool,1.5,41,Neds
Nottingham Forest v Liverpool,Nottingham Forest,Liverpool,Player Goals,Florian Wirtz,Liverpool,Nottingham Forest,1.5,29,Neds
Nottingham Forest v Liverpool,Nottingham Forest,Liverpool,Player Goals,Milos Kerkez,Liverpool,Nottingham Forest,1.5,201,Neds
Nottingham Forest v Liverpool,Nottingham Forest,Liverpool,Player Goals,Igor Jesus,Nottingham Forest,Liverpool,1.5,23,Neds
Nottingham Forest v Liverpool,Nottingham Forest,Liverpool,Player Goals,Alexis Mac Allister,Liverpool,Nottingham Forest,1.5,81,Neds
Nottingham Forest v Liverpool,Nottingham Forest,Liverpool,Player Goals,Cody Gakpo,Liverpool,Nottingham Forest,1.5,21,Neds
Nottingham Forest v Liverpool,Nottingham Forest,Liverpool,Player Goals,Callum Hudson-Odoi,Nottingham Forest,Liverpool,1.5,34,Neds
Nottingham Forest v Liverpool,Nottingham Forest,Liverpool,Player Goals,Dan Ndoye,Nottingham Forest,Liverpool,1.5,51,Neds
Nottingham Forest v Liverpool,Nottingham Forest,Liverpool,Player Goals,Trey Nyoni,Liverpool,Nottingham Forest,1.5,56,Neds
Nottingham Forest v Liverpool,Nottingham Forest,Liverpool,Player Goals,Ibrahim Sangar<c3><a9>,NA,NA,1.5,81,Neds
Nottingham Forest v Liverpool,Nottingham Forest,Liverpool,Player Goals,Jeremie Frimpong,Liverpool,Nottingham Forest,1.5,126,Neds
Nottingham Forest v Liverpool,Nottingham Forest,Liverpool,Player Goals,Dilane Bakwa,Nottingham Forest,Liverpool,1.5,46,Neds
Nottingham Forest v Liverpool,Nottingham Forest,Liverpool,Player Goals,Luca Netz,NA,NA,1.5,176,Neds
Nottingham Forest v Liverpool,Nottingham Forest,Liverpool,Player Goals,Mohamed Salah,Liverpool,Nottingham Forest,1.5,17,Neds
Tottenham Hotspur v Arsenal,Tottenham Hotspur,Arsenal,Player Goals,Noni Madueke,Arsenal,Tottenham Hotspur,2.5,126,Neds
Tottenham Hotspur v Arsenal,Tottenham Hotspur,Arsenal,Player Goals,Richarlison,Tottenham Hotspur,Arsenal,2.5,126,Neds
Tottenham Hotspur v Arsenal,Tottenham Hotspur,Arsenal,Player Goals,Max Dowman,Arsenal,Tottenham Hotspur,2.5,151,Neds
Tottenham Hotspur v Arsenal,Tottenham Hotspur,Arsenal,Player Goals,Eberechi Eze,Arsenal,Tottenham Hotspur,2.5,101,Neds
Tottenham Hotspur v Arsenal,Tottenham Hotspur,Arsenal,Player Goals,Eberechi Eze,Crystal Palace,Tottenham Hotspur,2.5,101,Neds
Tottenham Hotspur v Arsenal,Tottenham Hotspur,Arsenal,Player Goals,Martin Zubimendi,NA,NA,2.5,176,Neds
Tottenham Hotspur v Arsenal,Tottenham Hotspur,Arsenal,Player Goals,Leandro Trossard,Arsenal,Tottenham Hotspur,2.5,91,Neds
Tottenham Hotspur v Arsenal,Tottenham Hotspur,Arsenal,Player Goals,Gabriel Martinelli,Arsenal,Tottenham Hotspur,2.5,101,Neds
Tottenham Hotspur v Arsenal,Tottenham Hotspur,Arsenal,Player Goals,Gabriel Jesus,Arsenal,Tottenham Hotspur,2.5,51,Neds
Tottenham Hotspur v Arsenal,Tottenham Hotspur,Arsenal,Player Goals,Kai Havertz,Arsenal,Tottenham Hotspur,2.5,56,Neds
Tottenham Hotspur v Arsenal,Tottenham Hotspur,Arsenal,Player Goals,Viktor Gyokeres,NA,NA,2.5,46,Neds
Tottenham Hotspur v Arsenal,Tottenham Hotspur,Arsenal,Player Goals,Declan Rice,Arsenal,Tottenham Hotspur,2.5,201,Neds
Tottenham Hotspur v Arsenal,Tottenham Hotspur,Arsenal,Player Goals,Dominic Solanke,Tottenham Hotspur,Arsenal,2.5,126,Neds
Tottenham Hotspur v Arsenal,Tottenham Hotspur,Arsenal,Player Goals,Bukayo Saka,Arsenal,Tottenham Hotspur,2.5,126,Neds
Crystal Palace v Wolverhampton Wanderers,Crystal Palace,Wolverhampton Wanderers,Player Goals,Brennan Johnson,Tottenham Hotspur,Crystal Palace,0.5,3.3,Neds
Crystal Palace v Wolverhampton Wanderers,Crystal Palace,Wolverhampton Wanderers,Player Goals,Brennan Johnson,Crystal Palace,Wolverhampton Wanderers,0.5,3.3,Neds
Crystal Palace v Wolverhampton Wanderers,Crystal Palace,Wolverhampton Wanderers,Player Goals,Toti,Wolverhampton Wanderers,Crystal Palace,0.5,23,Neds
Crystal Palace v Wolverhampton Wanderers,Crystal Palace,Wolverhampton Wanderers,Player Goals,Jerome Abbey,NA,NA,0.5,13,Neds
Crystal Palace v Wolverhampton Wanderers,Crystal Palace,Wolverhampton Wanderers,Player Goals,Adam Armstrong,Southampton,Crystal Palace,0.5,4,Neds
Crystal Palace v Wolverhampton Wanderers,Crystal Palace,Wolverhampton Wanderers,Player Goals,J<c3><b8>rgen Strand Larsen,NA,NA,0.5,2.25,Neds
Crystal Palace v Wolverhampton Wanderers,Crystal Palace,Wolverhampton Wanderers,Player Goals,Chris Richards,Crystal Palace,Wolverhampton Wanderers,0.5,15,Neds
Crystal Palace v Wolverhampton Wanderers,Crystal Palace,Wolverhampton Wanderers,Player Goals,George King,Crystal Palace,Wolverhampton Wanderers,0.5,11,Neds
Crystal Palace v Wolverhampton Wanderers,Crystal Palace,Wolverhampton Wanderers,Player Goals,Mateus Mane,NA,NA,0.5,5,Neds
Crystal Palace v Wolverhampton Wanderers,Crystal Palace,Wolverhampton Wanderers,Player Goals,Daniel Mu<c3><b1>oz,NA,NA,0.5,3.9,Neds
Crystal Palace v Wolverhampton Wanderers,Crystal Palace,Wolverhampton Wanderers,Player Goals,Yeremi Pino,NA,NA,0.5,4.2,Neds
Crystal Palace v Wolverhampton Wanderers,Crystal Palace,Wolverhampton Wanderers,Player Goals,Kaden Rodney,Crystal Palace,Wolverhampton Wanderers,0.5,9,Neds
Crystal Palace v Wolverhampton Wanderers,Crystal Palace,Wolverhampton Wanderers,Player Goals,Rodrigo Gomes,Wolverhampton Wanderers,Crystal Palace,0.5,8.5,Neds
Crystal Palace v Wolverhampton Wanderers,Crystal Palace,Wolverhampton Wanderers,Player Goals,Angel Gomes,NA,NA,0.5,9.5,Neds
Crystal Palace v Wolverhampton Wanderers,Crystal Palace,Wolverhampton Wanderers,Player Goals,Ladislav Krejci,Wolverhampton Wanderers,Crystal Palace,0.5,10,Neds
Crystal Palace v Wolverhampton Wanderers,Crystal Palace,Wolverhampton Wanderers,Player Goals,Jackson Tchatchoua,Wolverhampton Wanderers,Crystal Palace,0.5,23,Neds
Crystal Palace v Wolverhampton Wanderers,Crystal Palace,Wolverhampton Wanderers,Player Goals,Justin Devenny,Crystal Palace,Wolverhampton Wanderers,0.5,6.5,Neds
Crystal Palace v Wolverhampton Wanderers,Crystal Palace,Wolverhampton Wanderers,Player Goals,Adam Wharton,Crystal Palace,Wolverhampton Wanderers,0.5,9,Neds
Crystal Palace v Wolverhampton Wanderers,Crystal Palace,Wolverhampton Wanderers,Player Goals,No Goalscorer,NA,NA,0.5,9,Neds
Crystal Palace v Wolverhampton Wanderers,Crystal Palace,Wolverhampton Wanderers,Player Goals,Nathaniel Clyne,Crystal Palace,Wolverhampton Wanderers,0.5,15,Neds
Crystal Palace v Wolverhampton Wanderers,Crystal Palace,Wolverhampton Wanderers,Player Goals,Tolu Arokodare,Wolverhampton Wanderers,Crystal Palace,0.5,4.33,Neds
Crystal Palace v Wolverhampton Wanderers,Crystal Palace,Wolverhampton Wanderers,Player Goals,Isma<c3><af>la Sarr,NA,NA,0.5,2.45,Neds
Crystal Palace v Wolverhampton Wanderers,Crystal Palace,Wolverhampton Wanderers,Player Goals,Matt Doherty,Wolverhampton Wanderers,Crystal Palace,0.5,17,Neds
Crystal Palace v Wolverhampton Wanderers,Crystal Palace,Wolverhampton Wanderers,Player Goals,Jaydee Canvot,Crystal Palace,Wolverhampton Wanderers,0.5,13,Neds
Crystal Palace v Wolverhampton Wanderers,Crystal Palace,Wolverhampton Wanderers,Player Goals,Rio Cardines,Crystal Palace,Wolverhampton Wanderers,0.5,6.5,Neds
Crystal Palace v Wolverhampton Wanderers,Crystal Palace,Wolverhampton Wanderers,Player Goals,Santiago Bueno,Wolverhampton Wanderers,Crystal Palace,0.5,11,Neds
Crystal Palace v Wolverhampton Wanderers,Crystal Palace,Wolverhampton Wanderers,Player Goals,Tyrick Mitchell,Crystal Palace,Wolverhampton Wanderers,0.5,9.5,Neds
Crystal Palace v Wolverhampton Wanderers,Crystal Palace,Wolverhampton Wanderers,Player Goals,Jefferson Lerma,Crystal Palace,Wolverhampton Wanderers,0.5,9,Neds
Crystal Palace v Wolverhampton Wanderers,Crystal Palace,Wolverhampton Wanderers,Player Goals,Chrisantus Uche,NA,NA,0.5,3.9,Neds
Crystal Palace v Wolverhampton Wanderers,Crystal Palace,Wolverhampton Wanderers,Player Goals,Will Hughes,Crystal Palace,Wolverhampton Wanderers,0.5,8.5,Neds
Crystal Palace v Wolverhampton Wanderers,Crystal Palace,Wolverhampton Wanderers,Player Goals,Yerson Mosquera,Wolverhampton Wanderers,Crystal Palace,0.5,12,Neds
Crystal Palace v Wolverhampton Wanderers,Crystal Palace,Wolverhampton Wanderers,Player Goals,Hugo Bueno,Wolverhampton Wanderers,Crystal Palace,0.5,15,Neds
Crystal Palace v Wolverhampton Wanderers,Crystal Palace,Wolverhampton Wanderers,Player Goals,Luke Rawlings,Wolverhampton Wanderers,Crystal Palace,0.5,17,Neds
Crystal Palace v Wolverhampton Wanderers,Crystal Palace,Wolverhampton Wanderers,Player Goals,Ben Casey,Crystal Palace,Wolverhampton Wanderers,0.5,2.88,Neds
Crystal Palace v Wolverhampton Wanderers,Crystal Palace,Wolverhampton Wanderers,Player Goals,Evann Guessand,Aston Villa,Crystal Palace,0.5,4,Neds
Crystal Palace v Wolverhampton Wanderers,Crystal Palace,Wolverhampton Wanderers,Player Goals,Tom Edozie,NA,NA,0.5,6,Neds
Crystal Palace v Wolverhampton Wanderers,Crystal Palace,Wolverhampton Wanderers,Player Goals,Joel Drakes Thomas,NA,NA,0.5,5,Neds
Crystal Palace v Wolverhampton Wanderers,Crystal Palace,Wolverhampton Wanderers,Player Goals,Andre Trindade,NA,NA,0.5,19,Neds
Crystal Palace v Wolverhampton Wanderers,Crystal Palace,Wolverhampton Wanderers,Player Goals,Caleb Kporha,Crystal Palace,Wolverhampton Wanderers,0.5,7,Neds
Crystal Palace v Wolverhampton Wanderers,Crystal Palace,Wolverhampton Wanderers,Player Goals,Borna Sosa,Crystal Palace,Wolverhampton Wanderers,0.5,13,Neds
Crystal Palace v Wolverhampton Wanderers,Crystal Palace,Wolverhampton Wanderers,Player Goals,Jeanricner Bellegarde,NA,NA,0.5,6,Neds
Crystal Palace v Wolverhampton Wanderers,Crystal Palace,Wolverhampton Wanderers,Player Goals,Pedro Lima,Wolverhampton Wanderers,Crystal Palace,0.5,21,Neds
Crystal Palace v Wolverhampton Wanderers,Crystal Palace,Wolverhampton Wanderers,Player Goals,Dean Benamar,Crystal Palace,Wolverhampton Wanderers,0.5,13,Neds
Crystal Palace v Wolverhampton Wanderers,Crystal Palace,Wolverhampton Wanderers,Player Goals,Maxence Lacroix,Crystal Palace,Wolverhampton Wanderers,0.5,13,Neds
Crystal Palace v Wolverhampton Wanderers,Crystal Palace,Wolverhampton Wanderers,Player Goals,David Moller Wolfe,NA,NA,0.5,19,Neds
Crystal Palace v Wolverhampton Wanderers,Crystal Palace,Wolverhampton Wanderers,Player Goals,Chadi Riad,Crystal Palace,Wolverhampton Wanderers,0.5,12,Neds
Crystal Palace v Wolverhampton Wanderers,Crystal Palace,Wolverhampton Wanderers,Player Goals,Daichi Kamada,Crystal Palace,Wolverhampton Wanderers,0.5,5.5,Neds
Crystal Palace v Wolverhampton Wanderers,Crystal Palace,Wolverhampton Wanderers,Player Goals,Jo<c3><a3>o Gomes,NA,NA,0.5,12,Neds
Everton v Manchester United,Everton,Manchester United,Player Goals,Diogo Dalot,Manchester United,Everton,1.5,176,Neds
Everton v Manchester United,Everton,Manchester United,Player Goals,Tim Iroegbunam,Everton,Manchester United,1.5,101,Neds
Everton v Manchester United,Everton,Manchester United,Player Goals,Harrison Armstrong,Everton,Manchester United,1.5,101,Neds
Everton v Manchester United,Everton,Manchester United,Player Goals,Carlos Alcaraz,Everton,Manchester United,1.5,46,Neds
Everton v Manchester United,Everton,Manchester United,Player Goals,Shea Lacey,Manchester United,Everton,1.5,26,Neds
Everton v Manchester United,Everton,Manchester United,Player Goals,Jack Fletcher,Manchester United,Everton,1.5,67,Neds
Everton v Manchester United,Everton,Manchester United,Player Goals,Harry Maguire,Manchester United,Everton,1.5,101,Neds
Everton v Manchester United,Everton,Manchester United,Player Goals,Leny Yoro,Manchester United,Everton,1.5,201,Neds
Everton v Manchester United,Everton,Manchester United,Player Goals,Mason Mount,Manchester United,Everton,1.5,23,Neds
Everton v Manchester United,Everton,Manchester United,Player Goals,Michael Keane,Everton,Manchester United,1.5,91,Neds
Everton v Manchester United,Everton,Manchester United,Player Goals,Bruno Fernandes,Manchester United,Everton,1.5,19,Neds
Everton v Manchester United,Everton,Manchester United,Player Goals,Kiernan Dewsbury Hall,NA,NA,1.5,26,Neds
Everton v Manchester United,Everton,Manchester United,Player Goals,James Garner,Everton,Manchester United,1.5,101,Neds
Everton v Manchester United,Everton,Manchester United,Player Goals,Casemiro,Manchester United,Everton,1.5,34,Neds
Everton v Manchester United,Everton,Manchester United,Player Goals,Lisandro Mart<c3><ad>nez,NA,NA,1.5,176,Neds
Everton v Manchester United,Everton,Manchester United,Player Goals,Ayden Heaven,Manchester United,Everton,1.5,201,Neds
Everton v Manchester United,Everton,Manchester United,Player Goals,Matheus Cunha,Manchester United,Everton,1.5,15,Neds
Everton v Manchester United,Everton,Manchester United,Player Goals,Merlin Rohl,NA,NA,1.5,71,Neds
Everton v Manchester United,Everton,Manchester United,Player Goals,Idrissa Gueye,Everton,Manchester United,1.5,71,Neds
Everton v Manchester United,Everton,Manchester United,Player Goals,Benjamin Sesko,Manchester United,Everton,1.5,13,Neds
Everton v Manchester United,Everton,Manchester United,Player Goals,Iliman Ndiaye,Everton,Manchester United,1.5,29,Neds
Everton v Manchester United,Everton,Manchester United,Player Goals,Bryan Mbeumo,Manchester United,Everton,1.5,11,Neds
Everton v Manchester United,Everton,Manchester United,Player Goals,Manuel Ugarte,Manchester United,Everton,1.5,126,Neds
Everton v Manchester United,Everton,Manchester United,Player Goals,Matthijs de Ligt,Manchester United,Everton,1.5,176,Neds
Everton v Manchester United,Everton,Manchester United,Player Goals,Thierno Barry,Everton,Manchester United,1.5,17,Neds
Everton v Manchester United,Everton,Manchester United,Player Goals,Tyler Dibling,Everton,Manchester United,1.5,81,Neds
Everton v Manchester United,Everton,Manchester United,Player Goals,Tyler Dibling,Southampton,Everton,1.5,81,Neds
Everton v Manchester United,Everton,Manchester United,Player Goals,Beto Betuncal,NA,NA,1.5,23,Neds
Everton v Manchester United,Everton,Manchester United,Player Goals,Amad Diallo,Manchester United,Everton,1.5,26,Neds
Everton v Manchester United,Everton,Manchester United,Player Goals,Tyler Fletcher,Manchester United,Everton,1.5,61,Neds
Everton v Manchester United,Everton,Manchester United,Player Goals,Tyrique George,Chelsea,Everton,1.5,41,Neds
Everton v Manchester United,Everton,Manchester United,Player Goals,Joshua Zirkzee,Manchester United,Everton,1.5,17,Neds
Everton v Manchester United,Everton,Manchester United,Player Goals,Jarrad Branthwaite,Everton,Manchester United,1.5,201,Neds
Everton v Manchester United,Everton,Manchester United,Player Goals,Dwight McNeil,Everton,Manchester United,1.5,71,Neds
Everton v Manchester United,Everton,Manchester United,Player Goals,Kobbie Mainoo,Manchester United,Everton,1.5,71,Neds
Everton v Manchester United,Everton,Manchester United,Player Goals,Mason Mount,Manchester United,Everton,0.5,3.6,Neds
Everton v Manchester United,Everton,Manchester United,Player Goals,Tyrique George,Chelsea,Everton,0.5,5,Neds
Everton v Manchester United,Everton,Manchester United,Player Goals,Luke Shaw,Manchester United,Everton,0.5,19,Neds
Everton v Manchester United,Everton,Manchester United,Player Goals,Shea Lacey,Manchester United,Everton,0.5,3.9,Neds
Everton v Manchester United,Everton,Manchester United,Player Goals,S<c3><a9>amus Coleman,NA,NA,0.5,23,Neds
Everton v Manchester United,Everton,Manchester United,Player Goals,Amad Diallo,Manchester United,Everton,0.5,3.75,Neds
Everton v Manchester United,Everton,Manchester United,Player Goals,Diogo Dalot,Manchester United,Everton,0.5,12,Neds
Everton v Manchester United,Everton,Manchester United,Player Goals,Harrison Armstrong,Everton,Manchester United,0.5,8.5,Neds
Everton v Manchester United,Everton,Manchester United,Player Goals,Manuel Ugarte,Manchester United,Everton,0.5,9.5,Neds
Everton v Manchester United,Everton,Manchester United,Player Goals,James Garner,Everton,Manchester United,0.5,8.5,Neds
Everton v Manchester United,Everton,Manchester United,Player Goals,Noussair Mazraoui,Manchester United,Everton,0.5,15,Neds
Everton v Manchester United,Everton,Manchester United,Player Goals,Michael Keane,Everton,Manchester United,0.5,7.5,Neds
Everton v Manchester United,Everton,Manchester United,Player Goals,Bruno Fernandes,Manchester United,Everton,0.5,3.25,Neds
Everton v Manchester United,Everton,Manchester United,Player Goals,Beto Betuncal,NA,NA,0.5,3.6,Neds
Everton v Manchester United,Everton,Manchester United,Player Goals,Casemiro,Manchester United,Everton,0.5,4.75,Neds
Everton v Manchester United,Everton,Manchester United,Player Goals,Merlin Rohl,NA,NA,0.5,6.5,Neds
Everton v Manchester United,Everton,Manchester United,Player Goals,Kobbie Mainoo,Manchester United,Everton,0.5,7,Neds
Everton v Manchester United,Everton,Manchester United,Player Goals,Tim Iroegbunam,Everton,Manchester United,0.5,9,Neds
Everton v Manchester United,Everton,Manchester United,Player Goals,Vitaliy Mykolenko,Everton,Manchester United,0.5,17,Neds
Everton v Manchester United,Everton,Manchester United,Player Goals,Leny Yoro,Manchester United,Everton,0.5,13,Neds
Everton v Manchester United,Everton,Manchester United,Player Goals,Adam Aznou,Everton,Manchester United,0.5,19,Neds
Everton v Manchester United,Everton,Manchester United,Player Goals,Tyrell Malacia,Manchester United,Everton,0.5,19,Neds
Everton v Manchester United,Everton,Manchester United,Player Goals,Kiernan Dewsbury Hall,NA,NA,0.5,3.9,Neds
Everton v Manchester United,Everton,Manchester United,Player Goals,Thierno Barry,Everton,Manchester United,0.5,3.2,Neds
Everton v Manchester United,Everton,Manchester United,Player Goals,Jack Fletcher,Manchester United,Everton,0.5,6.5,Neds
Everton v Manchester United,Everton,Manchester United,Player Goals,Iliman Ndiaye,Everton,Manchester United,0.5,4,Neds
Everton v Manchester United,Everton,Manchester United,Player Goals,Carlos Alcaraz,Everton,Manchester United,0.5,5.25,Neds
Everton v Manchester United,Everton,Manchester United,Player Goals,Jarrad Branthwaite,Everton,Manchester United,0.5,13,Neds
Everton v Manchester United,Everton,Manchester United,Player Goals,Joshua Zirkzee,Manchester United,Everton,0.5,3.2,Neds
Everton v Manchester United,Everton,Manchester United,Player Goals,James Tarkowski,Everton,Manchester United,0.5,15,Neds
Everton v Manchester United,Everton,Manchester United,Player Goals,Lisandro Mart<c3><ad>nez,NA,NA,0.5,12,Neds
Everton v Manchester United,Everton,Manchester United,Player Goals,Dwight McNeil,Everton,Manchester United,0.5,7,Neds
Everton v Manchester United,Everton,Manchester United,Player Goals,Ayden Heaven,Manchester United,Everton,0.5,13,Neds
Everton v Manchester United,Everton,Manchester United,Player Goals,Matthijs de Ligt,Manchester United,Everton,0.5,12,Neds
Everton v Manchester United,Everton,Manchester United,Player Goals,Tyler Fletcher,Manchester United,Everton,0.5,6,Neds
Everton v Manchester United,Everton,Manchester United,Player Goals,Nathan Patterson,Everton,Manchester United,0.5,17,Neds
Everton v Manchester United,Everton,Manchester United,Player Goals,Matheus Cunha,Manchester United,Everton,0.5,3,Neds
Everton v Manchester United,Everton,Manchester United,Player Goals,Harry Maguire,Manchester United,Everton,0.5,8.5,Neds
Everton v Manchester United,Everton,Manchester United,Player Goals,Idrissa Gueye,Everton,Manchester United,0.5,7,Neds
Everton v Manchester United,Everton,Manchester United,Player Goals,Tyler Dibling,Everton,Manchester United,0.5,7.5,Neds
Everton v Manchester United,Everton,Manchester United,Player Goals,Tyler Dibling,Southampton,Everton,0.5,7.5,Neds
Everton v Manchester United,Everton,Manchester United,Player Goals,Bryan Mbeumo,Manchester United,Everton,0.5,2.45,Neds
Sunderland AFC v Fulham,Sunderland AFC,Fulham,Player Goals,Jonah Kusi-Asare,Fulham,Sunderland AFC,2.5,151,Neds
Sunderland AFC v Fulham,Sunderland AFC,Fulham,Player Goals,Brian Brobbey,NA,NA,2.5,67,Neds
Sunderland AFC v Fulham,Sunderland AFC,Fulham,Player Goals,Chemsdine Talbi,NA,NA,2.5,151,Neds
Sunderland AFC v Fulham,Sunderland AFC,Fulham,Player Goals,Ra<c3><ba>l Jim<c3><a9>nez,NA,NA,2.5,126,Neds
Sunderland AFC v Fulham,Sunderland AFC,Fulham,Player Goals,Kevin Macedo,NA,NA,2.5,201,Neds
Sunderland AFC v Fulham,Sunderland AFC,Fulham,Player Goals,Rodrigo Muniz,Fulham,Sunderland AFC,2.5,101,Neds
Sunderland AFC v Fulham,Sunderland AFC,Fulham,Player Goals,Romaine Mundle,NA,NA,2.5,201,Neds
Sunderland AFC v Fulham,Sunderland AFC,Fulham,Player Goals,Eliezer Mayenda,NA,NA,2.5,81,Neds
Sunderland AFC v Fulham,Sunderland AFC,Fulham,Player Goals,Wilson Isidor,NA,NA,2.5,81,Neds
Sunderland AFC v Fulham,Sunderland AFC,Fulham,Player Goals,Harry Wilson,Fulham,Sunderland AFC,2.5,101,Neds
Sunderland AFC v Fulham,Sunderland AFC,Fulham,Player Goals,Oscar Bobb,Manchester City,Sunderland AFC,2.5,201,Neds
Sunderland AFC v Fulham,Sunderland AFC,Fulham,Player Goals,Samuel Chukwueze,Fulham,Sunderland AFC,2.5,126,Neds
Sunderland AFC v Fulham,Sunderland AFC,Fulham,Player Goals,Nilson Angulo,NA,NA,2.5,201,Neds
Brentford v Brighton & Hove Albion,Brentford,Brighton & Hove Albion,Player Goals,Charalampos Kostoulas,Brighton & Hove Albion,Brentford,2.5,91,Neds
Brentford v Brighton & Hove Albion,Brentford,Brighton & Hove Albion,Player Goals,Luka Bentt,NA,NA,2.5,176,Neds
Brentford v Brighton & Hove Albion,Brentford,Brighton & Hove Albion,Player Goals,Romelle Donavan,NA,NA,2.5,151,Neds
Brentford v Brighton & Hove Albion,Brentford,Brighton & Hove Albion,Player Goals,Keane Lewis-Potter,Brentford,Brighton & Hove Albion,2.5,126,Neds
Brentford v Brighton & Hove Albion,Brentford,Brighton & Hove Albion,Player Goals,Danny Welbeck,Brighton & Hove Albion,Brentford,2.5,51,Neds
Brentford v Brighton & Hove Albion,Brentford,Brighton & Hove Albion,Player Goals,Dango Ouattara,Brentford,Brighton & Hove Albion,2.5,101,Neds
Brentford v Brighton & Hove Albion,Brentford,Brighton & Hove Albion,Player Goals,Kevin Schade,Brentford,Brighton & Hove Albion,2.5,101,Neds
Brentford v Brighton & Hove Albion,Brentford,Brighton & Hove Albion,Player Goals,Reiss Nelson,Brentford,Brighton & Hove Albion,2.5,151,Neds
Brentford v Brighton & Hove Albion,Brentford,Brighton & Hove Albion,Player Goals,Igor Thiago,Brentford,Brighton & Hove Albion,2.5,21,Neds
Brentford v Brighton & Hove Albion,Brentford,Brighton & Hove Albion,Player Goals,Matthew O'Riley,NA,NA,2.5,201,Neds
Brentford v Brighton & Hove Albion,Brentford,Brighton & Hove Albion,Player Goals,Kaye Furo,Brentford,Brighton & Hove Albion,2.5,71,Neds
Aston Villa v Leeds United,Aston Villa,Leeds United,Player Goals,Lukas Nmecha,NA,NA,0.5,2.45,Neds
Aston Villa v Leeds United,Aston Villa,Leeds United,Player Goals,Morgan Rogers,Aston Villa,Leeds United,0.5,2.75,Neds
Aston Villa v Leeds United,Aston Villa,Leeds United,Player Goals,Jaka Bijol,NA,NA,0.5,11,Neds
Aston Villa v Leeds United,Aston Villa,Leeds United,Player Goals,Brenden Aaronson,NA,NA,0.5,5,Neds
Aston Villa v Leeds United,Aston Villa,Leeds United,Player Goals,Lamare Bogarde,Aston Villa,Leeds United,0.5,17,Neds
Aston Villa v Leeds United,Aston Villa,Leeds United,Player Goals,Andres Garcia,NA,NA,0.5,11,Neds
Aston Villa v Leeds United,Aston Villa,Leeds United,Player Goals,Pau Torres,Aston Villa,Leeds United,0.5,17,Neds
Aston Villa v Leeds United,Aston Villa,Leeds United,Player Goals,Joe Rodon,NA,NA,0.5,9.5,Neds
Aston Villa v Leeds United,Aston Villa,Leeds United,Player Goals,George Hemmings,Aston Villa,Leeds United,0.5,8,Neds
Aston Villa v Leeds United,Aston Villa,Leeds United,Player Goals,Douglas Luiz,Nottingham Forest,Aston Villa,0.5,7,Neds
Aston Villa v Leeds United,Aston Villa,Leeds United,Player Goals,Ilia Gruev,NA,NA,0.5,13,Neds
Aston Villa v Leeds United,Aston Villa,Leeds United,Player Goals,Joel Piroe,NA,NA,0.5,5,Neds
Aston Villa v Leeds United,Aston Villa,Leeds United,Player Goals,Pascal Struijk,NA,NA,0.5,10,Neds
Aston Villa v Leeds United,Aston Villa,Leeds United,Player Goals,Dominic Calvert-Lewin,NA,NA,0.5,2.5,Neds
Aston Villa v Leeds United,Aston Villa,Leeds United,Player Goals,Sebastiaan Bornauw,NA,NA,0.5,12,Neds
Aston Villa v Leeds United,Aston Villa,Leeds United,Player Goals,Ian Maatsen,Aston Villa,Leeds United,0.5,11,Neds
Aston Villa v Leeds United,Aston Villa,Leeds United,Player Goals,Anton Stach,NA,NA,0.5,6.5,Neds
Aston Villa v Leeds United,Aston Villa,Leeds United,Player Goals,Sean Longstaff,NA,NA,0.5,9,Neds
Aston Villa v Leeds United,Aston Villa,Leeds United,Player Goals,Victor Lindelof,NA,NA,0.5,19,Neds
Aston Villa v Leeds United,Aston Villa,Leeds United,Player Goals,Jayden Bogle,NA,NA,0.5,7.5,Neds
Aston Villa v Leeds United,Aston Villa,Leeds United,Player Goals,James Justin,Leicester City,Aston Villa,0.5,9.5,Neds
Aston Villa v Leeds United,Aston Villa,Leeds United,Player Goals,Tammy Abraham,NA,NA,0.5,2.38,Neds
Aston Villa v Leeds United,Aston Villa,Leeds United,Player Goals,Noah Okafor,NA,NA,0.5,4.6,Neds
Aston Villa v Leeds United,Aston Villa,Leeds United,Player Goals,Ross Barkley,Aston Villa,Leeds United,0.5,5.25,Neds
Aston Villa v Leeds United,Aston Villa,Leeds United,Player Goals,No Goalscorer,NA,NA,0.5,11,Neds
Aston Villa v Leeds United,Aston Villa,Leeds United,Player Goals,Sam Byram,NA,NA,0.5,17,Neds
Aston Villa v Leeds United,Aston Villa,Leeds United,Player Goals,Alysson Edward,NA,NA,0.5,4,Neds
Aston Villa v Leeds United,Aston Villa,Leeds United,Player Goals,Ao Tanaka,NA,NA,0.5,5.75,Neds
Aston Villa v Leeds United,Aston Villa,Leeds United,Player Goals,Mohamed Kone,NA,NA,0.5,8.5,Neds
Aston Villa v Leeds United,Aston Villa,Leeds United,Player Goals,Harvey Elliott,Liverpool,Aston Villa,0.5,4.6,Neds
Aston Villa v Leeds United,Aston Villa,Leeds United,Player Goals,Harvey Elliott,Aston Villa,Leeds United,0.5,4.6,Neds
Aston Villa v Leeds United,Aston Villa,Leeds United,Player Goals,Ezri Konsa,Aston Villa,Leeds United,0.5,15,Neds
Aston Villa v Leeds United,Aston Villa,Leeds United,Player Goals,Leon Bailey,Aston Villa,Leeds United,0.5,4.2,Neds
Aston Villa v Leeds United,Aston Villa,Leeds United,Player Goals,Daniel James,NA,NA,0.5,5.75,Neds
Aston Villa v Leeds United,Aston Villa,Leeds United,Player Goals,Ollie Watkins,Aston Villa,Leeds United,0.5,2.5,Neds
Aston Villa v Leeds United,Aston Villa,Leeds United,Player Goals,Wilfried Gnonto,NA,NA,0.5,7,Neds
Aston Villa v Leeds United,Aston Villa,Leeds United,Player Goals,Lucas Digne,Aston Villa,Leeds United,0.5,13,Neds
Aston Villa v Leeds United,Aston Villa,Leeds United,Player Goals,Ethan Ampadu,NA,NA,0.5,12,Neds
Aston Villa v Leeds United,Aston Villa,Leeds United,Player Goals,Tyrone Mings,Aston Villa,Leeds United,0.5,13,Neds
Aston Villa v Leeds United,Aston Villa,Leeds United,Player Goals,Emiliano Buend<c3><ad>a,NA,NA,0.5,2.9,Neds
Aston Villa v Leeds United,Aston Villa,Leeds United,Player Goals,Jadon Sancho,Aston Villa,Leeds United,0.5,4.5,Neds
Aston Villa v Leeds United,Aston Villa,Leeds United,Player Goals,Matthew Cash,NA,NA,0.5,7,Neds
Aston Villa v Leeds United,Aston Villa,Leeds United,Player Goals,Facundo Buonanotte,Chelsea,Aston Villa,0.5,5.5,Neds
Aston Villa v Leeds United,Aston Villa,Leeds United,Player Goals,Amadou Onana,Aston Villa,Leeds United,0.5,5.25,Neds
West Ham United v Bournemouth,West Ham United,Bournemouth,Player Goals,Rayan Vitor,NA,NA,2.5,46,Neds
West Ham United v Bournemouth,West Ham United,Bournemouth,Player Goals,Evanilson,Bournemouth,West Ham United,2.5,71,Neds
West Ham United v Bournemouth,West Ham United,Bournemouth,Player Goals,Amine Adli,Bournemouth,West Ham United,2.5,151,Neds
West Ham United v Bournemouth,West Ham United,Bournemouth,Player Goals,Alex Toth,NA,NA,2.5,201,Neds
West Ham United v Bournemouth,West Ham United,Bournemouth,Player Goals,Crysencio Summerville,West Ham United,Bournemouth,2.5,126,Neds
West Ham United v Bournemouth,West Ham United,Bournemouth,Player Goals,Callum Wilson,West Ham United,Bournemouth,2.5,46,Neds
West Ham United v Bournemouth,West Ham United,Bournemouth,Player Goals,Valentin Castellanos,NA,NA,2.5,56,Neds
West Ham United v Bournemouth,West Ham United,Bournemouth,Player Goals,Pablo Felipe,NA,NA,2.5,67,Neds
West Ham United v Bournemouth,West Ham United,Bournemouth,Player Goals,Eli Junior Kroupi,NA,NA,2.5,46,Neds
West Ham United v Bournemouth,West Ham United,Bournemouth,Player Goals,Enes Unal,NA,NA,2.5,101,Neds
West Ham United v Bournemouth,West Ham United,Bournemouth,Player Goals,David Brooks,Bournemouth,West Ham United,2.5,201,Neds
West Ham United v Bournemouth,West Ham United,Bournemouth,Player Goals,Marcus Tavernier,Bournemouth,West Ham United,2.5,151,Neds
West Ham United v Bournemouth,West Ham United,Bournemouth,Player Goals,Tomas Soucek,NA,NA,2.5,126,Neds
West Ham United v Bournemouth,West Ham United,Bournemouth,Player Goals,Jarrod Bowen,West Ham United,Bournemouth,2.5,56,Neds
West Ham United v Bournemouth,West Ham United,Bournemouth,Player Goals,Remy Rees-Dottin,Bournemouth,West Ham United,2.5,126,Neds
Sunderland AFC v Fulham,Sunderland AFC,Fulham,Player Goals,Kevin Macedo,NA,NA,1.5,34,Neds
Sunderland AFC v Fulham,Sunderland AFC,Fulham,Player Goals,Alexander Iwobi,NA,NA,1.5,101,Neds
Sunderland AFC v Fulham,Sunderland AFC,Fulham,Player Goals,Dennis Cirkin,NA,NA,1.5,201,Neds
Sunderland AFC v Fulham,Sunderland AFC,Fulham,Player Goals,Jocelin Ta Bi,NA,NA,1.5,46,Neds
Sunderland AFC v Fulham,Sunderland AFC,Fulham,Player Goals,Eliezer Mayenda,NA,NA,1.5,15,Neds
Sunderland AFC v Fulham,Sunderland AFC,Fulham,Player Goals,Chemsdine Talbi,NA,NA,1.5,29,Neds
Sunderland AFC v Fulham,Sunderland AFC,Fulham,Player Goals,Noah Sadiki,NA,NA,1.5,201,Neds
Sunderland AFC v Fulham,Sunderland AFC,Fulham,Player Goals,Ra<c3><ba>l Jim<c3><a9>nez,NA,NA,1.5,26,Neds
Sunderland AFC v Fulham,Sunderland AFC,Fulham,Player Goals,Oscar Bobb,Manchester City,Sunderland AFC,1.5,41,Neds
Sunderland AFC v Fulham,Sunderland AFC,Fulham,Player Goals,Lutsharel Geertruida,NA,NA,1.5,91,Neds
Sunderland AFC v Fulham,Sunderland AFC,Fulham,Player Goals,Joshua King,NA,NA,1.5,46,Neds
Sunderland AFC v Fulham,Sunderland AFC,Fulham,Player Goals,Luke O'Nien,NA,NA,1.5,201,Neds
Sunderland AFC v Fulham,Sunderland AFC,Fulham,Player Goals,Harrison Reed,Fulham,Sunderland AFC,1.5,176,Neds
Sunderland AFC v Fulham,Sunderland AFC,Fulham,Player Goals,Samuel Chukwueze,Fulham,Sunderland AFC,1.5,23,Neds
Sunderland AFC v Fulham,Sunderland AFC,Fulham,Player Goals,Omar Alderete,NA,NA,1.5,151,Neds
Sunderland AFC v Fulham,Sunderland AFC,Fulham,Player Goals,Harry Wilson,Fulham,Sunderland AFC,1.5,19,Neds
Sunderland AFC v Fulham,Sunderland AFC,Fulham,Player Goals,Nilson Angulo,NA,NA,1.5,34,Neds
Sunderland AFC v Fulham,Sunderland AFC,Fulham,Player Goals,Tom Cairney,Fulham,Sunderland AFC,1.5,126,Neds
Sunderland AFC v Fulham,Sunderland AFC,Fulham,Player Goals,Chris Rigg,NA,NA,1.5,51,Neds
Sunderland AFC v Fulham,Sunderland AFC,Fulham,Player Goals,Brian Brobbey,NA,NA,1.5,13,Neds
Sunderland AFC v Fulham,Sunderland AFC,Fulham,Player Goals,Rodrigo Muniz,Fulham,Sunderland AFC,1.5,21,Neds
Sunderland AFC v Fulham,Sunderland AFC,Fulham,Player Goals,Jonah Kusi-Asare,Fulham,Sunderland AFC,1.5,26,Neds
Sunderland AFC v Fulham,Sunderland AFC,Fulham,Player Goals,Emile Smith Rowe,Fulham,Sunderland AFC,1.5,46,Neds
Sunderland AFC v Fulham,Sunderland AFC,Fulham,Player Goals,Romaine Mundle,NA,NA,1.5,34,Neds
Sunderland AFC v Fulham,Sunderland AFC,Fulham,Player Goals,Enzo Le Fee,NA,NA,1.5,46,Neds
Sunderland AFC v Fulham,Sunderland AFC,Fulham,Player Goals,Trai Hume,NA,NA,1.5,81,Neds
Sunderland AFC v Fulham,Sunderland AFC,Fulham,Player Goals,Daniel Ballard,NA,NA,1.5,61,Neds
Sunderland AFC v Fulham,Sunderland AFC,Fulham,Player Goals,Sa<c5><a1>a Luki<c4><87>,NA,NA,1.5,151,Neds
Sunderland AFC v Fulham,Sunderland AFC,Fulham,Player Goals,Ryan Sessegnon,Fulham,Sunderland AFC,1.5,126,Neds
Sunderland AFC v Fulham,Sunderland AFC,Fulham,Player Goals,Wilson Isidor,NA,NA,1.5,15,Neds
Sunderland AFC v Fulham,Sunderland AFC,Fulham,Player Goals,Jenson Jones,NA,NA,1.5,201,Neds
Sunderland AFC v Fulham,Sunderland AFC,Fulham,Player Goals,Mouhamadou Habib Diarra,NA,NA,1.5,56,Neds
Sunderland AFC v Fulham,Sunderland AFC,Fulham,Player Goals,Seth Ridgeon,Fulham,Sunderland AFC,1.5,56,Neds
Aston Villa v Leeds United,Aston Villa,Leeds United,Player Goals,Ollie Watkins,Aston Villa,Leeds United,2.5,56,Neds
Aston Villa v Leeds United,Aston Villa,Leeds United,Player Goals,Dominic Calvert-Lewin,NA,NA,2.5,51,Neds
Aston Villa v Leeds United,Aston Villa,Leeds United,Player Goals,Lukas Nmecha,NA,NA,2.5,51,Neds
Aston Villa v Leeds United,Aston Villa,Leeds United,Player Goals,Alysson Edward,NA,NA,2.5,151,Neds
Aston Villa v Leeds United,Aston Villa,Leeds United,Player Goals,Noah Okafor,NA,NA,2.5,201,Neds
Aston Villa v Leeds United,Aston Villa,Leeds United,Player Goals,Morgan Rogers,Aston Villa,Leeds United,2.5,67,Neds
Aston Villa v Leeds United,Aston Villa,Leeds United,Player Goals,Jadon Sancho,Aston Villa,Leeds United,2.5,201,Neds
Aston Villa v Leeds United,Aston Villa,Leeds United,Player Goals,Tammy Abraham,NA,NA,2.5,46,Neds
Aston Villa v Leeds United,Aston Villa,Leeds United,Player Goals,Harvey Elliott,Liverpool,Aston Villa,2.5,201,Neds
Aston Villa v Leeds United,Aston Villa,Leeds United,Player Goals,Harvey Elliott,Aston Villa,Leeds United,2.5,201,Neds
Aston Villa v Leeds United,Aston Villa,Leeds United,Player Goals,Leon Bailey,Aston Villa,Leeds United,2.5,176,Neds
Aston Villa v Leeds United,Aston Villa,Leeds United,Player Goals,Emiliano Buend<c3><ad>a,NA,NA,2.5,81,Neds
Brentford v Brighton & Hove Albion,Brentford,Brighton & Hove Albion,Player Goals,Keane Lewis-Potter,Brentford,Brighton & Hove Albion,1.5,23,Neds
Brentford v Brighton & Hove Albion,Brentford,Brighton & Hove Albion,Player Goals,Kaoru Mitoma,Brighton & Hove Albion,Brentford,1.5,51,Neds
Brentford v Brighton & Hove Albion,Brentford,Brighton & Hove Albion,Player Goals,Jan Paul van Hecke,Brighton & Hove Albion,Brentford,1.5,61,Neds
Brentford v Brighton & Hove Albion,Brentford,Brighton & Hove Albion,Player Goals,Luka Bentt,NA,NA,1.5,29,Neds
Brentford v Brighton & Hove Albion,Brentford,Brighton & Hove Albion,Player Goals,Danny Welbeck,Brighton & Hove Albion,Brentford,1.5,11,Neds
Brentford v Brighton & Hove Albion,Brentford,Brighton & Hove Albion,Player Goals,Jack Hinshelwood,Brighton & Hove Albion,Brentford,1.5,56,Neds
Brentford v Brighton & Hove Albion,Brentford,Brighton & Hove Albion,Player Goals,Diego Gomez,NA,NA,1.5,46,Neds
Brentford v Brighton & Hove Albion,Brentford,Brighton & Hove Albion,Player Goals,Mikkel Damsgaard,Brentford,Brighton & Hove Albion,1.5,67,Neds
Brentford v Brighton & Hove Albion,Brentford,Brighton & Hove Albion,Player Goals,Romelle Donavan,NA,NA,1.5,26,Neds
Brentford v Brighton & Hove Albion,Brentford,Brighton & Hove Albion,Player Goals,Charalampos Kostoulas,Brighton & Hove Albion,Brentford,1.5,17,Neds
Brentford v Brighton & Hove Albion,Brentford,Brighton & Hove Albion,Player Goals,Matthew O'Riley,NA,NA,1.5,34,Neds
Brentford v Brighton & Hove Albion,Brentford,Brighton & Hove Albion,Player Goals,Harry Howell,Brighton & Hove Albion,Brentford,1.5,46,Neds
Brentford v Brighton & Hove Albion,Brentford,Brighton & Hove Albion,Player Goals,Kevin Schade,Brentford,Brighton & Hove Albion,1.5,21,Neds
Brentford v Brighton & Hove Albion,Brentford,Brighton & Hove Albion,Player Goals,Yankuba Minteh,Brighton & Hove Albion,Brentford,1.5,51,Neds
Brentford v Brighton & Hove Albion,Brentford,Brighton & Hove Albion,Player Goals,Kristoffer Ajer,Brentford,Brighton & Hove Albion,1.5,201,Neds
Brentford v Brighton & Hove Albion,Brentford,Brighton & Hove Albion,Player Goals,Lewis Dunk,Brighton & Hove Albion,Brentford,1.5,201,Neds
Brentford v Brighton & Hove Albion,Brentford,Brighton & Hove Albion,Player Goals,Georginio Rutter,Brighton & Hove Albion,Brentford,1.5,41,Neds
Brentford v Brighton & Hove Albion,Brentford,Brighton & Hove Albion,Player Goals,Igor Thiago,Brentford,Brighton & Hove Albion,1.5,5.75,Neds
Brentford v Brighton & Hove Albion,Brentford,Brighton & Hove Albion,Player Goals,Aaron Hickey,Brentford,Brighton & Hove Albion,1.5,176,Neds
Brentford v Brighton & Hove Albion,Brentford,Brighton & Hove Albion,Player Goals,Ethan Pinnock,Brentford,Brighton & Hove Albion,1.5,201,Neds
Brentford v Brighton & Hove Albion,Brentford,Brighton & Hove Albion,Player Goals,Dango Ouattara,Brentford,Brighton & Hove Albion,1.5,19,Neds
Brentford v Brighton & Hove Albion,Brentford,Brighton & Hove Albion,Player Goals,Yasin Ayari,Brighton & Hove Albion,Brentford,1.5,46,Neds
Brentford v Brighton & Hove Albion,Brentford,Brighton & Hove Albion,Player Goals,Yegor Yarmolyuk,Brentford,Brighton & Hove Albion,1.5,126,Neds
Brentford v Brighton & Hove Albion,Brentford,Brighton & Hove Albion,Player Goals,Maxim De Cuyper,Brighton & Hove Albion,Brentford,1.5,61,Neds
Brentford v Brighton & Hove Albion,Brentford,Brighton & Hove Albion,Player Goals,Pascal Gross,NA,NA,1.5,81,Neds
Brentford v Brighton & Hove Albion,Brentford,Brighton & Hove Albion,Player Goals,Sepp Van den Berg,NA,NA,1.5,201,Neds
Brentford v Brighton & Hove Albion,Brentford,Brighton & Hove Albion,Player Goals,Ferdi Kadioglu,NA,NA,1.5,126,Neds
Brentford v Brighton & Hove Albion,Brentford,Brighton & Hove Albion,Player Goals,Reiss Nelson,Brentford,Brighton & Hove Albion,1.5,26,Neds
Brentford v Brighton & Hove Albion,Brentford,Brighton & Hove Albion,Player Goals,Nathan Collins,Brentford,Brighton & Hove Albion,1.5,176,Neds
Brentford v Brighton & Hove Albion,Brentford,Brighton & Hove Albion,Player Goals,Jordan Henderson,Brentford,Brighton & Hove Albion,1.5,151,Neds
Brentford v Brighton & Hove Albion,Brentford,Brighton & Hove Albion,Player Goals,Mats Wieffer,Brighton & Hove Albion,Brentford,1.5,201,Neds
Brentford v Brighton & Hove Albion,Brentford,Brighton & Hove Albion,Player Goals,Nehemiah Oriola,Brighton & Hove Albion,Brentford,1.5,46,Neds
Brentford v Brighton & Hove Albion,Brentford,Brighton & Hove Albion,Player Goals,Mathias Jensen,Brentford,Brighton & Hove Albion,1.5,81,Neds
Brentford v Brighton & Hove Albion,Brentford,Brighton & Hove Albion,Player Goals,Rico Henry,Brentford,Brighton & Hove Albion,1.5,201,Neds
Brentford v Brighton & Hove Albion,Brentford,Brighton & Hove Albion,Player Goals,Vitaly Janelt,Brentford,Brighton & Hove Albion,1.5,126,Neds
Brentford v Brighton & Hove Albion,Brentford,Brighton & Hove Albion,Player Goals,Kaye Furo,Brentford,Brighton & Hove Albion,1.5,15,Neds
Brentford v Brighton & Hove Albion,Brentford,Brighton & Hove Albion,Player Goals,James Milner,Brighton & Hove Albion,Brentford,1.5,101,Neds
Brentford v Brighton & Hove Albion,Brentford,Brighton & Hove Albion,Player Goals,Carlos Baleba Noom,NA,NA,1.5,126,Neds
Everton v Manchester United,Everton,Manchester United,Player Goals,Bruno Fernandes,Manchester United,Everton,2.5,101,Neds
Everton v Manchester United,Everton,Manchester United,Player Goals,Beto Betuncal,NA,NA,2.5,126,Neds
Everton v Manchester United,Everton,Manchester United,Player Goals,Matheus Cunha,Manchester United,Everton,2.5,81,Neds
Everton v Manchester United,Everton,Manchester United,Player Goals,Thierno Barry,Everton,Manchester United,2.5,101,Neds
Everton v Manchester United,Everton,Manchester United,Player Goals,Joshua Zirkzee,Manchester United,Everton,2.5,91,Neds
Everton v Manchester United,Everton,Manchester United,Player Goals,Kiernan Dewsbury Hall,NA,NA,2.5,151,Neds
Everton v Manchester United,Everton,Manchester United,Player Goals,Shea Lacey,Manchester United,Everton,2.5,151,Neds
Everton v Manchester United,Everton,Manchester United,Player Goals,Amad Diallo,Manchester United,Everton,2.5,126,Neds
Everton v Manchester United,Everton,Manchester United,Player Goals,Mason Mount,Manchester United,Everton,2.5,126,Neds
Everton v Manchester United,Everton,Manchester United,Player Goals,Iliman Ndiaye,Everton,Manchester United,2.5,151,Neds
Everton v Manchester United,Everton,Manchester United,Player Goals,Benjamin Sesko,Manchester United,Everton,2.5,67,Neds
Everton v Manchester United,Everton,Manchester United,Player Goals,Casemiro,Manchester United,Everton,2.5,201,Neds
Everton v Manchester United,Everton,Manchester United,Player Goals,Bryan Mbeumo,Manchester United,Everton,2.5,51,Neds
Chelsea v Burnley,Chelsea,Burnley,Player Goals,Liam Delap,Chelsea,Burnley,2.5,34,Neds
Chelsea v Burnley,Chelsea,Burnley,Player Goals,Enzo Fern<c3><a1>ndez,NA,NA,2.5,51,Neds
Chelsea v Burnley,Chelsea,Burnley,Player Goals,Jo<c3><a3>o Pedro,NA,NA,2.5,29,Neds
Chelsea v Burnley,Chelsea,Burnley,Player Goals,Armando Broja,NA,NA,2.5,201,Neds
Chelsea v Burnley,Chelsea,Burnley,Player Goals,Alejandro Garnacho,Chelsea,Burnley,2.5,91,Neds
Chelsea v Burnley,Chelsea,Burnley,Player Goals,Estevao Willian,NA,NA,2.5,176,Neds
Chelsea v Burnley,Chelsea,Burnley,Player Goals,Jaidon Anthony,NA,NA,2.5,201,Neds
Chelsea v Burnley,Chelsea,Burnley,Player Goals,Marc Guiu,Chelsea,Burnley,2.5,41,Neds
Chelsea v Burnley,Chelsea,Burnley,Player Goals,Pedro Neto,Chelsea,Burnley,2.5,101,Neds
Chelsea v Burnley,Chelsea,Burnley,Player Goals,Cole Palmer,Chelsea,Burnley,2.5,17,Neds
Chelsea v Burnley,Chelsea,Burnley,Player Goals,Zian Flemming,NA,NA,2.5,151,Neds
Chelsea v Burnley,Chelsea,Burnley,Player Goals,Josh Acheampong,Chelsea,Burnley,0.5,10,Neds
Chelsea v Burnley,Chelsea,Burnley,Player Goals,Mois<c3><a9>s Caicedo,NA,NA,0.5,5,Neds
Chelsea v Burnley,Chelsea,Burnley,Player Goals,Kyle Walker,NA,NA,0.5,29,Neds
Chelsea v Burnley,Chelsea,Burnley,Player Goals,Marc Cucurella,Chelsea,Burnley,0.5,11,Neds
Chelsea v Burnley,Chelsea,Burnley,Player Goals,Jo<c3><a3>o Pedro,NA,NA,0.5,2.05,Neds
Chelsea v Burnley,Chelsea,Burnley,Player Goals,Marcus Edwards,NA,NA,0.5,8,Neds
Chelsea v Burnley,Chelsea,Burnley,Player Goals,Jacob Bruun Larsen,NA,NA,0.5,8.5,Neds
Chelsea v Burnley,Chelsea,Burnley,Player Goals,Trevoh Chalobah,Chelsea,Burnley,0.5,6,Neds
Chelsea v Burnley,Chelsea,Burnley,Player Goals,Enock Agyei,NA,NA,0.5,8,Neds
Chelsea v Burnley,Chelsea,Burnley,Player Goals,Bashir Humphreys,NA,NA,0.5,23,Neds
Chelsea v Burnley,Chelsea,Burnley,Player Goals,Jorrel Hato,Chelsea,Burnley,0.5,9.5,Neds
Chelsea v Burnley,Chelsea,Burnley,Player Goals,Tosin Adarabioyo,Chelsea,Burnley,0.5,12,Neds
Chelsea v Burnley,Chelsea,Burnley,Player Goals,James Ward Prowse,NA,NA,0.5,11,Neds
Chelsea v Burnley,Chelsea,Burnley,Player Goals,Reece James,Chelsea,Burnley,0.5,6.5,Neds
Chelsea v Burnley,Chelsea,Burnley,Player Goals,Armando Broja,NA,NA,0.5,4.6,Neds
Chelsea v Burnley,Chelsea,Burnley,Player Goals,Josh Laurent,NA,NA,0.5,15,Neds
Chelsea v Burnley,Chelsea,Burnley,Player Goals,Marc Guiu,Chelsea,Burnley,0.5,2.25,Neds
Chelsea v Burnley,Chelsea,Burnley,Player Goals,Joe Worrall,NA,NA,0.5,29,Neds
Chelsea v Burnley,Chelsea,Burnley,Player Goals,Estevao Willian,NA,NA,0.5,4,Neds
Chelsea v Burnley,Chelsea,Burnley,Player Goals,Florentino Luis,NA,NA,0.5,19,Neds
Chelsea v Burnley,Chelsea,Burnley,Player Goals,Andrey Santos,Chelsea,Burnley,0.5,5,Neds
Chelsea v Burnley,Chelsea,Burnley,Player Goals,Alejandro Garnacho,Chelsea,Burnley,0.5,3.1,Neds
Chelsea v Burnley,Chelsea,Burnley,Player Goals,Quilindschy Hartman,NA,NA,0.5,23,Neds
Chelsea v Burnley,Chelsea,Burnley,Player Goals,Ashley Barnes,NA,NA,0.5,5,Neds
Chelsea v Burnley,Chelsea,Burnley,Player Goals,Hannibal Mejbri,NA,NA,0.5,13,Neds
Chelsea v Burnley,Chelsea,Burnley,Player Goals,No Goalscorer,NA,NA,0.5,15,Neds
Chelsea v Burnley,Chelsea,Burnley,Player Goals,Maxime Esteve,NA,NA,0.5,26,Neds
Chelsea v Burnley,Chelsea,Burnley,Player Goals,Rom<c3><a9>o Lavia,NA,NA,0.5,6.5,Neds
Chelsea v Burnley,Chelsea,Burnley,Player Goals,Loum Tchaouna,NA,NA,0.5,8.5,Neds
Chelsea v Burnley,Chelsea,Burnley,Player Goals,Hjalmar Ekdal,NA,NA,0.5,26,Neds
Chelsea v Burnley,Chelsea,Burnley,Player Goals,Cole Palmer,Chelsea,Burnley,0.5,1.7,Neds
Chelsea v Burnley,Chelsea,Burnley,Player Goals,Malo Gusto,Chelsea,Burnley,0.5,6.5,Neds
Chelsea v Burnley,Chelsea,Burnley,Player Goals,Zian Flemming,NA,NA,0.5,4,Neds
Chelsea v Burnley,Chelsea,Burnley,Player Goals,Enzo Fern<c3><a1>ndez,NA,NA,0.5,2.45,Neds
Chelsea v Burnley,Chelsea,Burnley,Player Goals,Lucas Pires,NA,NA,0.5,19,Neds
Chelsea v Burnley,Chelsea,Burnley,Player Goals,Liam Delap,Chelsea,Burnley,0.5,2.15,Neds
Chelsea v Burnley,Chelsea,Burnley,Player Goals,Wesley Fofana,Chelsea,Burnley,0.5,13,Neds
Chelsea v Burnley,Chelsea,Burnley,Player Goals,Pedro Neto,Chelsea,Burnley,0.5,3.3,Neds
Chelsea v Burnley,Chelsea,Burnley,Player Goals,Mamadou Sarr,NA,NA,0.5,10,Neds
Chelsea v Burnley,Chelsea,Burnley,Player Goals,Jaidon Anthony,NA,NA,0.5,4.8,Neds
Chelsea v Burnley,Chelsea,Burnley,Player Goals,Lyle Foster,NA,NA,0.5,5.75,Neds
Chelsea v Burnley,Chelsea,Burnley,Player Goals,Beno<c3><ae>t Badiashile,NA,NA,0.5,13,Neds
Chelsea v Burnley,Chelsea,Burnley,Player Goals,Lesley Ugochukwu,NA,NA,0.5,8,Neds
