match,home_team,away_team,market_name,player_name,player_team,line,over_price,agency,opposition_team,EventKey,MarketKey,OutcomeKey
Bournemouth v Sunderland,Bournemouth,Sunderland,Player Shots on Target,Adam Smith,Bournemouth,0.5,7.5,Pointsbet,Sunderland,2610843,104203695,1
Bournemouth v Sunderland,Bournemouth,Sunderland,Player Shots on Target,Adam Smith,Bournemouth,1.5,81,Pointsbet,Sunderland,2610843,104203695,2
Bournemouth v Sunderland,Bournemouth,Sunderland,Player Shots on Target,Ünal,NA,0.5,1.29,Pointsbet,NA,2610843,104203695,7
Bournemouth v Sunderland,Bournemouth,Sunderland,Player Shots on Target,Ünal,NA,1.5,2.4,Pointsbet,NA,2610843,104203695,8
Bournemouth v Sunderland,Bournemouth,Sunderland,Player Shots on Target,Ünal,NA,2.5,5.75,Pointsbet,NA,2610843,104203695,9
Bournemouth v Sunderland,Bournemouth,Sunderland,Player Shots on Target,Ünal,NA,3.5,15,Pointsbet,NA,2610843,104203695,10
Bournemouth v Sunderland,Bournemouth,Sunderland,Player Shots on Target,Ünal,NA,4.5,41,Pointsbet,NA,2610843,104203695,11
Bournemouth v Sunderland,Bournemouth,Sunderland,Player Shots on Target,Ryan Christie,Bournemouth,0.5,1.9,Pointsbet,Sunderland,2610843,104203695,13
Bournemouth v Sunderland,Bournemouth,Sunderland,Player Shots on Target,Ryan Christie,Bournemouth,1.5,6,Pointsbet,Sunderland,2610843,104203695,14
Bournemouth v Sunderland,Bournemouth,Sunderland,Player Shots on Target,Ryan Christie,Bournemouth,2.5,21,Pointsbet,Sunderland,2610843,104203695,15
Bournemouth v Sunderland,Bournemouth,Sunderland,Player Shots on Target,Marcos Senesi,Bournemouth,0.5,5.25,Pointsbet,Sunderland,2610843,104203695,31
Bournemouth v Sunderland,Bournemouth,Sunderland,Player Shots on Target,Marcos Senesi,Bournemouth,1.5,41,Pointsbet,Sunderland,2610843,104203695,32
Bournemouth v Sunderland,Bournemouth,Sunderland,Player Shots on Target,Tyler Adams,Bournemouth,0.5,3.9,Pointsbet,Sunderland,2610843,104203695,37
Bournemouth v Sunderland,Bournemouth,Sunderland,Player Shots on Target,Tyler Adams,Bournemouth,1.5,26,Pointsbet,Sunderland,2610843,104203695,38
Bournemouth v Sunderland,Bournemouth,Sunderland,Player Shots on Target,Marcus Tavernier,Bournemouth,0.5,1.56,Pointsbet,Sunderland,2610843,104203695,43
Bournemouth v Sunderland,Bournemouth,Sunderland,Player Shots on Target,Marcus Tavernier,Bournemouth,1.5,3.6,Pointsbet,Sunderland,2610843,104203695,44
Bournemouth v Sunderland,Bournemouth,Sunderland,Player Shots on Target,Marcus Tavernier,Bournemouth,2.5,10.5,Pointsbet,Sunderland,2610843,104203695,45
Bournemouth v Sunderland,Bournemouth,Sunderland,Player Shots on Target,Marcus Tavernier,Bournemouth,3.5,36,Pointsbet,Sunderland,2610843,104203695,46
Bournemouth v Sunderland,Bournemouth,Sunderland,Player Shots on Target,Evanilson,Bournemouth,0.5,1.22,Pointsbet,Sunderland,2610843,104203695,49
Bournemouth v Sunderland,Bournemouth,Sunderland,Player Shots on Target,Evanilson,Bournemouth,1.5,2.05,Pointsbet,Sunderland,2610843,104203695,50
Bournemouth v Sunderland,Bournemouth,Sunderland,Player Shots on Target,Evanilson,Bournemouth,2.5,4.5,Pointsbet,Sunderland,2610843,104203695,51
Bournemouth v Sunderland,Bournemouth,Sunderland,Player Shots on Target,Evanilson,Bournemouth,3.5,12,Pointsbet,Sunderland,2610843,104203695,52
Bournemouth v Sunderland,Bournemouth,Sunderland,Player Shots on Target,Evanilson,Bournemouth,4.5,36,Pointsbet,Sunderland,2610843,104203695,53
Bournemouth v Sunderland,Bournemouth,Sunderland,Player Shots on Target,James Hill,Bournemouth,0.5,4,Pointsbet,Sunderland,2610843,104203695,55
Bournemouth v Sunderland,Bournemouth,Sunderland,Player Shots on Target,James Hill,Bournemouth,1.5,26,Pointsbet,Sunderland,2610843,104203695,56
Bournemouth v Sunderland,Bournemouth,Sunderland,Player Shots on Target,B. Diakité,NA,0.5,4.4,Pointsbet,NA,2610843,104203695,67
Bournemouth v Sunderland,Bournemouth,Sunderland,Player Shots on Target,B. Diakité,NA,1.5,29,Pointsbet,NA,2610843,104203695,68
Bournemouth v Sunderland,Bournemouth,Sunderland,Player Shots on Target,A. Adli,NA,0.5,1.63,Pointsbet,NA,2610843,104203695,73
Bournemouth v Sunderland,Bournemouth,Sunderland,Player Shots on Target,A. Adli,NA,1.5,3.9,Pointsbet,NA,2610843,104203695,74
Bournemouth v Sunderland,Bournemouth,Sunderland,Player Shots on Target,A. Adli,NA,2.5,12,Pointsbet,NA,2610843,104203695,75
Bournemouth v Sunderland,Bournemouth,Sunderland,Player Shots on Target,A. Adli,NA,3.5,41,Pointsbet,NA,2610843,104203695,76
Bournemouth v Sunderland,Bournemouth,Sunderland,Player Shots on Target,A. Truffert,NA,0.5,4.2,Pointsbet,NA,2610843,104203695,79
Bournemouth v Sunderland,Bournemouth,Sunderland,Player Shots on Target,A. Truffert,NA,1.5,29,Pointsbet,NA,2610843,104203695,80
Bournemouth v Sunderland,Bournemouth,Sunderland,Player Shots on Target,Alex Scott,Bournemouth,0.5,2.1,Pointsbet,Sunderland,2610843,104203695,85
Bournemouth v Sunderland,Bournemouth,Sunderland,Player Shots on Target,Alex Scott,Bournemouth,1.5,7,Pointsbet,Sunderland,2610843,104203695,86
Bournemouth v Sunderland,Bournemouth,Sunderland,Player Shots on Target,Alex Scott,Bournemouth,2.5,29,Pointsbet,Sunderland,2610843,104203695,87
Bournemouth v Sunderland,Bournemouth,Sunderland,Player Shots on Target,Alejandro Jiménez,NA,0.5,3,Pointsbet,NA,2610843,104203695,91
Bournemouth v Sunderland,Bournemouth,Sunderland,Player Shots on Target,Alejandro Jiménez,NA,1.5,15,Pointsbet,NA,2610843,104203695,92
Bournemouth v Sunderland,Bournemouth,Sunderland,Player Shots on Target,Alejandro Jiménez,NA,2.5,91,Pointsbet,NA,2610843,104203695,93
Bournemouth v Sunderland,Bournemouth,Sunderland,Player Shots on Target,M. Akinmboni,NA,0.5,4.5,Pointsbet,NA,2610843,104203695,97
Bournemouth v Sunderland,Bournemouth,Sunderland,Player Shots on Target,M. Akinmboni,NA,1.5,31,Pointsbet,NA,2610843,104203695,98
Bournemouth v Sunderland,Bournemouth,Sunderland,Player Shots on Target,V. Milosavljevic,NA,0.5,3.7,Pointsbet,NA,2610843,104203695,103
Bournemouth v Sunderland,Bournemouth,Sunderland,Player Shots on Target,V. Milosavljevic,NA,1.5,21,Pointsbet,NA,2610843,104203695,104
Bournemouth v Sunderland,Bournemouth,Sunderland,Player Shots on Target,A. Tóth,NA,0.5,1.83,Pointsbet,NA,2610843,104203695,109
Bournemouth v Sunderland,Bournemouth,Sunderland,Player Shots on Target,A. Tóth,NA,1.5,5.25,Pointsbet,NA,2610843,104203695,110
Bournemouth v Sunderland,Bournemouth,Sunderland,Player Shots on Target,A. Tóth,NA,2.5,20,Pointsbet,NA,2610843,104203695,111
Bournemouth v Sunderland,Bournemouth,Sunderland,Player Shots on Target,A. Tóth,NA,3.5,71,Pointsbet,NA,2610843,104203695,112
Bournemouth v Sunderland,Bournemouth,Sunderland,Player Shots on Target,E. Kroupi,NA,0.5,1.22,Pointsbet,NA,2610843,104203695,115
Bournemouth v Sunderland,Bournemouth,Sunderland,Player Shots on Target,E. Kroupi,NA,1.5,2.05,Pointsbet,NA,2610843,104203695,116
Bournemouth v Sunderland,Bournemouth,Sunderland,Player Shots on Target,E. Kroupi,NA,2.5,4.4,Pointsbet,NA,2610843,104203695,117
Bournemouth v Sunderland,Bournemouth,Sunderland,Player Shots on Target,E. Kroupi,NA,3.5,11,Pointsbet,NA,2610843,104203695,118
Bournemouth v Sunderland,Bournemouth,Sunderland,Player Shots on Target,E. Kroupi,NA,4.5,31,Pointsbet,NA,2610843,104203695,119
Bournemouth v Sunderland,Bournemouth,Sunderland,Player Shots on Target,Xhaka,NA,0.5,3.9,Pointsbet,NA,2610843,104203695,121
Bournemouth v Sunderland,Bournemouth,Sunderland,Player Shots on Target,Xhaka,NA,1.5,23,Pointsbet,NA,2610843,104203695,122
Bournemouth v Sunderland,Bournemouth,Sunderland,Player Shots on Target,Luke O'nien,NA,0.5,6,Pointsbet,NA,2610843,104203695,127
Bournemouth v Sunderland,Bournemouth,Sunderland,Player Shots on Target,Luke O'nien,NA,1.5,61,Pointsbet,NA,2610843,104203695,128
Bournemouth v Sunderland,Bournemouth,Sunderland,Player Shots on Target,O. Alderete,NA,0.5,3.25,Pointsbet,NA,2610843,104203695,133
Bournemouth v Sunderland,Bournemouth,Sunderland,Player Shots on Target,O. Alderete,NA,1.5,16,Pointsbet,NA,2610843,104203695,134
Bournemouth v Sunderland,Bournemouth,Sunderland,Player Shots on Target,Lutsharel Geertruida,NA,0.5,4.75,Pointsbet,NA,2610843,104203695,139
Bournemouth v Sunderland,Bournemouth,Sunderland,Player Shots on Target,Lutsharel Geertruida,NA,1.5,31,Pointsbet,NA,2610843,104203695,140
Bournemouth v Sunderland,Bournemouth,Sunderland,Player Shots on Target,W. Isidor,NA,0.5,1.4,Pointsbet,NA,2610843,104203695,151
Bournemouth v Sunderland,Bournemouth,Sunderland,Player Shots on Target,W. Isidor,NA,1.5,3,Pointsbet,NA,2610843,104203695,152
Bournemouth v Sunderland,Bournemouth,Sunderland,Player Shots on Target,W. Isidor,NA,2.5,8,Pointsbet,NA,2610843,104203695,153
Bournemouth v Sunderland,Bournemouth,Sunderland,Player Shots on Target,W. Isidor,NA,3.5,26,Pointsbet,NA,2610843,104203695,154
Bournemouth v Sunderland,Bournemouth,Sunderland,Player Shots on Target,W. Isidor,NA,4.5,91,Pointsbet,NA,2610843,104203695,155
Bournemouth v Sunderland,Bournemouth,Sunderland,Player Shots on Target,D. Ballard,NA,0.5,2.4,Pointsbet,NA,2610843,104203695,157
Bournemouth v Sunderland,Bournemouth,Sunderland,Player Shots on Target,D. Ballard,NA,1.5,9.5,Pointsbet,NA,2610843,104203695,158
Bournemouth v Sunderland,Bournemouth,Sunderland,Player Shots on Target,D. Ballard,NA,2.5,41,Pointsbet,NA,2610843,104203695,159
Bournemouth v Sunderland,Bournemouth,Sunderland,Player Shots on Target,Enzo Le Fã©E,NA,0.5,2.35,Pointsbet,NA,2610843,104203695,163
Bournemouth v Sunderland,Bournemouth,Sunderland,Player Shots on Target,Enzo Le Fã©E,NA,1.5,9.5,Pointsbet,NA,2610843,104203695,164
Bournemouth v Sunderland,Bournemouth,Sunderland,Player Shots on Target,Enzo Le Fã©E,NA,2.5,41,Pointsbet,NA,2610843,104203695,165
Bournemouth v Sunderland,Bournemouth,Sunderland,Player Shots on Target,T. Hume,NA,0.5,4,Pointsbet,NA,2610843,104203695,169
Bournemouth v Sunderland,Bournemouth,Sunderland,Player Shots on Target,T. Hume,NA,1.5,23,Pointsbet,NA,2610843,104203695,170
Bournemouth v Sunderland,Bournemouth,Sunderland,Player Shots on Target,N. Angulo,NA,0.5,2,Pointsbet,NA,2610843,104203695,181
Bournemouth v Sunderland,Bournemouth,Sunderland,Player Shots on Target,N. Angulo,NA,1.5,6,Pointsbet,NA,2610843,104203695,182
Bournemouth v Sunderland,Bournemouth,Sunderland,Player Shots on Target,N. Angulo,NA,2.5,23,Pointsbet,NA,2610843,104203695,183
Bournemouth v Sunderland,Bournemouth,Sunderland,Player Shots on Target,H. Diarra,NA,0.5,2.4,Pointsbet,NA,2610843,104203695,187
Bournemouth v Sunderland,Bournemouth,Sunderland,Player Shots on Target,H. Diarra,NA,1.5,9.5,Pointsbet,NA,2610843,104203695,188
Bournemouth v Sunderland,Bournemouth,Sunderland,Player Shots on Target,H. Diarra,NA,2.5,36,Pointsbet,NA,2610843,104203695,189
Bournemouth v Sunderland,Bournemouth,Sunderland,Player Shots on Target,C. Talbi,NA,0.5,1.95,Pointsbet,NA,2610843,104203695,193
Bournemouth v Sunderland,Bournemouth,Sunderland,Player Shots on Target,C. Talbi,NA,1.5,6.5,Pointsbet,NA,2610843,104203695,194
Bournemouth v Sunderland,Bournemouth,Sunderland,Player Shots on Target,C. Talbi,NA,2.5,26,Pointsbet,NA,2610843,104203695,195
Bournemouth v Sunderland,Bournemouth,Sunderland,Player Shots on Target,N. Sadiki,NA,0.5,4.4,Pointsbet,NA,2610843,104203695,199
Bournemouth v Sunderland,Bournemouth,Sunderland,Player Shots on Target,N. Sadiki,NA,1.5,26,Pointsbet,NA,2610843,104203695,200
Bournemouth v Sunderland,Bournemouth,Sunderland,Player Shots on Target,Eliezer Mayenda,NA,0.5,1.59,Pointsbet,NA,2610843,104203695,205
Bournemouth v Sunderland,Bournemouth,Sunderland,Player Shots on Target,Eliezer Mayenda,NA,1.5,3.9,Pointsbet,NA,2610843,104203695,206
Bournemouth v Sunderland,Bournemouth,Sunderland,Player Shots on Target,Eliezer Mayenda,NA,2.5,12,Pointsbet,NA,2610843,104203695,207
Bournemouth v Sunderland,Bournemouth,Sunderland,Player Shots on Target,Eliezer Mayenda,NA,3.5,41,Pointsbet,NA,2610843,104203695,208
Bournemouth v Sunderland,Bournemouth,Sunderland,Player Shots on Target,Chris Rigg,NA,0.5,2.05,Pointsbet,NA,2610843,104203695,211
Bournemouth v Sunderland,Bournemouth,Sunderland,Player Shots on Target,Chris Rigg,NA,1.5,6,Pointsbet,NA,2610843,104203695,212
Bournemouth v Sunderland,Bournemouth,Sunderland,Player Shots on Target,Chris Rigg,NA,2.5,23,Pointsbet,NA,2610843,104203695,213
Bournemouth v Sunderland,Bournemouth,Sunderland,Player Shots on Target,B. Traoré,NA,0.5,1.67,Pointsbet,NA,2610843,104203695,229
Bournemouth v Sunderland,Bournemouth,Sunderland,Player Shots on Target,B. Traoré,NA,1.5,4.2,Pointsbet,NA,2610843,104203695,230
Bournemouth v Sunderland,Bournemouth,Sunderland,Player Shots on Target,B. Traoré,NA,2.5,13,Pointsbet,NA,2610843,104203695,231
Bournemouth v Sunderland,Bournemouth,Sunderland,Player Shots on Target,B. Traoré,NA,3.5,51,Pointsbet,NA,2610843,104203695,232
Burnley v Brentford,Burnley,Brentford,Player Shots on Target,James Ward-Prowse,West Ham United,0.5,2.75,Pointsbet,Burnley,2610874,104203198,7
Burnley v Brentford,Burnley,Brentford,Player Shots on Target,James Ward-Prowse,West Ham United,1.5,12,Pointsbet,Burnley,2610874,104203198,8
Burnley v Brentford,Burnley,Brentford,Player Shots on Target,James Ward-Prowse,West Ham United,2.5,51,Pointsbet,Burnley,2610874,104203198,9
Burnley v Brentford,Burnley,Brentford,Player Shots on Target,Barnes,NA,0.5,1.83,Pointsbet,NA,2610874,104203198,13
Burnley v Brentford,Burnley,Brentford,Player Shots on Target,Barnes,NA,1.5,5,Pointsbet,NA,2610874,104203198,14
Burnley v Brentford,Burnley,Brentford,Player Shots on Target,Barnes,NA,2.5,20,Pointsbet,NA,2610874,104203198,15
Burnley v Brentford,Burnley,Brentford,Player Shots on Target,Barnes,NA,3.5,91,Pointsbet,NA,2610874,104203198,16
Burnley v Brentford,Burnley,Brentford,Player Shots on Target,J. Laurent,NA,0.5,3.1,Pointsbet,NA,2610874,104203198,19
Burnley v Brentford,Burnley,Brentford,Player Shots on Target,J. Laurent,NA,1.5,16,Pointsbet,NA,2610874,104203198,20
Burnley v Brentford,Burnley,Brentford,Player Shots on Target,Bruun Larsen,NA,0.5,1.65,Pointsbet,NA,2610874,104203198,25
Burnley v Brentford,Burnley,Brentford,Player Shots on Target,Bruun Larsen,NA,1.5,4,Pointsbet,NA,2610874,104203198,26
Burnley v Brentford,Burnley,Brentford,Player Shots on Target,Bruun Larsen,NA,2.5,12,Pointsbet,NA,2610874,104203198,27
Burnley v Brentford,Burnley,Brentford,Player Shots on Target,Bruun Larsen,NA,3.5,51,Pointsbet,NA,2610874,104203198,28
Burnley v Brentford,Burnley,Brentford,Player Shots on Target,Joe Worrall,NA,0.5,5,Pointsbet,NA,2610874,104203198,31
Burnley v Brentford,Burnley,Brentford,Player Shots on Target,Joe Worrall,NA,1.5,36,Pointsbet,NA,2610874,104203198,32
Burnley v Brentford,Burnley,Brentford,Player Shots on Target,M. Edwards,NA,0.5,2,Pointsbet,NA,2610874,104203198,37
Burnley v Brentford,Burnley,Brentford,Player Shots on Target,M. Edwards,NA,1.5,6.5,Pointsbet,NA,2610874,104203198,38
Burnley v Brentford,Burnley,Brentford,Player Shots on Target,M. Edwards,NA,2.5,29,Pointsbet,NA,2610874,104203198,39
Burnley v Brentford,Burnley,Brentford,Player Shots on Target,Florentino Luís,NA,0.5,4.5,Pointsbet,NA,2610874,104203198,49
Burnley v Brentford,Burnley,Brentford,Player Shots on Target,Florentino Luís,NA,1.5,31,Pointsbet,NA,2610874,104203198,50
Burnley v Brentford,Burnley,Brentford,Player Shots on Target,H. Ekdal,NA,0.5,6.5,Pointsbet,NA,2610874,104203198,55
Burnley v Brentford,Burnley,Brentford,Player Shots on Target,H. Ekdal,NA,1.5,51,Pointsbet,NA,2610874,104203198,56
Burnley v Brentford,Burnley,Brentford,Player Shots on Target,Z. Flemming,NA,0.5,1.42,Pointsbet,NA,2610874,104203198,61
Burnley v Brentford,Burnley,Brentford,Player Shots on Target,Z. Flemming,NA,1.5,3.1,Pointsbet,NA,2610874,104203198,62
Burnley v Brentford,Burnley,Brentford,Player Shots on Target,Z. Flemming,NA,2.5,8.5,Pointsbet,NA,2610874,104203198,63
Burnley v Brentford,Burnley,Brentford,Player Shots on Target,Z. Flemming,NA,3.5,26,Pointsbet,NA,2610874,104203198,64
Burnley v Brentford,Burnley,Brentford,Player Shots on Target,Z. Flemming,NA,4.5,91,Pointsbet,NA,2610874,104203198,65
Burnley v Brentford,Burnley,Brentford,Player Shots on Target,Hannibal,NA,0.5,2.55,Pointsbet,NA,2610874,104203198,67
Burnley v Brentford,Burnley,Brentford,Player Shots on Target,Hannibal,NA,1.5,10,Pointsbet,NA,2610874,104203198,68
Burnley v Brentford,Burnley,Brentford,Player Shots on Target,Hannibal,NA,2.5,41,Pointsbet,NA,2610874,104203198,69
Burnley v Brentford,Burnley,Brentford,Player Shots on Target,M. Esteve,NA,0.5,4.75,Pointsbet,NA,2610874,104203198,73
Burnley v Brentford,Burnley,Brentford,Player Shots on Target,M. Esteve,NA,1.5,36,Pointsbet,NA,2610874,104203198,74
Burnley v Brentford,Burnley,Brentford,Player Shots on Target,L. Foster,NA,0.5,1.53,Pointsbet,NA,2610874,104203198,79
Burnley v Brentford,Burnley,Brentford,Player Shots on Target,L. Foster,NA,1.5,3.6,Pointsbet,NA,2610874,104203198,80
Burnley v Brentford,Burnley,Brentford,Player Shots on Target,L. Foster,NA,2.5,10.5,Pointsbet,NA,2610874,104203198,81
Burnley v Brentford,Burnley,Brentford,Player Shots on Target,L. Foster,NA,3.5,36,Pointsbet,NA,2610874,104203198,82
Burnley v Brentford,Burnley,Brentford,Player Shots on Target,B. Humphreys,NA,0.5,4.5,Pointsbet,NA,2610874,104203198,85
Burnley v Brentford,Burnley,Brentford,Player Shots on Target,B. Humphreys,NA,1.5,36,Pointsbet,NA,2610874,104203198,86
Burnley v Brentford,Burnley,Brentford,Player Shots on Target,L. Tchaouna,NA,0.5,1.8,Pointsbet,NA,2610874,104203198,91
Burnley v Brentford,Burnley,Brentford,Player Shots on Target,L. Tchaouna,NA,1.5,5,Pointsbet,NA,2610874,104203198,92
Burnley v Brentford,Burnley,Brentford,Player Shots on Target,L. Tchaouna,NA,2.5,20,Pointsbet,NA,2610874,104203198,93
Burnley v Brentford,Burnley,Brentford,Player Shots on Target,L. Tchaouna,NA,3.5,81,Pointsbet,NA,2610874,104203198,94
Burnley v Brentford,Burnley,Brentford,Player Shots on Target,Lesley Ugochukwu,NA,0.5,3.1,Pointsbet,NA,2610874,104203198,97
Burnley v Brentford,Burnley,Brentford,Player Shots on Target,Lesley Ugochukwu,NA,1.5,16,Pointsbet,NA,2610874,104203198,98
Burnley v Brentford,Burnley,Brentford,Player Shots on Target,Jaidon Anthony,NA,0.5,1.53,Pointsbet,NA,2610874,104203198,103
Burnley v Brentford,Burnley,Brentford,Player Shots on Target,Jaidon Anthony,NA,1.5,3.3,Pointsbet,NA,2610874,104203198,104
Burnley v Brentford,Burnley,Brentford,Player Shots on Target,Jaidon Anthony,NA,2.5,9.5,Pointsbet,NA,2610874,104203198,105
Burnley v Brentford,Burnley,Brentford,Player Shots on Target,Jaidon Anthony,NA,3.5,29,Pointsbet,NA,2610874,104203198,106
Burnley v Brentford,Burnley,Brentford,Player Shots on Target,Lucas Pires,NA,0.5,3.4,Pointsbet,NA,2610874,104203198,109
Burnley v Brentford,Burnley,Brentford,Player Shots on Target,Lucas Pires,NA,1.5,17,Pointsbet,NA,2610874,104203198,110
Burnley v Brentford,Burnley,Brentford,Player Shots on Target,Lucas Pires,NA,2.5,101,Pointsbet,NA,2610874,104203198,111
Burnley v Brentford,Burnley,Brentford,Player Shots on Target,Q. Hartman,NA,0.5,4.75,Pointsbet,NA,2610874,104203198,115
Burnley v Brentford,Burnley,Brentford,Player Shots on Target,Q. Hartman,NA,1.5,36,Pointsbet,NA,2610874,104203198,116
Burnley v Brentford,Burnley,Brentford,Player Shots on Target,Henderson,NA,0.5,4.2,Pointsbet,NA,2610874,104203198,121
Burnley v Brentford,Burnley,Brentford,Player Shots on Target,Henderson,NA,1.5,26,Pointsbet,NA,2610874,104203198,122
Burnley v Brentford,Burnley,Brentford,Player Shots on Target,Kristoffer Ajer,Brentford,0.5,3.1,Pointsbet,Burnley,2610874,104203198,127
Burnley v Brentford,Burnley,Brentford,Player Shots on Target,Kristoffer Ajer,Brentford,1.5,16,Pointsbet,Burnley,2610874,104203198,128
Burnley v Brentford,Burnley,Brentford,Player Shots on Target,R. Henry,NA,0.5,4.2,Pointsbet,NA,2610874,104203198,133
Burnley v Brentford,Burnley,Brentford,Player Shots on Target,R. Henry,NA,1.5,29,Pointsbet,NA,2610874,104203198,134
Burnley v Brentford,Burnley,Brentford,Player Shots on Target,Mathias Jensen,Brentford,0.5,2,Pointsbet,Burnley,2610874,104203198,139
Burnley v Brentford,Burnley,Brentford,Player Shots on Target,Mathias Jensen,Brentford,1.5,7,Pointsbet,Burnley,2610874,104203198,140
Burnley v Brentford,Burnley,Brentford,Player Shots on Target,Mathias Jensen,Brentford,2.5,26,Pointsbet,Burnley,2610874,104203198,141
Burnley v Brentford,Burnley,Brentford,Player Shots on Target,Vitaly Janelt,Brentford,0.5,3.1,Pointsbet,Burnley,2610874,104203198,145
Burnley v Brentford,Burnley,Brentford,Player Shots on Target,Vitaly Janelt,Brentford,1.5,15,Pointsbet,Burnley,2610874,104203198,146
Burnley v Brentford,Burnley,Brentford,Player Shots on Target,Reiss Nelson,Brentford,0.5,1.48,Pointsbet,Burnley,2610874,104203198,151
Burnley v Brentford,Burnley,Brentford,Player Shots on Target,Reiss Nelson,Brentford,1.5,3.25,Pointsbet,Burnley,2610874,104203198,152
Burnley v Brentford,Burnley,Brentford,Player Shots on Target,Reiss Nelson,Brentford,2.5,9,Pointsbet,Burnley,2610874,104203198,153
Burnley v Brentford,Burnley,Brentford,Player Shots on Target,Reiss Nelson,Brentford,3.5,29,Pointsbet,Burnley,2610874,104203198,154
Burnley v Brentford,Burnley,Brentford,Player Shots on Target,Ethan Pinnock,Brentford,0.5,3.6,Pointsbet,Burnley,2610874,104203198,157
Burnley v Brentford,Burnley,Brentford,Player Shots on Target,Ethan Pinnock,Brentford,1.5,20,Pointsbet,Burnley,2610874,104203198,158
Burnley v Brentford,Burnley,Brentford,Player Shots on Target,Mikkel Damsgaard,Brentford,0.5,1.87,Pointsbet,Burnley,2610874,104203198,163
Burnley v Brentford,Burnley,Brentford,Player Shots on Target,Mikkel Damsgaard,Brentford,1.5,5.25,Pointsbet,Burnley,2610874,104203198,164
Burnley v Brentford,Burnley,Brentford,Player Shots on Target,Mikkel Damsgaard,Brentford,2.5,20,Pointsbet,Burnley,2610874,104203198,165
Burnley v Brentford,Burnley,Brentford,Player Shots on Target,Sepp van den Berg,Brentford,0.5,3.25,Pointsbet,Burnley,2610874,104203198,169
Burnley v Brentford,Burnley,Brentford,Player Shots on Target,Sepp van den Berg,Brentford,1.5,17,Pointsbet,Burnley,2610874,104203198,170
Burnley v Brentford,Burnley,Brentford,Player Shots on Target,Nathan Collins,Brentford,0.5,3.4,Pointsbet,Burnley,2610874,104203198,175
Burnley v Brentford,Burnley,Brentford,Player Shots on Target,Nathan Collins,Brentford,1.5,17,Pointsbet,Burnley,2610874,104203198,176
Burnley v Brentford,Burnley,Brentford,Player Shots on Target,Keane Lewis-Potter,Brentford,0.5,1.59,Pointsbet,Burnley,2610874,104203198,181
Burnley v Brentford,Burnley,Brentford,Player Shots on Target,Keane Lewis-Potter,Brentford,1.5,3.6,Pointsbet,Burnley,2610874,104203198,182
Burnley v Brentford,Burnley,Brentford,Player Shots on Target,Keane Lewis-Potter,Brentford,2.5,11,Pointsbet,Burnley,2610874,104203198,183
Burnley v Brentford,Burnley,Brentford,Player Shots on Target,Keane Lewis-Potter,Brentford,3.5,36,Pointsbet,Burnley,2610874,104203198,184
Burnley v Brentford,Burnley,Brentford,Player Shots on Target,Thiago Alc<c3><a2>ntara,NA,0.5,1.19,Pointsbet,NA,2610874,104203198,187
Burnley v Brentford,Burnley,Brentford,Player Shots on Target,Thiago Alc<c3><a2>ntara,NA,1.5,1.95,Pointsbet,NA,2610874,104203198,188
Burnley v Brentford,Burnley,Brentford,Player Shots on Target,Thiago Alc<c3><a2>ntara,NA,2.5,4.2,Pointsbet,NA,2610874,104203198,189
Burnley v Brentford,Burnley,Brentford,Player Shots on Target,Thiago Alc<c3><a2>ntara,NA,3.5,10,Pointsbet,NA,2610874,104203198,190
Burnley v Brentford,Burnley,Brentford,Player Shots on Target,Thiago Alc<c3><a2>ntara,NA,4.5,29,Pointsbet,NA,2610874,104203198,191
Burnley v Brentford,Burnley,Brentford,Player Shots on Target,Thiago Alc<c3><a2>ntara,NA,5.5,81,Pointsbet,NA,2610874,104203198,192
Burnley v Brentford,Burnley,Brentford,Player Shots on Target,Yegor Yarmolyuk,Brentford,0.5,2.85,Pointsbet,Burnley,2610874,104203198,193
Burnley v Brentford,Burnley,Brentford,Player Shots on Target,Yegor Yarmolyuk,Brentford,1.5,13,Pointsbet,Burnley,2610874,104203198,194
Burnley v Brentford,Burnley,Brentford,Player Shots on Target,Yegor Yarmolyuk,Brentford,2.5,81,Pointsbet,Burnley,2610874,104203198,195
Burnley v Brentford,Burnley,Brentford,Player Shots on Target,Kevin Schade,Brentford,0.5,1.36,Pointsbet,Burnley,2610874,104203198,199
Burnley v Brentford,Burnley,Brentford,Player Shots on Target,Kevin Schade,Brentford,1.5,2.75,Pointsbet,Burnley,2610874,104203198,200
Burnley v Brentford,Burnley,Brentford,Player Shots on Target,Kevin Schade,Brentford,2.5,7.5,Pointsbet,Burnley,2610874,104203198,201
Burnley v Brentford,Burnley,Brentford,Player Shots on Target,Kevin Schade,Brentford,3.5,21,Pointsbet,Burnley,2610874,104203198,202
Burnley v Brentford,Burnley,Brentford,Player Shots on Target,Kevin Schade,Brentford,4.5,81,Pointsbet,Burnley,2610874,104203198,203
Burnley v Brentford,Burnley,Brentford,Player Shots on Target,Dango Ouattara,Brentford,0.5,1.33,Pointsbet,Burnley,2610874,104203198,205
Burnley v Brentford,Burnley,Brentford,Player Shots on Target,Dango Ouattara,Brentford,1.5,2.7,Pointsbet,Burnley,2610874,104203198,206
Burnley v Brentford,Burnley,Brentford,Player Shots on Target,Dango Ouattara,Brentford,2.5,7,Pointsbet,Burnley,2610874,104203198,207
Burnley v Brentford,Burnley,Brentford,Player Shots on Target,Dango Ouattara,Brentford,3.5,20,Pointsbet,Burnley,2610874,104203198,208
Burnley v Brentford,Burnley,Brentford,Player Shots on Target,Dango Ouattara,Brentford,4.5,61,Pointsbet,Burnley,2610874,104203198,209
Burnley v Brentford,Burnley,Brentford,Player Shots on Target,Romelle Donovan,Brentford,0.5,1.33,Pointsbet,Burnley,2610874,104203198,211
Burnley v Brentford,Burnley,Brentford,Player Shots on Target,Romelle Donovan,Brentford,1.5,2.6,Pointsbet,Burnley,2610874,104203198,212
Burnley v Brentford,Burnley,Brentford,Player Shots on Target,Romelle Donovan,Brentford,2.5,6.5,Pointsbet,Burnley,2610874,104203198,213
Burnley v Brentford,Burnley,Brentford,Player Shots on Target,Romelle Donovan,Brentford,3.5,17,Pointsbet,Burnley,2610874,104203198,214
Burnley v Brentford,Burnley,Brentford,Player Shots on Target,Romelle Donovan,Brentford,4.5,61,Pointsbet,Burnley,2610874,104203198,215
Liverpool v West Ham United,Liverpool,West Ham United,Player Shots on Target,Virgil van Dijk,Liverpool,0.5,2.75,Pointsbet,West Ham United,2610875,104200820,7
Liverpool v West Ham United,Liverpool,West Ham United,Player Shots on Target,Virgil van Dijk,Liverpool,1.5,12,Pointsbet,West Ham United,2610875,104200820,8
Liverpool v West Ham United,Liverpool,West Ham United,Player Shots on Target,Virgil van Dijk,Liverpool,2.5,71,Pointsbet,West Ham United,2610875,104200820,9
Liverpool v West Ham United,Liverpool,West Ham United,Player Shots on Target,Andrew Robertson,Liverpool,0.5,2.7,Pointsbet,West Ham United,2610875,104200820,13
Liverpool v West Ham United,Liverpool,West Ham United,Player Shots on Target,Andrew Robertson,Liverpool,1.5,11,Pointsbet,West Ham United,2610875,104200820,14
Liverpool v West Ham United,Liverpool,West Ham United,Player Shots on Target,Andrew Robertson,Liverpool,2.5,51,Pointsbet,West Ham United,2610875,104200820,15
Liverpool v West Ham United,Liverpool,West Ham United,Player Shots on Target,Joe Gomez,Liverpool,0.5,3.7,Pointsbet,West Ham United,2610875,104200820,19
Liverpool v West Ham United,Liverpool,West Ham United,Player Shots on Target,Joe Gomez,Liverpool,1.5,20,Pointsbet,West Ham United,2610875,104200820,20
Liverpool v West Ham United,Liverpool,West Ham United,Player Shots on Target,Chiesa,NA,0.5,1.29,Pointsbet,NA,2610875,104200820,25
Liverpool v West Ham United,Liverpool,West Ham United,Player Shots on Target,Chiesa,NA,1.5,2.55,Pointsbet,NA,2610875,104200820,26
Liverpool v West Ham United,Liverpool,West Ham United,Player Shots on Target,Chiesa,NA,2.5,6.5,Pointsbet,NA,2610875,104200820,27
Liverpool v West Ham United,Liverpool,West Ham United,Player Shots on Target,Chiesa,NA,3.5,17,Pointsbet,NA,2610875,104200820,28
Liverpool v West Ham United,Liverpool,West Ham United,Player Shots on Target,Chiesa,NA,4.5,51,Pointsbet,NA,2610875,104200820,29
Liverpool v West Ham United,Liverpool,West Ham United,Player Shots on Target,Konaté,NA,0.5,3.3,Pointsbet,NA,2610875,104200820,31
Liverpool v West Ham United,Liverpool,West Ham United,Player Shots on Target,Konaté,NA,1.5,17,Pointsbet,NA,2610875,104200820,32
Liverpool v West Ham United,Liverpool,West Ham United,Player Shots on Target,Cody Gakpo,Liverpool,0.5,1.31,Pointsbet,West Ham United,2610875,104200820,37
Liverpool v West Ham United,Liverpool,West Ham United,Player Shots on Target,Cody Gakpo,Liverpool,1.5,2.5,Pointsbet,West Ham United,2610875,104200820,38
Liverpool v West Ham United,Liverpool,West Ham United,Player Shots on Target,Cody Gakpo,Liverpool,2.5,6,Pointsbet,West Ham United,2610875,104200820,39
Liverpool v West Ham United,Liverpool,West Ham United,Player Shots on Target,Cody Gakpo,Liverpool,3.5,16,Pointsbet,West Ham United,2610875,104200820,40
Liverpool v West Ham United,Liverpool,West Ham United,Player Shots on Target,Cody Gakpo,Liverpool,4.5,51,Pointsbet,West Ham United,2610875,104200820,41
Liverpool v West Ham United,Liverpool,West Ham United,Player Shots on Target,Dominik Szoboszlai,Liverpool,0.5,1.4,Pointsbet,West Ham United,2610875,104200820,43
Liverpool v West Ham United,Liverpool,West Ham United,Player Shots on Target,Dominik Szoboszlai,Liverpool,1.5,3,Pointsbet,West Ham United,2610875,104200820,44
Liverpool v West Ham United,Liverpool,West Ham United,Player Shots on Target,Dominik Szoboszlai,Liverpool,2.5,8,Pointsbet,West Ham United,2610875,104200820,45
Liverpool v West Ham United,Liverpool,West Ham United,Player Shots on Target,Dominik Szoboszlai,Liverpool,3.5,23,Pointsbet,West Ham United,2610875,104200820,46
Liverpool v West Ham United,Liverpool,West Ham United,Player Shots on Target,Dominik Szoboszlai,Liverpool,4.5,81,Pointsbet,West Ham United,2610875,104200820,47
Liverpool v West Ham United,Liverpool,West Ham United,Player Shots on Target,Alexis Mac Allister,Liverpool,0.5,2.1,Pointsbet,West Ham United,2610875,104200820,49
Liverpool v West Ham United,Liverpool,West Ham United,Player Shots on Target,Alexis Mac Allister,Liverpool,1.5,7,Pointsbet,West Ham United,2610875,104200820,50
Liverpool v West Ham United,Liverpool,West Ham United,Player Shots on Target,Alexis Mac Allister,Liverpool,2.5,31,Pointsbet,West Ham United,2610875,104200820,51
Liverpool v West Ham United,Liverpool,West Ham United,Player Shots on Target,Curtis Jones,Liverpool,0.5,1.9,Pointsbet,West Ham United,2610875,104200820,55
Liverpool v West Ham United,Liverpool,West Ham United,Player Shots on Target,Curtis Jones,Liverpool,1.5,6,Pointsbet,West Ham United,2610875,104200820,56
Liverpool v West Ham United,Liverpool,West Ham United,Player Shots on Target,Curtis Jones,Liverpool,2.5,21,Pointsbet,West Ham United,2610875,104200820,57
Liverpool v West Ham United,Liverpool,West Ham United,Player Shots on Target,Ryan Gravenberch,Liverpool,0.5,2.35,Pointsbet,West Ham United,2610875,104200820,61
Liverpool v West Ham United,Liverpool,West Ham United,Player Shots on Target,Ryan Gravenberch,Liverpool,1.5,9,Pointsbet,West Ham United,2610875,104200820,62
Liverpool v West Ham United,Liverpool,West Ham United,Player Shots on Target,Ryan Gravenberch,Liverpool,2.5,36,Pointsbet,West Ham United,2610875,104200820,63
Liverpool v West Ham United,Liverpool,West Ham United,Player Shots on Target,H. Ekitike,NA,0.5,1.16,Pointsbet,NA,2610875,104200820,73
Liverpool v West Ham United,Liverpool,West Ham United,Player Shots on Target,H. Ekitike,NA,1.5,1.8,Pointsbet,NA,2610875,104200820,74
Liverpool v West Ham United,Liverpool,West Ham United,Player Shots on Target,H. Ekitike,NA,2.5,3.6,Pointsbet,NA,2610875,104200820,75
Liverpool v West Ham United,Liverpool,West Ham United,Player Shots on Target,H. Ekitike,NA,3.5,8,Pointsbet,NA,2610875,104200820,76
Liverpool v West Ham United,Liverpool,West Ham United,Player Shots on Target,H. Ekitike,NA,4.5,20,Pointsbet,NA,2610875,104200820,77
Liverpool v West Ham United,Liverpool,West Ham United,Player Shots on Target,H. Ekitike,NA,5.5,61,Pointsbet,NA,2610875,104200820,78
Liverpool v West Ham United,Liverpool,West Ham United,Player Shots on Target,Milos Kerkez,Liverpool,0.5,3.9,Pointsbet,West Ham United,2610875,104200820,85
Liverpool v West Ham United,Liverpool,West Ham United,Player Shots on Target,Milos Kerkez,Liverpool,1.5,23,Pointsbet,West Ham United,2610875,104200820,86
Liverpool v West Ham United,Liverpool,West Ham United,Player Shots on Target,Trey Nyoni,Liverpool,0.5,1.95,Pointsbet,West Ham United,2610875,104200820,91
Liverpool v West Ham United,Liverpool,West Ham United,Player Shots on Target,Trey Nyoni,Liverpool,1.5,6.5,Pointsbet,West Ham United,2610875,104200820,92
Liverpool v West Ham United,Liverpool,West Ham United,Player Shots on Target,Trey Nyoni,Liverpool,2.5,29,Pointsbet,West Ham United,2610875,104200820,93
Liverpool v West Ham United,Liverpool,West Ham United,Player Shots on Target,Kieran Morrison,Liverpool,0.5,1.44,Pointsbet,West Ham United,2610875,104200820,97
Liverpool v West Ham United,Liverpool,West Ham United,Player Shots on Target,Kieran Morrison,Liverpool,1.5,3.25,Pointsbet,West Ham United,2610875,104200820,98
Liverpool v West Ham United,Liverpool,West Ham United,Player Shots on Target,Kieran Morrison,Liverpool,2.5,9.5,Pointsbet,West Ham United,2610875,104200820,99
Liverpool v West Ham United,Liverpool,West Ham United,Player Shots on Target,Kieran Morrison,Liverpool,3.5,29,Pointsbet,West Ham United,2610875,104200820,100
Liverpool v West Ham United,Liverpool,West Ham United,Player Shots on Target,Rio Ngumoha,Liverpool,0.5,1.36,Pointsbet,West Ham United,2610875,104200820,103
Liverpool v West Ham United,Liverpool,West Ham United,Player Shots on Target,Rio Ngumoha,Liverpool,1.5,2.9,Pointsbet,West Ham United,2610875,104200820,104
Liverpool v West Ham United,Liverpool,West Ham United,Player Shots on Target,Rio Ngumoha,Liverpool,2.5,7,Pointsbet,West Ham United,2610875,104200820,105
Liverpool v West Ham United,Liverpool,West Ham United,Player Shots on Target,Rio Ngumoha,Liverpool,3.5,21,Pointsbet,West Ham United,2610875,104200820,106
Liverpool v West Ham United,Liverpool,West Ham United,Player Shots on Target,Rio Ngumoha,Liverpool,4.5,81,Pointsbet,West Ham United,2610875,104200820,107
Liverpool v West Ham United,Liverpool,West Ham United,Player Shots on Target,Callum Wilson,West Ham United,0.5,1.63,Pointsbet,Liverpool,2610875,104200820,109
Liverpool v West Ham United,Liverpool,West Ham United,Player Shots on Target,Callum Wilson,West Ham United,1.5,3.9,Pointsbet,Liverpool,2610875,104200820,110
Liverpool v West Ham United,Liverpool,West Ham United,Player Shots on Target,Callum Wilson,West Ham United,2.5,12,Pointsbet,Liverpool,2610875,104200820,111
Liverpool v West Ham United,Liverpool,West Ham United,Player Shots on Target,Callum Wilson,West Ham United,3.5,41,Pointsbet,Liverpool,2610875,104200820,112
Liverpool v West Ham United,Liverpool,West Ham United,Player Shots on Target,Traoré,NA,0.5,2.3,Pointsbet,NA,2610875,104200820,115
Liverpool v West Ham United,Liverpool,West Ham United,Player Shots on Target,Traoré,NA,1.5,8.5,Pointsbet,NA,2610875,104200820,116
Liverpool v West Ham United,Liverpool,West Ham United,Player Shots on Target,Traoré,NA,2.5,36,Pointsbet,NA,2610875,104200820,117
Liverpool v West Ham United,Liverpool,West Ham United,Player Shots on Target,Tomas Soucek,NA,0.5,3.1,Pointsbet,NA,2610875,104200820,121
Liverpool v West Ham United,Liverpool,West Ham United,Player Shots on Target,Tomas Soucek,NA,1.5,16,Pointsbet,NA,2610875,104200820,122
Liverpool v West Ham United,Liverpool,West Ham United,Player Shots on Target,Tomas Soucek,NA,2.5,81,Pointsbet,NA,2610875,104200820,123
Liverpool v West Ham United,Liverpool,West Ham United,Player Shots on Target,Axel Disasi,Chelsea,0.5,5.25,Pointsbet,Liverpool,2610875,104200820,127
Liverpool v West Ham United,Liverpool,West Ham United,Player Shots on Target,Axel Disasi,Chelsea,1.5,41,Pointsbet,Liverpool,2610875,104200820,128
Liverpool v West Ham United,Liverpool,West Ham United,Player Shots on Target,Konstantinos Mavropanos,West Ham United,0.5,4.4,Pointsbet,Liverpool,2610875,104200820,133
Liverpool v West Ham United,Liverpool,West Ham United,Player Shots on Target,Konstantinos Mavropanos,West Ham United,1.5,29,Pointsbet,Liverpool,2610875,104200820,134
Liverpool v West Ham United,Liverpool,West Ham United,Player Shots on Target,Kyle Walker-Peters,West Ham United,0.5,4.5,Pointsbet,Liverpool,2610875,104200820,139
Liverpool v West Ham United,Liverpool,West Ham United,Player Shots on Target,Kyle Walker-Peters,West Ham United,1.5,31,Pointsbet,Liverpool,2610875,104200820,140
Liverpool v West Ham United,Liverpool,West Ham United,Player Shots on Target,Jarrod Bowen,West Ham United,0.5,1.83,Pointsbet,Liverpool,2610875,104200820,145
Liverpool v West Ham United,Liverpool,West Ham United,Player Shots on Target,Jarrod Bowen,West Ham United,1.5,5,Pointsbet,Liverpool,2610875,104200820,146
Liverpool v West Ham United,Liverpool,West Ham United,Player Shots on Target,Jarrod Bowen,West Ham United,2.5,19,Pointsbet,Liverpool,2610875,104200820,147
Liverpool v West Ham United,Liverpool,West Ham United,Player Shots on Target,Jarrod Bowen,West Ham United,3.5,91,Pointsbet,Liverpool,2610875,104200820,148
Liverpool v West Ham United,Liverpool,West Ham United,Player Shots on Target,Aaron Wan-Bissaka,West Ham United,0.5,8,Pointsbet,Liverpool,2610875,104200820,151
Liverpool v West Ham United,Liverpool,West Ham United,Player Shots on Target,V. Castellanos,NA,0.5,1.71,Pointsbet,NA,2610875,104200820,157
Liverpool v West Ham United,Liverpool,West Ham United,Player Shots on Target,V. Castellanos,NA,1.5,4.4,Pointsbet,NA,2610875,104200820,158
Liverpool v West Ham United,Liverpool,West Ham United,Player Shots on Target,V. Castellanos,NA,2.5,15,Pointsbet,NA,2610875,104200820,159
Liverpool v West Ham United,Liverpool,West Ham United,Player Shots on Target,V. Castellanos,NA,3.5,61,Pointsbet,NA,2610875,104200820,160
Liverpool v West Ham United,Liverpool,West Ham United,Player Shots on Target,Max Kilman,NA,0.5,6,Pointsbet,NA,2610875,104200820,163
Liverpool v West Ham United,Liverpool,West Ham United,Player Shots on Target,Max Kilman,NA,1.5,51,Pointsbet,NA,2610875,104200820,164
Liverpool v West Ham United,Liverpool,West Ham United,Player Shots on Target,Jean-Clair Todibo,West Ham United,0.5,9.5,Pointsbet,Liverpool,2610875,104200820,169
Liverpool v West Ham United,Liverpool,West Ham United,Player Shots on Target,Crysencio Summerville,West Ham United,0.5,1.71,Pointsbet,Liverpool,2610875,104200820,175
Liverpool v West Ham United,Liverpool,West Ham United,Player Shots on Target,Crysencio Summerville,West Ham United,1.5,4.4,Pointsbet,Liverpool,2610875,104200820,176
Liverpool v West Ham United,Liverpool,West Ham United,Player Shots on Target,Crysencio Summerville,West Ham United,2.5,15,Pointsbet,Liverpool,2610875,104200820,177
Liverpool v West Ham United,Liverpool,West Ham United,Player Shots on Target,Crysencio Summerville,West Ham United,3.5,61,Pointsbet,Liverpool,2610875,104200820,178
Liverpool v West Ham United,Liverpool,West Ham United,Player Shots on Target,Mateus Fernandes,West Ham United,0.5,3.4,Pointsbet,Liverpool,2610875,104200820,181
Liverpool v West Ham United,Liverpool,West Ham United,Player Shots on Target,Mateus Fernandes,Southampton,0.5,3.4,Pointsbet,Liverpool,2610875,104200820,181
Liverpool v West Ham United,Liverpool,West Ham United,Player Shots on Target,Mateus Fernandes,West Ham United,1.5,20,Pointsbet,Liverpool,2610875,104200820,182
Liverpool v West Ham United,Liverpool,West Ham United,Player Shots on Target,Mateus Fernandes,Southampton,1.5,20,Pointsbet,Liverpool,2610875,104200820,182
Liverpool v West Ham United,Liverpool,West Ham United,Player Shots on Target,S. Magassa,NA,0.5,4.5,Pointsbet,NA,2610875,104200820,187
Liverpool v West Ham United,Liverpool,West Ham United,Player Shots on Target,S. Magassa,NA,1.5,31,Pointsbet,NA,2610875,104200820,188
Liverpool v West Ham United,Liverpool,West Ham United,Player Shots on Target,O. Scarles,NA,0.5,4.4,Pointsbet,NA,2610875,104200820,193
Liverpool v West Ham United,Liverpool,West Ham United,Player Shots on Target,O. Scarles,NA,1.5,29,Pointsbet,NA,2610875,104200820,194
Liverpool v West Ham United,Liverpool,West Ham United,Player Shots on Target,E.H.M. Diouf,NA,0.5,4.4,Pointsbet,NA,2610875,104200820,199
Liverpool v West Ham United,Liverpool,West Ham United,Player Shots on Target,E.H.M. Diouf,NA,1.5,29,Pointsbet,NA,2610875,104200820,200
Newcastle United v Everton,Newcastle United,Everton,Player Shots on Target,Dan Burn,Newcastle United,0.5,3.6,Pointsbet,Everton,2610876,104201766,1
Newcastle United v Everton,Newcastle United,Everton,Player Shots on Target,Dan Burn,Newcastle United,1.5,20,Pointsbet,Everton,2610876,104201766,2
Newcastle United v Everton,Newcastle United,Everton,Player Shots on Target,Kieran Trippier,Newcastle United,0.5,4.75,Pointsbet,Everton,2610876,104201766,7
Newcastle United v Everton,Newcastle United,Everton,Player Shots on Target,Kieran Trippier,Newcastle United,1.5,36,Pointsbet,Everton,2610876,104201766,8
Newcastle United v Everton,Newcastle United,Everton,Player Shots on Target,Jacob Murphy,Newcastle United,0.5,1.59,Pointsbet,Everton,2610876,104201766,13
Newcastle United v Everton,Newcastle United,Everton,Player Shots on Target,Jacob Murphy,Newcastle United,1.5,3.9,Pointsbet,Everton,2610876,104201766,14
Newcastle United v Everton,Newcastle United,Everton,Player Shots on Target,Jacob Murphy,Newcastle United,2.5,12,Pointsbet,Everton,2610876,104201766,15
Newcastle United v Everton,Newcastle United,Everton,Player Shots on Target,Jacob Murphy,Newcastle United,3.5,41,Pointsbet,Everton,2610876,104201766,16
Newcastle United v Everton,Newcastle United,Everton,Player Shots on Target,Joelinton,Newcastle United,0.5,2.05,Pointsbet,Everton,2610876,104201766,19
Newcastle United v Everton,Newcastle United,Everton,Player Shots on Target,Joelinton,Newcastle United,1.5,6.5,Pointsbet,Everton,2610876,104201766,20
Newcastle United v Everton,Newcastle United,Everton,Player Shots on Target,Joelinton,Newcastle United,2.5,29,Pointsbet,Everton,2610876,104201766,21
Newcastle United v Everton,Newcastle United,Everton,Player Shots on Target,Yoane Wissa,Newcastle United,0.5,1.29,Pointsbet,Everton,2610876,104201766,25
Newcastle United v Everton,Newcastle United,Everton,Player Shots on Target,Yoane Wissa,Newcastle United,1.5,2.5,Pointsbet,Everton,2610876,104201766,26
Newcastle United v Everton,Newcastle United,Everton,Player Shots on Target,Yoane Wissa,Newcastle United,2.5,6,Pointsbet,Everton,2610876,104201766,27
Newcastle United v Everton,Newcastle United,Everton,Player Shots on Target,Yoane Wissa,Newcastle United,3.5,17,Pointsbet,Everton,2610876,104201766,28
Newcastle United v Everton,Newcastle United,Everton,Player Shots on Target,Yoane Wissa,Newcastle United,4.5,61,Pointsbet,Everton,2610876,104201766,29
Newcastle United v Everton,Newcastle United,Everton,Player Shots on Target,Harvey Barnes,Newcastle United,0.5,1.33,Pointsbet,Everton,2610876,104201766,31
Newcastle United v Everton,Newcastle United,Everton,Player Shots on Target,Harvey Barnes,Newcastle United,1.5,2.55,Pointsbet,Everton,2610876,104201766,32
Newcastle United v Everton,Newcastle United,Everton,Player Shots on Target,Harvey Barnes,Newcastle United,2.5,6.5,Pointsbet,Everton,2610876,104201766,33
Newcastle United v Everton,Newcastle United,Everton,Player Shots on Target,Harvey Barnes,Newcastle United,3.5,19,Pointsbet,Everton,2610876,104201766,34
Newcastle United v Everton,Newcastle United,Everton,Player Shots on Target,Harvey Barnes,Newcastle United,4.5,61,Pointsbet,Everton,2610876,104201766,35
Newcastle United v Everton,Newcastle United,Everton,Player Shots on Target,Joe Willock,Newcastle United,0.5,2.1,Pointsbet,Everton,2610876,104201766,37
Newcastle United v Everton,Newcastle United,Everton,Player Shots on Target,Joe Willock,Newcastle United,1.5,7,Pointsbet,Everton,2610876,104201766,38
Newcastle United v Everton,Newcastle United,Everton,Player Shots on Target,Joe Willock,Newcastle United,2.5,29,Pointsbet,Everton,2610876,104201766,39
Newcastle United v Everton,Newcastle United,Everton,Player Shots on Target,Anthony Gordon,Newcastle United,0.5,1.31,Pointsbet,Everton,2610876,104201766,43
Newcastle United v Everton,Newcastle United,Everton,Player Shots on Target,Anthony Gordon,Newcastle United,1.5,2.5,Pointsbet,Everton,2610876,104201766,44
Newcastle United v Everton,Newcastle United,Everton,Player Shots on Target,Anthony Gordon,Newcastle United,2.5,6,Pointsbet,Everton,2610876,104201766,45
Newcastle United v Everton,Newcastle United,Everton,Player Shots on Target,Anthony Gordon,Newcastle United,3.5,17,Pointsbet,Everton,2610876,104201766,46
Newcastle United v Everton,Newcastle United,Everton,Player Shots on Target,Anthony Gordon,Newcastle United,4.5,51,Pointsbet,Everton,2610876,104201766,47
Newcastle United v Everton,Newcastle United,Everton,Player Shots on Target,S. Botman,NA,0.5,3.3,Pointsbet,NA,2610876,104201766,49
Newcastle United v Everton,Newcastle United,Everton,Player Shots on Target,S. Botman,NA,1.5,17,Pointsbet,NA,2610876,104201766,50
Newcastle United v Everton,Newcastle United,Everton,Player Shots on Target,S. Botman,NA,2.5,91,Pointsbet,NA,2610876,104201766,51
Newcastle United v Everton,Newcastle United,Everton,Player Shots on Target,S. Tonali,NA,0.5,2.3,Pointsbet,NA,2610876,104201766,55
Newcastle United v Everton,Newcastle United,Everton,Player Shots on Target,S. Tonali,NA,1.5,9.5,Pointsbet,NA,2610876,104201766,56
Newcastle United v Everton,Newcastle United,Everton,Player Shots on Target,S. Tonali,NA,2.5,41,Pointsbet,NA,2610876,104201766,57
Newcastle United v Everton,Newcastle United,Everton,Player Shots on Target,M. Thiaw,NA,0.5,3.1,Pointsbet,NA,2610876,104201766,61
Newcastle United v Everton,Newcastle United,Everton,Player Shots on Target,M. Thiaw,NA,1.5,15,Pointsbet,NA,2610876,104201766,62
Newcastle United v Everton,Newcastle United,Everton,Player Shots on Target,M. Thiaw,NA,2.5,91,Pointsbet,NA,2610876,104201766,63
Newcastle United v Everton,Newcastle United,Everton,Player Shots on Target,Anthony Elanga,Newcastle United,0.5,1.65,Pointsbet,Everton,2610876,104201766,67
Newcastle United v Everton,Newcastle United,Everton,Player Shots on Target,Anthony Elanga,Newcastle United,1.5,4.2,Pointsbet,Everton,2610876,104201766,68
Newcastle United v Everton,Newcastle United,Everton,Player Shots on Target,Anthony Elanga,Newcastle United,2.5,12,Pointsbet,Everton,2610876,104201766,69
Newcastle United v Everton,Newcastle United,Everton,Player Shots on Target,Anthony Elanga,Newcastle United,3.5,51,Pointsbet,Everton,2610876,104201766,70
Newcastle United v Everton,Newcastle United,Everton,Player Shots on Target,N. Woltemade,NA,0.5,1.44,Pointsbet,NA,2610876,104201766,73
Newcastle United v Everton,Newcastle United,Everton,Player Shots on Target,N. Woltemade,NA,1.5,3.1,Pointsbet,NA,2610876,104201766,74
Newcastle United v Everton,Newcastle United,Everton,Player Shots on Target,N. Woltemade,NA,2.5,9,Pointsbet,NA,2610876,104201766,75
Newcastle United v Everton,Newcastle United,Everton,Player Shots on Target,N. Woltemade,NA,3.5,29,Pointsbet,NA,2610876,104201766,76
Newcastle United v Everton,Newcastle United,Everton,Player Shots on Target,Lewis Hall,Newcastle United,0.5,3.25,Pointsbet,Everton,2610876,104201766,79
Newcastle United v Everton,Newcastle United,Everton,Player Shots on Target,Lewis Hall,Newcastle United,1.5,16,Pointsbet,Everton,2610876,104201766,80
Newcastle United v Everton,Newcastle United,Everton,Player Shots on Target,William Osula,Newcastle United,0.5,1.36,Pointsbet,Everton,2610876,104201766,85
Newcastle United v Everton,Newcastle United,Everton,Player Shots on Target,William Osula,Newcastle United,1.5,2.85,Pointsbet,Everton,2610876,104201766,86
Newcastle United v Everton,Newcastle United,Everton,Player Shots on Target,William Osula,Newcastle United,2.5,7,Pointsbet,Everton,2610876,104201766,87
Newcastle United v Everton,Newcastle United,Everton,Player Shots on Target,William Osula,Newcastle United,3.5,23,Pointsbet,Everton,2610876,104201766,88
Newcastle United v Everton,Newcastle United,Everton,Player Shots on Target,William Osula,Newcastle United,4.5,81,Pointsbet,Everton,2610876,104201766,89
Newcastle United v Everton,Newcastle United,Everton,Player Shots on Target,S<c3><a9>amus Coleman,NA,0.5,6.5,Pointsbet,NA,2610876,104201766,97
Newcastle United v Everton,Newcastle United,Everton,Player Shots on Target,S<c3><a9>amus Coleman,NA,1.5,61,Pointsbet,NA,2610876,104201766,98
Newcastle United v Everton,Newcastle United,Everton,Player Shots on Target,Idrissa Gueye,Everton,0.5,3.9,Pointsbet,Newcastle United,2610876,104201766,103
Newcastle United v Everton,Newcastle United,Everton,Player Shots on Target,Idrissa Gueye,Everton,1.5,23,Pointsbet,Newcastle United,2610876,104201766,104
Newcastle United v Everton,Newcastle United,Everton,Player Shots on Target,James Tarkowski,Everton,0.5,5,Pointsbet,Newcastle United,2610876,104201766,109
Newcastle United v Everton,Newcastle United,Everton,Player Shots on Target,James Tarkowski,Everton,1.5,36,Pointsbet,Newcastle United,2610876,104201766,110
Newcastle United v Everton,Newcastle United,Everton,Player Shots on Target,Michael Keane,Everton,0.5,3.25,Pointsbet,Newcastle United,2610876,104201766,115
Newcastle United v Everton,Newcastle United,Everton,Player Shots on Target,Michael Keane,Everton,1.5,19,Pointsbet,Newcastle United,2610876,104201766,116
Newcastle United v Everton,Newcastle United,Everton,Player Shots on Target,Kiernan Dewsbury-Hall,Everton,0.5,2.1,Pointsbet,Newcastle United,2610876,104201766,121
Newcastle United v Everton,Newcastle United,Everton,Player Shots on Target,Kiernan Dewsbury-Hall,Everton,1.5,7,Pointsbet,Newcastle United,2610876,104201766,122
Newcastle United v Everton,Newcastle United,Everton,Player Shots on Target,Kiernan Dewsbury-Hall,Everton,2.5,31,Pointsbet,Newcastle United,2610876,104201766,123
Newcastle United v Everton,Newcastle United,Everton,Player Shots on Target,Vitaliy Mykolenko,Everton,0.5,5,Pointsbet,Newcastle United,2610876,104201766,127
Newcastle United v Everton,Newcastle United,Everton,Player Shots on Target,Vitaliy Mykolenko,Everton,1.5,41,Pointsbet,Newcastle United,2610876,104201766,128
Newcastle United v Everton,Newcastle United,Everton,Player Shots on Target,James Garner,Everton,0.5,2.5,Pointsbet,Newcastle United,2610876,104201766,133
Newcastle United v Everton,Newcastle United,Everton,Player Shots on Target,James Garner,Everton,1.5,10.5,Pointsbet,Newcastle United,2610876,104201766,134
Newcastle United v Everton,Newcastle United,Everton,Player Shots on Target,James Garner,Everton,2.5,41,Pointsbet,Newcastle United,2610876,104201766,135
Newcastle United v Everton,Newcastle United,Everton,Player Shots on Target,Dwight McNeil,Everton,0.5,2.3,Pointsbet,Newcastle United,2610876,104201766,139
Newcastle United v Everton,Newcastle United,Everton,Player Shots on Target,Dwight McNeil,Everton,1.5,8,Pointsbet,Newcastle United,2610876,104201766,140
Newcastle United v Everton,Newcastle United,Everton,Player Shots on Target,Dwight McNeil,Everton,2.5,36,Pointsbet,Newcastle United,2610876,104201766,141
Newcastle United v Everton,Newcastle United,Everton,Player Shots on Target,Beto,Everton,0.5,1.56,Pointsbet,Newcastle United,2610876,104201766,145
Newcastle United v Everton,Newcastle United,Everton,Player Shots on Target,Beto,Everton,1.5,3.6,Pointsbet,Newcastle United,2610876,104201766,146
Newcastle United v Everton,Newcastle United,Everton,Player Shots on Target,Beto,Everton,2.5,11,Pointsbet,Newcastle United,2610876,104201766,147
Newcastle United v Everton,Newcastle United,Everton,Player Shots on Target,Beto,Everton,3.5,41,Pointsbet,Newcastle United,2610876,104201766,148
Newcastle United v Everton,Newcastle United,Everton,Player Shots on Target,Jarrad Branthwaite,Everton,0.5,5.75,Pointsbet,Newcastle United,2610876,104201766,157
Newcastle United v Everton,Newcastle United,Everton,Player Shots on Target,Jarrad Branthwaite,Everton,1.5,51,Pointsbet,Newcastle United,2610876,104201766,158
Newcastle United v Everton,Newcastle United,Everton,Player Shots on Target,M. Röhl,NA,0.5,2.35,Pointsbet,NA,2610876,104201766,163
Newcastle United v Everton,Newcastle United,Everton,Player Shots on Target,M. Röhl,NA,1.5,9,Pointsbet,NA,2610876,104201766,164
Newcastle United v Everton,Newcastle United,Everton,Player Shots on Target,M. Röhl,NA,2.5,36,Pointsbet,NA,2610876,104201766,165
Newcastle United v Everton,Newcastle United,Everton,Player Shots on Target,Tim Iroegbunam,Everton,0.5,3.9,Pointsbet,Newcastle United,2610876,104201766,175
Newcastle United v Everton,Newcastle United,Everton,Player Shots on Target,Tim Iroegbunam,Everton,1.5,23,Pointsbet,Newcastle United,2610876,104201766,176
Newcastle United v Everton,Newcastle United,Everton,Player Shots on Target,T. Barry,NA,0.5,1.67,Pointsbet,NA,2610876,104201766,181
Newcastle United v Everton,Newcastle United,Everton,Player Shots on Target,T. Barry,NA,1.5,4.2,Pointsbet,NA,2610876,104201766,182
Newcastle United v Everton,Newcastle United,Everton,Player Shots on Target,T. Barry,NA,2.5,12,Pointsbet,NA,2610876,104201766,183
Newcastle United v Everton,Newcastle United,Everton,Player Shots on Target,T. Barry,NA,3.5,51,Pointsbet,NA,2610876,104201766,184
Newcastle United v Everton,Newcastle United,Everton,Player Shots on Target,T. George,NA,0.5,1.95,Pointsbet,NA,2610876,104201766,187
Newcastle United v Everton,Newcastle United,Everton,Player Shots on Target,T. George,NA,1.5,6,Pointsbet,NA,2610876,104201766,188
Newcastle United v Everton,Newcastle United,Everton,Player Shots on Target,T. George,NA,2.5,23,Pointsbet,NA,2610876,104201766,189
Newcastle United v Everton,Newcastle United,Everton,Player Shots on Target,Aznou,NA,0.5,3.9,Pointsbet,NA,2610876,104201766,193
Newcastle United v Everton,Newcastle United,Everton,Player Shots on Target,Aznou,NA,1.5,21,Pointsbet,NA,2610876,104201766,194
Newcastle United v Everton,Newcastle United,Everton,Player Shots on Target,Dibling,NA,0.5,2.05,Pointsbet,NA,2610876,104201766,199
Newcastle United v Everton,Newcastle United,Everton,Player Shots on Target,Dibling,NA,1.5,7.5,Pointsbet,NA,2610876,104201766,200
Newcastle United v Everton,Newcastle United,Everton,Player Shots on Target,Dibling,NA,2.5,29,Pointsbet,NA,2610876,104201766,201
Newcastle United v Everton,Newcastle United,Everton,Player Shots on Target,Harrison Armstrong,Everton,0.5,2.7,Pointsbet,Newcastle United,2610876,104201766,205
Newcastle United v Everton,Newcastle United,Everton,Player Shots on Target,Harrison Armstrong,Everton,1.5,12,Pointsbet,Newcastle United,2610876,104201766,206
Newcastle United v Everton,Newcastle United,Everton,Player Shots on Target,Harrison Armstrong,Everton,2.5,61,Pointsbet,Newcastle United,2610876,104201766,207
Leeds United v Manchester City,Leeds United,Manchester City,Player Shots on Target,Byram,NA,0.5,4.4,Pointsbet,NA,2611365,104198749,1
Leeds United v Manchester City,Leeds United,Manchester City,Player Shots on Target,Byram,NA,1.5,29,Pointsbet,NA,2611365,104198749,2
Leeds United v Manchester City,Leeds United,Manchester City,Player Shots on Target,Dominic Calvert-Lewin,NA,0.5,1.48,Pointsbet,NA,2611365,104198749,7
Leeds United v Manchester City,Leeds United,Manchester City,Player Shots on Target,Dominic Calvert-Lewin,NA,1.5,3.1,Pointsbet,NA,2611365,104198749,8
Leeds United v Manchester City,Leeds United,Manchester City,Player Shots on Target,Dominic Calvert-Lewin,NA,2.5,8.5,Pointsbet,NA,2611365,104198749,9
Leeds United v Manchester City,Leeds United,Manchester City,Player Shots on Target,Dominic Calvert-Lewin,NA,3.5,26,Pointsbet,NA,2611365,104198749,10
Leeds United v Manchester City,Leeds United,Manchester City,Player Shots on Target,James Justin,Leicester City,0.5,3.4,Pointsbet,Leeds United,2611365,104198749,13
Leeds United v Manchester City,Leeds United,Manchester City,Player Shots on Target,James Justin,Leicester City,1.5,17,Pointsbet,Leeds United,2611365,104198749,14
Leeds United v Manchester City,Leeds United,Manchester City,Player Shots on Target,Rodon,NA,0.5,4.2,Pointsbet,NA,2611365,104198749,19
Leeds United v Manchester City,Leeds United,Manchester City,Player Shots on Target,Rodon,NA,1.5,26,Pointsbet,NA,2611365,104198749,20
Leeds United v Manchester City,Leeds United,Manchester City,Player Shots on Target,D.James,NA,0.5,1.74,Pointsbet,NA,2611365,104198749,25
Leeds United v Manchester City,Leeds United,Manchester City,Player Shots on Target,D.James,NA,1.5,4.5,Pointsbet,NA,2611365,104198749,26
Leeds United v Manchester City,Leeds United,Manchester City,Player Shots on Target,D.James,NA,2.5,16,Pointsbet,NA,2611365,104198749,27
Leeds United v Manchester City,Leeds United,Manchester City,Player Shots on Target,D.James,NA,3.5,61,Pointsbet,NA,2611365,104198749,28
Leeds United v Manchester City,Leeds United,Manchester City,Player Shots on Target,Ampadu,NA,0.5,4.2,Pointsbet,NA,2611365,104198749,31
Leeds United v Manchester City,Leeds United,Manchester City,Player Shots on Target,Ampadu,NA,1.5,29,Pointsbet,NA,2611365,104198749,32
Leeds United v Manchester City,Leeds United,Manchester City,Player Shots on Target,J.Bogle,NA,0.5,4.4,Pointsbet,NA,2611365,104198749,37
Leeds United v Manchester City,Leeds United,Manchester City,Player Shots on Target,J.Bogle,NA,1.5,31,Pointsbet,NA,2611365,104198749,38
Leeds United v Manchester City,Leeds United,Manchester City,Player Shots on Target,Sean Longstaff,NA,0.5,3,Pointsbet,NA,2611365,104198749,43
Leeds United v Manchester City,Leeds United,Manchester City,Player Shots on Target,Sean Longstaff,NA,1.5,13,Pointsbet,NA,2611365,104198749,44
Leeds United v Manchester City,Leeds United,Manchester City,Player Shots on Target,Sean Longstaff,NA,2.5,91,Pointsbet,NA,2611365,104198749,45
Leeds United v Manchester City,Leeds United,Manchester City,Player Shots on Target,Nmecha,NA,0.5,1.31,Pointsbet,NA,2611365,104198749,49
Leeds United v Manchester City,Leeds United,Manchester City,Player Shots on Target,Nmecha,NA,1.5,2.55,Pointsbet,NA,2611365,104198749,50
Leeds United v Manchester City,Leeds United,Manchester City,Player Shots on Target,Nmecha,NA,2.5,5.75,Pointsbet,NA,2611365,104198749,51
Leeds United v Manchester City,Leeds United,Manchester City,Player Shots on Target,Nmecha,NA,3.5,16,Pointsbet,NA,2611365,104198749,52
Leeds United v Manchester City,Leeds United,Manchester City,Player Shots on Target,Nmecha,NA,4.5,51,Pointsbet,NA,2611365,104198749,53
Leeds United v Manchester City,Leeds United,Manchester City,Player Shots on Target,Struijk,NA,0.5,3.6,Pointsbet,NA,2611365,104198749,55
Leeds United v Manchester City,Leeds United,Manchester City,Player Shots on Target,Struijk,NA,1.5,21,Pointsbet,NA,2611365,104198749,56
Leeds United v Manchester City,Leeds United,Manchester City,Player Shots on Target,J. Piroe,NA,0.5,1.67,Pointsbet,NA,2611365,104198749,61
Leeds United v Manchester City,Leeds United,Manchester City,Player Shots on Target,J. Piroe,NA,1.5,4.2,Pointsbet,NA,2611365,104198749,62
Leeds United v Manchester City,Leeds United,Manchester City,Player Shots on Target,J. Piroe,NA,2.5,13,Pointsbet,NA,2611365,104198749,63
Leeds United v Manchester City,Leeds United,Manchester City,Player Shots on Target,J. Piroe,NA,3.5,51,Pointsbet,NA,2611365,104198749,64
Leeds United v Manchester City,Leeds United,Manchester City,Player Shots on Target,Ao Tanaka,NA,0.5,3.1,Pointsbet,NA,2611365,104198749,67
Leeds United v Manchester City,Leeds United,Manchester City,Player Shots on Target,Ao Tanaka,NA,1.5,16,Pointsbet,NA,2611365,104198749,68
Leeds United v Manchester City,Leeds United,Manchester City,Player Shots on Target,Ao Tanaka,NA,2.5,101,Pointsbet,NA,2611365,104198749,69
Leeds United v Manchester City,Leeds United,Manchester City,Player Shots on Target,Bornauw,NA,0.5,4.2,Pointsbet,NA,2611365,104198749,73
Leeds United v Manchester City,Leeds United,Manchester City,Player Shots on Target,Bornauw,NA,1.5,29,Pointsbet,NA,2611365,104198749,74
Leeds United v Manchester City,Leeds United,Manchester City,Player Shots on Target,Bijol,NA,0.5,4.2,Pointsbet,NA,2611365,104198749,79
Leeds United v Manchester City,Leeds United,Manchester City,Player Shots on Target,Bijol,NA,1.5,29,Pointsbet,NA,2611365,104198749,80
Leeds United v Manchester City,Leeds United,Manchester City,Player Shots on Target,B. Aaronson,NA,0.5,1.77,Pointsbet,NA,2611365,104198749,85
Leeds United v Manchester City,Leeds United,Manchester City,Player Shots on Target,B. Aaronson,NA,1.5,5,Pointsbet,NA,2611365,104198749,86
Leeds United v Manchester City,Leeds United,Manchester City,Player Shots on Target,B. Aaronson,NA,2.5,17,Pointsbet,NA,2611365,104198749,87
Leeds United v Manchester City,Leeds United,Manchester City,Player Shots on Target,B. Aaronson,NA,3.5,71,Pointsbet,NA,2611365,104198749,88
Leeds United v Manchester City,Leeds United,Manchester City,Player Shots on Target,I. Gruev,NA,0.5,4.5,Pointsbet,NA,2611365,104198749,91
Leeds United v Manchester City,Leeds United,Manchester City,Player Shots on Target,I. Gruev,NA,1.5,31,Pointsbet,NA,2611365,104198749,92
Leeds United v Manchester City,Leeds United,Manchester City,Player Shots on Target,D. Gnonto,NA,0.5,1.87,Pointsbet,NA,2611365,104198749,97
Leeds United v Manchester City,Leeds United,Manchester City,Player Shots on Target,D. Gnonto,NA,1.5,5.75,Pointsbet,NA,2611365,104198749,98
Leeds United v Manchester City,Leeds United,Manchester City,Player Shots on Target,D. Gnonto,NA,2.5,21,Pointsbet,NA,2611365,104198749,99
Leeds United v Manchester City,Leeds United,Manchester City,Player Shots on Target,A. Stach,NA,0.5,2.3,Pointsbet,NA,2611365,104198749,103
Leeds United v Manchester City,Leeds United,Manchester City,Player Shots on Target,A. Stach,NA,1.5,8.5,Pointsbet,NA,2611365,104198749,104
Leeds United v Manchester City,Leeds United,Manchester City,Player Shots on Target,A. Stach,NA,2.5,31,Pointsbet,NA,2611365,104198749,105
Leeds United v Manchester City,Leeds United,Manchester City,Player Shots on Target,Facundo Buonanotte,Chelsea,0.5,1.83,Pointsbet,Leeds United,2611365,104198749,109
Leeds United v Manchester City,Leeds United,Manchester City,Player Shots on Target,Facundo Buonanotte,Chelsea,1.5,5.25,Pointsbet,Leeds United,2611365,104198749,110
Leeds United v Manchester City,Leeds United,Manchester City,Player Shots on Target,Facundo Buonanotte,Chelsea,2.5,20,Pointsbet,Leeds United,2611365,104198749,111
Leeds United v Manchester City,Leeds United,Manchester City,Player Shots on Target,Facundo Buonanotte,Chelsea,3.5,91,Pointsbet,Leeds United,2611365,104198749,112
Leeds United v Manchester City,Leeds United,Manchester City,Player Shots on Target,Aké,NA,0.5,5,Pointsbet,NA,2611365,104198749,115
Leeds United v Manchester City,Leeds United,Manchester City,Player Shots on Target,Aké,NA,1.5,36,Pointsbet,NA,2611365,104198749,116
Leeds United v Manchester City,Leeds United,Manchester City,Player Shots on Target,John Stones,Manchester City,0.5,4.75,Pointsbet,Leeds United,2611365,104198749,121
Leeds United v Manchester City,Leeds United,Manchester City,Player Shots on Target,John Stones,Manchester City,1.5,36,Pointsbet,Leeds United,2611365,104198749,122
Leeds United v Manchester City,Leeds United,Manchester City,Player Shots on Target,Bernardo Silva,Manchester City,0.5,3,Pointsbet,Leeds United,2611365,104198749,127
Leeds United v Manchester City,Leeds United,Manchester City,Player Shots on Target,Bernardo Silva,Manchester City,1.5,15,Pointsbet,Leeds United,2611365,104198749,128
Leeds United v Manchester City,Leeds United,Manchester City,Player Shots on Target,Bernardo Silva,Manchester City,2.5,81,Pointsbet,Leeds United,2611365,104198749,129
Leeds United v Manchester City,Leeds United,Manchester City,Player Shots on Target,Rodri,Manchester City,0.5,2.6,Pointsbet,Leeds United,2611365,104198749,133
Leeds United v Manchester City,Leeds United,Manchester City,Player Shots on Target,Rodri,Manchester City,1.5,11,Pointsbet,Leeds United,2611365,104198749,134
Leeds United v Manchester City,Leeds United,Manchester City,Player Shots on Target,Rodri,Manchester City,2.5,61,Pointsbet,Leeds United,2611365,104198749,135
Leeds United v Manchester City,Leeds United,Manchester City,Player Shots on Target,R<c3><ba>ben Dias,NA,0.5,5,Pointsbet,NA,2611365,104198749,139
Leeds United v Manchester City,Leeds United,Manchester City,Player Shots on Target,R<c3><ba>ben Dias,NA,1.5,36,Pointsbet,NA,2611365,104198749,140
Leeds United v Manchester City,Leeds United,Manchester City,Player Shots on Target,Erling Haaland,Manchester City,0.5,1.18,Pointsbet,Leeds United,2611365,104198749,145
Leeds United v Manchester City,Leeds United,Manchester City,Player Shots on Target,Erling Haaland,Manchester City,1.5,1.87,Pointsbet,Leeds United,2611365,104198749,146
Leeds United v Manchester City,Leeds United,Manchester City,Player Shots on Target,Erling Haaland,Manchester City,2.5,3.7,Pointsbet,Leeds United,2611365,104198749,147
Leeds United v Manchester City,Leeds United,Manchester City,Player Shots on Target,Erling Haaland,Manchester City,3.5,9,Pointsbet,Leeds United,2611365,104198749,148
Leeds United v Manchester City,Leeds United,Manchester City,Player Shots on Target,Erling Haaland,Manchester City,4.5,23,Pointsbet,Leeds United,2611365,104198749,149
Leeds United v Manchester City,Leeds United,Manchester City,Player Shots on Target,Erling Haaland,Manchester City,5.5,61,Pointsbet,Leeds United,2611365,104198749,150
Leeds United v Manchester City,Leeds United,Manchester City,Player Shots on Target,Phil Foden,Manchester City,0.5,1.59,Pointsbet,Leeds United,2611365,104198749,151
Leeds United v Manchester City,Leeds United,Manchester City,Player Shots on Target,Phil Foden,Manchester City,1.5,3.7,Pointsbet,Leeds United,2611365,104198749,152
Leeds United v Manchester City,Leeds United,Manchester City,Player Shots on Target,Phil Foden,Manchester City,2.5,11,Pointsbet,Leeds United,2611365,104198749,153
Leeds United v Manchester City,Leeds United,Manchester City,Player Shots on Target,Phil Foden,Manchester City,3.5,36,Pointsbet,Leeds United,2611365,104198749,154
Leeds United v Manchester City,Leeds United,Manchester City,Player Shots on Target,T. Reijnders,NA,0.5,1.77,Pointsbet,NA,2611365,104198749,157
Leeds United v Manchester City,Leeds United,Manchester City,Player Shots on Target,T. Reijnders,NA,1.5,5,Pointsbet,NA,2611365,104198749,158
Leeds United v Manchester City,Leeds United,Manchester City,Player Shots on Target,T. Reijnders,NA,2.5,16,Pointsbet,NA,2611365,104198749,159
Leeds United v Manchester City,Leeds United,Manchester City,Player Shots on Target,T. Reijnders,NA,3.5,71,Pointsbet,NA,2611365,104198749,160
Leeds United v Manchester City,Leeds United,Manchester City,Player Shots on Target,Antoine Semenyo,Manchester City,0.5,1.42,Pointsbet,Leeds United,2611365,104198749,163
Leeds United v Manchester City,Leeds United,Manchester City,Player Shots on Target,Antoine Semenyo,Bournemouth,0.5,1.42,Pointsbet,Leeds United,2611365,104198749,163
Leeds United v Manchester City,Leeds United,Manchester City,Player Shots on Target,Antoine Semenyo,Manchester City,1.5,3,Pointsbet,Leeds United,2611365,104198749,164
Leeds United v Manchester City,Leeds United,Manchester City,Player Shots on Target,Antoine Semenyo,Bournemouth,1.5,3,Pointsbet,Leeds United,2611365,104198749,164
Leeds United v Manchester City,Leeds United,Manchester City,Player Shots on Target,Antoine Semenyo,Manchester City,2.5,8.5,Pointsbet,Leeds United,2611365,104198749,165
Leeds United v Manchester City,Leeds United,Manchester City,Player Shots on Target,Antoine Semenyo,Bournemouth,2.5,8.5,Pointsbet,Leeds United,2611365,104198749,165
Leeds United v Manchester City,Leeds United,Manchester City,Player Shots on Target,Antoine Semenyo,Manchester City,3.5,26,Pointsbet,Leeds United,2611365,104198749,166
Leeds United v Manchester City,Leeds United,Manchester City,Player Shots on Target,Antoine Semenyo,Bournemouth,3.5,26,Pointsbet,Leeds United,2611365,104198749,166
Leeds United v Manchester City,Leeds United,Manchester City,Player Shots on Target,Antoine Semenyo,Manchester City,4.5,71,Pointsbet,Leeds United,2611365,104198749,167
Leeds United v Manchester City,Leeds United,Manchester City,Player Shots on Target,Antoine Semenyo,Bournemouth,4.5,71,Pointsbet,Leeds United,2611365,104198749,167
Leeds United v Manchester City,Leeds United,Manchester City,Player Shots on Target,Marc Gu<c3><a9>hi,NA,0.5,3.1,Pointsbet,NA,2611365,104198749,169
Leeds United v Manchester City,Leeds United,Manchester City,Player Shots on Target,Marc Gu<c3><a9>hi,NA,1.5,17,Pointsbet,NA,2611365,104198749,170
Leeds United v Manchester City,Leeds United,Manchester City,Player Shots on Target,Marc Gu<c3><a9>hi,NA,2.5,91,Pointsbet,NA,2611365,104198749,171
Leeds United v Manchester City,Leeds United,Manchester City,Player Shots on Target,R. Aït Nouri,NA,0.5,3.4,Pointsbet,NA,2611365,104198749,175
Leeds United v Manchester City,Leeds United,Manchester City,Player Shots on Target,R. Aït Nouri,NA,1.5,19,Pointsbet,NA,2611365,104198749,176
Leeds United v Manchester City,Leeds United,Manchester City,Player Shots on Target,Matheus Nunes,Manchester City,0.5,3.4,Pointsbet,Leeds United,2611365,104198749,181
Leeds United v Manchester City,Leeds United,Manchester City,Player Shots on Target,Matheus Nunes,Manchester City,1.5,19,Pointsbet,Leeds United,2611365,104198749,182
Leeds United v Manchester City,Leeds United,Manchester City,Player Shots on Target,Nico González,Manchester City,0.5,3.25,Pointsbet,Leeds United,2611365,104198749,187
Leeds United v Manchester City,Leeds United,Manchester City,Player Shots on Target,Nico González,Manchester City,1.5,16,Pointsbet,Leeds United,2611365,104198749,188
Leeds United v Manchester City,Leeds United,Manchester City,Player Shots on Target,M. Cherki,NA,0.5,1.56,Pointsbet,NA,2611365,104198749,193
Leeds United v Manchester City,Leeds United,Manchester City,Player Shots on Target,M. Cherki,NA,1.5,3.7,Pointsbet,NA,2611365,104198749,194
Leeds United v Manchester City,Leeds United,Manchester City,Player Shots on Target,M. Cherki,NA,2.5,12,Pointsbet,NA,2611365,104198749,195
Leeds United v Manchester City,Leeds United,Manchester City,Player Shots on Target,M. Cherki,NA,3.5,36,Pointsbet,NA,2611365,104198749,196
Leeds United v Manchester City,Leeds United,Manchester City,Player Shots on Target,O. Marmoush,NA,0.5,1.25,Pointsbet,NA,2611365,104198749,199
Leeds United v Manchester City,Leeds United,Manchester City,Player Shots on Target,O. Marmoush,NA,1.5,2.25,Pointsbet,NA,2611365,104198749,200
Leeds United v Manchester City,Leeds United,Manchester City,Player Shots on Target,O. Marmoush,NA,2.5,5,Pointsbet,NA,2611365,104198749,201
Leeds United v Manchester City,Leeds United,Manchester City,Player Shots on Target,O. Marmoush,NA,3.5,13,Pointsbet,NA,2611365,104198749,202
Leeds United v Manchester City,Leeds United,Manchester City,Player Shots on Target,O. Marmoush,NA,4.5,41,Pointsbet,NA,2611365,104198749,203
Leeds United v Manchester City,Leeds United,Manchester City,Player Shots on Target,Sávio,NA,0.5,1.74,Pointsbet,NA,2611365,104198749,205
Leeds United v Manchester City,Leeds United,Manchester City,Player Shots on Target,Sávio,NA,1.5,4.5,Pointsbet,NA,2611365,104198749,206
Leeds United v Manchester City,Leeds United,Manchester City,Player Shots on Target,Sávio,NA,2.5,16,Pointsbet,NA,2611365,104198749,207
Leeds United v Manchester City,Leeds United,Manchester City,Player Shots on Target,Sávio,NA,3.5,81,Pointsbet,NA,2611365,104198749,208
Leeds United v Manchester City,Leeds United,Manchester City,Player Shots on Target,Rico Lewis,Manchester City,0.5,3.9,Pointsbet,Leeds United,2611365,104198749,211
Leeds United v Manchester City,Leeds United,Manchester City,Player Shots on Target,Rico Lewis,Manchester City,1.5,26,Pointsbet,Leeds United,2611365,104198749,212
Leeds United v Manchester City,Leeds United,Manchester City,Player Shots on Target,Nico O'Reilly,Manchester City,0.5,2.4,Pointsbet,Leeds United,2611365,104198749,217
Leeds United v Manchester City,Leeds United,Manchester City,Player Shots on Target,Nico O'Reilly,Manchester City,1.5,9.5,Pointsbet,Leeds United,2611365,104198749,218
Leeds United v Manchester City,Leeds United,Manchester City,Player Shots on Target,Nico O'Reilly,Manchester City,2.5,41,Pointsbet,Leeds United,2611365,104198749,219
Leeds United v Manchester City,Leeds United,Manchester City,Player Shots on Target,A. Khusanov,NA,0.5,6,Pointsbet,NA,2611365,104198749,223
Leeds United v Manchester City,Leeds United,Manchester City,Player Shots on Target,A. Khusanov,NA,1.5,51,Pointsbet,NA,2611365,104198749,224
Leeds United v Manchester City,Leeds United,Manchester City,Player Shots on Target,G. Gudmundsson,NA,0.5,4.4,Pointsbet,NA,2611365,104198749,241
Leeds United v Manchester City,Leeds United,Manchester City,Player Shots on Target,G. Gudmundsson,NA,1.5,31,Pointsbet,NA,2611365,104198749,242
Leeds United v Manchester City,Leeds United,Manchester City,Player Shots on Target,M. Alleyne,NA,0.5,4.4,Pointsbet,NA,2611365,104198749,247
Leeds United v Manchester City,Leeds United,Manchester City,Player Shots on Target,M. Alleyne,NA,1.5,29,Pointsbet,NA,2611365,104198749,248
Manchester United v Crystal Palace,Manchester United,Crystal Palace,Player Shots on Target,Luke Shaw,Manchester United,0.5,3.7,Pointsbet,Crystal Palace,2612048,104244582,1
Manchester United v Crystal Palace,Manchester United,Crystal Palace,Player Shots on Target,Luke Shaw,Manchester United,1.5,21,Pointsbet,Crystal Palace,2612048,104244582,2
Manchester United v Crystal Palace,Manchester United,Crystal Palace,Player Shots on Target,Casemiro,Manchester United,0.5,1.95,Pointsbet,Crystal Palace,2612048,104244582,7
Manchester United v Crystal Palace,Manchester United,Crystal Palace,Player Shots on Target,Casemiro,Manchester United,1.5,6,Pointsbet,Crystal Palace,2612048,104244582,8
Manchester United v Crystal Palace,Manchester United,Crystal Palace,Player Shots on Target,Casemiro,Manchester United,2.5,23,Pointsbet,Crystal Palace,2612048,104244582,9
Manchester United v Crystal Palace,Manchester United,Crystal Palace,Player Shots on Target,Bruno Fernandes,Manchester United,0.5,1.42,Pointsbet,Crystal Palace,2612048,104244582,13
Manchester United v Crystal Palace,Manchester United,Crystal Palace,Player Shots on Target,Bruno Fernandes,Manchester United,1.5,3,Pointsbet,Crystal Palace,2612048,104244582,14
Manchester United v Crystal Palace,Manchester United,Crystal Palace,Player Shots on Target,Bruno Fernandes,Manchester United,2.5,8,Pointsbet,Crystal Palace,2612048,104244582,15
Manchester United v Crystal Palace,Manchester United,Crystal Palace,Player Shots on Target,Bruno Fernandes,Manchester United,3.5,23,Pointsbet,Crystal Palace,2612048,104244582,16
Manchester United v Crystal Palace,Manchester United,Crystal Palace,Player Shots on Target,Bruno Fernandes,Manchester United,4.5,91,Pointsbet,Crystal Palace,2612048,104244582,17
Manchester United v Crystal Palace,Manchester United,Crystal Palace,Player Shots on Target,Harry Maguire,Manchester United,0.5,3,Pointsbet,Crystal Palace,2612048,104244582,19
Manchester United v Crystal Palace,Manchester United,Crystal Palace,Player Shots on Target,Harry Maguire,Manchester United,1.5,15,Pointsbet,Crystal Palace,2612048,104244582,20
Manchester United v Crystal Palace,Manchester United,Crystal Palace,Player Shots on Target,Harry Maguire,Manchester United,2.5,91,Pointsbet,Crystal Palace,2612048,104244582,21
Manchester United v Crystal Palace,Manchester United,Crystal Palace,Player Shots on Target,Noussair Mazraoui,Manchester United,0.5,3.3,Pointsbet,Crystal Palace,2612048,104244582,25
Manchester United v Crystal Palace,Manchester United,Crystal Palace,Player Shots on Target,Noussair Mazraoui,Manchester United,1.5,17,Pointsbet,Crystal Palace,2612048,104244582,26
Manchester United v Crystal Palace,Manchester United,Crystal Palace,Player Shots on Target,T. Malacia,NA,0.5,3.7,Pointsbet,NA,2612048,104244582,31
Manchester United v Crystal Palace,Manchester United,Crystal Palace,Player Shots on Target,T. Malacia,NA,1.5,20,Pointsbet,NA,2612048,104244582,32
Manchester United v Crystal Palace,Manchester United,Crystal Palace,Player Shots on Target,Diogo Dalot,Manchester United,0.5,3.4,Pointsbet,Crystal Palace,2612048,104244582,37
Manchester United v Crystal Palace,Manchester United,Crystal Palace,Player Shots on Target,Diogo Dalot,Manchester United,1.5,19,Pointsbet,Crystal Palace,2612048,104244582,38
Manchester United v Crystal Palace,Manchester United,Crystal Palace,Player Shots on Target,Matheus Cunha,Manchester United,0.5,1.25,Pointsbet,Crystal Palace,2612048,104244582,43
Manchester United v Crystal Palace,Manchester United,Crystal Palace,Player Shots on Target,Matheus Cunha,Manchester United,1.5,2.25,Pointsbet,Crystal Palace,2612048,104244582,44
Manchester United v Crystal Palace,Manchester United,Crystal Palace,Player Shots on Target,Matheus Cunha,Manchester United,2.5,4.75,Pointsbet,Crystal Palace,2612048,104244582,45
Manchester United v Crystal Palace,Manchester United,Crystal Palace,Player Shots on Target,Matheus Cunha,Manchester United,3.5,12,Pointsbet,Crystal Palace,2612048,104244582,46
Manchester United v Crystal Palace,Manchester United,Crystal Palace,Player Shots on Target,Matheus Cunha,Manchester United,4.5,36,Pointsbet,Crystal Palace,2612048,104244582,47
Manchester United v Crystal Palace,Manchester United,Crystal Palace,Player Shots on Target,Joshua Zirkzee,Manchester United,0.5,1.36,Pointsbet,Crystal Palace,2612048,104244582,49
Manchester United v Crystal Palace,Manchester United,Crystal Palace,Player Shots on Target,Joshua Zirkzee,Manchester United,1.5,2.85,Pointsbet,Crystal Palace,2612048,104244582,50
Manchester United v Crystal Palace,Manchester United,Crystal Palace,Player Shots on Target,Joshua Zirkzee,Manchester United,2.5,7,Pointsbet,Crystal Palace,2612048,104244582,51
Manchester United v Crystal Palace,Manchester United,Crystal Palace,Player Shots on Target,Joshua Zirkzee,Manchester United,3.5,21,Pointsbet,Crystal Palace,2612048,104244582,52
Manchester United v Crystal Palace,Manchester United,Crystal Palace,Player Shots on Target,Joshua Zirkzee,Manchester United,4.5,91,Pointsbet,Crystal Palace,2612048,104244582,53
Manchester United v Crystal Palace,Manchester United,Crystal Palace,Player Shots on Target,Bryan Mbeumo,Manchester United,0.5,1.25,Pointsbet,Crystal Palace,2612048,104244582,55
Manchester United v Crystal Palace,Manchester United,Crystal Palace,Player Shots on Target,Bryan Mbeumo,Manchester United,1.5,2.3,Pointsbet,Crystal Palace,2612048,104244582,56
Manchester United v Crystal Palace,Manchester United,Crystal Palace,Player Shots on Target,Bryan Mbeumo,Manchester United,2.5,5,Pointsbet,Crystal Palace,2612048,104244582,57
Manchester United v Crystal Palace,Manchester United,Crystal Palace,Player Shots on Target,Bryan Mbeumo,Manchester United,3.5,13,Pointsbet,Crystal Palace,2612048,104244582,58
Manchester United v Crystal Palace,Manchester United,Crystal Palace,Player Shots on Target,Bryan Mbeumo,Manchester United,4.5,41,Pointsbet,Crystal Palace,2612048,104244582,59
Manchester United v Crystal Palace,Manchester United,Crystal Palace,Player Shots on Target,B. Šeško,NA,0.5,1.19,Pointsbet,NA,2612048,104244582,61
Manchester United v Crystal Palace,Manchester United,Crystal Palace,Player Shots on Target,B. Šeško,NA,1.5,1.95,Pointsbet,NA,2612048,104244582,62
Manchester United v Crystal Palace,Manchester United,Crystal Palace,Player Shots on Target,B. Šeško,NA,2.5,4,Pointsbet,NA,2612048,104244582,63
Manchester United v Crystal Palace,Manchester United,Crystal Palace,Player Shots on Target,B. Šeško,NA,3.5,10,Pointsbet,NA,2612048,104244582,64
Manchester United v Crystal Palace,Manchester United,Crystal Palace,Player Shots on Target,B. Šeško,NA,4.5,26,Pointsbet,NA,2612048,104244582,65
Manchester United v Crystal Palace,Manchester United,Crystal Palace,Player Shots on Target,B. Šeško,NA,5.5,81,Pointsbet,NA,2612048,104244582,66
Manchester United v Crystal Palace,Manchester United,Crystal Palace,Player Shots on Target,M. Ugarte,NA,0.5,3.25,Pointsbet,NA,2612048,104244582,67
Manchester United v Crystal Palace,Manchester United,Crystal Palace,Player Shots on Target,M. Ugarte,NA,1.5,16,Pointsbet,NA,2612048,104244582,68
Manchester United v Crystal Palace,Manchester United,Crystal Palace,Player Shots on Target,M. Ugarte,NA,2.5,91,Pointsbet,NA,2612048,104244582,69
Manchester United v Crystal Palace,Manchester United,Crystal Palace,Player Shots on Target,A. Diallo,NA,0.5,1.5,Pointsbet,NA,2612048,104244582,73
Manchester United v Crystal Palace,Manchester United,Crystal Palace,Player Shots on Target,A. Diallo,NA,1.5,3.4,Pointsbet,NA,2612048,104244582,74
Manchester United v Crystal Palace,Manchester United,Crystal Palace,Player Shots on Target,A. Diallo,NA,2.5,10,Pointsbet,NA,2612048,104244582,75
Manchester United v Crystal Palace,Manchester United,Crystal Palace,Player Shots on Target,A. Diallo,NA,3.5,36,Pointsbet,NA,2612048,104244582,76
Manchester United v Crystal Palace,Manchester United,Crystal Palace,Player Shots on Target,Leny Yoro,Manchester United,0.5,4.5,Pointsbet,Crystal Palace,2612048,104244582,79
Manchester United v Crystal Palace,Manchester United,Crystal Palace,Player Shots on Target,Leny Yoro,Manchester United,1.5,31,Pointsbet,Crystal Palace,2612048,104244582,80
Manchester United v Crystal Palace,Manchester United,Crystal Palace,Player Shots on Target,Kobbie Mainoo,Manchester United,0.5,2.55,Pointsbet,Crystal Palace,2612048,104244582,91
Manchester United v Crystal Palace,Manchester United,Crystal Palace,Player Shots on Target,Kobbie Mainoo,Manchester United,1.5,11,Pointsbet,Crystal Palace,2612048,104244582,92
Manchester United v Crystal Palace,Manchester United,Crystal Palace,Player Shots on Target,Kobbie Mainoo,Manchester United,2.5,61,Pointsbet,Crystal Palace,2612048,104244582,93
Manchester United v Crystal Palace,Manchester United,Crystal Palace,Player Shots on Target,Ayden Heaven,Manchester United,0.5,3.7,Pointsbet,Crystal Palace,2612048,104244582,97
Manchester United v Crystal Palace,Manchester United,Crystal Palace,Player Shots on Target,Ayden Heaven,Manchester United,1.5,23,Pointsbet,Crystal Palace,2612048,104244582,98
Manchester United v Crystal Palace,Manchester United,Crystal Palace,Player Shots on Target,Nathaniel Clyne,Crystal Palace,0.5,4.5,Pointsbet,Manchester United,2612048,104244582,109
Manchester United v Crystal Palace,Manchester United,Crystal Palace,Player Shots on Target,Nathaniel Clyne,Crystal Palace,1.5,29,Pointsbet,Manchester United,2612048,104244582,110
Manchester United v Crystal Palace,Manchester United,Crystal Palace,Player Shots on Target,Will Hughes,Crystal Palace,0.5,4.5,Pointsbet,Manchester United,2612048,104244582,115
Manchester United v Crystal Palace,Manchester United,Crystal Palace,Player Shots on Target,Will Hughes,Crystal Palace,1.5,31,Pointsbet,Manchester United,2612048,104244582,116
Manchester United v Crystal Palace,Manchester United,Crystal Palace,Player Shots on Target,Isma<c3><af>la Sarr,NA,0.5,1.83,Pointsbet,NA,2612048,104244582,121
Manchester United v Crystal Palace,Manchester United,Crystal Palace,Player Shots on Target,Isma<c3><af>la Sarr,NA,1.5,5.25,Pointsbet,NA,2612048,104244582,122
Manchester United v Crystal Palace,Manchester United,Crystal Palace,Player Shots on Target,Isma<c3><af>la Sarr,NA,2.5,20,Pointsbet,NA,2612048,104244582,123
Manchester United v Crystal Palace,Manchester United,Crystal Palace,Player Shots on Target,Isma<c3><af>la Sarr,NA,3.5,71,Pointsbet,NA,2612048,104244582,124
Manchester United v Crystal Palace,Manchester United,Crystal Palace,Player Shots on Target,D. Muñoz,NA,0.5,3,Pointsbet,NA,2612048,104244582,127
Manchester United v Crystal Palace,Manchester United,Crystal Palace,Player Shots on Target,D. Muñoz,NA,1.5,13,Pointsbet,NA,2612048,104244582,128
Manchester United v Crystal Palace,Manchester United,Crystal Palace,Player Shots on Target,D. Muñoz,NA,2.5,81,Pointsbet,NA,2612048,104244582,129
Manchester United v Crystal Palace,Manchester United,Crystal Palace,Player Shots on Target,Daichi Kamada,Crystal Palace,0.5,3.25,Pointsbet,Manchester United,2612048,104244582,133
Manchester United v Crystal Palace,Manchester United,Crystal Palace,Player Shots on Target,Daichi Kamada,Crystal Palace,1.5,17,Pointsbet,Manchester United,2612048,104244582,134
Manchester United v Crystal Palace,Manchester United,Crystal Palace,Player Shots on Target,J<c3><b8>rgen Strand Larsen,NA,0.5,1.44,Pointsbet,NA,2612048,104244582,139
Manchester United v Crystal Palace,Manchester United,Crystal Palace,Player Shots on Target,J<c3><b8>rgen Strand Larsen,NA,1.5,3.25,Pointsbet,NA,2612048,104244582,140
Manchester United v Crystal Palace,Manchester United,Crystal Palace,Player Shots on Target,J<c3><b8>rgen Strand Larsen,NA,2.5,8.5,Pointsbet,NA,2612048,104244582,141
Manchester United v Crystal Palace,Manchester United,Crystal Palace,Player Shots on Target,J<c3><b8>rgen Strand Larsen,NA,3.5,26,Pointsbet,NA,2612048,104244582,142
Manchester United v Crystal Palace,Manchester United,Crystal Palace,Player Shots on Target,J<c3><b8>rgen Strand Larsen,NA,4.5,91,Pointsbet,NA,2612048,104244582,143
Manchester United v Crystal Palace,Manchester United,Crystal Palace,Player Shots on Target,M. Lacroix,NA,0.5,5.25,Pointsbet,NA,2612048,104244582,151
Manchester United v Crystal Palace,Manchester United,Crystal Palace,Player Shots on Target,M. Lacroix,NA,1.5,41,Pointsbet,NA,2612048,104244582,152
Manchester United v Crystal Palace,Manchester United,Crystal Palace,Player Shots on Target,Sosa,NA,0.5,4.5,Pointsbet,NA,2612048,104244582,163
Manchester United v Crystal Palace,Manchester United,Crystal Palace,Player Shots on Target,Sosa,NA,1.5,31,Pointsbet,NA,2612048,104244582,164
Manchester United v Crystal Palace,Manchester United,Crystal Palace,Player Shots on Target,Brennan Johnson,Tottenham Hotspur,0.5,2,Pointsbet,Manchester United,2612048,104244582,169
Manchester United v Crystal Palace,Manchester United,Crystal Palace,Player Shots on Target,Brennan Johnson,Crystal Palace,0.5,2,Pointsbet,Manchester United,2612048,104244582,169
Manchester United v Crystal Palace,Manchester United,Crystal Palace,Player Shots on Target,Brennan Johnson,Tottenham Hotspur,1.5,6.5,Pointsbet,Manchester United,2612048,104244582,170
Manchester United v Crystal Palace,Manchester United,Crystal Palace,Player Shots on Target,Brennan Johnson,Crystal Palace,1.5,6.5,Pointsbet,Manchester United,2612048,104244582,170
Manchester United v Crystal Palace,Manchester United,Crystal Palace,Player Shots on Target,Brennan Johnson,Tottenham Hotspur,2.5,26,Pointsbet,Manchester United,2612048,104244582,171
Manchester United v Crystal Palace,Manchester United,Crystal Palace,Player Shots on Target,Brennan Johnson,Crystal Palace,2.5,26,Pointsbet,Manchester United,2612048,104244582,171
Manchester United v Crystal Palace,Manchester United,Crystal Palace,Player Shots on Target,E. Guessand,NA,0.5,1.83,Pointsbet,NA,2612048,104244582,175
Manchester United v Crystal Palace,Manchester United,Crystal Palace,Player Shots on Target,E. Guessand,NA,1.5,5,Pointsbet,NA,2612048,104244582,176
Manchester United v Crystal Palace,Manchester United,Crystal Palace,Player Shots on Target,E. Guessand,NA,2.5,19,Pointsbet,NA,2612048,104244582,177
Manchester United v Crystal Palace,Manchester United,Crystal Palace,Player Shots on Target,E. Guessand,NA,3.5,91,Pointsbet,NA,2612048,104244582,178
Manchester United v Crystal Palace,Manchester United,Crystal Palace,Player Shots on Target,Tyrick Mitchell,Crystal Palace,0.5,5.25,Pointsbet,Manchester United,2612048,104244582,181
Manchester United v Crystal Palace,Manchester United,Crystal Palace,Player Shots on Target,Tyrick Mitchell,Crystal Palace,1.5,51,Pointsbet,Manchester United,2612048,104244582,182
Manchester United v Crystal Palace,Manchester United,Crystal Palace,Player Shots on Target,Yeremi Pino,NA,0.5,2.25,Pointsbet,NA,2612048,104244582,193
Manchester United v Crystal Palace,Manchester United,Crystal Palace,Player Shots on Target,Yeremi Pino,NA,1.5,8.5,Pointsbet,NA,2612048,104244582,194
Manchester United v Crystal Palace,Manchester United,Crystal Palace,Player Shots on Target,Yeremi Pino,NA,2.5,36,Pointsbet,NA,2612048,104244582,195
Manchester United v Crystal Palace,Manchester United,Crystal Palace,Player Shots on Target,J. Devenny,NA,0.5,2.35,Pointsbet,NA,2612048,104244582,199
Manchester United v Crystal Palace,Manchester United,Crystal Palace,Player Shots on Target,J. Devenny,NA,1.5,9,Pointsbet,NA,2612048,104244582,200
Manchester United v Crystal Palace,Manchester United,Crystal Palace,Player Shots on Target,J. Devenny,NA,2.5,41,Pointsbet,NA,2612048,104244582,201
Manchester United v Crystal Palace,Manchester United,Crystal Palace,Player Shots on Target,Adam Wharton,Crystal Palace,0.5,3.7,Pointsbet,Manchester United,2612048,104244582,205
Manchester United v Crystal Palace,Manchester United,Crystal Palace,Player Shots on Target,Adam Wharton,Crystal Palace,1.5,23,Pointsbet,Manchester United,2612048,104244582,206
Manchester United v Crystal Palace,Manchester United,Crystal Palace,Player Shots on Target,Kaden Rodney,Crystal Palace,0.5,4.5,Pointsbet,Manchester United,2612048,104244582,217
Manchester United v Crystal Palace,Manchester United,Crystal Palace,Player Shots on Target,Kaden Rodney,Crystal Palace,1.5,31,Pointsbet,Manchester United,2612048,104244582,218
Brighton & Hove Albion v Nottingham Forest,Brighton & Hove Albion,Nottingham Forest,Player Shots on Target,James Milner,Brighton & Hove Albion,0.5,3.6,Pointsbet,Nottingham Forest,2612046,104245039,1
Brighton & Hove Albion v Nottingham Forest,Brighton & Hove Albion,Nottingham Forest,Player Shots on Target,James Milner,Brighton & Hove Albion,1.5,20,Pointsbet,Nottingham Forest,2612046,104245039,2
Brighton & Hove Albion v Nottingham Forest,Brighton & Hove Albion,Nottingham Forest,Player Shots on Target,Danny Welbeck,Brighton & Hove Albion,0.5,1.36,Pointsbet,Nottingham Forest,2612046,104245039,7
Brighton & Hove Albion v Nottingham Forest,Brighton & Hove Albion,Nottingham Forest,Player Shots on Target,Danny Welbeck,Brighton & Hove Albion,1.5,2.85,Pointsbet,Nottingham Forest,2612046,104245039,8
Brighton & Hove Albion v Nottingham Forest,Brighton & Hove Albion,Nottingham Forest,Player Shots on Target,Danny Welbeck,Brighton & Hove Albion,2.5,7.5,Pointsbet,Nottingham Forest,2612046,104245039,9
Brighton & Hove Albion v Nottingham Forest,Brighton & Hove Albion,Nottingham Forest,Player Shots on Target,Danny Welbeck,Brighton & Hove Albion,3.5,26,Pointsbet,Nottingham Forest,2612046,104245039,10
Brighton & Hove Albion v Nottingham Forest,Brighton & Hove Albion,Nottingham Forest,Player Shots on Target,Danny Welbeck,Brighton & Hove Albion,4.5,91,Pointsbet,Nottingham Forest,2612046,104245039,11
Brighton & Hove Albion v Nottingham Forest,Brighton & Hove Albion,Nottingham Forest,Player Shots on Target,Jo<c3><ab>l Veltman,NA,0.5,5,Pointsbet,NA,2612046,104245039,13
Brighton & Hove Albion v Nottingham Forest,Brighton & Hove Albion,Nottingham Forest,Player Shots on Target,Jo<c3><ab>l Veltman,NA,1.5,41,Pointsbet,NA,2612046,104245039,14
Brighton & Hove Albion v Nottingham Forest,Brighton & Hove Albion,Nottingham Forest,Player Shots on Target,Groß,NA,0.5,2.5,Pointsbet,NA,2612046,104245039,19
Brighton & Hove Albion v Nottingham Forest,Brighton & Hove Albion,Nottingham Forest,Player Shots on Target,Groß,NA,1.5,10,Pointsbet,NA,2612046,104245039,20
Brighton & Hove Albion v Nottingham Forest,Brighton & Hove Albion,Nottingham Forest,Player Shots on Target,Groß,NA,2.5,41,Pointsbet,NA,2612046,104245039,21
Brighton & Hove Albion v Nottingham Forest,Brighton & Hove Albion,Nottingham Forest,Player Shots on Target,Lewis Dunk,Brighton & Hove Albion,0.5,3.7,Pointsbet,Nottingham Forest,2612046,104245039,25
Brighton & Hove Albion v Nottingham Forest,Brighton & Hove Albion,Nottingham Forest,Player Shots on Target,Lewis Dunk,Brighton & Hove Albion,1.5,23,Pointsbet,Nottingham Forest,2612046,104245039,26
Brighton & Hove Albion v Nottingham Forest,Brighton & Hove Albion,Nottingham Forest,Player Shots on Target,March,NA,0.5,1.74,Pointsbet,NA,2612046,104245039,31
Brighton & Hove Albion v Nottingham Forest,Brighton & Hove Albion,Nottingham Forest,Player Shots on Target,March,NA,1.5,4.5,Pointsbet,NA,2612046,104245039,32
Brighton & Hove Albion v Nottingham Forest,Brighton & Hove Albion,Nottingham Forest,Player Shots on Target,March,NA,2.5,16,Pointsbet,NA,2612046,104245039,33
Brighton & Hove Albion v Nottingham Forest,Brighton & Hove Albion,Nottingham Forest,Player Shots on Target,March,NA,3.5,61,Pointsbet,NA,2612046,104245039,34
Brighton & Hove Albion v Nottingham Forest,Brighton & Hove Albion,Nottingham Forest,Player Shots on Target,Boscagli,NA,0.5,4.75,Pointsbet,NA,2612046,104245039,43
Brighton & Hove Albion v Nottingham Forest,Brighton & Hove Albion,Nottingham Forest,Player Shots on Target,Boscagli,NA,1.5,41,Pointsbet,NA,2612046,104245039,44
Brighton & Hove Albion v Nottingham Forest,Brighton & Hove Albion,Nottingham Forest,Player Shots on Target,Ferdi Kadioglu,NA,0.5,3.3,Pointsbet,NA,2612046,104245039,49
Brighton & Hove Albion v Nottingham Forest,Brighton & Hove Albion,Nottingham Forest,Player Shots on Target,Ferdi Kadioglu,NA,1.5,16,Pointsbet,NA,2612046,104245039,50
Brighton & Hove Albion v Nottingham Forest,Brighton & Hove Albion,Nottingham Forest,Player Shots on Target,Ferdi Kadioglu,NA,2.5,91,Pointsbet,NA,2612046,104245039,51
Brighton & Hove Albion v Nottingham Forest,Brighton & Hove Albion,Nottingham Forest,Player Shots on Target,Igor,NA,0.5,3,Pointsbet,NA,2612046,104245039,55
Brighton & Hove Albion v Nottingham Forest,Brighton & Hove Albion,Nottingham Forest,Player Shots on Target,Igor,NA,1.5,15,Pointsbet,NA,2612046,104245039,56
Brighton & Hove Albion v Nottingham Forest,Brighton & Hove Albion,Nottingham Forest,Player Shots on Target,Igor,NA,2.5,91,Pointsbet,NA,2612046,104245039,57
Brighton & Hove Albion v Nottingham Forest,Brighton & Hove Albion,Nottingham Forest,Player Shots on Target,Matt O'Riley,Brighton & Hove Albion,0.5,1.9,Pointsbet,Nottingham Forest,2612046,104245039,61
Brighton & Hove Albion v Nottingham Forest,Brighton & Hove Albion,Nottingham Forest,Player Shots on Target,Matt O'Riley,Brighton & Hove Albion,1.5,5.75,Pointsbet,Nottingham Forest,2612046,104245039,62
Brighton & Hove Albion v Nottingham Forest,Brighton & Hove Albion,Nottingham Forest,Player Shots on Target,Matt O'Riley,Brighton & Hove Albion,2.5,21,Pointsbet,Nottingham Forest,2612046,104245039,63
Brighton & Hove Albion v Nottingham Forest,Brighton & Hove Albion,Nottingham Forest,Player Shots on Target,Kaoru Mitoma,Brighton & Hove Albion,0.5,1.77,Pointsbet,Nottingham Forest,2612046,104245039,67
Brighton & Hove Albion v Nottingham Forest,Brighton & Hove Albion,Nottingham Forest,Player Shots on Target,Kaoru Mitoma,Brighton & Hove Albion,1.5,4.75,Pointsbet,Nottingham Forest,2612046,104245039,68
Brighton & Hove Albion v Nottingham Forest,Brighton & Hove Albion,Nottingham Forest,Player Shots on Target,Kaoru Mitoma,Brighton & Hove Albion,2.5,19,Pointsbet,Nottingham Forest,2612046,104245039,69
Brighton & Hove Albion v Nottingham Forest,Brighton & Hove Albion,Nottingham Forest,Player Shots on Target,Kaoru Mitoma,Brighton & Hove Albion,3.5,81,Pointsbet,Nottingham Forest,2612046,104245039,70
Brighton & Hove Albion v Nottingham Forest,Brighton & Hove Albion,Nottingham Forest,Player Shots on Target,M. De Cuyper,NA,0.5,2.5,Pointsbet,NA,2612046,104245039,73
Brighton & Hove Albion v Nottingham Forest,Brighton & Hove Albion,Nottingham Forest,Player Shots on Target,M. De Cuyper,NA,1.5,10.5,Pointsbet,NA,2612046,104245039,74
Brighton & Hove Albion v Nottingham Forest,Brighton & Hove Albion,Nottingham Forest,Player Shots on Target,M. De Cuyper,NA,2.5,51,Pointsbet,NA,2612046,104245039,75
Brighton & Hove Albion v Nottingham Forest,Brighton & Hove Albion,Nottingham Forest,Player Shots on Target,Georginio Rutter,Brighton & Hove Albion,0.5,1.63,Pointsbet,Nottingham Forest,2612046,104245039,79
Brighton & Hove Albion v Nottingham Forest,Brighton & Hove Albion,Nottingham Forest,Player Shots on Target,Georginio Rutter,Brighton & Hove Albion,1.5,3.9,Pointsbet,Nottingham Forest,2612046,104245039,80
Brighton & Hove Albion v Nottingham Forest,Brighton & Hove Albion,Nottingham Forest,Player Shots on Target,Georginio Rutter,Brighton & Hove Albion,2.5,12,Pointsbet,Nottingham Forest,2612046,104245039,81
Brighton & Hove Albion v Nottingham Forest,Brighton & Hove Albion,Nottingham Forest,Player Shots on Target,Georginio Rutter,Brighton & Hove Albion,3.5,41,Pointsbet,Nottingham Forest,2612046,104245039,82
Brighton & Hove Albion v Nottingham Forest,Brighton & Hove Albion,Nottingham Forest,Player Shots on Target,Mats Wieffer,Brighton & Hove Albion,0.5,3.7,Pointsbet,Nottingham Forest,2612046,104245039,85
Brighton & Hove Albion v Nottingham Forest,Brighton & Hove Albion,Nottingham Forest,Player Shots on Target,Mats Wieffer,Brighton & Hove Albion,1.5,23,Pointsbet,Nottingham Forest,2612046,104245039,86
Brighton & Hove Albion v Nottingham Forest,Brighton & Hove Albion,Nottingham Forest,Player Shots on Target,Jan Paul van Hecke,Brighton & Hove Albion,0.5,3.6,Pointsbet,Nottingham Forest,2612046,104245039,91
Brighton & Hove Albion v Nottingham Forest,Brighton & Hove Albion,Nottingham Forest,Player Shots on Target,Jan Paul van Hecke,Brighton & Hove Albion,1.5,21,Pointsbet,Nottingham Forest,2612046,104245039,92
Brighton & Hove Albion v Nottingham Forest,Brighton & Hove Albion,Nottingham Forest,Player Shots on Target,D. Gómez,NA,0.5,1.77,Pointsbet,NA,2612046,104245039,97
Brighton & Hove Albion v Nottingham Forest,Brighton & Hove Albion,Nottingham Forest,Player Shots on Target,D. Gómez,NA,1.5,4.75,Pointsbet,NA,2612046,104245039,98
Brighton & Hove Albion v Nottingham Forest,Brighton & Hove Albion,Nottingham Forest,Player Shots on Target,D. Gómez,NA,2.5,19,Pointsbet,NA,2612046,104245039,99
Brighton & Hove Albion v Nottingham Forest,Brighton & Hove Albion,Nottingham Forest,Player Shots on Target,D. Gómez,NA,3.5,71,Pointsbet,NA,2612046,104245039,100
Brighton & Hove Albion v Nottingham Forest,Brighton & Hove Albion,Nottingham Forest,Player Shots on Target,Carlos Baleba,Brighton & Hove Albion,0.5,2.7,Pointsbet,Nottingham Forest,2612046,104245039,103
Brighton & Hove Albion v Nottingham Forest,Brighton & Hove Albion,Nottingham Forest,Player Shots on Target,Carlos Baleba,Brighton & Hove Albion,1.5,12,Pointsbet,Nottingham Forest,2612046,104245039,104
Brighton & Hove Albion v Nottingham Forest,Brighton & Hove Albion,Nottingham Forest,Player Shots on Target,Carlos Baleba,Brighton & Hove Albion,2.5,61,Pointsbet,Nottingham Forest,2612046,104245039,105
Brighton & Hove Albion v Nottingham Forest,Brighton & Hove Albion,Nottingham Forest,Player Shots on Target,Yankuba Minteh,Brighton & Hove Albion,0.5,1.77,Pointsbet,Nottingham Forest,2612046,104245039,109
Brighton & Hove Albion v Nottingham Forest,Brighton & Hove Albion,Nottingham Forest,Player Shots on Target,Yankuba Minteh,Brighton & Hove Albion,1.5,5,Pointsbet,Nottingham Forest,2612046,104245039,110
Brighton & Hove Albion v Nottingham Forest,Brighton & Hove Albion,Nottingham Forest,Player Shots on Target,Yankuba Minteh,Brighton & Hove Albion,2.5,19,Pointsbet,Nottingham Forest,2612046,104245039,111
Brighton & Hove Albion v Nottingham Forest,Brighton & Hove Albion,Nottingham Forest,Player Shots on Target,Yankuba Minteh,Brighton & Hove Albion,3.5,81,Pointsbet,Nottingham Forest,2612046,104245039,112
Brighton & Hove Albion v Nottingham Forest,Brighton & Hove Albion,Nottingham Forest,Player Shots on Target,Jack Hinshelwood,Brighton & Hove Albion,0.5,2.15,Pointsbet,Nottingham Forest,2612046,104245039,115
Brighton & Hove Albion v Nottingham Forest,Brighton & Hove Albion,Nottingham Forest,Player Shots on Target,Jack Hinshelwood,Brighton & Hove Albion,1.5,7,Pointsbet,Nottingham Forest,2612046,104245039,116
Brighton & Hove Albion v Nottingham Forest,Brighton & Hove Albion,Nottingham Forest,Player Shots on Target,Jack Hinshelwood,Brighton & Hove Albion,2.5,31,Pointsbet,Nottingham Forest,2612046,104245039,117
Brighton & Hove Albion v Nottingham Forest,Brighton & Hove Albion,Nottingham Forest,Player Shots on Target,Charalampos Kostoulas,Brighton & Hove Albion,0.5,1.42,Pointsbet,Nottingham Forest,2612046,104245039,121
Brighton & Hove Albion v Nottingham Forest,Brighton & Hove Albion,Nottingham Forest,Player Shots on Target,Charalampos Kostoulas,Brighton & Hove Albion,1.5,3.1,Pointsbet,Nottingham Forest,2612046,104245039,122
Brighton & Hove Albion v Nottingham Forest,Brighton & Hove Albion,Nottingham Forest,Player Shots on Target,Charalampos Kostoulas,Brighton & Hove Albion,2.5,8.5,Pointsbet,Nottingham Forest,2612046,104245039,123
Brighton & Hove Albion v Nottingham Forest,Brighton & Hove Albion,Nottingham Forest,Player Shots on Target,Charalampos Kostoulas,Brighton & Hove Albion,3.5,29,Pointsbet,Nottingham Forest,2612046,104245039,124
Brighton & Hove Albion v Nottingham Forest,Brighton & Hove Albion,Nottingham Forest,Player Shots on Target,Harry Howell,Brighton & Hove Albion,0.5,1.74,Pointsbet,Nottingham Forest,2612046,104245039,127
Brighton & Hove Albion v Nottingham Forest,Brighton & Hove Albion,Nottingham Forest,Player Shots on Target,Harry Howell,Brighton & Hove Albion,1.5,4.5,Pointsbet,Nottingham Forest,2612046,104245039,128
Brighton & Hove Albion v Nottingham Forest,Brighton & Hove Albion,Nottingham Forest,Player Shots on Target,Harry Howell,Brighton & Hove Albion,2.5,16,Pointsbet,Nottingham Forest,2612046,104245039,129
Brighton & Hove Albion v Nottingham Forest,Brighton & Hove Albion,Nottingham Forest,Player Shots on Target,Harry Howell,Brighton & Hove Albion,3.5,61,Pointsbet,Nottingham Forest,2612046,104245039,130
Brighton & Hove Albion v Nottingham Forest,Brighton & Hove Albion,Nottingham Forest,Player Shots on Target,Ola Aina,Nottingham Forest,0.5,4.5,Pointsbet,Brighton & Hove Albion,2612046,104245039,133
Brighton & Hove Albion v Nottingham Forest,Brighton & Hove Albion,Nottingham Forest,Player Shots on Target,Ola Aina,Nottingham Forest,1.5,29,Pointsbet,Brighton & Hove Albion,2612046,104245039,134
Brighton & Hove Albion v Nottingham Forest,Brighton & Hove Albion,Nottingham Forest,Player Shots on Target,Taiwo Awoniyi,Nottingham Forest,0.5,1.44,Pointsbet,Brighton & Hove Albion,2612046,104245039,139
Brighton & Hove Albion v Nottingham Forest,Brighton & Hove Albion,Nottingham Forest,Player Shots on Target,Taiwo Awoniyi,Nottingham Forest,1.5,3.1,Pointsbet,Brighton & Hove Albion,2612046,104245039,140
Brighton & Hove Albion v Nottingham Forest,Brighton & Hove Albion,Nottingham Forest,Player Shots on Target,Taiwo Awoniyi,Nottingham Forest,2.5,8.5,Pointsbet,Brighton & Hove Albion,2612046,104245039,141
Brighton & Hove Albion v Nottingham Forest,Brighton & Hove Albion,Nottingham Forest,Player Shots on Target,Taiwo Awoniyi,Nottingham Forest,3.5,26,Pointsbet,Brighton & Hove Albion,2612046,104245039,142
Brighton & Hove Albion v Nottingham Forest,Brighton & Hove Albion,Nottingham Forest,Player Shots on Target,Morgan Gibbs-White,Nottingham Forest,0.5,1.74,Pointsbet,Brighton & Hove Albion,2612046,104245039,151
Brighton & Hove Albion v Nottingham Forest,Brighton & Hove Albion,Nottingham Forest,Player Shots on Target,Morgan Gibbs-White,Nottingham Forest,1.5,4.5,Pointsbet,Brighton & Hove Albion,2612046,104245039,152
Brighton & Hove Albion v Nottingham Forest,Brighton & Hove Albion,Nottingham Forest,Player Shots on Target,Morgan Gibbs-White,Nottingham Forest,2.5,16,Pointsbet,Brighton & Hove Albion,2612046,104245039,153
Brighton & Hove Albion v Nottingham Forest,Brighton & Hove Albion,Nottingham Forest,Player Shots on Target,Morgan Gibbs-White,Nottingham Forest,3.5,61,Pointsbet,Brighton & Hove Albion,2612046,104245039,154
Brighton & Hove Albion v Nottingham Forest,Brighton & Hove Albion,Nottingham Forest,Player Shots on Target,N. Domínguez,NA,0.5,1.95,Pointsbet,NA,2612046,104245039,163
Brighton & Hove Albion v Nottingham Forest,Brighton & Hove Albion,Nottingham Forest,Player Shots on Target,N. Domínguez,NA,1.5,6,Pointsbet,NA,2612046,104245039,164
Brighton & Hove Albion v Nottingham Forest,Brighton & Hove Albion,Nottingham Forest,Player Shots on Target,N. Domínguez,NA,2.5,21,Pointsbet,NA,2612046,104245039,165
Brighton & Hove Albion v Nottingham Forest,Brighton & Hove Albion,Nottingham Forest,Player Shots on Target,Nikola Milenkovi<c4><87>,NA,0.5,3.6,Pointsbet,NA,2612046,104245039,169
Brighton & Hove Albion v Nottingham Forest,Brighton & Hove Albion,Nottingham Forest,Player Shots on Target,Nikola Milenkovi<c4><87>,NA,1.5,20,Pointsbet,NA,2612046,104245039,170
Brighton & Hove Albion v Nottingham Forest,Brighton & Hove Albion,Nottingham Forest,Player Shots on Target,Callum Hudson-Odoi,Nottingham Forest,0.5,1.9,Pointsbet,Brighton & Hove Albion,2612046,104245039,175
Brighton & Hove Albion v Nottingham Forest,Brighton & Hove Albion,Nottingham Forest,Player Shots on Target,Callum Hudson-Odoi,Nottingham Forest,1.5,6,Pointsbet,Brighton & Hove Albion,2612046,104245039,176
Brighton & Hove Albion v Nottingham Forest,Brighton & Hove Albion,Nottingham Forest,Player Shots on Target,Callum Hudson-Odoi,Nottingham Forest,2.5,26,Pointsbet,Brighton & Hove Albion,2612046,104245039,177
Brighton & Hove Albion v Nottingham Forest,Brighton & Hove Albion,Nottingham Forest,Player Shots on Target,Neco Williams,Nottingham Forest,0.5,2.85,Pointsbet,Brighton & Hove Albion,2612046,104245039,181
Brighton & Hove Albion v Nottingham Forest,Brighton & Hove Albion,Nottingham Forest,Player Shots on Target,Neco Williams,Nottingham Forest,1.5,12,Pointsbet,Brighton & Hove Albion,2612046,104245039,182
Brighton & Hove Albion v Nottingham Forest,Brighton & Hove Albion,Nottingham Forest,Player Shots on Target,Neco Williams,Nottingham Forest,2.5,81,Pointsbet,Brighton & Hove Albion,2612046,104245039,183
Brighton & Hove Albion v Nottingham Forest,Brighton & Hove Albion,Nottingham Forest,Player Shots on Target,L. Netz,NA,0.5,4.75,Pointsbet,NA,2612046,104245039,187
Brighton & Hove Albion v Nottingham Forest,Brighton & Hove Albion,Nottingham Forest,Player Shots on Target,L. Netz,NA,1.5,36,Pointsbet,NA,2612046,104245039,188
Brighton & Hove Albion v Nottingham Forest,Brighton & Hove Albion,Nottingham Forest,Player Shots on Target,D. Ndoye,NA,0.5,1.87,Pointsbet,NA,2612046,104245039,193
Brighton & Hove Albion v Nottingham Forest,Brighton & Hove Albion,Nottingham Forest,Player Shots on Target,D. Ndoye,NA,1.5,6,Pointsbet,NA,2612046,104245039,194
Brighton & Hove Albion v Nottingham Forest,Brighton & Hove Albion,Nottingham Forest,Player Shots on Target,D. Ndoye,NA,2.5,21,Pointsbet,NA,2612046,104245039,195
Brighton & Hove Albion v Nottingham Forest,Brighton & Hove Albion,Nottingham Forest,Player Shots on Target,D. Ndoye,NA,3.5,101,Pointsbet,NA,2612046,104245039,196
Brighton & Hove Albion v Nottingham Forest,Brighton & Hove Albion,Nottingham Forest,Player Shots on Target,Felipe Rodrigues,NA,0.5,4.75,Pointsbet,NA,2612046,104245039,199
Brighton & Hove Albion v Nottingham Forest,Brighton & Hove Albion,Nottingham Forest,Player Shots on Target,Felipe Rodrigues,NA,1.5,36,Pointsbet,NA,2612046,104245039,200
Brighton & Hove Albion v Nottingham Forest,Brighton & Hove Albion,Nottingham Forest,Player Shots on Target,D. Bakwa,NA,0.5,2.05,Pointsbet,NA,2612046,104245039,205
Brighton & Hove Albion v Nottingham Forest,Brighton & Hove Albion,Nottingham Forest,Player Shots on Target,D. Bakwa,NA,1.5,6.5,Pointsbet,NA,2612046,104245039,206
Brighton & Hove Albion v Nottingham Forest,Brighton & Hove Albion,Nottingham Forest,Player Shots on Target,D. Bakwa,NA,2.5,26,Pointsbet,NA,2612046,104245039,207
Brighton & Hove Albion v Nottingham Forest,Brighton & Hove Albion,Nottingham Forest,Player Shots on Target,James McAtee,Nottingham Forest,0.5,1.9,Pointsbet,Brighton & Hove Albion,2612046,104245039,211
Brighton & Hove Albion v Nottingham Forest,Brighton & Hove Albion,Nottingham Forest,Player Shots on Target,James McAtee,Nottingham Forest,1.5,6,Pointsbet,Brighton & Hove Albion,2612046,104245039,212
Brighton & Hove Albion v Nottingham Forest,Brighton & Hove Albion,Nottingham Forest,Player Shots on Target,James McAtee,Nottingham Forest,2.5,21,Pointsbet,Brighton & Hove Albion,2612046,104245039,213
Brighton & Hove Albion v Nottingham Forest,Brighton & Hove Albion,Nottingham Forest,Player Shots on Target,James McAtee,Nottingham Forest,3.5,91,Pointsbet,Brighton & Hove Albion,2612046,104245039,214
Brighton & Hove Albion v Nottingham Forest,Brighton & Hove Albion,Nottingham Forest,Player Shots on Target,Elliot Anderson,Nottingham Forest,0.5,3,Pointsbet,Brighton & Hove Albion,2612046,104245039,217
Brighton & Hove Albion v Nottingham Forest,Brighton & Hove Albion,Nottingham Forest,Player Shots on Target,Elliot Anderson,Nottingham Forest,1.5,16,Pointsbet,Brighton & Hove Albion,2612046,104245039,218
Brighton & Hove Albion v Nottingham Forest,Brighton & Hove Albion,Nottingham Forest,Player Shots on Target,Elliot Anderson,Nottingham Forest,2.5,91,Pointsbet,Brighton & Hove Albion,2612046,104245039,219
Brighton & Hove Albion v Nottingham Forest,Brighton & Hove Albion,Nottingham Forest,Player Shots on Target,L. Lucca,NA,0.5,1.42,Pointsbet,NA,2612046,104245039,223
Brighton & Hove Albion v Nottingham Forest,Brighton & Hove Albion,Nottingham Forest,Player Shots on Target,L. Lucca,NA,1.5,3.1,Pointsbet,NA,2612046,104245039,224
Brighton & Hove Albion v Nottingham Forest,Brighton & Hove Albion,Nottingham Forest,Player Shots on Target,L. Lucca,NA,2.5,8,Pointsbet,NA,2612046,104245039,225
Brighton & Hove Albion v Nottingham Forest,Brighton & Hove Albion,Nottingham Forest,Player Shots on Target,L. Lucca,NA,3.5,26,Pointsbet,NA,2612046,104245039,226
Brighton & Hove Albion v Nottingham Forest,Brighton & Hove Albion,Nottingham Forest,Player Shots on Target,L. Lucca,NA,4.5,101,Pointsbet,NA,2612046,104245039,227
Brighton & Hove Albion v Nottingham Forest,Brighton & Hove Albion,Nottingham Forest,Player Shots on Target,N. Savona,NA,0.5,4.75,Pointsbet,NA,2612046,104245039,229
Brighton & Hove Albion v Nottingham Forest,Brighton & Hove Albion,Nottingham Forest,Player Shots on Target,N. Savona,NA,1.5,36,Pointsbet,NA,2612046,104245039,230
Brighton & Hove Albion v Nottingham Forest,Brighton & Hove Albion,Nottingham Forest,Player Shots on Target,Murillo,Nottingham Forest,0.5,4.75,Pointsbet,Brighton & Hove Albion,2612046,104245039,235
Brighton & Hove Albion v Nottingham Forest,Brighton & Hove Albion,Nottingham Forest,Player Shots on Target,Murillo,Nottingham Forest,1.5,36,Pointsbet,Brighton & Hove Albion,2612046,104245039,236
Brighton & Hove Albion v Nottingham Forest,Brighton & Hove Albion,Nottingham Forest,Player Shots on Target,Omari Hutchinson,Nottingham Forest,0.5,2.1,Pointsbet,Brighton & Hove Albion,2612046,104245039,241
Brighton & Hove Albion v Nottingham Forest,Brighton & Hove Albion,Nottingham Forest,Player Shots on Target,Omari Hutchinson,Nottingham Forest,1.5,6.5,Pointsbet,Brighton & Hove Albion,2612046,104245039,242
Brighton & Hove Albion v Nottingham Forest,Brighton & Hove Albion,Nottingham Forest,Player Shots on Target,Omari Hutchinson,Nottingham Forest,2.5,26,Pointsbet,Brighton & Hove Albion,2612046,104245039,243
Brighton & Hove Albion v Nottingham Forest,Brighton & Hove Albion,Nottingham Forest,Player Shots on Target,Jair Cunha,Nottingham Forest,0.5,4.75,Pointsbet,Brighton & Hove Albion,2612046,104245039,259
Brighton & Hove Albion v Nottingham Forest,Brighton & Hove Albion,Nottingham Forest,Player Shots on Target,Jair Cunha,Nottingham Forest,1.5,36,Pointsbet,Brighton & Hove Albion,2612046,104245039,260
Brighton & Hove Albion v Nottingham Forest,Brighton & Hove Albion,Nottingham Forest,Player Shots on Target,Igor Jesus,Nottingham Forest,0.5,1.33,Pointsbet,Brighton & Hove Albion,2612046,104245039,265
Brighton & Hove Albion v Nottingham Forest,Brighton & Hove Albion,Nottingham Forest,Player Shots on Target,Igor Jesus,Nottingham Forest,1.5,2.55,Pointsbet,Brighton & Hove Albion,2612046,104245039,266
Brighton & Hove Albion v Nottingham Forest,Brighton & Hove Albion,Nottingham Forest,Player Shots on Target,Igor Jesus,Nottingham Forest,2.5,6,Pointsbet,Brighton & Hove Albion,2612046,104245039,267
Brighton & Hove Albion v Nottingham Forest,Brighton & Hove Albion,Nottingham Forest,Player Shots on Target,Igor Jesus,Nottingham Forest,3.5,17,Pointsbet,Brighton & Hove Albion,2612046,104245039,268
Brighton & Hove Albion v Nottingham Forest,Brighton & Hove Albion,Nottingham Forest,Player Shots on Target,Igor Jesus,Nottingham Forest,4.5,51,Pointsbet,Brighton & Hove Albion,2612046,104245039,269
Brighton & Hove Albion v Nottingham Forest,Brighton & Hove Albion,Nottingham Forest,Player Shots on Target,Yasin Ayari,Brighton & Hove Albion,0.5,2.15,Pointsbet,Nottingham Forest,2612046,104245039,271
Brighton & Hove Albion v Nottingham Forest,Brighton & Hove Albion,Nottingham Forest,Player Shots on Target,Yasin Ayari,Brighton & Hove Albion,1.5,7,Pointsbet,Nottingham Forest,2612046,104245039,272
Brighton & Hove Albion v Nottingham Forest,Brighton & Hove Albion,Nottingham Forest,Player Shots on Target,Yasin Ayari,Brighton & Hove Albion,2.5,31,Pointsbet,Nottingham Forest,2612046,104245039,273
Fulham v Tottenham Hotspur,Fulham,Tottenham Hotspur,Player Shots on Target,R. Jiménez,NA,0.5,1.29,Pointsbet,NA,2612047,104244778,1
Fulham v Tottenham Hotspur,Fulham,Tottenham Hotspur,Player Shots on Target,R. Jiménez,NA,1.5,2.4,Pointsbet,NA,2612047,104244778,2
Fulham v Tottenham Hotspur,Fulham,Tottenham Hotspur,Player Shots on Target,R. Jiménez,NA,2.5,5.75,Pointsbet,NA,2612047,104244778,3
Fulham v Tottenham Hotspur,Fulham,Tottenham Hotspur,Player Shots on Target,R. Jiménez,NA,3.5,16,Pointsbet,NA,2612047,104244778,4
Fulham v Tottenham Hotspur,Fulham,Tottenham Hotspur,Player Shots on Target,R. Jiménez,NA,4.5,41,Pointsbet,NA,2612047,104244778,5
Fulham v Tottenham Hotspur,Fulham,Tottenham Hotspur,Player Shots on Target,Timothy Castagne,Fulham,0.5,4,Pointsbet,Tottenham Hotspur,2612047,104244778,7
Fulham v Tottenham Hotspur,Fulham,Tottenham Hotspur,Player Shots on Target,Timothy Castagne,Fulham,1.5,26,Pointsbet,Tottenham Hotspur,2612047,104244778,8
Fulham v Tottenham Hotspur,Fulham,Tottenham Hotspur,Player Shots on Target,Tom Cairney,Fulham,0.5,2.15,Pointsbet,Tottenham Hotspur,2612047,104244778,13
Fulham v Tottenham Hotspur,Fulham,Tottenham Hotspur,Player Shots on Target,Tom Cairney,Fulham,1.5,7.5,Pointsbet,Tottenham Hotspur,2612047,104244778,14
Fulham v Tottenham Hotspur,Fulham,Tottenham Hotspur,Player Shots on Target,Tom Cairney,Fulham,2.5,31,Pointsbet,Tottenham Hotspur,2612047,104244778,15
Fulham v Tottenham Hotspur,Fulham,Tottenham Hotspur,Player Shots on Target,Kenny Tete,Fulham,0.5,3.6,Pointsbet,Tottenham Hotspur,2612047,104244778,19
Fulham v Tottenham Hotspur,Fulham,Tottenham Hotspur,Player Shots on Target,Kenny Tete,Fulham,1.5,23,Pointsbet,Tottenham Hotspur,2612047,104244778,20
Fulham v Tottenham Hotspur,Fulham,Tottenham Hotspur,Player Shots on Target,Harrison Reed,Fulham,0.5,3.4,Pointsbet,Tottenham Hotspur,2612047,104244778,25
Fulham v Tottenham Hotspur,Fulham,Tottenham Hotspur,Player Shots on Target,Harrison Reed,Fulham,1.5,17,Pointsbet,Tottenham Hotspur,2612047,104244778,26
Fulham v Tottenham Hotspur,Fulham,Tottenham Hotspur,Player Shots on Target,Alex Iwobi,Fulham,0.5,2.15,Pointsbet,Tottenham Hotspur,2612047,104244778,31
Fulham v Tottenham Hotspur,Fulham,Tottenham Hotspur,Player Shots on Target,Alex Iwobi,Fulham,1.5,7.5,Pointsbet,Tottenham Hotspur,2612047,104244778,32
Fulham v Tottenham Hotspur,Fulham,Tottenham Hotspur,Player Shots on Target,Alex Iwobi,Fulham,2.5,31,Pointsbet,Tottenham Hotspur,2612047,104244778,33
Fulham v Tottenham Hotspur,Fulham,Tottenham Hotspur,Player Shots on Target,Harry Wilson,Fulham,0.5,1.36,Pointsbet,Tottenham Hotspur,2612047,104244778,37
Fulham v Tottenham Hotspur,Fulham,Tottenham Hotspur,Player Shots on Target,Harry Wilson,Fulham,1.5,2.9,Pointsbet,Tottenham Hotspur,2612047,104244778,38
Fulham v Tottenham Hotspur,Fulham,Tottenham Hotspur,Player Shots on Target,Harry Wilson,Fulham,2.5,7.5,Pointsbet,Tottenham Hotspur,2612047,104244778,39
Fulham v Tottenham Hotspur,Fulham,Tottenham Hotspur,Player Shots on Target,Harry Wilson,Fulham,3.5,21,Pointsbet,Tottenham Hotspur,2612047,104244778,40
Fulham v Tottenham Hotspur,Fulham,Tottenham Hotspur,Player Shots on Target,Harry Wilson,Fulham,4.5,81,Pointsbet,Tottenham Hotspur,2612047,104244778,41
Fulham v Tottenham Hotspur,Fulham,Tottenham Hotspur,Player Shots on Target,Joachim Andersen,Fulham,0.5,3.7,Pointsbet,Tottenham Hotspur,2612047,104244778,43
Fulham v Tottenham Hotspur,Fulham,Tottenham Hotspur,Player Shots on Target,Joachim Andersen,Fulham,1.5,21,Pointsbet,Tottenham Hotspur,2612047,104244778,44
Fulham v Tottenham Hotspur,Fulham,Tottenham Hotspur,Player Shots on Target,Sander Berge,Fulham,0.5,4.5,Pointsbet,Tottenham Hotspur,2612047,104244778,49
Fulham v Tottenham Hotspur,Fulham,Tottenham Hotspur,Player Shots on Target,Sander Berge,Fulham,1.5,36,Pointsbet,Tottenham Hotspur,2612047,104244778,50
Fulham v Tottenham Hotspur,Fulham,Tottenham Hotspur,Player Shots on Target,Issa Diop,Fulham,0.5,5,Pointsbet,Tottenham Hotspur,2612047,104244778,55
Fulham v Tottenham Hotspur,Fulham,Tottenham Hotspur,Player Shots on Target,Issa Diop,Fulham,1.5,36,Pointsbet,Tottenham Hotspur,2612047,104244778,56
Fulham v Tottenham Hotspur,Fulham,Tottenham Hotspur,Player Shots on Target,Ryan Sessegnon,Fulham,0.5,2.7,Pointsbet,Tottenham Hotspur,2612047,104244778,61
Fulham v Tottenham Hotspur,Fulham,Tottenham Hotspur,Player Shots on Target,Ryan Sessegnon,Fulham,1.5,11,Pointsbet,Tottenham Hotspur,2612047,104244778,62
Fulham v Tottenham Hotspur,Fulham,Tottenham Hotspur,Player Shots on Target,Ryan Sessegnon,Fulham,2.5,71,Pointsbet,Tottenham Hotspur,2612047,104244778,63
Fulham v Tottenham Hotspur,Fulham,Tottenham Hotspur,Player Shots on Target,Jorge Cuenca,Fulham,0.5,3.6,Pointsbet,Tottenham Hotspur,2612047,104244778,73
Fulham v Tottenham Hotspur,Fulham,Tottenham Hotspur,Player Shots on Target,Jorge Cuenca,Fulham,1.5,20,Pointsbet,Tottenham Hotspur,2612047,104244778,74
Fulham v Tottenham Hotspur,Fulham,Tottenham Hotspur,Player Shots on Target,Oscar Bobb,Manchester City,0.5,1.8,Pointsbet,Fulham,2612047,104244778,85
Fulham v Tottenham Hotspur,Fulham,Tottenham Hotspur,Player Shots on Target,Oscar Bobb,Manchester City,1.5,4.75,Pointsbet,Fulham,2612047,104244778,86
Fulham v Tottenham Hotspur,Fulham,Tottenham Hotspur,Player Shots on Target,Oscar Bobb,Manchester City,2.5,17,Pointsbet,Fulham,2612047,104244778,87
Fulham v Tottenham Hotspur,Fulham,Tottenham Hotspur,Player Shots on Target,Oscar Bobb,Manchester City,3.5,71,Pointsbet,Fulham,2612047,104244778,88
Fulham v Tottenham Hotspur,Fulham,Tottenham Hotspur,Player Shots on Target,Rodrigo Muniz,Fulham,0.5,1.24,Pointsbet,Tottenham Hotspur,2612047,104244778,91
Fulham v Tottenham Hotspur,Fulham,Tottenham Hotspur,Player Shots on Target,Rodrigo Muniz,Fulham,1.5,2.2,Pointsbet,Tottenham Hotspur,2612047,104244778,92
Fulham v Tottenham Hotspur,Fulham,Tottenham Hotspur,Player Shots on Target,Rodrigo Muniz,Fulham,2.5,4.75,Pointsbet,Tottenham Hotspur,2612047,104244778,93
Fulham v Tottenham Hotspur,Fulham,Tottenham Hotspur,Player Shots on Target,Rodrigo Muniz,Fulham,3.5,12,Pointsbet,Tottenham Hotspur,2612047,104244778,94
Fulham v Tottenham Hotspur,Fulham,Tottenham Hotspur,Player Shots on Target,Rodrigo Muniz,Fulham,4.5,36,Pointsbet,Tottenham Hotspur,2612047,104244778,95
Fulham v Tottenham Hotspur,Fulham,Tottenham Hotspur,Player Shots on Target,Joshua King,NA,0.5,1.67,Pointsbet,NA,2612047,104244778,97
Fulham v Tottenham Hotspur,Fulham,Tottenham Hotspur,Player Shots on Target,Joshua King,NA,1.5,4.4,Pointsbet,NA,2612047,104244778,98
Fulham v Tottenham Hotspur,Fulham,Tottenham Hotspur,Player Shots on Target,Joshua King,NA,2.5,12,Pointsbet,NA,2612047,104244778,99
Fulham v Tottenham Hotspur,Fulham,Tottenham Hotspur,Player Shots on Target,Joshua King,NA,3.5,41,Pointsbet,NA,2612047,104244778,100
Fulham v Tottenham Hotspur,Fulham,Tottenham Hotspur,Player Shots on Target,Dominic Solanke,Tottenham Hotspur,0.5,1.53,Pointsbet,Fulham,2612047,104244778,103
Fulham v Tottenham Hotspur,Fulham,Tottenham Hotspur,Player Shots on Target,Dominic Solanke,Tottenham Hotspur,1.5,3.4,Pointsbet,Fulham,2612047,104244778,104
Fulham v Tottenham Hotspur,Fulham,Tottenham Hotspur,Player Shots on Target,Dominic Solanke,Tottenham Hotspur,2.5,10,Pointsbet,Fulham,2612047,104244778,105
Fulham v Tottenham Hotspur,Fulham,Tottenham Hotspur,Player Shots on Target,Dominic Solanke,Tottenham Hotspur,3.5,36,Pointsbet,Fulham,2612047,104244778,106
Fulham v Tottenham Hotspur,Fulham,Tottenham Hotspur,Player Shots on Target,João Palhinha,Tottenham Hotspur,0.5,2.6,Pointsbet,Fulham,2612047,104244778,109
Fulham v Tottenham Hotspur,Fulham,Tottenham Hotspur,Player Shots on Target,João Palhinha,Tottenham Hotspur,1.5,11,Pointsbet,Fulham,2612047,104244778,110
Fulham v Tottenham Hotspur,Fulham,Tottenham Hotspur,Player Shots on Target,João Palhinha,Tottenham Hotspur,2.5,61,Pointsbet,Fulham,2612047,104244778,111
Fulham v Tottenham Hotspur,Fulham,Tottenham Hotspur,Player Shots on Target,Yves Bissouma,Tottenham Hotspur,0.5,3.9,Pointsbet,Fulham,2612047,104244778,115
Fulham v Tottenham Hotspur,Fulham,Tottenham Hotspur,Player Shots on Target,Yves Bissouma,Tottenham Hotspur,1.5,21,Pointsbet,Fulham,2612047,104244778,116
Fulham v Tottenham Hotspur,Fulham,Tottenham Hotspur,Player Shots on Target,Danso,NA,0.5,4.2,Pointsbet,NA,2612047,104244778,121
Fulham v Tottenham Hotspur,Fulham,Tottenham Hotspur,Player Shots on Target,Danso,NA,1.5,29,Pointsbet,NA,2612047,104244778,122
Fulham v Tottenham Hotspur,Fulham,Tottenham Hotspur,Player Shots on Target,Randal Muani,NA,0.5,1.56,Pointsbet,NA,2612047,104244778,127
Fulham v Tottenham Hotspur,Fulham,Tottenham Hotspur,Player Shots on Target,Randal Muani,NA,1.5,3.6,Pointsbet,NA,2612047,104244778,128
Fulham v Tottenham Hotspur,Fulham,Tottenham Hotspur,Player Shots on Target,Randal Muani,NA,2.5,11,Pointsbet,NA,2612047,104244778,129
Fulham v Tottenham Hotspur,Fulham,Tottenham Hotspur,Player Shots on Target,Randal Muani,NA,3.5,36,Pointsbet,NA,2612047,104244778,130
Fulham v Tottenham Hotspur,Fulham,Tottenham Hotspur,Player Shots on Target,C. Gallagher,NA,0.5,2.35,Pointsbet,NA,2612047,104244778,133
Fulham v Tottenham Hotspur,Fulham,Tottenham Hotspur,Player Shots on Target,C. Gallagher,NA,1.5,9.5,Pointsbet,NA,2612047,104244778,134
Fulham v Tottenham Hotspur,Fulham,Tottenham Hotspur,Player Shots on Target,C. Gallagher,NA,2.5,36,Pointsbet,NA,2612047,104244778,135
Fulham v Tottenham Hotspur,Fulham,Tottenham Hotspur,Player Shots on Target,Richarlison,Tottenham Hotspur,0.5,1.5,Pointsbet,Fulham,2612047,104244778,139
Fulham v Tottenham Hotspur,Fulham,Tottenham Hotspur,Player Shots on Target,Richarlison,Tottenham Hotspur,1.5,3.4,Pointsbet,Fulham,2612047,104244778,140
Fulham v Tottenham Hotspur,Fulham,Tottenham Hotspur,Player Shots on Target,Richarlison,Tottenham Hotspur,2.5,9.5,Pointsbet,Fulham,2612047,104244778,141
Fulham v Tottenham Hotspur,Fulham,Tottenham Hotspur,Player Shots on Target,Richarlison,Tottenham Hotspur,3.5,36,Pointsbet,Fulham,2612047,104244778,142
Fulham v Tottenham Hotspur,Fulham,Tottenham Hotspur,Player Shots on Target,Pedro Porro,Tottenham Hotspur,0.5,3.1,Pointsbet,Fulham,2612047,104244778,145
Fulham v Tottenham Hotspur,Fulham,Tottenham Hotspur,Player Shots on Target,Pedro Porro,Tottenham Hotspur,1.5,15,Pointsbet,Fulham,2612047,104244778,146
Fulham v Tottenham Hotspur,Fulham,Tottenham Hotspur,Player Shots on Target,Djed Spence,Tottenham Hotspur,0.5,4.5,Pointsbet,Fulham,2612047,104244778,151
Fulham v Tottenham Hotspur,Fulham,Tottenham Hotspur,Player Shots on Target,Djed Spence,Tottenham Hotspur,1.5,36,Pointsbet,Fulham,2612047,104244778,152
Fulham v Tottenham Hotspur,Fulham,Tottenham Hotspur,Player Shots on Target,Radu Dr<c4><83>gu<c8><99>in,NA,0.5,4.5,Pointsbet,NA,2612047,104244778,157
Fulham v Tottenham Hotspur,Fulham,Tottenham Hotspur,Player Shots on Target,Radu Dr<c4><83>gu<c8><99>in,NA,1.5,31,Pointsbet,NA,2612047,104244778,158
Fulham v Tottenham Hotspur,Fulham,Tottenham Hotspur,Player Shots on Target,Micky van de Ven,Tottenham Hotspur,0.5,3.7,Pointsbet,Fulham,2612047,104244778,163
Fulham v Tottenham Hotspur,Fulham,Tottenham Hotspur,Player Shots on Target,Micky van de Ven,Tottenham Hotspur,1.5,19,Pointsbet,Fulham,2612047,104244778,164
Fulham v Tottenham Hotspur,Fulham,Tottenham Hotspur,Player Shots on Target,X. Simons,NA,0.5,1.83,Pointsbet,NA,2612047,104244778,169
Fulham v Tottenham Hotspur,Fulham,Tottenham Hotspur,Player Shots on Target,X. Simons,NA,1.5,5,Pointsbet,NA,2612047,104244778,170
Fulham v Tottenham Hotspur,Fulham,Tottenham Hotspur,Player Shots on Target,X. Simons,NA,2.5,19,Pointsbet,NA,2612047,104244778,171
Fulham v Tottenham Hotspur,Fulham,Tottenham Hotspur,Player Shots on Target,X. Simons,NA,3.5,91,Pointsbet,NA,2612047,104244778,172
Fulham v Tottenham Hotspur,Fulham,Tottenham Hotspur,Player Shots on Target,Pape Matar Sarr,Tottenham Hotspur,0.5,2.1,Pointsbet,Fulham,2612047,104244778,175
Fulham v Tottenham Hotspur,Fulham,Tottenham Hotspur,Player Shots on Target,Pape Matar Sarr,Tottenham Hotspur,1.5,7,Pointsbet,Fulham,2612047,104244778,176
Fulham v Tottenham Hotspur,Fulham,Tottenham Hotspur,Player Shots on Target,Pape Matar Sarr,Tottenham Hotspur,2.5,31,Pointsbet,Fulham,2612047,104244778,177
Fulham v Tottenham Hotspur,Fulham,Tottenham Hotspur,Player Shots on Target,M. Tel,NA,0.5,1.67,Pointsbet,NA,2612047,104244778,181
Fulham v Tottenham Hotspur,Fulham,Tottenham Hotspur,Player Shots on Target,M. Tel,NA,1.5,4.4,Pointsbet,NA,2612047,104244778,182
Fulham v Tottenham Hotspur,Fulham,Tottenham Hotspur,Player Shots on Target,M. Tel,NA,2.5,15,Pointsbet,NA,2612047,104244778,183
Fulham v Tottenham Hotspur,Fulham,Tottenham Hotspur,Player Shots on Target,M. Tel,NA,3.5,51,Pointsbet,NA,2612047,104244778,184
Fulham v Tottenham Hotspur,Fulham,Tottenham Hotspur,Player Shots on Target,Andre Gray,NA,0.5,3.4,Pointsbet,NA,2612047,104244778,187
Fulham v Tottenham Hotspur,Fulham,Tottenham Hotspur,Player Shots on Target,Andre Gray,NA,1.5,21,Pointsbet,NA,2612047,104244778,188
Arsenal v Chelsea,Arsenal,Chelsea,Player Shots on Target,Nørgaard,NA,0.5,2.75,Pointsbet,NA,2612174,104244472,1
Arsenal v Chelsea,Arsenal,Chelsea,Player Shots on Target,Nørgaard,NA,1.5,12,Pointsbet,NA,2612174,104244472,2
Arsenal v Chelsea,Arsenal,Chelsea,Player Shots on Target,Nørgaard,NA,2.5,71,Pointsbet,NA,2612174,104244472,3
Arsenal v Chelsea,Arsenal,Chelsea,Player Shots on Target,Leandro Trossard,Arsenal,0.5,1.5,Pointsbet,Chelsea,2612174,104244472,7
Arsenal v Chelsea,Arsenal,Chelsea,Player Shots on Target,Leandro Trossard,Arsenal,1.5,3.4,Pointsbet,Chelsea,2612174,104244472,8
Arsenal v Chelsea,Arsenal,Chelsea,Player Shots on Target,Leandro Trossard,Arsenal,2.5,10.5,Pointsbet,Chelsea,2612174,104244472,9
Arsenal v Chelsea,Arsenal,Chelsea,Player Shots on Target,Leandro Trossard,Arsenal,3.5,36,Pointsbet,Chelsea,2612174,104244472,10
Arsenal v Chelsea,Arsenal,Chelsea,Player Shots on Target,Ødegaard,NA,0.5,1.87,Pointsbet,NA,2612174,104244472,13
Arsenal v Chelsea,Arsenal,Chelsea,Player Shots on Target,Ødegaard,NA,1.5,5.75,Pointsbet,NA,2612174,104244472,14
Arsenal v Chelsea,Arsenal,Chelsea,Player Shots on Target,Ødegaard,NA,2.5,20,Pointsbet,NA,2612174,104244472,15
Arsenal v Chelsea,Arsenal,Chelsea,Player Shots on Target,Ødegaard,NA,3.5,91,Pointsbet,NA,2612174,104244472,16
Arsenal v Chelsea,Arsenal,Chelsea,Player Shots on Target,Declan Rice,Arsenal,0.5,2.3,Pointsbet,Chelsea,2612174,104244472,19
Arsenal v Chelsea,Arsenal,Chelsea,Player Shots on Target,Declan Rice,Arsenal,1.5,8,Pointsbet,Chelsea,2612174,104244472,20
Arsenal v Chelsea,Arsenal,Chelsea,Player Shots on Target,Declan Rice,Arsenal,2.5,36,Pointsbet,Chelsea,2612174,104244472,21
Arsenal v Chelsea,Arsenal,Chelsea,Player Shots on Target,Gabriel Jesus,Arsenal,0.5,1.25,Pointsbet,Chelsea,2612174,104244472,25
Arsenal v Chelsea,Arsenal,Chelsea,Player Shots on Target,Gabriel Jesus,Arsenal,1.5,2.2,Pointsbet,Chelsea,2612174,104244472,26
Arsenal v Chelsea,Arsenal,Chelsea,Player Shots on Target,Gabriel Jesus,Arsenal,2.5,4.75,Pointsbet,Chelsea,2612174,104244472,27
Arsenal v Chelsea,Arsenal,Chelsea,Player Shots on Target,Gabriel Jesus,Arsenal,3.5,12,Pointsbet,Chelsea,2612174,104244472,28
Arsenal v Chelsea,Arsenal,Chelsea,Player Shots on Target,Gabriel Jesus,Arsenal,4.5,36,Pointsbet,Chelsea,2612174,104244472,29
Arsenal v Chelsea,Arsenal,Chelsea,Player Shots on Target,Eberechi Eze,Arsenal,0.5,1.53,Pointsbet,Chelsea,2612174,104244472,31
Arsenal v Chelsea,Arsenal,Chelsea,Player Shots on Target,Eberechi Eze,Crystal Palace,0.5,1.53,Pointsbet,Arsenal,2612174,104244472,31
Arsenal v Chelsea,Arsenal,Chelsea,Player Shots on Target,Eberechi Eze,Arsenal,1.5,3.6,Pointsbet,Chelsea,2612174,104244472,32
Arsenal v Chelsea,Arsenal,Chelsea,Player Shots on Target,Eberechi Eze,Crystal Palace,1.5,3.6,Pointsbet,Arsenal,2612174,104244472,32
Arsenal v Chelsea,Arsenal,Chelsea,Player Shots on Target,Eberechi Eze,Arsenal,2.5,11,Pointsbet,Chelsea,2612174,104244472,33
Arsenal v Chelsea,Arsenal,Chelsea,Player Shots on Target,Eberechi Eze,Crystal Palace,2.5,11,Pointsbet,Arsenal,2612174,104244472,33
Arsenal v Chelsea,Arsenal,Chelsea,Player Shots on Target,Eberechi Eze,Arsenal,3.5,36,Pointsbet,Chelsea,2612174,104244472,34
Arsenal v Chelsea,Arsenal,Chelsea,Player Shots on Target,Eberechi Eze,Crystal Palace,3.5,36,Pointsbet,Arsenal,2612174,104244472,34
Arsenal v Chelsea,Arsenal,Chelsea,Player Shots on Target,Gabriel Magalh<c3><a3>es,NA,0.5,3,Pointsbet,NA,2612174,104244472,37
Arsenal v Chelsea,Arsenal,Chelsea,Player Shots on Target,Gabriel Magalh<c3><a3>es,NA,1.5,13,Pointsbet,NA,2612174,104244472,38
Arsenal v Chelsea,Arsenal,Chelsea,Player Shots on Target,Gyökeres,NA,0.5,1.31,Pointsbet,NA,2612174,104244472,43
Arsenal v Chelsea,Arsenal,Chelsea,Player Shots on Target,Gyökeres,NA,1.5,2.55,Pointsbet,NA,2612174,104244472,44
Arsenal v Chelsea,Arsenal,Chelsea,Player Shots on Target,Gyökeres,NA,2.5,6.5,Pointsbet,NA,2612174,104244472,45
Arsenal v Chelsea,Arsenal,Chelsea,Player Shots on Target,Gyökeres,NA,3.5,19,Pointsbet,NA,2612174,104244472,46
Arsenal v Chelsea,Arsenal,Chelsea,Player Shots on Target,Gyökeres,NA,4.5,61,Pointsbet,NA,2612174,104244472,47
Arsenal v Chelsea,Arsenal,Chelsea,Player Shots on Target,Jurrien Timber,NA,0.5,3.1,Pointsbet,NA,2612174,104244472,49
Arsenal v Chelsea,Arsenal,Chelsea,Player Shots on Target,Jurrien Timber,NA,1.5,16,Pointsbet,NA,2612174,104244472,50
Arsenal v Chelsea,Arsenal,Chelsea,Player Shots on Target,Jurrien Timber,NA,2.5,91,Pointsbet,NA,2612174,104244472,51
Arsenal v Chelsea,Arsenal,Chelsea,Player Shots on Target,Noni Madueke,Arsenal,0.5,1.42,Pointsbet,Chelsea,2612174,104244472,55
Arsenal v Chelsea,Arsenal,Chelsea,Player Shots on Target,Noni Madueke,Arsenal,1.5,3,Pointsbet,Chelsea,2612174,104244472,56
Arsenal v Chelsea,Arsenal,Chelsea,Player Shots on Target,Noni Madueke,Arsenal,2.5,8,Pointsbet,Chelsea,2612174,104244472,57
Arsenal v Chelsea,Arsenal,Chelsea,Player Shots on Target,Noni Madueke,Arsenal,3.5,26,Pointsbet,Chelsea,2612174,104244472,58
Arsenal v Chelsea,Arsenal,Chelsea,Player Shots on Target,Riccardo Calafiori,Arsenal,0.5,2.4,Pointsbet,Chelsea,2612174,104244472,67
Arsenal v Chelsea,Arsenal,Chelsea,Player Shots on Target,Riccardo Calafiori,Arsenal,1.5,10,Pointsbet,Chelsea,2612174,104244472,68
Arsenal v Chelsea,Arsenal,Chelsea,Player Shots on Target,Riccardo Calafiori,Arsenal,2.5,41,Pointsbet,Chelsea,2612174,104244472,69
Arsenal v Chelsea,Arsenal,Chelsea,Player Shots on Target,Gabriel Martinelli,Arsenal,0.5,1.36,Pointsbet,Chelsea,2612174,104244472,73
Arsenal v Chelsea,Arsenal,Chelsea,Player Shots on Target,Gabriel Martinelli,Arsenal,1.5,2.85,Pointsbet,Chelsea,2612174,104244472,74
Arsenal v Chelsea,Arsenal,Chelsea,Player Shots on Target,Gabriel Martinelli,Arsenal,2.5,7.5,Pointsbet,Chelsea,2612174,104244472,75
Arsenal v Chelsea,Arsenal,Chelsea,Player Shots on Target,Gabriel Martinelli,Arsenal,3.5,23,Pointsbet,Chelsea,2612174,104244472,76
Arsenal v Chelsea,Arsenal,Chelsea,Player Shots on Target,Gabriel Martinelli,Arsenal,4.5,81,Pointsbet,Chelsea,2612174,104244472,77
Arsenal v Chelsea,Arsenal,Chelsea,Player Shots on Target,P. Hincapié,NA,0.5,4.2,Pointsbet,NA,2612174,104244472,79
Arsenal v Chelsea,Arsenal,Chelsea,Player Shots on Target,P. Hincapié,NA,1.5,26,Pointsbet,NA,2612174,104244472,80
Arsenal v Chelsea,Arsenal,Chelsea,Player Shots on Target,Martín Zubimendi,Arsenal,0.5,3,Pointsbet,Chelsea,2612174,104244472,85
Arsenal v Chelsea,Arsenal,Chelsea,Player Shots on Target,Martín Zubimendi,Arsenal,1.5,13,Pointsbet,Chelsea,2612174,104244472,86
Arsenal v Chelsea,Arsenal,Chelsea,Player Shots on Target,Cristhian Mosquera,Arsenal,0.5,6,Pointsbet,Chelsea,2612174,104244472,91
Arsenal v Chelsea,Arsenal,Chelsea,Player Shots on Target,Cristhian Mosquera,Arsenal,1.5,61,Pointsbet,Chelsea,2612174,104244472,92
Arsenal v Chelsea,Arsenal,Chelsea,Player Shots on Target,Lewis-Skelly,NA,0.5,4.2,Pointsbet,NA,2612174,104244472,97
Arsenal v Chelsea,Arsenal,Chelsea,Player Shots on Target,Lewis-Skelly,NA,1.5,29,Pointsbet,NA,2612174,104244472,98
Arsenal v Chelsea,Arsenal,Chelsea,Player Shots on Target,Max Dowman,Arsenal,0.5,1.48,Pointsbet,Chelsea,2612174,104244472,109
Arsenal v Chelsea,Arsenal,Chelsea,Player Shots on Target,Max Dowman,Arsenal,1.5,3.3,Pointsbet,Chelsea,2612174,104244472,110
Arsenal v Chelsea,Arsenal,Chelsea,Player Shots on Target,Max Dowman,Arsenal,2.5,9,Pointsbet,Chelsea,2612174,104244472,111
Arsenal v Chelsea,Arsenal,Chelsea,Player Shots on Target,Max Dowman,Arsenal,3.5,31,Pointsbet,Chelsea,2612174,104244472,112
Arsenal v Chelsea,Arsenal,Chelsea,Player Shots on Target,Trevoh Chalobah,Chelsea,0.5,6,Pointsbet,Arsenal,2612174,104244472,127
Arsenal v Chelsea,Arsenal,Chelsea,Player Shots on Target,Trevoh Chalobah,Chelsea,1.5,81,Pointsbet,Arsenal,2612174,104244472,128
Arsenal v Chelsea,Arsenal,Chelsea,Player Shots on Target,Reece James,Chelsea,0.5,4,Pointsbet,Arsenal,2612174,104244472,133
Arsenal v Chelsea,Arsenal,Chelsea,Player Shots on Target,Reece James,Chelsea,1.5,29,Pointsbet,Arsenal,2612174,104244472,134
Arsenal v Chelsea,Arsenal,Chelsea,Player Shots on Target,Pedro Neto,Chelsea,0.5,2.7,Pointsbet,Arsenal,2612174,104244472,139
Arsenal v Chelsea,Arsenal,Chelsea,Player Shots on Target,Pedro Neto,Chelsea,1.5,12,Pointsbet,Arsenal,2612174,104244472,140
Arsenal v Chelsea,Arsenal,Chelsea,Player Shots on Target,Pedro Neto,Chelsea,2.5,71,Pointsbet,Arsenal,2612174,104244472,141
Arsenal v Chelsea,Arsenal,Chelsea,Player Shots on Target,Beno<c3><ae>t Badiashile,NA,0.5,7,Pointsbet,NA,2612174,104244472,145
Arsenal v Chelsea,Arsenal,Chelsea,Player Shots on Target,Beno<c3><ae>t Badiashile,NA,1.5,81,Pointsbet,NA,2612174,104244472,146
Arsenal v Chelsea,Arsenal,Chelsea,Player Shots on Target,Cole Palmer,Chelsea,0.5,1.8,Pointsbet,Arsenal,2612174,104244472,157
Arsenal v Chelsea,Arsenal,Chelsea,Player Shots on Target,Cole Palmer,Chelsea,1.5,4.5,Pointsbet,Arsenal,2612174,104244472,158
Arsenal v Chelsea,Arsenal,Chelsea,Player Shots on Target,Cole Palmer,Chelsea,2.5,17,Pointsbet,Arsenal,2612174,104244472,159
Arsenal v Chelsea,Arsenal,Chelsea,Player Shots on Target,Cole Palmer,Chelsea,3.5,41,Pointsbet,Arsenal,2612174,104244472,160
Arsenal v Chelsea,Arsenal,Chelsea,Player Shots on Target,E. Fernández,NA,0.5,2.35,Pointsbet,NA,2612174,104244472,163
Arsenal v Chelsea,Arsenal,Chelsea,Player Shots on Target,E. Fernández,NA,1.5,9,Pointsbet,NA,2612174,104244472,164
Arsenal v Chelsea,Arsenal,Chelsea,Player Shots on Target,E. Fernández,NA,2.5,36,Pointsbet,NA,2612174,104244472,165
Arsenal v Chelsea,Arsenal,Chelsea,Player Shots on Target,João Pedro,Chelsea,0.5,1.95,Pointsbet,Arsenal,2612174,104244472,169
Arsenal v Chelsea,Arsenal,Chelsea,Player Shots on Target,João Pedro,Chelsea,1.5,6,Pointsbet,Arsenal,2612174,104244472,170
Arsenal v Chelsea,Arsenal,Chelsea,Player Shots on Target,João Pedro,Chelsea,2.5,23,Pointsbet,Arsenal,2612174,104244472,171
Arsenal v Chelsea,Arsenal,Chelsea,Player Shots on Target,Mois<c3><a9>s Caicedo,NA,0.5,4.75,Pointsbet,NA,2612174,104244472,175
Arsenal v Chelsea,Arsenal,Chelsea,Player Shots on Target,Mois<c3><a9>s Caicedo,NA,1.5,36,Pointsbet,NA,2612174,104244472,176
Arsenal v Chelsea,Arsenal,Chelsea,Player Shots on Target,Malo Gusto,Chelsea,0.5,5.75,Pointsbet,Arsenal,2612174,104244472,181
Arsenal v Chelsea,Arsenal,Chelsea,Player Shots on Target,Malo Gusto,Chelsea,1.5,41,Pointsbet,Arsenal,2612174,104244472,182
Arsenal v Chelsea,Arsenal,Chelsea,Player Shots on Target,Liam Delap,Chelsea,0.5,1.71,Pointsbet,Arsenal,2612174,104244472,187
Arsenal v Chelsea,Arsenal,Chelsea,Player Shots on Target,Liam Delap,Chelsea,1.5,4.4,Pointsbet,Arsenal,2612174,104244472,188
Arsenal v Chelsea,Arsenal,Chelsea,Player Shots on Target,Liam Delap,Chelsea,2.5,13,Pointsbet,Arsenal,2612174,104244472,189
Arsenal v Chelsea,Arsenal,Chelsea,Player Shots on Target,Liam Delap,Chelsea,3.5,51,Pointsbet,Arsenal,2612174,104244472,190
Arsenal v Chelsea,Arsenal,Chelsea,Player Shots on Target,Alejandro Garnacho,Chelsea,0.5,2.25,Pointsbet,Arsenal,2612174,104244472,193
Arsenal v Chelsea,Arsenal,Chelsea,Player Shots on Target,Alejandro Garnacho,Chelsea,1.5,7.5,Pointsbet,Arsenal,2612174,104244472,194
Arsenal v Chelsea,Arsenal,Chelsea,Player Shots on Target,Alejandro Garnacho,Chelsea,2.5,36,Pointsbet,Arsenal,2612174,104244472,195
Arsenal v Chelsea,Arsenal,Chelsea,Player Shots on Target,Andrey Santos,Chelsea,0.5,3,Pointsbet,Arsenal,2612174,104244472,205
Arsenal v Chelsea,Arsenal,Chelsea,Player Shots on Target,Andrey Santos,Chelsea,1.5,15,Pointsbet,Arsenal,2612174,104244472,206
Arsenal v Chelsea,Arsenal,Chelsea,Player Shots on Target,Andrey Santos,Chelsea,2.5,91,Pointsbet,Arsenal,2612174,104244472,207
Arsenal v Chelsea,Arsenal,Chelsea,Player Shots on Target,Rom<c3><a9>o Lavia,NA,0.5,5,Pointsbet,NA,2612174,104244472,217
Arsenal v Chelsea,Arsenal,Chelsea,Player Shots on Target,Rom<c3><a9>o Lavia,NA,1.5,41,Pointsbet,NA,2612174,104244472,218
Arsenal v Chelsea,Arsenal,Chelsea,Player Shots on Target,J. Hato,NA,0.5,5.75,Pointsbet,NA,2612174,104244472,223
Arsenal v Chelsea,Arsenal,Chelsea,Player Shots on Target,J. Hato,NA,1.5,51,Pointsbet,NA,2612174,104244472,224
Arsenal v Chelsea,Arsenal,Chelsea,Player Shots on Target,Marc Guiu,Chelsea,0.5,1.74,Pointsbet,Arsenal,2612174,104244472,229
Arsenal v Chelsea,Arsenal,Chelsea,Player Shots on Target,Marc Guiu,Chelsea,1.5,4.75,Pointsbet,Arsenal,2612174,104244472,230
Arsenal v Chelsea,Arsenal,Chelsea,Player Shots on Target,Marc Guiu,Chelsea,2.5,16,Pointsbet,Arsenal,2612174,104244472,231
Arsenal v Chelsea,Arsenal,Chelsea,Player Shots on Target,Marc Guiu,Chelsea,3.5,61,Pointsbet,Arsenal,2612174,104244472,232
Arsenal v Chelsea,Arsenal,Chelsea,Player Shots on Target,M. Sarr,NA,0.5,9,Pointsbet,NA,2612174,104244472,235
Arsenal v Chelsea,Arsenal,Chelsea,Player Shots on Target,M. Sarr,NA,1.5,91,Pointsbet,NA,2612174,104244472,236
Arsenal v Chelsea,Arsenal,Chelsea,Player Shots on Target,Josh-Ko Acheampong,NA,0.5,6,Pointsbet,NA,2612174,104244472,241
Arsenal v Chelsea,Arsenal,Chelsea,Player Shots on Target,Josh-Ko Acheampong,NA,1.5,51,Pointsbet,NA,2612174,104244472,242
