match,home_team,away_team,market_name,player_name,player_team,line,over_price,agency,opposition_team,EventKey,MarketKey,OutcomeKey
Manchester United v Tottenham Hotspur,Manchester United,Tottenham Hotspur,Player Goals,Bryan Mbeumo,Manchester United,0.5,2.1,Pointsbet,Tottenham Hotspur,2583723,102771296,13
Manchester United v Tottenham Hotspur,Manchester United,Tottenham Hotspur,Player Goals,B. Šeško,NA,0.5,2.2,Pointsbet,NA,2583723,102771296,14
Manchester United v Tottenham Hotspur,Manchester United,Tottenham Hotspur,Player Goals,Matheus Cunha,Manchester United,0.5,2.35,Pointsbet,Tottenham Hotspur,2583723,102771296,11
Manchester United v Tottenham Hotspur,Manchester United,Tottenham Hotspur,Player Goals,Joshua Zirkzee,Manchester United,0.5,2.55,Pointsbet,Tottenham Hotspur,2583723,102771296,12
Manchester United v Tottenham Hotspur,Manchester United,Tottenham Hotspur,Player Goals,Bruno Fernandes,Manchester United,0.5,2.6,Pointsbet,Tottenham Hotspur,2583723,102771296,3
Manchester United v Tottenham Hotspur,Manchester United,Tottenham Hotspur,Player Goals,A. Diallo,NA,0.5,2.9,Pointsbet,NA,2583723,102771296,16
Manchester United v Tottenham Hotspur,Manchester United,Tottenham Hotspur,Player Goals,Randal Muani,NA,0.5,3.7,Pointsbet,NA,2583723,102771296,29
Manchester United v Tottenham Hotspur,Manchester United,Tottenham Hotspur,Player Goals,M. Tel,NA,0.5,4.4,Pointsbet,NA,2583723,102771296,42
Manchester United v Tottenham Hotspur,Manchester United,Tottenham Hotspur,Player Goals,Casemiro,Manchester United,0.5,4.5,Pointsbet,Tottenham Hotspur,2583723,102771296,2
Manchester United v Tottenham Hotspur,Manchester United,Tottenham Hotspur,Player Goals,X. Simons,NA,0.5,4.75,Pointsbet,NA,2583723,102771296,38
Manchester United v Tottenham Hotspur,Manchester United,Tottenham Hotspur,Player Goals,Kobbie Mainoo,Manchester United,0.5,5.25,Pointsbet,Tottenham Hotspur,2583723,102771296,19
Manchester United v Tottenham Hotspur,Manchester United,Tottenham Hotspur,Player Goals,Wilson Odobert,Tottenham Hotspur,0.5,5.75,Pointsbet,Manchester United,2583723,102771296,43
Manchester United v Tottenham Hotspur,Manchester United,Tottenham Hotspur,Player Goals,C. Gallagher,NA,0.5,6,Pointsbet,NA,2583723,102771296,30
Manchester United v Tottenham Hotspur,Manchester United,Tottenham Hotspur,Player Goals,Pape Matar Sarr,Tottenham Hotspur,0.5,6,Pointsbet,Manchester United,2583723,102771296,40
Manchester United v Tottenham Hotspur,Manchester United,Tottenham Hotspur,Player Goals,Harry Maguire,Manchester United,0.5,7.5,Pointsbet,Tottenham Hotspur,2583723,102771296,4
Manchester United v Tottenham Hotspur,Manchester United,Tottenham Hotspur,Player Goals,João Palhinha,Tottenham Hotspur,0.5,8,Pointsbet,Manchester United,2583723,102771296,25
Manchester United v Tottenham Hotspur,Manchester United,Tottenham Hotspur,Player Goals,Cristian Romero,Tottenham Hotspur,0.5,9,Pointsbet,Manchester United,2583723,102771296,26
Manchester United v Tottenham Hotspur,Manchester United,Tottenham Hotspur,Player Goals,Diogo Dalot,Manchester United,0.5,9.5,Pointsbet,Tottenham Hotspur,2583723,102771296,10
Manchester United v Tottenham Hotspur,Manchester United,Tottenham Hotspur,Player Goals,M. Ugarte,NA,0.5,9.5,Pointsbet,NA,2583723,102771296,15
Manchester United v Tottenham Hotspur,Manchester United,Tottenham Hotspur,Player Goals,Micky van de Ven,Tottenham Hotspur,0.5,10.5,Pointsbet,Manchester United,2583723,102771296,37
Manchester United v Tottenham Hotspur,Manchester United,Tottenham Hotspur,Player Goals,Lisandro Martínez,Manchester United,0.5,11,Pointsbet,Tottenham Hotspur,2583723,102771296,8
Manchester United v Tottenham Hotspur,Manchester United,Tottenham Hotspur,Player Goals,Leny Yoro,Manchester United,0.5,11,Pointsbet,Tottenham Hotspur,2583723,102771296,17
Manchester United v Tottenham Hotspur,Manchester United,Tottenham Hotspur,Player Goals,Andre Gray,NA,0.5,11,Pointsbet,NA,2583723,102771296,45
Manchester United v Tottenham Hotspur,Manchester United,Tottenham Hotspur,Player Goals,Luke Shaw,Manchester United,0.5,12,Pointsbet,Tottenham Hotspur,2583723,102771296,1
Manchester United v Tottenham Hotspur,Manchester United,Tottenham Hotspur,Player Goals,Noussair Mazraoui,Manchester United,0.5,12,Pointsbet,Tottenham Hotspur,2583723,102771296,7
Manchester United v Tottenham Hotspur,Manchester United,Tottenham Hotspur,Player Goals,T. Fredricson,NA,0.5,12,Pointsbet,NA,2583723,102771296,18
Manchester United v Tottenham Hotspur,Manchester United,Tottenham Hotspur,Player Goals,Yves Bissouma,Tottenham Hotspur,0.5,12,Pointsbet,Manchester United,2583723,102771296,27
Manchester United v Tottenham Hotspur,Manchester United,Tottenham Hotspur,Player Goals,T. Malacia,NA,0.5,13,Pointsbet,NA,2583723,102771296,9
Manchester United v Tottenham Hotspur,Manchester United,Tottenham Hotspur,Player Goals,Radu Dr<c4><83>gu<c8><99>in,NA,0.5,15,Pointsbet,NA,2583723,102771296,36
Manchester United v Tottenham Hotspur,Manchester United,Tottenham Hotspur,Player Goals,Destiny Udogie,Tottenham Hotspur,0.5,16,Pointsbet,Manchester United,2583723,102771296,41
Manchester United v Tottenham Hotspur,Manchester United,Tottenham Hotspur,Player Goals,Bryan Mbeumo,Manchester United,1.5,7,Pointsbet,Tottenham Hotspur,2583723,102771297,13
Manchester United v Tottenham Hotspur,Manchester United,Tottenham Hotspur,Player Goals,B. Šeško,NA,1.5,7.5,Pointsbet,NA,2583723,102771297,14
Manchester United v Tottenham Hotspur,Manchester United,Tottenham Hotspur,Player Goals,Matheus Cunha,Manchester United,1.5,9.5,Pointsbet,Tottenham Hotspur,2583723,102771297,11
Manchester United v Tottenham Hotspur,Manchester United,Tottenham Hotspur,Player Goals,Bruno Fernandes,Manchester United,1.5,11,Pointsbet,Tottenham Hotspur,2583723,102771297,3
Manchester United v Tottenham Hotspur,Manchester United,Tottenham Hotspur,Player Goals,Joshua Zirkzee,Manchester United,1.5,11,Pointsbet,Tottenham Hotspur,2583723,102771297,12
Manchester United v Tottenham Hotspur,Manchester United,Tottenham Hotspur,Player Goals,A. Diallo,NA,1.5,13,Pointsbet,NA,2583723,102771297,16
Manchester United v Tottenham Hotspur,Manchester United,Tottenham Hotspur,Player Goals,Randal Muani,NA,1.5,23,Pointsbet,NA,2583723,102771297,29
Manchester United v Tottenham Hotspur,Manchester United,Tottenham Hotspur,Player Goals,M. Tel,NA,1.5,31,Pointsbet,NA,2583723,102771297,42
Manchester United v Tottenham Hotspur,Manchester United,Tottenham Hotspur,Player Goals,Casemiro,Manchester United,1.5,36,Pointsbet,Tottenham Hotspur,2583723,102771297,2
Manchester United v Tottenham Hotspur,Manchester United,Tottenham Hotspur,Player Goals,X. Simons,NA,1.5,36,Pointsbet,NA,2583723,102771297,38
Manchester United v Tottenham Hotspur,Manchester United,Tottenham Hotspur,Player Goals,Kobbie Mainoo,Manchester United,1.5,51,Pointsbet,Tottenham Hotspur,2583723,102771297,19
Manchester United v Tottenham Hotspur,Manchester United,Tottenham Hotspur,Player Goals,Wilson Odobert,Tottenham Hotspur,1.5,51,Pointsbet,Manchester United,2583723,102771297,43
Manchester United v Tottenham Hotspur,Manchester United,Tottenham Hotspur,Player Goals,C. Gallagher,NA,1.5,61,Pointsbet,NA,2583723,102771297,30
Manchester United v Tottenham Hotspur,Manchester United,Tottenham Hotspur,Player Goals,Pape Matar Sarr,Tottenham Hotspur,1.5,71,Pointsbet,Manchester United,2583723,102771297,40
Manchester United v Tottenham Hotspur,Manchester United,Tottenham Hotspur,Player Goals,Harry Maguire,Manchester United,1.5,101,Pointsbet,Tottenham Hotspur,2583723,102771297,4
Manchester United v Tottenham Hotspur,Manchester United,Tottenham Hotspur,Player Goals,João Palhinha,Tottenham Hotspur,1.5,131,Pointsbet,Manchester United,2583723,102771297,25
Manchester United v Tottenham Hotspur,Manchester United,Tottenham Hotspur,Player Goals,M. Ugarte,NA,1.5,151,Pointsbet,NA,2583723,102771297,15
Manchester United v Tottenham Hotspur,Manchester United,Tottenham Hotspur,Player Goals,Cristian Romero,Tottenham Hotspur,1.5,151,Pointsbet,Manchester United,2583723,102771297,26
Manchester United v Tottenham Hotspur,Manchester United,Tottenham Hotspur,Player Goals,Micky van de Ven,Tottenham Hotspur,1.5,176,Pointsbet,Manchester United,2583723,102771297,37
Manchester United v Tottenham Hotspur,Manchester United,Tottenham Hotspur,Player Goals,Noussair Mazraoui,Manchester United,1.5,201,Pointsbet,Tottenham Hotspur,2583723,102771297,7
Manchester United v Tottenham Hotspur,Manchester United,Tottenham Hotspur,Player Goals,Diogo Dalot,Manchester United,1.5,201,Pointsbet,Tottenham Hotspur,2583723,102771297,10
Manchester United v Tottenham Hotspur,Manchester United,Tottenham Hotspur,Player Goals,Leny Yoro,Manchester United,1.5,201,Pointsbet,Tottenham Hotspur,2583723,102771297,17
Manchester United v Tottenham Hotspur,Manchester United,Tottenham Hotspur,Player Goals,Andre Gray,NA,1.5,201,Pointsbet,NA,2583723,102771297,45
Manchester United v Tottenham Hotspur,Manchester United,Tottenham Hotspur,Player Goals,Luke Shaw,Manchester United,1.5,251,Pointsbet,Tottenham Hotspur,2583723,102771297,1
Manchester United v Tottenham Hotspur,Manchester United,Tottenham Hotspur,Player Goals,Lisandro Martínez,Manchester United,1.5,251,Pointsbet,Tottenham Hotspur,2583723,102771297,8
Manchester United v Tottenham Hotspur,Manchester United,Tottenham Hotspur,Player Goals,T. Malacia,NA,1.5,251,Pointsbet,NA,2583723,102771297,9
Manchester United v Tottenham Hotspur,Manchester United,Tottenham Hotspur,Player Goals,Yves Bissouma,Tottenham Hotspur,1.5,251,Pointsbet,Manchester United,2583723,102771297,27
Manchester United v Tottenham Hotspur,Manchester United,Tottenham Hotspur,Player Goals,Radu Dr<c4><83>gu<c8><99>in,NA,1.5,251,Pointsbet,NA,2583723,102771297,36
Manchester United v Tottenham Hotspur,Manchester United,Tottenham Hotspur,Player Goals,T. Fredricson,NA,1.5,301,Pointsbet,NA,2583723,102771297,18
Manchester United v Tottenham Hotspur,Manchester United,Tottenham Hotspur,Player Goals,Destiny Udogie,Tottenham Hotspur,1.5,301,Pointsbet,Manchester United,2583723,102771297,41
Manchester United v Tottenham Hotspur,Manchester United,Tottenham Hotspur,Player Goals,Bryan Mbeumo,Manchester United,2.5,36,Pointsbet,Tottenham Hotspur,2583723,102771298,13
Manchester United v Tottenham Hotspur,Manchester United,Tottenham Hotspur,Player Goals,B. Šeško,NA,2.5,36,Pointsbet,NA,2583723,102771298,14
Manchester United v Tottenham Hotspur,Manchester United,Tottenham Hotspur,Player Goals,Bruno Fernandes,Manchester United,2.5,51,Pointsbet,Tottenham Hotspur,2583723,102771298,3
Manchester United v Tottenham Hotspur,Manchester United,Tottenham Hotspur,Player Goals,Matheus Cunha,Manchester United,2.5,51,Pointsbet,Tottenham Hotspur,2583723,102771298,11
Manchester United v Tottenham Hotspur,Manchester United,Tottenham Hotspur,Player Goals,Joshua Zirkzee,Manchester United,2.5,61,Pointsbet,Tottenham Hotspur,2583723,102771298,12
Manchester United v Tottenham Hotspur,Manchester United,Tottenham Hotspur,Player Goals,A. Diallo,NA,2.5,81,Pointsbet,NA,2583723,102771298,16
Manchester United v Tottenham Hotspur,Manchester United,Tottenham Hotspur,Player Goals,X. Simons,NA,2.5,201,Pointsbet,NA,2583723,102771298,38
Manchester United v Tottenham Hotspur,Manchester United,Tottenham Hotspur,Player Goals,Randal Muani,NA,2.5,251,Pointsbet,NA,2583723,102771298,29
Manchester United v Tottenham Hotspur,Manchester United,Tottenham Hotspur,Player Goals,M. Tel,NA,2.5,251,Pointsbet,NA,2583723,102771298,42
Manchester United v Tottenham Hotspur,Manchester United,Tottenham Hotspur,Player Goals,C. Gallagher,NA,2.5,301,Pointsbet,NA,2583723,102771298,30
Manchester United v Tottenham Hotspur,Manchester United,Tottenham Hotspur,Player Goals,Pape Matar Sarr,Tottenham Hotspur,2.5,351,Pointsbet,Manchester United,2583723,102771298,40
Burnley v West Ham United,Burnley,West Ham United,Player Goals,Z. Flemming,NA,0.5,2.7,Pointsbet,NA,2583878,102790618,14
Burnley v West Ham United,Burnley,West Ham United,Player Goals,Jarrod Bowen,West Ham United,0.5,2.7,Pointsbet,Burnley,2583878,102790618,33
Burnley v West Ham United,Burnley,West Ham United,Player Goals,Callum Wilson,West Ham United,0.5,2.75,Pointsbet,Burnley,2583878,102790618,29
Burnley v West Ham United,Burnley,West Ham United,Player Goals,V. Castellanos,NA,0.5,2.85,Pointsbet,NA,2583878,102790618,35
Burnley v West Ham United,Burnley,West Ham United,Player Goals,L. Foster,NA,0.5,2.9,Pointsbet,NA,2583878,102790618,20
Burnley v West Ham United,Burnley,West Ham United,Player Goals,Barnes,NA,0.5,3.1,Pointsbet,NA,2583878,102790618,3
Burnley v West Ham United,Burnley,West Ham United,Player Goals,A. Broja,NA,0.5,3.1,Pointsbet,NA,2583878,102790618,16
Burnley v West Ham United,Burnley,West Ham United,Player Goals,Pablo,West Ham United,0.5,3.4,Pointsbet,Burnley,2583878,102790618,39
Burnley v West Ham United,Burnley,West Ham United,Player Goals,Jaidon Anthony,NA,0.5,3.6,Pointsbet,NA,2583878,102790618,24
Burnley v West Ham United,Burnley,West Ham United,Player Goals,Obafemi,NA,0.5,3.9,Pointsbet,NA,2583878,102790618,11
Burnley v West Ham United,Burnley,West Ham United,Player Goals,Bruun Larsen,NA,0.5,4.2,Pointsbet,NA,2583878,102790618,6
Burnley v West Ham United,Burnley,West Ham United,Player Goals,M. Edwards,NA,0.5,4.4,Pointsbet,NA,2583878,102790618,10
Burnley v West Ham United,Burnley,West Ham United,Player Goals,L. Tchaouna,NA,0.5,4.5,Pointsbet,NA,2583878,102790618,22
Burnley v West Ham United,Burnley,West Ham United,Player Goals,Crysencio Summerville,West Ham United,0.5,4.5,Pointsbet,Burnley,2583878,102790618,38
Burnley v West Ham United,Burnley,West Ham United,Player Goals,E. Agyei,NA,0.5,4.75,Pointsbet,NA,2583878,102790618,27
Burnley v West Ham United,Burnley,West Ham United,Player Goals,Tomas Soucek,NA,0.5,4.75,Pointsbet,NA,2583878,102790618,30
Burnley v West Ham United,Burnley,West Ham United,Player Goals,James Ward-Prowse,West Ham United,0.5,5.25,Pointsbet,Burnley,2583878,102790618,2
Burnley v West Ham United,Burnley,West Ham United,Player Goals,Hannibal,NA,0.5,5.75,Pointsbet,NA,2583878,102790618,18
Burnley v West Ham United,Burnley,West Ham United,Player Goals,Traoré,NA,0.5,5.75,Pointsbet,NA,2583878,102790618,46
Burnley v West Ham United,Burnley,West Ham United,Player Goals,Mateus Fernandes,West Ham United,0.5,6.5,Pointsbet,Burnley,2583878,102790618,40
Burnley v West Ham United,Burnley,West Ham United,Player Goals,Mateus Fernandes,Southampton,0.5,6.5,Pointsbet,Burnley,2583878,102790618,40
Burnley v West Ham United,Burnley,West Ham United,Player Goals,Lesley Ugochukwu,NA,0.5,7,Pointsbet,NA,2583878,102790618,23
Burnley v West Ham United,Burnley,West Ham United,Player Goals,J. Laurent,NA,0.5,8.5,Pointsbet,NA,2583878,102790618,4
Burnley v West Ham United,Burnley,West Ham United,Player Goals,Lucas Pires,NA,0.5,10,Pointsbet,NA,2583878,102790618,26
Burnley v West Ham United,Burnley,West Ham United,Player Goals,Konstantinos Mavropanos,West Ham United,0.5,10.5,Pointsbet,Burnley,2583878,102790618,31
Burnley v West Ham United,Burnley,West Ham United,Player Goals,Kyle Walker-Peters,West Ham United,0.5,10.5,Pointsbet,Burnley,2583878,102790618,32
Burnley v West Ham United,Burnley,West Ham United,Player Goals,E.H.M. Diouf,NA,0.5,10.5,Pointsbet,NA,2583878,102790618,45
Burnley v West Ham United,Burnley,West Ham United,Player Goals,Axel Disasi,Chelsea,0.5,11,Pointsbet,Burnley,2583878,102790618,47
Burnley v West Ham United,Burnley,West Ham United,Player Goals,Florentino Luís,NA,0.5,12,Pointsbet,NA,2583878,102790618,12
Burnley v West Ham United,Burnley,West Ham United,Player Goals,Q. Hartman,NA,0.5,12,Pointsbet,NA,2583878,102790618,28
Burnley v West Ham United,Burnley,West Ham United,Player Goals,F. Potts,NA,0.5,12,Pointsbet,NA,2583878,102790618,41
Burnley v West Ham United,Burnley,West Ham United,Player Goals,S. Magassa,NA,0.5,12,Pointsbet,NA,2583878,102790618,42
Burnley v West Ham United,Burnley,West Ham United,Player Goals,O. Scarles,NA,0.5,12,Pointsbet,NA,2583878,102790618,43
Burnley v West Ham United,Burnley,West Ham United,Player Goals,H. Ekdal,NA,0.5,13,Pointsbet,NA,2583878,102790618,13
Burnley v West Ham United,Burnley,West Ham United,Player Goals,Max Kilman,NA,0.5,13,Pointsbet,NA,2583878,102790618,36
Burnley v West Ham United,Burnley,West Ham United,Player Goals,M. Esteve,NA,0.5,15,Pointsbet,NA,2583878,102790618,19
Burnley v West Ham United,Burnley,West Ham United,Player Goals,Kyle Walker,NA,0.5,16,Pointsbet,NA,2583878,102790618,1
Burnley v West Ham United,Burnley,West Ham United,Player Goals,Joe Worrall,NA,0.5,16,Pointsbet,NA,2583878,102790618,9
Burnley v West Ham United,Burnley,West Ham United,Player Goals,B. Humphreys,NA,0.5,16,Pointsbet,NA,2583878,102790618,21
Burnley v West Ham United,Burnley,West Ham United,Player Goals,Aaron Wan-Bissaka,West Ham United,0.5,16,Pointsbet,Burnley,2583878,102790618,34
Burnley v West Ham United,Burnley,West Ham United,Player Goals,Axel Tuanzebe,NA,0.5,17,Pointsbet,NA,2583878,102790618,8
Burnley v West Ham United,Burnley,West Ham United,Player Goals,Z. Flemming,NA,1.5,12,Pointsbet,NA,2583878,102790619,14
Burnley v West Ham United,Burnley,West Ham United,Player Goals,Jarrod Bowen,West Ham United,1.5,12,Pointsbet,Burnley,2583878,102790619,33
Burnley v West Ham United,Burnley,West Ham United,Player Goals,Callum Wilson,West Ham United,1.5,13,Pointsbet,Burnley,2583878,102790619,29
Burnley v West Ham United,Burnley,West Ham United,Player Goals,V. Castellanos,NA,1.5,13,Pointsbet,NA,2583878,102790619,35
Burnley v West Ham United,Burnley,West Ham United,Player Goals,L. Foster,NA,1.5,15,Pointsbet,NA,2583878,102790619,20
Burnley v West Ham United,Burnley,West Ham United,Player Goals,A. Broja,NA,1.5,16,Pointsbet,NA,2583878,102790619,16
Burnley v West Ham United,Burnley,West Ham United,Player Goals,Barnes,NA,1.5,17,Pointsbet,NA,2583878,102790619,3
Burnley v West Ham United,Burnley,West Ham United,Player Goals,Pablo,West Ham United,1.5,20,Pointsbet,Burnley,2583878,102790619,39
Burnley v West Ham United,Burnley,West Ham United,Player Goals,Jaidon Anthony,NA,1.5,21,Pointsbet,NA,2583878,102790619,24
Burnley v West Ham United,Burnley,West Ham United,Player Goals,Bruun Larsen,NA,1.5,26,Pointsbet,NA,2583878,102790619,6
Burnley v West Ham United,Burnley,West Ham United,Player Goals,M. Edwards,NA,1.5,29,Pointsbet,NA,2583878,102790619,10
Burnley v West Ham United,Burnley,West Ham United,Player Goals,Obafemi,NA,1.5,29,Pointsbet,NA,2583878,102790619,11
Burnley v West Ham United,Burnley,West Ham United,Player Goals,L. Tchaouna,NA,1.5,36,Pointsbet,NA,2583878,102790619,22
Burnley v West Ham United,Burnley,West Ham United,Player Goals,Tomas Soucek,NA,1.5,36,Pointsbet,NA,2583878,102790619,30
Burnley v West Ham United,Burnley,West Ham United,Player Goals,Crysencio Summerville,West Ham United,1.5,36,Pointsbet,Burnley,2583878,102790619,38
Burnley v West Ham United,Burnley,West Ham United,Player Goals,E. Agyei,NA,1.5,41,Pointsbet,NA,2583878,102790619,27
Burnley v West Ham United,Burnley,West Ham United,Player Goals,James Ward-Prowse,West Ham United,1.5,51,Pointsbet,Burnley,2583878,102790619,2
Burnley v West Ham United,Burnley,West Ham United,Player Goals,Hannibal,NA,1.5,61,Pointsbet,NA,2583878,102790619,18
Burnley v West Ham United,Burnley,West Ham United,Player Goals,Traoré,NA,1.5,61,Pointsbet,NA,2583878,102790619,46
Burnley v West Ham United,Burnley,West Ham United,Player Goals,Mateus Fernandes,West Ham United,1.5,71,Pointsbet,Burnley,2583878,102790619,40
Burnley v West Ham United,Burnley,West Ham United,Player Goals,Mateus Fernandes,Southampton,1.5,71,Pointsbet,Burnley,2583878,102790619,40
Burnley v West Ham United,Burnley,West Ham United,Player Goals,Lesley Ugochukwu,NA,1.5,91,Pointsbet,NA,2583878,102790619,23
Burnley v West Ham United,Burnley,West Ham United,Player Goals,J. Laurent,NA,1.5,151,Pointsbet,NA,2583878,102790619,4
Burnley v West Ham United,Burnley,West Ham United,Player Goals,Konstantinos Mavropanos,West Ham United,1.5,151,Pointsbet,Burnley,2583878,102790619,31
Burnley v West Ham United,Burnley,West Ham United,Player Goals,Axel Disasi,Chelsea,1.5,176,Pointsbet,Burnley,2583878,102790619,47
Burnley v West Ham United,Burnley,West Ham United,Player Goals,Lucas Pires,NA,1.5,201,Pointsbet,NA,2583878,102790619,26
Burnley v West Ham United,Burnley,West Ham United,Player Goals,F. Potts,NA,1.5,201,Pointsbet,NA,2583878,102790619,41
Burnley v West Ham United,Burnley,West Ham United,Player Goals,S. Magassa,NA,1.5,201,Pointsbet,NA,2583878,102790619,42
Burnley v West Ham United,Burnley,West Ham United,Player Goals,E.H.M. Diouf,NA,1.5,201,Pointsbet,NA,2583878,102790619,45
Burnley v West Ham United,Burnley,West Ham United,Player Goals,B. Humphreys,NA,1.5,251,Pointsbet,NA,2583878,102790619,21
Burnley v West Ham United,Burnley,West Ham United,Player Goals,Kyle Walker-Peters,West Ham United,1.5,251,Pointsbet,Burnley,2583878,102790619,32
Burnley v West Ham United,Burnley,West Ham United,Player Goals,O. Scarles,NA,1.5,251,Pointsbet,NA,2583878,102790619,43
Burnley v West Ham United,Burnley,West Ham United,Player Goals,Joe Worrall,NA,1.5,301,Pointsbet,NA,2583878,102790619,9
Burnley v West Ham United,Burnley,West Ham United,Player Goals,Florentino Luís,NA,1.5,301,Pointsbet,NA,2583878,102790619,12
Burnley v West Ham United,Burnley,West Ham United,Player Goals,H. Ekdal,NA,1.5,301,Pointsbet,NA,2583878,102790619,13
Burnley v West Ham United,Burnley,West Ham United,Player Goals,M. Esteve,NA,1.5,301,Pointsbet,NA,2583878,102790619,19
Burnley v West Ham United,Burnley,West Ham United,Player Goals,Q. Hartman,NA,1.5,301,Pointsbet,NA,2583878,102790619,28
Burnley v West Ham United,Burnley,West Ham United,Player Goals,Aaron Wan-Bissaka,West Ham United,1.5,301,Pointsbet,Burnley,2583878,102790619,34
Burnley v West Ham United,Burnley,West Ham United,Player Goals,Max Kilman,NA,1.5,301,Pointsbet,NA,2583878,102790619,36
Burnley v West Ham United,Burnley,West Ham United,Player Goals,Kyle Walker,NA,1.5,451,Pointsbet,NA,2583878,102790619,1
Burnley v West Ham United,Burnley,West Ham United,Player Goals,Axel Tuanzebe,NA,1.5,451,Pointsbet,NA,2583878,102790619,8
Burnley v West Ham United,Burnley,West Ham United,Player Goals,V. Castellanos,NA,2.5,71,Pointsbet,NA,2583878,102790620,35
Burnley v West Ham United,Burnley,West Ham United,Player Goals,Z. Flemming,NA,2.5,81,Pointsbet,NA,2583878,102790620,14
Burnley v West Ham United,Burnley,West Ham United,Player Goals,Callum Wilson,West Ham United,2.5,81,Pointsbet,Burnley,2583878,102790620,29
Burnley v West Ham United,Burnley,West Ham United,Player Goals,Jarrod Bowen,West Ham United,2.5,81,Pointsbet,Burnley,2583878,102790620,33
Burnley v West Ham United,Burnley,West Ham United,Player Goals,A. Broja,NA,2.5,91,Pointsbet,NA,2583878,102790620,16
Burnley v West Ham United,Burnley,West Ham United,Player Goals,L. Foster,NA,2.5,101,Pointsbet,NA,2583878,102790620,20
Burnley v West Ham United,Burnley,West Ham United,Player Goals,Pablo,West Ham United,2.5,121,Pointsbet,Burnley,2583878,102790620,39
Burnley v West Ham United,Burnley,West Ham United,Player Goals,Barnes,NA,2.5,131,Pointsbet,NA,2583878,102790620,3
Burnley v West Ham United,Burnley,West Ham United,Player Goals,Bruun Larsen,NA,2.5,176,Pointsbet,NA,2583878,102790620,6
Burnley v West Ham United,Burnley,West Ham United,Player Goals,Obafemi,NA,2.5,201,Pointsbet,NA,2583878,102790620,11
Burnley v West Ham United,Burnley,West Ham United,Player Goals,Jaidon Anthony,NA,2.5,201,Pointsbet,NA,2583878,102790620,24
Burnley v West Ham United,Burnley,West Ham United,Player Goals,M. Edwards,NA,2.5,251,Pointsbet,NA,2583878,102790620,10
Burnley v West Ham United,Burnley,West Ham United,Player Goals,Tomas Soucek,NA,2.5,251,Pointsbet,NA,2583878,102790620,30
Burnley v West Ham United,Burnley,West Ham United,Player Goals,Crysencio Summerville,West Ham United,2.5,251,Pointsbet,Burnley,2583878,102790620,38
Burnley v West Ham United,Burnley,West Ham United,Player Goals,L. Tchaouna,NA,2.5,301,Pointsbet,NA,2583878,102790620,22
Bournemouth v Aston Villa,Bournemouth,Aston Villa,Player Goals,E. Kroupi,NA,0.5,2.4,Pointsbet,NA,2583876,102790644,23
Bournemouth v Aston Villa,Bournemouth,Aston Villa,Player Goals,Ollie Watkins,Aston Villa,0.5,2.4,Pointsbet,Bournemouth,2583876,102790644,30
Bournemouth v Aston Villa,Bournemouth,Aston Villa,Player Goals,T. Abraham,NA,0.5,2.55,Pointsbet,NA,2583876,102790644,43
Bournemouth v Aston Villa,Bournemouth,Aston Villa,Player Goals,Evanilson,Bournemouth,0.5,2.75,Pointsbet,Aston Villa,2583876,102790644,10
Bournemouth v Aston Villa,Bournemouth,Aston Villa,Player Goals,Ünal,NA,0.5,3,Pointsbet,NA,2583876,102790644,2
Bournemouth v Aston Villa,Bournemouth,Aston Villa,Player Goals,Morgan Rogers,Aston Villa,0.5,3.1,Pointsbet,Bournemouth,2583876,102790644,38
Bournemouth v Aston Villa,Bournemouth,Aston Villa,Player Goals,Buendía,NA,0.5,4,Pointsbet,NA,2583876,102790644,31
Bournemouth v Aston Villa,Bournemouth,Aston Villa,Player Goals,R. Faivre,NA,0.5,4.2,Pointsbet,NA,2583876,102790644,12
Bournemouth v Aston Villa,Bournemouth,Aston Villa,Player Goals,Leon Bailey,Aston Villa,0.5,4.2,Pointsbet,Bournemouth,2583876,102790644,32
Bournemouth v Aston Villa,Bournemouth,Aston Villa,Player Goals,A. Adli,NA,0.5,4.5,Pointsbet,NA,2583876,102790644,14
Bournemouth v Aston Villa,Bournemouth,Aston Villa,Player Goals,Jadon Sancho,Aston Villa,0.5,4.75,Pointsbet,Bournemouth,2583876,102790644,37
Bournemouth v Aston Villa,Bournemouth,Aston Villa,Player Goals,Harvey Elliott,Liverpool,0.5,4.75,Pointsbet,Bournemouth,2583876,102790644,40
Bournemouth v Aston Villa,Bournemouth,Aston Villa,Player Goals,Harvey Elliott,Aston Villa,0.5,4.75,Pointsbet,Bournemouth,2583876,102790644,40
Bournemouth v Aston Villa,Bournemouth,Aston Villa,Player Goals,Ross Barkley,Aston Villa,0.5,5.25,Pointsbet,Bournemouth,2583876,102790644,25
Bournemouth v Aston Villa,Bournemouth,Aston Villa,Player Goals,Ryan Christie,Bournemouth,0.5,6,Pointsbet,Aston Villa,2583876,102790644,3
Bournemouth v Aston Villa,Bournemouth,Aston Villa,Player Goals,Alejandro Jiménez,NA,0.5,6,Pointsbet,NA,2583876,102790644,17
Bournemouth v Aston Villa,Bournemouth,Aston Villa,Player Goals,Amadou Onana,Aston Villa,0.5,6,Pointsbet,Bournemouth,2583876,102790644,39
Bournemouth v Aston Villa,Bournemouth,Aston Villa,Player Goals,Douglas Luiz,Nottingham Forest,0.5,6,Pointsbet,Bournemouth,2583876,102790644,44
Bournemouth v Aston Villa,Bournemouth,Aston Villa,Player Goals,A. Tóth,NA,0.5,6.5,Pointsbet,NA,2583876,102790644,22
Bournemouth v Aston Villa,Bournemouth,Aston Villa,Player Goals,Alex Scott,Bournemouth,0.5,8,Pointsbet,Aston Villa,2583876,102790644,16
Bournemouth v Aston Villa,Bournemouth,Aston Villa,Player Goals,Matty Cash,Aston Villa,0.5,8.5,Pointsbet,Bournemouth,2583876,102790644,34
Bournemouth v Aston Villa,Bournemouth,Aston Villa,Player Goals,Ian Maatsen,Aston Villa,0.5,9.5,Pointsbet,Bournemouth,2583876,102790644,41
Bournemouth v Aston Villa,Bournemouth,Aston Villa,Player Goals,James Hill,Bournemouth,0.5,12,Pointsbet,Aston Villa,2583876,102790644,11
Bournemouth v Aston Villa,Bournemouth,Aston Villa,Player Goals,B. Diakité,NA,0.5,12,Pointsbet,NA,2583876,102790644,13
Bournemouth v Aston Villa,Bournemouth,Aston Villa,Player Goals,V. Milosavljevic,NA,0.5,12,Pointsbet,NA,2583876,102790644,21
Bournemouth v Aston Villa,Bournemouth,Aston Villa,Player Goals,Mings,NA,0.5,12,Pointsbet,NA,2583876,102790644,28
Bournemouth v Aston Villa,Bournemouth,Aston Villa,Player Goals,Ezri Konsa,Aston Villa,0.5,12,Pointsbet,Bournemouth,2583876,102790644,33
Bournemouth v Aston Villa,Bournemouth,Aston Villa,Player Goals,Pau Torres,Aston Villa,0.5,12,Pointsbet,Bournemouth,2583876,102790644,36
Bournemouth v Aston Villa,Bournemouth,Aston Villa,Player Goals,Lucas Digne,Aston Villa,0.5,13,Pointsbet,Bournemouth,2583876,102790644,24
Bournemouth v Aston Villa,Bournemouth,Aston Villa,Player Goals,Lamare Bogarde,Aston Villa,0.5,13,Pointsbet,Bournemouth,2583876,102790644,42
Bournemouth v Aston Villa,Bournemouth,Aston Villa,Player Goals,Marcos Senesi,Bournemouth,0.5,15,Pointsbet,Aston Villa,2583876,102790644,6
Bournemouth v Aston Villa,Bournemouth,Aston Villa,Player Goals,A. Truffert,NA,0.5,15,Pointsbet,NA,2583876,102790644,15
Bournemouth v Aston Villa,Bournemouth,Aston Villa,Player Goals,Lewis Cook,Bournemouth,0.5,17,Pointsbet,Aston Villa,2583876,102790644,4
Bournemouth v Aston Villa,Bournemouth,Aston Villa,Player Goals,Adam Smith,Bournemouth,0.5,21,Pointsbet,Aston Villa,2583876,102790644,1
Bournemouth v Aston Villa,Bournemouth,Aston Villa,Player Goals,Lindelöf,NA,0.5,21,Pointsbet,NA,2583876,102790644,29
Bournemouth v Aston Villa,Bournemouth,Aston Villa,Player Goals,E. Kroupi,NA,1.5,10,Pointsbet,NA,2583876,102790645,23
Bournemouth v Aston Villa,Bournemouth,Aston Villa,Player Goals,Ollie Watkins,Aston Villa,1.5,10,Pointsbet,Bournemouth,2583876,102790645,30
Bournemouth v Aston Villa,Bournemouth,Aston Villa,Player Goals,T. Abraham,NA,1.5,11,Pointsbet,NA,2583876,102790645,43
Bournemouth v Aston Villa,Bournemouth,Aston Villa,Player Goals,Evanilson,Bournemouth,1.5,12,Pointsbet,Aston Villa,2583876,102790645,10
Bournemouth v Aston Villa,Bournemouth,Aston Villa,Player Goals,Ünal,NA,1.5,16,Pointsbet,NA,2583876,102790645,2
Bournemouth v Aston Villa,Bournemouth,Aston Villa,Player Goals,Morgan Rogers,Aston Villa,1.5,16,Pointsbet,Bournemouth,2583876,102790645,38
Bournemouth v Aston Villa,Bournemouth,Aston Villa,Player Goals,R. Faivre,NA,1.5,29,Pointsbet,NA,2583876,102790645,12
Bournemouth v Aston Villa,Bournemouth,Aston Villa,Player Goals,Buendía,NA,1.5,29,Pointsbet,NA,2583876,102790645,31
Bournemouth v Aston Villa,Bournemouth,Aston Villa,Player Goals,Leon Bailey,Aston Villa,1.5,31,Pointsbet,Bournemouth,2583876,102790645,32
Bournemouth v Aston Villa,Bournemouth,Aston Villa,Player Goals,A. Adli,NA,1.5,36,Pointsbet,NA,2583876,102790645,14
Bournemouth v Aston Villa,Bournemouth,Aston Villa,Player Goals,Harvey Elliott,Liverpool,1.5,36,Pointsbet,Bournemouth,2583876,102790645,40
Bournemouth v Aston Villa,Bournemouth,Aston Villa,Player Goals,Harvey Elliott,Aston Villa,1.5,36,Pointsbet,Bournemouth,2583876,102790645,40
Bournemouth v Aston Villa,Bournemouth,Aston Villa,Player Goals,Jadon Sancho,Aston Villa,1.5,41,Pointsbet,Bournemouth,2583876,102790645,37
Bournemouth v Aston Villa,Bournemouth,Aston Villa,Player Goals,Ross Barkley,Aston Villa,1.5,51,Pointsbet,Bournemouth,2583876,102790645,25
Bournemouth v Aston Villa,Bournemouth,Aston Villa,Player Goals,Douglas Luiz,Nottingham Forest,1.5,61,Pointsbet,Bournemouth,2583876,102790645,44
Bournemouth v Aston Villa,Bournemouth,Aston Villa,Player Goals,Alejandro Jiménez,NA,1.5,71,Pointsbet,NA,2583876,102790645,17
Bournemouth v Aston Villa,Bournemouth,Aston Villa,Player Goals,Amadou Onana,Aston Villa,1.5,71,Pointsbet,Bournemouth,2583876,102790645,39
Bournemouth v Aston Villa,Bournemouth,Aston Villa,Player Goals,Ryan Christie,Bournemouth,1.5,81,Pointsbet,Aston Villa,2583876,102790645,3
Bournemouth v Aston Villa,Bournemouth,Aston Villa,Player Goals,A. Tóth,NA,1.5,91,Pointsbet,NA,2583876,102790645,22
Bournemouth v Aston Villa,Bournemouth,Aston Villa,Player Goals,Alex Scott,Bournemouth,1.5,101,Pointsbet,Aston Villa,2583876,102790645,16
Bournemouth v Aston Villa,Bournemouth,Aston Villa,Player Goals,Matty Cash,Aston Villa,1.5,131,Pointsbet,Bournemouth,2583876,102790645,34
Bournemouth v Aston Villa,Bournemouth,Aston Villa,Player Goals,Ian Maatsen,Aston Villa,1.5,131,Pointsbet,Bournemouth,2583876,102790645,41
Bournemouth v Aston Villa,Bournemouth,Aston Villa,Player Goals,Mings,NA,1.5,201,Pointsbet,NA,2583876,102790645,28
Bournemouth v Aston Villa,Bournemouth,Aston Villa,Player Goals,B. Diakité,NA,1.5,251,Pointsbet,NA,2583876,102790645,13
Bournemouth v Aston Villa,Bournemouth,Aston Villa,Player Goals,A. Truffert,NA,1.5,251,Pointsbet,NA,2583876,102790645,15
Bournemouth v Aston Villa,Bournemouth,Aston Villa,Player Goals,V. Milosavljevic,NA,1.5,251,Pointsbet,NA,2583876,102790645,21
Bournemouth v Aston Villa,Bournemouth,Aston Villa,Player Goals,Ezri Konsa,Aston Villa,1.5,251,Pointsbet,Bournemouth,2583876,102790645,33
Bournemouth v Aston Villa,Bournemouth,Aston Villa,Player Goals,Marcos Senesi,Bournemouth,1.5,301,Pointsbet,Aston Villa,2583876,102790645,6
Bournemouth v Aston Villa,Bournemouth,Aston Villa,Player Goals,James Hill,Bournemouth,1.5,301,Pointsbet,Aston Villa,2583876,102790645,11
Bournemouth v Aston Villa,Bournemouth,Aston Villa,Player Goals,Lucas Digne,Aston Villa,1.5,351,Pointsbet,Bournemouth,2583876,102790645,24
Bournemouth v Aston Villa,Bournemouth,Aston Villa,Player Goals,Pau Torres,Aston Villa,1.5,351,Pointsbet,Bournemouth,2583876,102790645,36
Bournemouth v Aston Villa,Bournemouth,Aston Villa,Player Goals,Lamare Bogarde,Aston Villa,1.5,351,Pointsbet,Bournemouth,2583876,102790645,42
Bournemouth v Aston Villa,Bournemouth,Aston Villa,Player Goals,Lewis Cook,Bournemouth,1.5,451,Pointsbet,Aston Villa,2583876,102790645,4
Bournemouth v Aston Villa,Bournemouth,Aston Villa,Player Goals,Lindelöf,NA,1.5,751,Pointsbet,NA,2583876,102790645,29
Bournemouth v Aston Villa,Bournemouth,Aston Villa,Player Goals,Ollie Watkins,Aston Villa,2.5,41,Pointsbet,Bournemouth,2583876,102790646,30
Bournemouth v Aston Villa,Bournemouth,Aston Villa,Player Goals,E. Kroupi,NA,2.5,51,Pointsbet,NA,2583876,102790646,23
Bournemouth v Aston Villa,Bournemouth,Aston Villa,Player Goals,T. Abraham,NA,2.5,61,Pointsbet,NA,2583876,102790646,43
Bournemouth v Aston Villa,Bournemouth,Aston Villa,Player Goals,Evanilson,Bournemouth,2.5,81,Pointsbet,Aston Villa,2583876,102790646,10
Bournemouth v Aston Villa,Bournemouth,Aston Villa,Player Goals,Ünal,NA,2.5,121,Pointsbet,NA,2583876,102790646,2
Bournemouth v Aston Villa,Bournemouth,Aston Villa,Player Goals,Morgan Rogers,Aston Villa,2.5,121,Pointsbet,Bournemouth,2583876,102790646,38
Bournemouth v Aston Villa,Bournemouth,Aston Villa,Player Goals,R. Faivre,NA,2.5,201,Pointsbet,NA,2583876,102790646,12
Bournemouth v Aston Villa,Bournemouth,Aston Villa,Player Goals,Buendía,NA,2.5,201,Pointsbet,NA,2583876,102790646,31
Bournemouth v Aston Villa,Bournemouth,Aston Villa,Player Goals,Leon Bailey,Aston Villa,2.5,201,Pointsbet,Bournemouth,2583876,102790646,32
Bournemouth v Aston Villa,Bournemouth,Aston Villa,Player Goals,Harvey Elliott,Liverpool,2.5,251,Pointsbet,Bournemouth,2583876,102790646,40
Bournemouth v Aston Villa,Bournemouth,Aston Villa,Player Goals,Harvey Elliott,Aston Villa,2.5,251,Pointsbet,Bournemouth,2583876,102790646,40
Bournemouth v Aston Villa,Bournemouth,Aston Villa,Player Goals,Ross Barkley,Aston Villa,2.5,301,Pointsbet,Bournemouth,2583876,102790646,25
Bournemouth v Aston Villa,Bournemouth,Aston Villa,Player Goals,Jadon Sancho,Aston Villa,2.5,301,Pointsbet,Bournemouth,2583876,102790646,37
Arsenal v Sunderland,Arsenal,Sunderland,Player Goals,Gyökeres,NA,0.5,1.95,Pointsbet,NA,2583877,102790682,11
Arsenal v Sunderland,Arsenal,Sunderland,Player Goals,Gabriel Jesus,Arsenal,0.5,2.3,Pointsbet,Sunderland,2583877,102790682,6
Arsenal v Sunderland,Arsenal,Sunderland,Player Goals,Kai Havertz,Arsenal,0.5,2.4,Pointsbet,Sunderland,2583877,102790682,8
Arsenal v Sunderland,Arsenal,Sunderland,Player Goals,Leandro Trossard,Arsenal,0.5,2.6,Pointsbet,Sunderland,2583877,102790682,2
Arsenal v Sunderland,Arsenal,Sunderland,Player Goals,Noni Madueke,Arsenal,0.5,2.85,Pointsbet,Sunderland,2583877,102790682,13
Arsenal v Sunderland,Arsenal,Sunderland,Player Goals,Gabriel Martinelli,Arsenal,0.5,2.85,Pointsbet,Sunderland,2583877,102790682,17
Arsenal v Sunderland,Arsenal,Sunderland,Player Goals,Eberechi Eze,Arsenal,0.5,3,Pointsbet,Sunderland,2583877,102790682,9
Arsenal v Sunderland,Arsenal,Sunderland,Player Goals,Eberechi Eze,Crystal Palace,0.5,3,Pointsbet,Arsenal,2583877,102790682,9
Arsenal v Sunderland,Arsenal,Sunderland,Player Goals,Declan Rice,Arsenal,0.5,4.75,Pointsbet,Sunderland,2583877,102790682,5
Arsenal v Sunderland,Arsenal,Sunderland,Player Goals,Nørgaard,NA,0.5,5.25,Pointsbet,NA,2583877,102790682,1
Arsenal v Sunderland,Arsenal,Sunderland,Player Goals,Gabriel Magalh<c3><a3>es,NA,0.5,5.25,Pointsbet,NA,2583877,102790682,10
Arsenal v Sunderland,Arsenal,Sunderland,Player Goals,W. Isidor,NA,0.5,5.75,Pointsbet,NA,2583877,102790682,30
Arsenal v Sunderland,Arsenal,Sunderland,Player Goals,Martín Zubimendi,Arsenal,0.5,6,Pointsbet,Sunderland,2583877,102790682,19
Arsenal v Sunderland,Arsenal,Sunderland,Player Goals,B. Brobbey,NA,0.5,6,Pointsbet,NA,2583877,102790682,31
Arsenal v Sunderland,Arsenal,Sunderland,Player Goals,Eliezer Mayenda,NA,0.5,6.5,Pointsbet,NA,2583877,102790682,42
Arsenal v Sunderland,Arsenal,Sunderland,Player Goals,Riccardo Calafiori,Arsenal,0.5,7,Pointsbet,Sunderland,2583877,102790682,16
Arsenal v Sunderland,Arsenal,Sunderland,Player Goals,Jurrien Timber,NA,0.5,8,Pointsbet,NA,2583877,102790682,12
Arsenal v Sunderland,Arsenal,Sunderland,Player Goals,C. Talbi,NA,0.5,8.5,Pointsbet,NA,2583877,102790682,40
Arsenal v Sunderland,Arsenal,Sunderland,Player Goals,N. Angulo,NA,0.5,9,Pointsbet,NA,2583877,102790682,44
Arsenal v Sunderland,Arsenal,Sunderland,Player Goals,Enzo Le Fã©E,NA,0.5,10,Pointsbet,NA,2583877,102790682,34
Arsenal v Sunderland,Arsenal,Sunderland,Player Goals,I. Poveda-Ocampo,NA,0.5,10.5,Pointsbet,NA,2583877,102790682,29
Arsenal v Sunderland,Arsenal,Sunderland,Player Goals,Ben White,Arsenal,0.5,11,Pointsbet,Sunderland,2583877,102790682,7
Arsenal v Sunderland,Arsenal,Sunderland,Player Goals,P. Hincapié,NA,0.5,11,Pointsbet,NA,2583877,102790682,18
Arsenal v Sunderland,Arsenal,Sunderland,Player Goals,Lewis-Skelly,NA,0.5,11,Pointsbet,NA,2583877,102790682,21
Arsenal v Sunderland,Arsenal,Sunderland,Player Goals,R. Mundle,NA,0.5,11,Pointsbet,NA,2583877,102790682,37
Arsenal v Sunderland,Arsenal,Sunderland,Player Goals,H. Diarra,NA,0.5,11,Pointsbet,NA,2583877,102790682,39
Arsenal v Sunderland,Arsenal,Sunderland,Player Goals,D. Ballard,NA,0.5,12,Pointsbet,NA,2583877,102790682,32
Arsenal v Sunderland,Arsenal,Sunderland,Player Goals,P. Roberts,NA,0.5,12,Pointsbet,NA,2583877,102790682,43
Arsenal v Sunderland,Arsenal,Sunderland,Player Goals,T. Hume,NA,0.5,15,Pointsbet,NA,2583877,102790682,35
Arsenal v Sunderland,Arsenal,Sunderland,Player Goals,William Saliba,Arsenal,0.5,16,Pointsbet,Sunderland,2583877,102790682,14
Arsenal v Sunderland,Arsenal,Sunderland,Player Goals,Cristhian Mosquera,Arsenal,0.5,16,Pointsbet,Sunderland,2583877,102790682,20
Arsenal v Sunderland,Arsenal,Sunderland,Player Goals,O. Alderete,NA,0.5,19,Pointsbet,NA,2583877,102790682,26
Arsenal v Sunderland,Arsenal,Sunderland,Player Goals,Lutsharel Geertruida,NA,0.5,21,Pointsbet,NA,2583877,102790682,27
Arsenal v Sunderland,Arsenal,Sunderland,Player Goals,D. Cirkin,NA,0.5,21,Pointsbet,NA,2583877,102790682,33
Arsenal v Sunderland,Arsenal,Sunderland,Player Goals,N. Sadiki,NA,0.5,23,Pointsbet,NA,2583877,102790682,41
Arsenal v Sunderland,Arsenal,Sunderland,Player Goals,Luke O'nien,NA,0.5,29,Pointsbet,NA,2583877,102790682,23
Arsenal v Sunderland,Arsenal,Sunderland,Player Goals,Mukiele,NA,0.5,29,Pointsbet,NA,2583877,102790682,25
Arsenal v Sunderland,Arsenal,Sunderland,Player Goals,Reinildo,NA,0.5,36,Pointsbet,NA,2583877,102790682,28
Arsenal v Sunderland,Arsenal,Sunderland,Player Goals,Gyökeres,NA,1.5,6.5,Pointsbet,NA,2583877,102790683,11
Arsenal v Sunderland,Arsenal,Sunderland,Player Goals,Gabriel Jesus,Arsenal,1.5,9,Pointsbet,Sunderland,2583877,102790683,6
Arsenal v Sunderland,Arsenal,Sunderland,Player Goals,Kai Havertz,Arsenal,1.5,10,Pointsbet,Sunderland,2583877,102790683,8
Arsenal v Sunderland,Arsenal,Sunderland,Player Goals,Leandro Trossard,Arsenal,1.5,12,Pointsbet,Sunderland,2583877,102790683,2
Arsenal v Sunderland,Arsenal,Sunderland,Player Goals,Noni Madueke,Arsenal,1.5,13,Pointsbet,Sunderland,2583877,102790683,13
Arsenal v Sunderland,Arsenal,Sunderland,Player Goals,Gabriel Martinelli,Arsenal,1.5,15,Pointsbet,Sunderland,2583877,102790683,17
Arsenal v Sunderland,Arsenal,Sunderland,Player Goals,Eberechi Eze,Arsenal,1.5,16,Pointsbet,Sunderland,2583877,102790683,9
Arsenal v Sunderland,Arsenal,Sunderland,Player Goals,Eberechi Eze,Crystal Palace,1.5,16,Pointsbet,Arsenal,2583877,102790683,9
Arsenal v Sunderland,Arsenal,Sunderland,Player Goals,Declan Rice,Arsenal,1.5,36,Pointsbet,Sunderland,2583877,102790683,5
Arsenal v Sunderland,Arsenal,Sunderland,Player Goals,Nørgaard,NA,1.5,51,Pointsbet,NA,2583877,102790683,1
Arsenal v Sunderland,Arsenal,Sunderland,Player Goals,Gabriel Magalh<c3><a3>es,NA,1.5,51,Pointsbet,NA,2583877,102790683,10
Arsenal v Sunderland,Arsenal,Sunderland,Player Goals,W. Isidor,NA,1.5,61,Pointsbet,NA,2583877,102790683,30
Arsenal v Sunderland,Arsenal,Sunderland,Player Goals,B. Brobbey,NA,1.5,61,Pointsbet,NA,2583877,102790683,31
Arsenal v Sunderland,Arsenal,Sunderland,Player Goals,Eliezer Mayenda,NA,1.5,71,Pointsbet,NA,2583877,102790683,42
Arsenal v Sunderland,Arsenal,Sunderland,Player Goals,Martín Zubimendi,Arsenal,1.5,81,Pointsbet,Sunderland,2583877,102790683,19
Arsenal v Sunderland,Arsenal,Sunderland,Player Goals,Riccardo Calafiori,Arsenal,1.5,91,Pointsbet,Sunderland,2583877,102790683,16
Arsenal v Sunderland,Arsenal,Sunderland,Player Goals,C. Talbi,NA,1.5,101,Pointsbet,NA,2583877,102790683,40
Arsenal v Sunderland,Arsenal,Sunderland,Player Goals,Jurrien Timber,NA,1.5,131,Pointsbet,NA,2583877,102790683,12
Arsenal v Sunderland,Arsenal,Sunderland,Player Goals,N. Angulo,NA,1.5,151,Pointsbet,NA,2583877,102790683,44
Arsenal v Sunderland,Arsenal,Sunderland,Player Goals,I. Poveda-Ocampo,NA,1.5,176,Pointsbet,NA,2583877,102790683,29
Arsenal v Sunderland,Arsenal,Sunderland,Player Goals,Enzo Le Fã©E,NA,1.5,176,Pointsbet,NA,2583877,102790683,34
Arsenal v Sunderland,Arsenal,Sunderland,Player Goals,R. Mundle,NA,1.5,176,Pointsbet,NA,2583877,102790683,37
Arsenal v Sunderland,Arsenal,Sunderland,Player Goals,Ben White,Arsenal,1.5,201,Pointsbet,Sunderland,2583877,102790683,7
Arsenal v Sunderland,Arsenal,Sunderland,Player Goals,Lewis-Skelly,NA,1.5,201,Pointsbet,NA,2583877,102790683,21
Arsenal v Sunderland,Arsenal,Sunderland,Player Goals,H. Diarra,NA,1.5,201,Pointsbet,NA,2583877,102790683,39
Arsenal v Sunderland,Arsenal,Sunderland,Player Goals,P. Hincapié,NA,1.5,251,Pointsbet,NA,2583877,102790683,18
Arsenal v Sunderland,Arsenal,Sunderland,Player Goals,D. Ballard,NA,1.5,251,Pointsbet,NA,2583877,102790683,32
Arsenal v Sunderland,Arsenal,Sunderland,Player Goals,T. Hume,NA,1.5,251,Pointsbet,NA,2583877,102790683,35
Arsenal v Sunderland,Arsenal,Sunderland,Player Goals,P. Roberts,NA,1.5,251,Pointsbet,NA,2583877,102790683,43
Arsenal v Sunderland,Arsenal,Sunderland,Player Goals,William Saliba,Arsenal,1.5,301,Pointsbet,Sunderland,2583877,102790683,14
Arsenal v Sunderland,Arsenal,Sunderland,Player Goals,O. Alderete,NA,1.5,301,Pointsbet,NA,2583877,102790683,26
Arsenal v Sunderland,Arsenal,Sunderland,Player Goals,Cristhian Mosquera,Arsenal,1.5,351,Pointsbet,Sunderland,2583877,102790683,20
Arsenal v Sunderland,Arsenal,Sunderland,Player Goals,Mukiele,NA,1.5,451,Pointsbet,NA,2583877,102790683,25
Arsenal v Sunderland,Arsenal,Sunderland,Player Goals,Lutsharel Geertruida,NA,1.5,451,Pointsbet,NA,2583877,102790683,27
Arsenal v Sunderland,Arsenal,Sunderland,Player Goals,D. Cirkin,NA,1.5,451,Pointsbet,NA,2583877,102790683,33
Arsenal v Sunderland,Arsenal,Sunderland,Player Goals,N. Sadiki,NA,1.5,451,Pointsbet,NA,2583877,102790683,41
Arsenal v Sunderland,Arsenal,Sunderland,Player Goals,Luke O'nien,NA,1.5,1001,Pointsbet,NA,2583877,102790683,23
Arsenal v Sunderland,Arsenal,Sunderland,Player Goals,Gyökeres,NA,2.5,29,Pointsbet,NA,2583877,102790684,11
Arsenal v Sunderland,Arsenal,Sunderland,Player Goals,Gabriel Jesus,Arsenal,2.5,36,Pointsbet,Sunderland,2583877,102790684,6
Arsenal v Sunderland,Arsenal,Sunderland,Player Goals,Leandro Trossard,Arsenal,2.5,61,Pointsbet,Sunderland,2583877,102790684,2
Arsenal v Sunderland,Arsenal,Sunderland,Player Goals,Kai Havertz,Arsenal,2.5,61,Pointsbet,Sunderland,2583877,102790684,8
Arsenal v Sunderland,Arsenal,Sunderland,Player Goals,Eberechi Eze,Arsenal,2.5,91,Pointsbet,Sunderland,2583877,102790684,9
Arsenal v Sunderland,Arsenal,Sunderland,Player Goals,Eberechi Eze,Crystal Palace,2.5,91,Pointsbet,Arsenal,2583877,102790684,9
Arsenal v Sunderland,Arsenal,Sunderland,Player Goals,Gabriel Martinelli,Arsenal,2.5,91,Pointsbet,Sunderland,2583877,102790684,17
Arsenal v Sunderland,Arsenal,Sunderland,Player Goals,Noni Madueke,Arsenal,2.5,101,Pointsbet,Sunderland,2583877,102790684,13
Arsenal v Sunderland,Arsenal,Sunderland,Player Goals,Declan Rice,Arsenal,2.5,251,Pointsbet,Sunderland,2583877,102790684,5
Arsenal v Sunderland,Arsenal,Sunderland,Player Goals,Gabriel Magalh<c3><a3>es,NA,2.5,351,Pointsbet,NA,2583877,102790684,10
Arsenal v Sunderland,Arsenal,Sunderland,Player Goals,B. Brobbey,NA,2.5,351,Pointsbet,NA,2583877,102790684,31
Fulham v Everton,Fulham,Everton,Player Goals,Rodrigo Muniz,Fulham,0.5,2.55,Pointsbet,Everton,2583879,102842654,18
Fulham v Everton,Fulham,Everton,Player Goals,R. Jiménez,NA,0.5,2.7,Pointsbet,NA,2583879,102842654,1
Fulham v Everton,Fulham,Everton,Player Goals,Harry Wilson,Fulham,0.5,3.3,Pointsbet,Everton,2583879,102842654,7
Fulham v Everton,Fulham,Everton,Player Goals,Beto,Everton,0.5,3.3,Pointsbet,Fulham,2583879,102842654,29
Fulham v Everton,Fulham,Everton,Player Goals,T. Barry,NA,0.5,3.6,Pointsbet,NA,2583879,102842654,37
Fulham v Everton,Fulham,Everton,Player Goals,Emile Smith Rowe,Fulham,0.5,3.9,Pointsbet,Everton,2583879,102842654,14
Fulham v Everton,Fulham,Everton,Player Goals,Iliman Ndiaye,Everton,0.5,4.2,Pointsbet,Fulham,2583879,102842654,35
Fulham v Everton,Fulham,Everton,Player Goals,Chukwueze,NA,0.5,4.4,Pointsbet,NA,2583879,102842654,17
Fulham v Everton,Fulham,Everton,Player Goals,T. George,NA,0.5,4.4,Pointsbet,NA,2583879,102842654,41
Fulham v Everton,Fulham,Everton,Player Goals,Kevin,Fulham,0.5,4.5,Pointsbet,Everton,2583879,102842654,19
Fulham v Everton,Fulham,Everton,Player Goals,Oscar Bobb,Manchester City,0.5,4.5,Pointsbet,Fulham,2583879,102842654,40
Fulham v Everton,Fulham,Everton,Player Goals,Carlos Alcaraz,Everton,0.5,5.25,Pointsbet,Fulham,2583879,102842654,31
Fulham v Everton,Fulham,Everton,Player Goals,Ryan Sessegnon,Fulham,0.5,5.75,Pointsbet,Everton,2583879,102842654,13
Fulham v Everton,Fulham,Everton,Player Goals,Kiernan Dewsbury-Hall,Everton,0.5,5.75,Pointsbet,Fulham,2583879,102842654,25
Fulham v Everton,Fulham,Everton,Player Goals,Dwight McNeil,Everton,0.5,5.75,Pointsbet,Fulham,2583879,102842654,28
Fulham v Everton,Fulham,Everton,Player Goals,Dibling,NA,0.5,5.75,Pointsbet,NA,2583879,102842654,39
Fulham v Everton,Fulham,Everton,Player Goals,M. Röhl,NA,0.5,6.5,Pointsbet,NA,2583879,102842654,33
Fulham v Everton,Fulham,Everton,Player Goals,Tom Cairney,Fulham,0.5,7,Pointsbet,Everton,2583879,102842654,3
Fulham v Everton,Fulham,Everton,Player Goals,Idrissa Gueye,Everton,0.5,10,Pointsbet,Fulham,2583879,102842654,21
Fulham v Everton,Fulham,Everton,Player Goals,Michael Keane,Everton,0.5,10,Pointsbet,Fulham,2583879,102842654,23
Fulham v Everton,Fulham,Everton,Player Goals,James Garner,Everton,0.5,10,Pointsbet,Fulham,2583879,102842654,27
Fulham v Everton,Fulham,Everton,Player Goals,Harrison Reed,Fulham,0.5,10.5,Pointsbet,Everton,2583879,102842654,5
Fulham v Everton,Fulham,Everton,Player Goals,Tim Iroegbunam,Everton,0.5,11,Pointsbet,Fulham,2583879,102842654,36
Fulham v Everton,Fulham,Everton,Player Goals,Sander Berge,Fulham,0.5,12,Pointsbet,Everton,2583879,102842654,10
Fulham v Everton,Fulham,Everton,Player Goals,Jorge Cuenca,Fulham,0.5,12,Pointsbet,Everton,2583879,102842654,15
Fulham v Everton,Fulham,Everton,Player Goals,Joe O'Brien,NA,0.5,12,Pointsbet,NA,2583879,102842654,34
Fulham v Everton,Fulham,Everton,Player Goals,Timothy Castagne,Fulham,0.5,13,Pointsbet,Everton,2583879,102842654,2
Fulham v Everton,Fulham,Everton,Player Goals,Kenny Tete,Fulham,0.5,15,Pointsbet,Everton,2583879,102842654,4
Fulham v Everton,Fulham,Everton,Player Goals,Joachim Andersen,Fulham,0.5,15,Pointsbet,Everton,2583879,102842654,9
Fulham v Everton,Fulham,Everton,Player Goals,James Tarkowski,Everton,0.5,15,Pointsbet,Fulham,2583879,102842654,22
Fulham v Everton,Fulham,Everton,Player Goals,Aznou,NA,0.5,15,Pointsbet,NA,2583879,102842654,38
Fulham v Everton,Fulham,Everton,Player Goals,Issa Diop,Fulham,0.5,16,Pointsbet,Everton,2583879,102842654,12
Fulham v Everton,Fulham,Everton,Player Goals,Calvin Bassey,Fulham,0.5,16,Pointsbet,Everton,2583879,102842654,16
Fulham v Everton,Fulham,Everton,Player Goals,Jarrad Branthwaite,Everton,0.5,16,Pointsbet,Fulham,2583879,102842654,32
Fulham v Everton,Fulham,Everton,Player Goals,Antonee Robinson,Fulham,0.5,17,Pointsbet,Everton,2583879,102842654,11
Fulham v Everton,Fulham,Everton,Player Goals,S<c3><a9>amus Coleman,NA,0.5,17,Pointsbet,NA,2583879,102842654,20
Fulham v Everton,Fulham,Everton,Player Goals,N. Patterson,NA,0.5,17,Pointsbet,NA,2583879,102842654,30
Fulham v Everton,Fulham,Everton,Player Goals,R. Jiménez,NA,1.5,12,Pointsbet,NA,2583879,102842655,1
Fulham v Everton,Fulham,Everton,Player Goals,Rodrigo Muniz,Fulham,1.5,12,Pointsbet,Everton,2583879,102842655,18
Fulham v Everton,Fulham,Everton,Player Goals,Harry Wilson,Fulham,1.5,19,Pointsbet,Everton,2583879,102842655,7
Fulham v Everton,Fulham,Everton,Player Goals,Beto,Everton,1.5,19,Pointsbet,Fulham,2583879,102842655,29
Fulham v Everton,Fulham,Everton,Player Goals,T. Barry,NA,1.5,19,Pointsbet,NA,2583879,102842655,37
Fulham v Everton,Fulham,Everton,Player Goals,Emile Smith Rowe,Fulham,1.5,26,Pointsbet,Everton,2583879,102842655,14
Fulham v Everton,Fulham,Everton,Player Goals,T. George,NA,1.5,31,Pointsbet,NA,2583879,102842655,41
Fulham v Everton,Fulham,Everton,Player Goals,Chukwueze,NA,1.5,36,Pointsbet,NA,2583879,102842655,17
Fulham v Everton,Fulham,Everton,Player Goals,Kevin,Fulham,1.5,36,Pointsbet,Everton,2583879,102842655,19
Fulham v Everton,Fulham,Everton,Player Goals,Iliman Ndiaye,Everton,1.5,36,Pointsbet,Fulham,2583879,102842655,35
Fulham v Everton,Fulham,Everton,Player Goals,Oscar Bobb,Manchester City,1.5,36,Pointsbet,Fulham,2583879,102842655,40
Fulham v Everton,Fulham,Everton,Player Goals,Dwight McNeil,Everton,1.5,51,Pointsbet,Fulham,2583879,102842655,28
Fulham v Everton,Fulham,Everton,Player Goals,Ryan Sessegnon,Fulham,1.5,61,Pointsbet,Everton,2583879,102842655,13
Fulham v Everton,Fulham,Everton,Player Goals,Kiernan Dewsbury-Hall,Everton,1.5,61,Pointsbet,Fulham,2583879,102842655,25
Fulham v Everton,Fulham,Everton,Player Goals,Carlos Alcaraz,Everton,1.5,61,Pointsbet,Fulham,2583879,102842655,31
Fulham v Everton,Fulham,Everton,Player Goals,Dibling,NA,1.5,61,Pointsbet,NA,2583879,102842655,39
Fulham v Everton,Fulham,Everton,Player Goals,M. Röhl,NA,1.5,71,Pointsbet,NA,2583879,102842655,33
Fulham v Everton,Fulham,Everton,Player Goals,Tom Cairney,Fulham,1.5,91,Pointsbet,Everton,2583879,102842655,3
Fulham v Everton,Fulham,Everton,Player Goals,Harrison Reed,Fulham,1.5,201,Pointsbet,Everton,2583879,102842655,5
Fulham v Everton,Fulham,Everton,Player Goals,Jorge Cuenca,Fulham,1.5,201,Pointsbet,Everton,2583879,102842655,15
Fulham v Everton,Fulham,Everton,Player Goals,Michael Keane,Everton,1.5,201,Pointsbet,Fulham,2583879,102842655,23
Fulham v Everton,Fulham,Everton,Player Goals,James Garner,Everton,1.5,201,Pointsbet,Fulham,2583879,102842655,27
Fulham v Everton,Fulham,Everton,Player Goals,Tim Iroegbunam,Everton,1.5,201,Pointsbet,Fulham,2583879,102842655,36
Fulham v Everton,Fulham,Everton,Player Goals,Timothy Castagne,Fulham,1.5,251,Pointsbet,Everton,2583879,102842655,2
Fulham v Everton,Fulham,Everton,Player Goals,Idrissa Gueye,Everton,1.5,251,Pointsbet,Fulham,2583879,102842655,21
Fulham v Everton,Fulham,Everton,Player Goals,Aznou,NA,1.5,251,Pointsbet,NA,2583879,102842655,38
Fulham v Everton,Fulham,Everton,Player Goals,Kenny Tete,Fulham,1.5,301,Pointsbet,Everton,2583879,102842655,4
Fulham v Everton,Fulham,Everton,Player Goals,Joachim Andersen,Fulham,1.5,301,Pointsbet,Everton,2583879,102842655,9
Fulham v Everton,Fulham,Everton,Player Goals,Sander Berge,Fulham,1.5,301,Pointsbet,Everton,2583879,102842655,10
Fulham v Everton,Fulham,Everton,Player Goals,Issa Diop,Fulham,1.5,301,Pointsbet,Everton,2583879,102842655,12
Fulham v Everton,Fulham,Everton,Player Goals,Calvin Bassey,Fulham,1.5,301,Pointsbet,Everton,2583879,102842655,16
Fulham v Everton,Fulham,Everton,Player Goals,James Tarkowski,Everton,1.5,301,Pointsbet,Fulham,2583879,102842655,22
Fulham v Everton,Fulham,Everton,Player Goals,N. Patterson,NA,1.5,301,Pointsbet,NA,2583879,102842655,30
Fulham v Everton,Fulham,Everton,Player Goals,Joe O'Brien,NA,1.5,301,Pointsbet,NA,2583879,102842655,34
Fulham v Everton,Fulham,Everton,Player Goals,Jarrad Branthwaite,Everton,1.5,351,Pointsbet,Fulham,2583879,102842655,32
Fulham v Everton,Fulham,Everton,Player Goals,Antonee Robinson,Fulham,1.5,451,Pointsbet,Everton,2583879,102842655,11
Fulham v Everton,Fulham,Everton,Player Goals,S<c3><a9>amus Coleman,NA,1.5,451,Pointsbet,NA,2583879,102842655,20
Fulham v Everton,Fulham,Everton,Player Goals,Rodrigo Muniz,Fulham,2.5,61,Pointsbet,Everton,2583879,102842656,18
Fulham v Everton,Fulham,Everton,Player Goals,R. Jiménez,NA,2.5,81,Pointsbet,NA,2583879,102842656,1
Fulham v Everton,Fulham,Everton,Player Goals,Harry Wilson,Fulham,2.5,101,Pointsbet,Everton,2583879,102842656,7
Fulham v Everton,Fulham,Everton,Player Goals,Beto,Everton,2.5,131,Pointsbet,Fulham,2583879,102842656,29
Fulham v Everton,Fulham,Everton,Player Goals,T. Barry,NA,2.5,151,Pointsbet,NA,2583879,102842656,37
Fulham v Everton,Fulham,Everton,Player Goals,Emile Smith Rowe,Fulham,2.5,201,Pointsbet,Everton,2583879,102842656,14
Fulham v Everton,Fulham,Everton,Player Goals,Chukwueze,NA,2.5,251,Pointsbet,NA,2583879,102842656,17
Fulham v Everton,Fulham,Everton,Player Goals,Iliman Ndiaye,Everton,2.5,251,Pointsbet,Fulham,2583879,102842656,35
Fulham v Everton,Fulham,Everton,Player Goals,Oscar Bobb,Manchester City,2.5,251,Pointsbet,Fulham,2583879,102842656,40
Fulham v Everton,Fulham,Everton,Player Goals,T. George,NA,2.5,251,Pointsbet,NA,2583879,102842656,41
Fulham v Everton,Fulham,Everton,Player Goals,Kevin,Fulham,2.5,301,Pointsbet,Everton,2583879,102842656,19
Wolverhampton Wanderers v Chelsea,Wolverhampton Wanderers,Chelsea,Player Goals,Cole Palmer,Chelsea,0.5,2.25,Pointsbet,Wolverhampton Wanderers,2583880,102842722,30
Wolverhampton Wanderers v Chelsea,Wolverhampton Wanderers,Chelsea,Player Goals,João Pedro,Chelsea,0.5,2.35,Pointsbet,Wolverhampton Wanderers,2583880,102842722,32
Wolverhampton Wanderers v Chelsea,Wolverhampton Wanderers,Chelsea,Player Goals,Liam Delap,Chelsea,0.5,2.35,Pointsbet,Wolverhampton Wanderers,2583880,102842722,37
Wolverhampton Wanderers v Chelsea,Wolverhampton Wanderers,Chelsea,Player Goals,Marc Guiu,Chelsea,0.5,2.4,Pointsbet,Wolverhampton Wanderers,2583880,102842722,46
Wolverhampton Wanderers v Chelsea,Wolverhampton Wanderers,Chelsea,Player Goals,Tolu Arokodare,Wolverhampton Wanderers,0.5,3.4,Pointsbet,Chelsea,2583880,102842722,13
Wolverhampton Wanderers v Chelsea,Wolverhampton Wanderers,Chelsea,Player Goals,Alejandro Garnacho,Chelsea,0.5,3.4,Pointsbet,Wolverhampton Wanderers,2583880,102842722,38
Wolverhampton Wanderers v Chelsea,Wolverhampton Wanderers,Chelsea,Player Goals,Adam Armstrong,Southampton,0.5,3.4,Pointsbet,Wolverhampton Wanderers,2583880,102842722,48
Wolverhampton Wanderers v Chelsea,Wolverhampton Wanderers,Chelsea,Player Goals,E. Fernández,NA,0.5,3.6,Pointsbet,NA,2583880,102842722,31
Wolverhampton Wanderers v Chelsea,Wolverhampton Wanderers,Chelsea,Player Goals,N. Fraser,NA,0.5,3.9,Pointsbet,NA,2583880,102842722,19
Wolverhampton Wanderers v Chelsea,Wolverhampton Wanderers,Chelsea,Player Goals,Hee-chan Hwang,Wolverhampton Wanderers,0.5,4.4,Pointsbet,Chelsea,2583880,102842722,3
Wolverhampton Wanderers v Chelsea,Wolverhampton Wanderers,Chelsea,Player Goals,Chiwome,NA,0.5,4.4,Pointsbet,NA,2583880,102842722,20
Wolverhampton Wanderers v Chelsea,Wolverhampton Wanderers,Chelsea,Player Goals,Mykhailo Mudryk,NA,0.5,4.5,Pointsbet,NA,2583880,102842722,29
Wolverhampton Wanderers v Chelsea,Wolverhampton Wanderers,Chelsea,Player Goals,J. Arias,NA,0.5,5.25,Pointsbet,NA,2583880,102842722,6
Wolverhampton Wanderers v Chelsea,Wolverhampton Wanderers,Chelsea,Player Goals,Andrey Santos,Chelsea,0.5,5.75,Pointsbet,Wolverhampton Wanderers,2583880,102842722,40
Wolverhampton Wanderers v Chelsea,Wolverhampton Wanderers,Chelsea,Player Goals,Jean-Ricner Bellegarde,Wolverhampton Wanderers,0.5,6.5,Pointsbet,Chelsea,2583880,102842722,4
Wolverhampton Wanderers v Chelsea,Wolverhampton Wanderers,Chelsea,Player Goals,Rodrigo Gomes,Wolverhampton Wanderers,0.5,6.5,Pointsbet,Chelsea,2583880,102842722,15
Wolverhampton Wanderers v Chelsea,Wolverhampton Wanderers,Chelsea,Player Goals,E. González,NA,0.5,6.5,Pointsbet,NA,2583880,102842722,17
Wolverhampton Wanderers v Chelsea,Wolverhampton Wanderers,Chelsea,Player Goals,Mois<c3><a9>s Caicedo,NA,0.5,9,Pointsbet,NA,2583880,102842722,33
Wolverhampton Wanderers v Chelsea,Wolverhampton Wanderers,Chelsea,Player Goals,Krejcí,NA,0.5,9.5,Pointsbet,NA,2583880,102842722,2
Wolverhampton Wanderers v Chelsea,Wolverhampton Wanderers,Chelsea,Player Goals,Jo<c3><a3>o Gomes,NA,0.5,9.5,Pointsbet,NA,2583880,102842722,10
Wolverhampton Wanderers v Chelsea,Wolverhampton Wanderers,Chelsea,Player Goals,Marc Cucurella,Chelsea,0.5,10,Pointsbet,Wolverhampton Wanderers,2583880,102842722,26
Wolverhampton Wanderers v Chelsea,Wolverhampton Wanderers,Chelsea,Player Goals,Jo<c3><a3>o Gomes,NA,0.5,10,Pointsbet,NA,2583880,102842722,49
Wolverhampton Wanderers v Chelsea,Wolverhampton Wanderers,Chelsea,Player Goals,Trevoh Chalobah,Chelsea,0.5,10.5,Pointsbet,Wolverhampton Wanderers,2583880,102842722,24
Wolverhampton Wanderers v Chelsea,Wolverhampton Wanderers,Chelsea,Player Goals,Malo Gusto,Chelsea,0.5,10.5,Pointsbet,Wolverhampton Wanderers,2583880,102842722,36
Wolverhampton Wanderers v Chelsea,Wolverhampton Wanderers,Chelsea,Player Goals,Yerson Mosquera,Wolverhampton Wanderers,0.5,11,Pointsbet,Chelsea,2583880,102842722,9
Wolverhampton Wanderers v Chelsea,Wolverhampton Wanderers,Chelsea,Player Goals,Beno<c3><ae>t Badiashile,NA,0.5,11,Pointsbet,NA,2583880,102842722,28
Wolverhampton Wanderers v Chelsea,Wolverhampton Wanderers,Chelsea,Player Goals,J. Hato,NA,0.5,11,Pointsbet,NA,2583880,102842722,44
Wolverhampton Wanderers v Chelsea,Wolverhampton Wanderers,Chelsea,Player Goals,D. Wolfe,NA,0.5,12,Pointsbet,NA,2583880,102842722,11
Wolverhampton Wanderers v Chelsea,Wolverhampton Wanderers,Chelsea,Player Goals,Wesley Fofana,Chelsea,0.5,12,Pointsbet,Wolverhampton Wanderers,2583880,102842722,34
Wolverhampton Wanderers v Chelsea,Wolverhampton Wanderers,Chelsea,Player Goals,Matt Doherty,Wolverhampton Wanderers,0.5,13,Pointsbet,Chelsea,2583880,102842722,1
Wolverhampton Wanderers v Chelsea,Wolverhampton Wanderers,Chelsea,Player Goals,H. Bueno,NA,0.5,13,Pointsbet,NA,2583880,102842722,18
Wolverhampton Wanderers v Chelsea,Wolverhampton Wanderers,Chelsea,Player Goals,Santiago Bueno,Wolverhampton Wanderers,0.5,15,Pointsbet,Chelsea,2583880,102842722,5
Wolverhampton Wanderers v Chelsea,Wolverhampton Wanderers,Chelsea,Player Goals,André,Wolverhampton Wanderers,0.5,15,Pointsbet,Chelsea,2583880,102842722,12
Wolverhampton Wanderers v Chelsea,Wolverhampton Wanderers,Chelsea,Player Goals,J. Tchatchoua,NA,0.5,15,Pointsbet,NA,2583880,102842722,16
Wolverhampton Wanderers v Chelsea,Wolverhampton Wanderers,Chelsea,Player Goals,Lima,NA,0.5,20,Pointsbet,NA,2583880,102842722,21
Wolverhampton Wanderers v Chelsea,Wolverhampton Wanderers,Chelsea,Player Goals,Cole Palmer,Chelsea,1.5,8,Pointsbet,Wolverhampton Wanderers,2583880,102842723,30
Wolverhampton Wanderers v Chelsea,Wolverhampton Wanderers,Chelsea,Player Goals,João Pedro,Chelsea,1.5,9,Pointsbet,Wolverhampton Wanderers,2583880,102842723,32
Wolverhampton Wanderers v Chelsea,Wolverhampton Wanderers,Chelsea,Player Goals,Liam Delap,Chelsea,1.5,9.5,Pointsbet,Wolverhampton Wanderers,2583880,102842723,37
Wolverhampton Wanderers v Chelsea,Wolverhampton Wanderers,Chelsea,Player Goals,Marc Guiu,Chelsea,1.5,10,Pointsbet,Wolverhampton Wanderers,2583880,102842723,46
Wolverhampton Wanderers v Chelsea,Wolverhampton Wanderers,Chelsea,Player Goals,Adam Armstrong,Southampton,1.5,19,Pointsbet,Wolverhampton Wanderers,2583880,102842723,48
Wolverhampton Wanderers v Chelsea,Wolverhampton Wanderers,Chelsea,Player Goals,Tolu Arokodare,Wolverhampton Wanderers,1.5,20,Pointsbet,Chelsea,2583880,102842723,13
Wolverhampton Wanderers v Chelsea,Wolverhampton Wanderers,Chelsea,Player Goals,N. Fraser,NA,1.5,21,Pointsbet,NA,2583880,102842723,19
Wolverhampton Wanderers v Chelsea,Wolverhampton Wanderers,Chelsea,Player Goals,Alejandro Garnacho,Chelsea,1.5,21,Pointsbet,Wolverhampton Wanderers,2583880,102842723,38
Wolverhampton Wanderers v Chelsea,Wolverhampton Wanderers,Chelsea,Player Goals,E. Fernández,NA,1.5,23,Pointsbet,NA,2583880,102842723,31
Wolverhampton Wanderers v Chelsea,Wolverhampton Wanderers,Chelsea,Player Goals,Hee-chan Hwang,Wolverhampton Wanderers,1.5,29,Pointsbet,Chelsea,2583880,102842723,3
Wolverhampton Wanderers v Chelsea,Wolverhampton Wanderers,Chelsea,Player Goals,Chiwome,NA,1.5,31,Pointsbet,NA,2583880,102842723,20
Wolverhampton Wanderers v Chelsea,Wolverhampton Wanderers,Chelsea,Player Goals,Mykhailo Mudryk,NA,1.5,36,Pointsbet,NA,2583880,102842723,29
Wolverhampton Wanderers v Chelsea,Wolverhampton Wanderers,Chelsea,Player Goals,J. Arias,NA,1.5,41,Pointsbet,NA,2583880,102842723,6
Wolverhampton Wanderers v Chelsea,Wolverhampton Wanderers,Chelsea,Player Goals,Rodrigo Gomes,Wolverhampton Wanderers,1.5,61,Pointsbet,Chelsea,2583880,102842723,15
Wolverhampton Wanderers v Chelsea,Wolverhampton Wanderers,Chelsea,Player Goals,Andrey Santos,Chelsea,1.5,61,Pointsbet,Wolverhampton Wanderers,2583880,102842723,40
Wolverhampton Wanderers v Chelsea,Wolverhampton Wanderers,Chelsea,Player Goals,Jean-Ricner Bellegarde,Wolverhampton Wanderers,1.5,81,Pointsbet,Chelsea,2583880,102842723,4
Wolverhampton Wanderers v Chelsea,Wolverhampton Wanderers,Chelsea,Player Goals,E. González,NA,1.5,81,Pointsbet,NA,2583880,102842723,17
Wolverhampton Wanderers v Chelsea,Wolverhampton Wanderers,Chelsea,Player Goals,Jo<c3><a3>o Gomes,NA,1.5,131,Pointsbet,NA,2583880,102842723,10
Wolverhampton Wanderers v Chelsea,Wolverhampton Wanderers,Chelsea,Player Goals,Krejcí,NA,1.5,151,Pointsbet,NA,2583880,102842723,2
Wolverhampton Wanderers v Chelsea,Wolverhampton Wanderers,Chelsea,Player Goals,Trevoh Chalobah,Chelsea,1.5,151,Pointsbet,Wolverhampton Wanderers,2583880,102842723,24
Wolverhampton Wanderers v Chelsea,Wolverhampton Wanderers,Chelsea,Player Goals,Marc Cucurella,Chelsea,1.5,151,Pointsbet,Wolverhampton Wanderers,2583880,102842723,26
Wolverhampton Wanderers v Chelsea,Wolverhampton Wanderers,Chelsea,Player Goals,Jo<c3><a3>o Gomes,NA,1.5,151,Pointsbet,NA,2583880,102842723,49
Wolverhampton Wanderers v Chelsea,Wolverhampton Wanderers,Chelsea,Player Goals,Mois<c3><a9>s Caicedo,NA,1.5,176,Pointsbet,NA,2583880,102842723,33
Wolverhampton Wanderers v Chelsea,Wolverhampton Wanderers,Chelsea,Player Goals,Yerson Mosquera,Wolverhampton Wanderers,1.5,201,Pointsbet,Chelsea,2583880,102842723,9
Wolverhampton Wanderers v Chelsea,Wolverhampton Wanderers,Chelsea,Player Goals,Malo Gusto,Chelsea,1.5,201,Pointsbet,Wolverhampton Wanderers,2583880,102842723,36
Wolverhampton Wanderers v Chelsea,Wolverhampton Wanderers,Chelsea,Player Goals,J. Hato,NA,1.5,201,Pointsbet,NA,2583880,102842723,44
Wolverhampton Wanderers v Chelsea,Wolverhampton Wanderers,Chelsea,Player Goals,D. Wolfe,NA,1.5,251,Pointsbet,NA,2583880,102842723,11
Wolverhampton Wanderers v Chelsea,Wolverhampton Wanderers,Chelsea,Player Goals,Beno<c3><ae>t Badiashile,NA,1.5,251,Pointsbet,NA,2583880,102842723,28
Wolverhampton Wanderers v Chelsea,Wolverhampton Wanderers,Chelsea,Player Goals,Wesley Fofana,Chelsea,1.5,251,Pointsbet,Wolverhampton Wanderers,2583880,102842723,34
Wolverhampton Wanderers v Chelsea,Wolverhampton Wanderers,Chelsea,Player Goals,Santiago Bueno,Wolverhampton Wanderers,1.5,301,Pointsbet,Chelsea,2583880,102842723,5
Wolverhampton Wanderers v Chelsea,Wolverhampton Wanderers,Chelsea,Player Goals,André,Wolverhampton Wanderers,1.5,301,Pointsbet,Chelsea,2583880,102842723,12
Wolverhampton Wanderers v Chelsea,Wolverhampton Wanderers,Chelsea,Player Goals,H. Bueno,NA,1.5,301,Pointsbet,NA,2583880,102842723,18
Wolverhampton Wanderers v Chelsea,Wolverhampton Wanderers,Chelsea,Player Goals,J. Tchatchoua,NA,1.5,351,Pointsbet,NA,2583880,102842723,16
Wolverhampton Wanderers v Chelsea,Wolverhampton Wanderers,Chelsea,Player Goals,Lima,NA,1.5,351,Pointsbet,NA,2583880,102842723,21
Wolverhampton Wanderers v Chelsea,Wolverhampton Wanderers,Chelsea,Player Goals,Matt Doherty,Wolverhampton Wanderers,1.5,451,Pointsbet,Chelsea,2583880,102842723,1
Wolverhampton Wanderers v Chelsea,Wolverhampton Wanderers,Chelsea,Player Goals,Cole Palmer,Chelsea,2.5,36,Pointsbet,Wolverhampton Wanderers,2583880,102842724,30
Wolverhampton Wanderers v Chelsea,Wolverhampton Wanderers,Chelsea,Player Goals,Liam Delap,Chelsea,2.5,41,Pointsbet,Wolverhampton Wanderers,2583880,102842724,37
Wolverhampton Wanderers v Chelsea,Wolverhampton Wanderers,Chelsea,Player Goals,João Pedro,Chelsea,2.5,51,Pointsbet,Wolverhampton Wanderers,2583880,102842724,32
Wolverhampton Wanderers v Chelsea,Wolverhampton Wanderers,Chelsea,Player Goals,Marc Guiu,Chelsea,2.5,51,Pointsbet,Wolverhampton Wanderers,2583880,102842724,46
Wolverhampton Wanderers v Chelsea,Wolverhampton Wanderers,Chelsea,Player Goals,Tolu Arokodare,Wolverhampton Wanderers,2.5,101,Pointsbet,Chelsea,2583880,102842724,13
Wolverhampton Wanderers v Chelsea,Wolverhampton Wanderers,Chelsea,Player Goals,Adam Armstrong,Southampton,2.5,131,Pointsbet,Wolverhampton Wanderers,2583880,102842724,48
Wolverhampton Wanderers v Chelsea,Wolverhampton Wanderers,Chelsea,Player Goals,Alejandro Garnacho,Chelsea,2.5,151,Pointsbet,Wolverhampton Wanderers,2583880,102842724,38
Wolverhampton Wanderers v Chelsea,Wolverhampton Wanderers,Chelsea,Player Goals,N. Fraser,NA,2.5,176,Pointsbet,NA,2583880,102842724,19
Wolverhampton Wanderers v Chelsea,Wolverhampton Wanderers,Chelsea,Player Goals,E. Fernández,NA,2.5,201,Pointsbet,NA,2583880,102842724,31
Wolverhampton Wanderers v Chelsea,Wolverhampton Wanderers,Chelsea,Player Goals,Hee-chan Hwang,Wolverhampton Wanderers,2.5,251,Pointsbet,Chelsea,2583880,102842724,3
Wolverhampton Wanderers v Chelsea,Wolverhampton Wanderers,Chelsea,Player Goals,Chiwome,NA,2.5,251,Pointsbet,NA,2583880,102842724,20
Newcastle United v Brentford,Newcastle United,Brentford,Player Goals,Thiago Alc<c3><a2>ntara,NA,0.5,2.25,Pointsbet,NA,2584019,102842743,38
Newcastle United v Brentford,Newcastle United,Brentford,Player Goals,N. Woltemade,NA,0.5,2.35,Pointsbet,NA,2584019,102842743,19
Newcastle United v Brentford,Newcastle United,Brentford,Player Goals,Yoane Wissa,Newcastle United,0.5,2.5,Pointsbet,Brentford,2584019,102842743,8
Newcastle United v Brentford,Newcastle United,Brentford,Player Goals,Harvey Barnes,Newcastle United,0.5,2.85,Pointsbet,Brentford,2584019,102842743,9
Newcastle United v Brentford,Newcastle United,Brentford,Player Goals,William Osula,Newcastle United,0.5,2.9,Pointsbet,Brentford,2584019,102842743,21
Newcastle United v Brentford,Newcastle United,Brentford,Player Goals,Dango Ouattara,Brentford,0.5,3.9,Pointsbet,Newcastle United,2584019,102842743,41
Newcastle United v Brentford,Newcastle United,Brentford,Player Goals,Jacob Murphy,Newcastle United,0.5,4,Pointsbet,Brentford,2584019,102842743,6
Newcastle United v Brentford,Newcastle United,Brentford,Player Goals,Anthony Elanga,Newcastle United,0.5,4.4,Pointsbet,Brentford,2584019,102842743,17
Newcastle United v Brentford,Newcastle United,Brentford,Player Goals,Keane Lewis-Potter,Brentford,0.5,4.75,Pointsbet,Newcastle United,2584019,102842743,37
Newcastle United v Brentford,Newcastle United,Brentford,Player Goals,Joe Willock,Newcastle United,0.5,5.25,Pointsbet,Brentford,2584019,102842743,10
Newcastle United v Brentford,Newcastle United,Brentford,Player Goals,Jacob Ramsey,Newcastle United,0.5,5.75,Pointsbet,Brentford,2584019,102842743,15
Newcastle United v Brentford,Newcastle United,Brentford,Player Goals,Mathias Jensen,Brentford,0.5,6,Pointsbet,Newcastle United,2584019,102842743,26
Newcastle United v Brentford,Newcastle United,Brentford,Player Goals,Mikkel Damsgaard,Brentford,0.5,6.5,Pointsbet,Newcastle United,2584019,102842743,32
Newcastle United v Brentford,Newcastle United,Brentford,Player Goals,S. Tonali,NA,0.5,7.5,Pointsbet,NA,2584019,102842743,14
Newcastle United v Brentford,Newcastle United,Brentford,Player Goals,Yegor Yarmolyuk,Brentford,0.5,9.5,Pointsbet,Newcastle United,2584019,102842743,39
Newcastle United v Brentford,Newcastle United,Brentford,Player Goals,M. Thiaw,NA,0.5,10,Pointsbet,NA,2584019,102842743,16
Newcastle United v Brentford,Newcastle United,Brentford,Player Goals,Lewis Hall,Newcastle United,0.5,10,Pointsbet,Brentford,2584019,102842743,20
Newcastle United v Brentford,Newcastle United,Brentford,Player Goals,Vitaly Janelt,Brentford,0.5,10,Pointsbet,Newcastle United,2584019,102842743,28
Newcastle United v Brentford,Newcastle United,Brentford,Player Goals,Sepp van den Berg,Brentford,0.5,10.5,Pointsbet,Newcastle United,2584019,102842743,33
Newcastle United v Brentford,Newcastle United,Brentford,Player Goals,Dan Burn,Newcastle United,0.5,11,Pointsbet,Brentford,2584019,102842743,3
Newcastle United v Brentford,Newcastle United,Brentford,Player Goals,S. Botman,NA,0.5,11,Pointsbet,NA,2584019,102842743,13
Newcastle United v Brentford,Newcastle United,Brentford,Player Goals,A. Hickey,NA,0.5,11,Pointsbet,NA,2584019,102842743,36
Newcastle United v Brentford,Newcastle United,Brentford,Player Goals,Ethan Pinnock,Brentford,0.5,12,Pointsbet,Newcastle United,2584019,102842743,31
Newcastle United v Brentford,Newcastle United,Brentford,Player Goals,Henderson,NA,0.5,13,Pointsbet,NA,2584019,102842743,23
Newcastle United v Brentford,Newcastle United,Brentford,Player Goals,Kristoffer Ajer,Brentford,0.5,13,Pointsbet,Newcastle United,2584019,102842743,24
Newcastle United v Brentford,Newcastle United,Brentford,Player Goals,Kieran Trippier,Newcastle United,0.5,16,Pointsbet,Brentford,2584019,102842743,5
Newcastle United v Brentford,Newcastle United,Brentford,Player Goals,R. Henry,NA,0.5,17,Pointsbet,NA,2584019,102842743,25
Newcastle United v Brentford,Newcastle United,Brentford,Player Goals,M. Kayode,NA,0.5,17,Pointsbet,NA,2584019,102842743,43
Newcastle United v Brentford,Newcastle United,Brentford,Player Goals,Thiago Alc<c3><a2>ntara,NA,1.5,8,Pointsbet,NA,2584019,102842744,38
Newcastle United v Brentford,Newcastle United,Brentford,Player Goals,N. Woltemade,NA,1.5,9.5,Pointsbet,NA,2584019,102842744,19
Newcastle United v Brentford,Newcastle United,Brentford,Player Goals,Yoane Wissa,Newcastle United,1.5,10.5,Pointsbet,Brentford,2584019,102842744,8
Newcastle United v Brentford,Newcastle United,Brentford,Player Goals,Harvey Barnes,Newcastle United,1.5,13,Pointsbet,Brentford,2584019,102842744,9
Newcastle United v Brentford,Newcastle United,Brentford,Player Goals,William Osula,Newcastle United,1.5,15,Pointsbet,Brentford,2584019,102842744,21
Newcastle United v Brentford,Newcastle United,Brentford,Player Goals,Dango Ouattara,Brentford,1.5,23,Pointsbet,Newcastle United,2584019,102842744,41
Newcastle United v Brentford,Newcastle United,Brentford,Player Goals,Jacob Murphy,Newcastle United,1.5,26,Pointsbet,Brentford,2584019,102842744,6
Newcastle United v Brentford,Newcastle United,Brentford,Player Goals,Anthony Elanga,Newcastle United,1.5,31,Pointsbet,Brentford,2584019,102842744,17
Newcastle United v Brentford,Newcastle United,Brentford,Player Goals,Keane Lewis-Potter,Brentford,1.5,36,Pointsbet,Newcastle United,2584019,102842744,37
Newcastle United v Brentford,Newcastle United,Brentford,Player Goals,Joe Willock,Newcastle United,1.5,41,Pointsbet,Brentford,2584019,102842744,10
Newcastle United v Brentford,Newcastle United,Brentford,Player Goals,Jacob Ramsey,Newcastle United,1.5,51,Pointsbet,Brentford,2584019,102842744,15
Newcastle United v Brentford,Newcastle United,Brentford,Player Goals,Mathias Jensen,Brentford,1.5,81,Pointsbet,Newcastle United,2584019,102842744,26
Newcastle United v Brentford,Newcastle United,Brentford,Player Goals,Mikkel Damsgaard,Brentford,1.5,91,Pointsbet,Newcastle United,2584019,102842744,32
Newcastle United v Brentford,Newcastle United,Brentford,Player Goals,S. Tonali,NA,1.5,121,Pointsbet,NA,2584019,102842744,14
Newcastle United v Brentford,Newcastle United,Brentford,Player Goals,Yegor Yarmolyuk,Brentford,1.5,131,Pointsbet,Newcastle United,2584019,102842744,39
Newcastle United v Brentford,Newcastle United,Brentford,Player Goals,S. Botman,NA,1.5,176,Pointsbet,NA,2584019,102842744,13
Newcastle United v Brentford,Newcastle United,Brentford,Player Goals,M. Thiaw,NA,1.5,176,Pointsbet,NA,2584019,102842744,16
Newcastle United v Brentford,Newcastle United,Brentford,Player Goals,Lewis Hall,Newcastle United,1.5,201,Pointsbet,Brentford,2584019,102842744,20
Newcastle United v Brentford,Newcastle United,Brentford,Player Goals,Kristoffer Ajer,Brentford,1.5,201,Pointsbet,Newcastle United,2584019,102842744,24
Newcastle United v Brentford,Newcastle United,Brentford,Player Goals,Vitaly Janelt,Brentford,1.5,201,Pointsbet,Newcastle United,2584019,102842744,28
Newcastle United v Brentford,Newcastle United,Brentford,Player Goals,Ethan Pinnock,Brentford,1.5,201,Pointsbet,Newcastle United,2584019,102842744,31
Newcastle United v Brentford,Newcastle United,Brentford,Player Goals,Sepp van den Berg,Brentford,1.5,201,Pointsbet,Newcastle United,2584019,102842744,33
Newcastle United v Brentford,Newcastle United,Brentford,Player Goals,A. Hickey,NA,1.5,201,Pointsbet,NA,2584019,102842744,36
Newcastle United v Brentford,Newcastle United,Brentford,Player Goals,Dan Burn,Newcastle United,1.5,251,Pointsbet,Brentford,2584019,102842744,3
Newcastle United v Brentford,Newcastle United,Brentford,Player Goals,Henderson,NA,1.5,251,Pointsbet,NA,2584019,102842744,23
Newcastle United v Brentford,Newcastle United,Brentford,Player Goals,R. Henry,NA,1.5,351,Pointsbet,NA,2584019,102842744,25
Newcastle United v Brentford,Newcastle United,Brentford,Player Goals,M. Kayode,NA,1.5,351,Pointsbet,NA,2584019,102842744,43
Newcastle United v Brentford,Newcastle United,Brentford,Player Goals,Kieran Trippier,Newcastle United,1.5,451,Pointsbet,Brentford,2584019,102842744,5
Newcastle United v Brentford,Newcastle United,Brentford,Player Goals,Thiago Alc<c3><a2>ntara,NA,2.5,36,Pointsbet,NA,2584019,102842745,38
Newcastle United v Brentford,Newcastle United,Brentford,Player Goals,N. Woltemade,NA,2.5,41,Pointsbet,NA,2584019,102842745,19
Newcastle United v Brentford,Newcastle United,Brentford,Player Goals,Yoane Wissa,Newcastle United,2.5,61,Pointsbet,Brentford,2584019,102842745,8
Newcastle United v Brentford,Newcastle United,Brentford,Player Goals,Harvey Barnes,Newcastle United,2.5,101,Pointsbet,Brentford,2584019,102842745,9
Newcastle United v Brentford,Newcastle United,Brentford,Player Goals,William Osula,Newcastle United,2.5,101,Pointsbet,Brentford,2584019,102842745,21
Newcastle United v Brentford,Newcastle United,Brentford,Player Goals,Jacob Murphy,Newcastle United,2.5,176,Pointsbet,Brentford,2584019,102842745,6
Newcastle United v Brentford,Newcastle United,Brentford,Player Goals,Dango Ouattara,Brentford,2.5,176,Pointsbet,Newcastle United,2584019,102842745,41
Newcastle United v Brentford,Newcastle United,Brentford,Player Goals,Anthony Elanga,Newcastle United,2.5,251,Pointsbet,Brentford,2584019,102842745,17
Newcastle United v Brentford,Newcastle United,Brentford,Player Goals,Keane Lewis-Potter,Brentford,2.5,251,Pointsbet,Newcastle United,2584019,102842745,37
Newcastle United v Brentford,Newcastle United,Brentford,Player Goals,Jacob Ramsey,Newcastle United,2.5,301,Pointsbet,Brentford,2584019,102842745,15
Brighton & Hove Albion v Crystal Palace,Brighton & Hove Albion,Crystal Palace,Player Goals,Danny Welbeck,Brighton & Hove Albion,0.5,2.35,Pointsbet,Crystal Palace,2584812,102842781,2
Brighton & Hove Albion v Crystal Palace,Brighton & Hove Albion,Crystal Palace,Player Goals,J<c3><b8>rgen Strand Larsen,NA,0.5,2.9,Pointsbet,NA,2584812,102842781,45
Brighton & Hove Albion v Crystal Palace,Brighton & Hove Albion,Crystal Palace,Player Goals,Georginio Rutter,Brighton & Hove Albion,0.5,3.6,Pointsbet,Crystal Palace,2584812,102842781,12
Brighton & Hove Albion v Crystal Palace,Brighton & Hove Albion,Crystal Palace,Player Goals,Kaoru Mitoma,Brighton & Hove Albion,0.5,3.9,Pointsbet,Crystal Palace,2584812,102842781,10
Brighton & Hove Albion v Crystal Palace,Brighton & Hove Albion,Crystal Palace,Player Goals,Isma<c3><af>la Sarr,NA,0.5,3.9,Pointsbet,NA,2584812,102842781,26
Brighton & Hove Albion v Crystal Palace,Brighton & Hove Albion,Crystal Palace,Player Goals,Uche,NA,0.5,3.9,Pointsbet,NA,2584812,102842781,41
Brighton & Hove Albion v Crystal Palace,Brighton & Hove Albion,Crystal Palace,Player Goals,D. Gómez,NA,0.5,4,Pointsbet,NA,2584812,102842781,16
Brighton & Hove Albion v Crystal Palace,Brighton & Hove Albion,Crystal Palace,Player Goals,Yankuba Minteh,Brighton & Hove Albion,0.5,4,Pointsbet,Crystal Palace,2584812,102842781,19
Brighton & Hove Albion v Crystal Palace,Brighton & Hove Albion,Crystal Palace,Player Goals,E. Guessand,NA,0.5,4,Pointsbet,NA,2584812,102842781,43
Brighton & Hove Albion v Crystal Palace,Brighton & Hove Albion,Crystal Palace,Player Goals,J. Rak-Sakyi,NA,0.5,4.2,Pointsbet,NA,2584812,102842781,38
Brighton & Hove Albion v Crystal Palace,Brighton & Hove Albion,Crystal Palace,Player Goals,Brennan Johnson,Tottenham Hotspur,0.5,4.4,Pointsbet,Brighton & Hove Albion,2584812,102842781,34
Brighton & Hove Albion v Crystal Palace,Brighton & Hove Albion,Crystal Palace,Player Goals,Brennan Johnson,Crystal Palace,0.5,4.4,Pointsbet,Brighton & Hove Albion,2584812,102842781,34
Brighton & Hove Albion v Crystal Palace,Brighton & Hove Albion,Crystal Palace,Player Goals,Matt O'Riley,Brighton & Hove Albion,0.5,4.75,Pointsbet,Crystal Palace,2584812,102842781,44
Brighton & Hove Albion v Crystal Palace,Brighton & Hove Albion,Crystal Palace,Player Goals,Yeremi Pino,NA,0.5,5.25,Pointsbet,NA,2584812,102842781,37
Brighton & Hove Albion v Crystal Palace,Brighton & Hove Albion,Crystal Palace,Player Goals,Groß,NA,0.5,5.75,Pointsbet,NA,2584812,102842781,4
Brighton & Hove Albion v Crystal Palace,Brighton & Hove Albion,Crystal Palace,Player Goals,M. De Cuyper,NA,0.5,6.5,Pointsbet,NA,2584812,102842781,11
Brighton & Hove Albion v Crystal Palace,Brighton & Hove Albion,Crystal Palace,Player Goals,Jack Hinshelwood,Brighton & Hove Albion,0.5,6.5,Pointsbet,Crystal Palace,2584812,102842781,21
Brighton & Hove Albion v Crystal Palace,Brighton & Hove Albion,Crystal Palace,Player Goals,D. Muñoz,NA,0.5,7,Pointsbet,NA,2584812,102842781,28
Brighton & Hove Albion v Crystal Palace,Brighton & Hove Albion,Crystal Palace,Player Goals,Carlos Baleba,Brighton & Hove Albion,0.5,9,Pointsbet,Crystal Palace,2584812,102842781,18
Brighton & Hove Albion v Crystal Palace,Brighton & Hove Albion,Crystal Palace,Player Goals,James Milner,Brighton & Hove Albion,0.5,9.5,Pointsbet,Crystal Palace,2584812,102842781,1
Brighton & Hove Albion v Crystal Palace,Brighton & Hove Albion,Crystal Palace,Player Goals,Daichi Kamada,Crystal Palace,0.5,9.5,Pointsbet,Brighton & Hove Albion,2584812,102842781,29
Brighton & Hove Albion v Crystal Palace,Brighton & Hove Albion,Crystal Palace,Player Goals,Lewis Dunk,Brighton & Hove Albion,0.5,10,Pointsbet,Crystal Palace,2584812,102842781,5
Brighton & Hove Albion v Crystal Palace,Brighton & Hove Albion,Crystal Palace,Player Goals,Ferdi Kadioglu,NA,0.5,10,Pointsbet,NA,2584812,102842781,9
Brighton & Hove Albion v Crystal Palace,Brighton & Hove Albion,Crystal Palace,Player Goals,Jefferson Lerma,Crystal Palace,0.5,10,Pointsbet,Brighton & Hove Albion,2584812,102842781,24
Brighton & Hove Albion v Crystal Palace,Brighton & Hove Albion,Crystal Palace,Player Goals,Jan Paul van Hecke,Brighton & Hove Albion,0.5,10.5,Pointsbet,Crystal Palace,2584812,102842781,14
Brighton & Hove Albion v Crystal Palace,Brighton & Hove Albion,Crystal Palace,Player Goals,Will Hughes,Crystal Palace,0.5,11,Pointsbet,Brighton & Hove Albion,2584812,102842781,23
Brighton & Hove Albion v Crystal Palace,Brighton & Hove Albion,Crystal Palace,Player Goals,M. Lacroix,NA,0.5,12,Pointsbet,NA,2584812,102842781,31
Brighton & Hove Albion v Crystal Palace,Brighton & Hove Albion,Crystal Palace,Player Goals,Adam Wharton,Crystal Palace,0.5,12,Pointsbet,Brighton & Hove Albion,2584812,102842781,40
Brighton & Hove Albion v Crystal Palace,Brighton & Hove Albion,Crystal Palace,Player Goals,Jo<c3><ab>l Veltman,NA,0.5,13,Pointsbet,NA,2584812,102842781,3
Brighton & Hove Albion v Crystal Palace,Brighton & Hove Albion,Crystal Palace,Player Goals,Nathaniel Clyne,Crystal Palace,0.5,13,Pointsbet,Brighton & Hove Albion,2584812,102842781,22
Brighton & Hove Albion v Crystal Palace,Brighton & Hove Albion,Crystal Palace,Player Goals,Chris Richards,Crystal Palace,0.5,13,Pointsbet,Brighton & Hove Albion,2584812,102842781,32
Brighton & Hove Albion v Crystal Palace,Brighton & Hove Albion,Crystal Palace,Player Goals,Sosa,NA,0.5,13,Pointsbet,NA,2584812,102842781,33
Brighton & Hove Albion v Crystal Palace,Brighton & Hove Albion,Crystal Palace,Player Goals,Chadi Riad,Crystal Palace,0.5,13,Pointsbet,Brighton & Hove Albion,2584812,102842781,36
Brighton & Hove Albion v Crystal Palace,Brighton & Hove Albion,Crystal Palace,Player Goals,Boscagli,NA,0.5,16,Pointsbet,NA,2584812,102842781,8
Brighton & Hove Albion v Crystal Palace,Brighton & Hove Albion,Crystal Palace,Player Goals,Tyrick Mitchell,Crystal Palace,0.5,16,Pointsbet,Brighton & Hove Albion,2584812,102842781,35
Brighton & Hove Albion v Crystal Palace,Brighton & Hove Albion,Crystal Palace,Player Goals,Igor,NA,0.5,20,Pointsbet,NA,2584812,102842781,42
Brighton & Hove Albion v Crystal Palace,Brighton & Hove Albion,Crystal Palace,Player Goals,Danny Welbeck,Brighton & Hove Albion,1.5,9.5,Pointsbet,Crystal Palace,2584812,102842782,2
Brighton & Hove Albion v Crystal Palace,Brighton & Hove Albion,Crystal Palace,Player Goals,J<c3><b8>rgen Strand Larsen,NA,1.5,13,Pointsbet,NA,2584812,102842782,45
Brighton & Hove Albion v Crystal Palace,Brighton & Hove Albion,Crystal Palace,Player Goals,Georginio Rutter,Brighton & Hove Albion,1.5,21,Pointsbet,Crystal Palace,2584812,102842782,12
Brighton & Hove Albion v Crystal Palace,Brighton & Hove Albion,Crystal Palace,Player Goals,Kaoru Mitoma,Brighton & Hove Albion,1.5,23,Pointsbet,Crystal Palace,2584812,102842782,10
Brighton & Hove Albion v Crystal Palace,Brighton & Hove Albion,Crystal Palace,Player Goals,Isma<c3><af>la Sarr,NA,1.5,23,Pointsbet,NA,2584812,102842782,26
Brighton & Hove Albion v Crystal Palace,Brighton & Hove Albion,Crystal Palace,Player Goals,Uche,NA,1.5,23,Pointsbet,NA,2584812,102842782,41
Brighton & Hove Albion v Crystal Palace,Brighton & Hove Albion,Crystal Palace,Player Goals,D. Gómez,NA,1.5,26,Pointsbet,NA,2584812,102842782,16
Brighton & Hove Albion v Crystal Palace,Brighton & Hove Albion,Crystal Palace,Player Goals,E. Guessand,NA,1.5,26,Pointsbet,NA,2584812,102842782,43
Brighton & Hove Albion v Crystal Palace,Brighton & Hove Albion,Crystal Palace,Player Goals,Yankuba Minteh,Brighton & Hove Albion,1.5,29,Pointsbet,Crystal Palace,2584812,102842782,19
Brighton & Hove Albion v Crystal Palace,Brighton & Hove Albion,Crystal Palace,Player Goals,Brennan Johnson,Tottenham Hotspur,1.5,31,Pointsbet,Brighton & Hove Albion,2584812,102842782,34
Brighton & Hove Albion v Crystal Palace,Brighton & Hove Albion,Crystal Palace,Player Goals,Brennan Johnson,Crystal Palace,1.5,31,Pointsbet,Brighton & Hove Albion,2584812,102842782,34
Brighton & Hove Albion v Crystal Palace,Brighton & Hove Albion,Crystal Palace,Player Goals,J. Rak-Sakyi,NA,1.5,31,Pointsbet,NA,2584812,102842782,38
Brighton & Hove Albion v Crystal Palace,Brighton & Hove Albion,Crystal Palace,Player Goals,Matt O'Riley,Brighton & Hove Albion,1.5,36,Pointsbet,Crystal Palace,2584812,102842782,44
Brighton & Hove Albion v Crystal Palace,Brighton & Hove Albion,Crystal Palace,Player Goals,Groß,NA,1.5,51,Pointsbet,NA,2584812,102842782,4
Brighton & Hove Albion v Crystal Palace,Brighton & Hove Albion,Crystal Palace,Player Goals,Yeremi Pino,NA,1.5,51,Pointsbet,NA,2584812,102842782,37
Brighton & Hove Albion v Crystal Palace,Brighton & Hove Albion,Crystal Palace,Player Goals,M. De Cuyper,NA,1.5,81,Pointsbet,NA,2584812,102842782,11
Brighton & Hove Albion v Crystal Palace,Brighton & Hove Albion,Crystal Palace,Player Goals,Jack Hinshelwood,Brighton & Hove Albion,1.5,91,Pointsbet,Crystal Palace,2584812,102842782,21
Brighton & Hove Albion v Crystal Palace,Brighton & Hove Albion,Crystal Palace,Player Goals,D. Muñoz,NA,1.5,101,Pointsbet,NA,2584812,102842782,28
Brighton & Hove Albion v Crystal Palace,Brighton & Hove Albion,Crystal Palace,Player Goals,James Milner,Brighton & Hove Albion,1.5,131,Pointsbet,Crystal Palace,2584812,102842782,1
Brighton & Hove Albion v Crystal Palace,Brighton & Hove Albion,Crystal Palace,Player Goals,Carlos Baleba,Brighton & Hove Albion,1.5,131,Pointsbet,Crystal Palace,2584812,102842782,18
Brighton & Hove Albion v Crystal Palace,Brighton & Hove Albion,Crystal Palace,Player Goals,Daichi Kamada,Crystal Palace,1.5,131,Pointsbet,Brighton & Hove Albion,2584812,102842782,29
Brighton & Hove Albion v Crystal Palace,Brighton & Hove Albion,Crystal Palace,Player Goals,Jan Paul van Hecke,Brighton & Hove Albion,1.5,176,Pointsbet,Crystal Palace,2584812,102842782,14
Brighton & Hove Albion v Crystal Palace,Brighton & Hove Albion,Crystal Palace,Player Goals,M. Lacroix,NA,1.5,176,Pointsbet,NA,2584812,102842782,31
Brighton & Hove Albion v Crystal Palace,Brighton & Hove Albion,Crystal Palace,Player Goals,Lewis Dunk,Brighton & Hove Albion,1.5,201,Pointsbet,Crystal Palace,2584812,102842782,5
Brighton & Hove Albion v Crystal Palace,Brighton & Hove Albion,Crystal Palace,Player Goals,Ferdi Kadioglu,NA,1.5,201,Pointsbet,NA,2584812,102842782,9
Brighton & Hove Albion v Crystal Palace,Brighton & Hove Albion,Crystal Palace,Player Goals,Will Hughes,Crystal Palace,1.5,201,Pointsbet,Brighton & Hove Albion,2584812,102842782,23
Brighton & Hove Albion v Crystal Palace,Brighton & Hove Albion,Crystal Palace,Player Goals,Jefferson Lerma,Crystal Palace,1.5,251,Pointsbet,Brighton & Hove Albion,2584812,102842782,24
Brighton & Hove Albion v Crystal Palace,Brighton & Hove Albion,Crystal Palace,Player Goals,Chris Richards,Crystal Palace,1.5,251,Pointsbet,Brighton & Hove Albion,2584812,102842782,32
Brighton & Hove Albion v Crystal Palace,Brighton & Hove Albion,Crystal Palace,Player Goals,Chadi Riad,Crystal Palace,1.5,251,Pointsbet,Brighton & Hove Albion,2584812,102842782,36
Brighton & Hove Albion v Crystal Palace,Brighton & Hove Albion,Crystal Palace,Player Goals,Adam Wharton,Crystal Palace,1.5,251,Pointsbet,Brighton & Hove Albion,2584812,102842782,40
Brighton & Hove Albion v Crystal Palace,Brighton & Hove Albion,Crystal Palace,Player Goals,Jo<c3><ab>l Veltman,NA,1.5,301,Pointsbet,NA,2584812,102842782,3
Brighton & Hove Albion v Crystal Palace,Brighton & Hove Albion,Crystal Palace,Player Goals,Nathaniel Clyne,Crystal Palace,1.5,301,Pointsbet,Brighton & Hove Albion,2584812,102842782,22
Brighton & Hove Albion v Crystal Palace,Brighton & Hove Albion,Crystal Palace,Player Goals,Sosa,NA,1.5,301,Pointsbet,NA,2584812,102842782,33
Brighton & Hove Albion v Crystal Palace,Brighton & Hove Albion,Crystal Palace,Player Goals,Boscagli,NA,1.5,351,Pointsbet,NA,2584812,102842782,8
Brighton & Hove Albion v Crystal Palace,Brighton & Hove Albion,Crystal Palace,Player Goals,Tyrick Mitchell,Crystal Palace,1.5,351,Pointsbet,Brighton & Hove Albion,2584812,102842782,35
Brighton & Hove Albion v Crystal Palace,Brighton & Hove Albion,Crystal Palace,Player Goals,Igor,NA,1.5,1001,Pointsbet,NA,2584812,102842782,42
Brighton & Hove Albion v Crystal Palace,Brighton & Hove Albion,Crystal Palace,Player Goals,Danny Welbeck,Brighton & Hove Albion,2.5,51,Pointsbet,Crystal Palace,2584812,102842783,2
Brighton & Hove Albion v Crystal Palace,Brighton & Hove Albion,Crystal Palace,Player Goals,J<c3><b8>rgen Strand Larsen,NA,2.5,91,Pointsbet,NA,2584812,102842783,45
Brighton & Hove Albion v Crystal Palace,Brighton & Hove Albion,Crystal Palace,Player Goals,Kaoru Mitoma,Brighton & Hove Albion,2.5,176,Pointsbet,Crystal Palace,2584812,102842783,10
Brighton & Hove Albion v Crystal Palace,Brighton & Hove Albion,Crystal Palace,Player Goals,Georginio Rutter,Brighton & Hove Albion,2.5,176,Pointsbet,Crystal Palace,2584812,102842783,12
Brighton & Hove Albion v Crystal Palace,Brighton & Hove Albion,Crystal Palace,Player Goals,Uche,NA,2.5,176,Pointsbet,NA,2584812,102842783,41
Brighton & Hove Albion v Crystal Palace,Brighton & Hove Albion,Crystal Palace,Player Goals,D. Gómez,NA,2.5,201,Pointsbet,NA,2584812,102842783,16
Brighton & Hove Albion v Crystal Palace,Brighton & Hove Albion,Crystal Palace,Player Goals,Isma<c3><af>la Sarr,NA,2.5,201,Pointsbet,NA,2584812,102842783,26
Brighton & Hove Albion v Crystal Palace,Brighton & Hove Albion,Crystal Palace,Player Goals,Yankuba Minteh,Brighton & Hove Albion,2.5,251,Pointsbet,Crystal Palace,2584812,102842783,19
Brighton & Hove Albion v Crystal Palace,Brighton & Hove Albion,Crystal Palace,Player Goals,Brennan Johnson,Tottenham Hotspur,2.5,251,Pointsbet,Brighton & Hove Albion,2584812,102842783,34
Brighton & Hove Albion v Crystal Palace,Brighton & Hove Albion,Crystal Palace,Player Goals,Brennan Johnson,Crystal Palace,2.5,251,Pointsbet,Brighton & Hove Albion,2584812,102842783,34
Brighton & Hove Albion v Crystal Palace,Brighton & Hove Albion,Crystal Palace,Player Goals,E. Guessand,NA,2.5,251,Pointsbet,NA,2584812,102842783,43
Brighton & Hove Albion v Crystal Palace,Brighton & Hove Albion,Crystal Palace,Player Goals,J. Rak-Sakyi,NA,2.5,301,Pointsbet,NA,2584812,102842783,38
Liverpool v Manchester City,Liverpool,Manchester City,Player Goals,Erling Haaland,Manchester City,0.5,1.95,Pointsbet,Liverpool,2584937,102885982,30
Liverpool v Manchester City,Liverpool,Manchester City,Player Goals,H. Ekitike,NA,0.5,2.25,Pointsbet,NA,2584937,102885982,18
Liverpool v Manchester City,Liverpool,Manchester City,Player Goals,Mohamed Salah,Liverpool,0.5,2.5,Pointsbet,Manchester City,2584937,102885982,1
Liverpool v Manchester City,Liverpool,Manchester City,Player Goals,O. Marmoush,NA,0.5,3,Pointsbet,NA,2584937,102885982,41
Liverpool v Manchester City,Liverpool,Manchester City,Player Goals,Antoine Semenyo,Manchester City,0.5,3.3,Pointsbet,Liverpool,2584937,102885982,33
Liverpool v Manchester City,Liverpool,Manchester City,Player Goals,Antoine Semenyo,Bournemouth,0.5,3.3,Pointsbet,Liverpool,2584937,102885982,33
Liverpool v Manchester City,Liverpool,Manchester City,Player Goals,Chiesa,NA,0.5,3.4,Pointsbet,NA,2584937,102885982,7
Liverpool v Manchester City,Liverpool,Manchester City,Player Goals,Cody Gakpo,Liverpool,0.5,3.7,Pointsbet,Manchester City,2584937,102885982,9
Liverpool v Manchester City,Liverpool,Manchester City,Player Goals,Phil Foden,Manchester City,0.5,3.9,Pointsbet,Liverpool,2584937,102885982,31
Liverpool v Manchester City,Liverpool,Manchester City,Player Goals,M. Cherki,NA,0.5,4,Pointsbet,NA,2584937,102885982,38
Liverpool v Manchester City,Liverpool,Manchester City,Player Goals,F. Wirtz,NA,0.5,4.2,Pointsbet,NA,2584937,102885982,17
Liverpool v Manchester City,Liverpool,Manchester City,Player Goals,K. Gordon,NA,0.5,4.5,Pointsbet,NA,2584937,102885982,19
Liverpool v Manchester City,Liverpool,Manchester City,Player Goals,Dominik Szoboszlai,Liverpool,0.5,4.75,Pointsbet,Manchester City,2584937,102885982,10
Liverpool v Manchester City,Liverpool,Manchester City,Player Goals,T. Reijnders,NA,0.5,5.25,Pointsbet,NA,2584937,102885982,32
Liverpool v Manchester City,Liverpool,Manchester City,Player Goals,Alexis Mac Allister,Liverpool,0.5,6.5,Pointsbet,Manchester City,2584937,102885982,11
Liverpool v Manchester City,Liverpool,Manchester City,Player Goals,Trey Nyoni,Liverpool,0.5,6.5,Pointsbet,Manchester City,2584937,102885982,22
Liverpool v Manchester City,Liverpool,Manchester City,Player Goals,Curtis Jones,Liverpool,0.5,7.5,Pointsbet,Manchester City,2584937,102885982,12
Liverpool v Manchester City,Liverpool,Manchester City,Player Goals,Rodri,Manchester City,0.5,9,Pointsbet,Liverpool,2584937,102885982,28
Liverpool v Manchester City,Liverpool,Manchester City,Player Goals,Ryan Gravenberch,Liverpool,0.5,9.5,Pointsbet,Manchester City,2584937,102885982,13
Liverpool v Manchester City,Liverpool,Manchester City,Player Goals,Virgil van Dijk,Liverpool,0.5,10,Pointsbet,Manchester City,2584937,102885982,2
Liverpool v Manchester City,Liverpool,Manchester City,Player Goals,Marc Gu<c3><a9>hi,NA,0.5,10,Pointsbet,NA,2584937,102885982,34
Liverpool v Manchester City,Liverpool,Manchester City,Player Goals,Nico O'Reilly,Manchester City,0.5,10,Pointsbet,Liverpool,2584937,102885982,44
Liverpool v Manchester City,Liverpool,Manchester City,Player Goals,R. Aït Nouri,NA,0.5,10.5,Pointsbet,NA,2584937,102885982,35
Liverpool v Manchester City,Liverpool,Manchester City,Player Goals,Wataru Endo,Liverpool,0.5,11,Pointsbet,Manchester City,2584937,102885982,5
Liverpool v Manchester City,Liverpool,Manchester City,Player Goals,Nico González,Manchester City,0.5,11,Pointsbet,Liverpool,2584937,102885982,37
Liverpool v Manchester City,Liverpool,Manchester City,Player Goals,Konaté,NA,0.5,12,Pointsbet,NA,2584937,102885982,8
Liverpool v Manchester City,Liverpool,Manchester City,Player Goals,Rhys Williams,Liverpool,0.5,12,Pointsbet,Manchester City,2584937,102885982,15
Liverpool v Manchester City,Liverpool,Manchester City,Player Goals,Matheus Nunes,Manchester City,0.5,12,Pointsbet,Liverpool,2584937,102885982,36
Liverpool v Manchester City,Liverpool,Manchester City,Player Goals,Aké,NA,0.5,13,Pointsbet,NA,2584937,102885982,24
Liverpool v Manchester City,Liverpool,Manchester City,Player Goals,Rico Lewis,Manchester City,0.5,13,Pointsbet,Liverpool,2584937,102885982,43
Liverpool v Manchester City,Liverpool,Manchester City,Player Goals,Andrew Robertson,Liverpool,0.5,15,Pointsbet,Manchester City,2584937,102885982,3
Liverpool v Manchester City,Liverpool,Manchester City,Player Goals,Milos Kerkez,Liverpool,0.5,15,Pointsbet,Manchester City,2584937,102885982,20
Liverpool v Manchester City,Liverpool,Manchester City,Player Goals,R<c3><ba>ben Dias,NA,0.5,15,Pointsbet,NA,2584937,102885982,29
Liverpool v Manchester City,Liverpool,Manchester City,Player Goals,M. Alleyne,NA,0.5,15,Pointsbet,NA,2584937,102885982,46
Liverpool v Manchester City,Liverpool,Manchester City,Player Goals,John Stones,Manchester City,0.5,19,Pointsbet,Liverpool,2584937,102885982,25
Liverpool v Manchester City,Liverpool,Manchester City,Player Goals,A. Khusanov,NA,0.5,20,Pointsbet,NA,2584937,102885982,45
Liverpool v Manchester City,Liverpool,Manchester City,Player Goals,Erling Haaland,Manchester City,1.5,6,Pointsbet,Liverpool,2584937,102885983,30
Liverpool v Manchester City,Liverpool,Manchester City,Player Goals,H. Ekitike,NA,1.5,8,Pointsbet,NA,2584937,102885983,18
Liverpool v Manchester City,Liverpool,Manchester City,Player Goals,Mohamed Salah,Liverpool,1.5,11,Pointsbet,Manchester City,2584937,102885983,1
Liverpool v Manchester City,Liverpool,Manchester City,Player Goals,O. Marmoush,NA,1.5,16,Pointsbet,NA,2584937,102885983,41
Liverpool v Manchester City,Liverpool,Manchester City,Player Goals,Antoine Semenyo,Manchester City,1.5,19,Pointsbet,Liverpool,2584937,102885983,33
Liverpool v Manchester City,Liverpool,Manchester City,Player Goals,Antoine Semenyo,Bournemouth,1.5,19,Pointsbet,Liverpool,2584937,102885983,33
Liverpool v Manchester City,Liverpool,Manchester City,Player Goals,Chiesa,NA,1.5,21,Pointsbet,NA,2584937,102885983,7
Liverpool v Manchester City,Liverpool,Manchester City,Player Goals,Cody Gakpo,Liverpool,1.5,23,Pointsbet,Manchester City,2584937,102885983,9
Liverpool v Manchester City,Liverpool,Manchester City,Player Goals,Phil Foden,Manchester City,1.5,26,Pointsbet,Liverpool,2584937,102885983,31
Liverpool v Manchester City,Liverpool,Manchester City,Player Goals,M. Cherki,NA,1.5,29,Pointsbet,NA,2584937,102885983,38
Liverpool v Manchester City,Liverpool,Manchester City,Player Goals,Dominik Szoboszlai,Liverpool,1.5,36,Pointsbet,Manchester City,2584937,102885983,10
Liverpool v Manchester City,Liverpool,Manchester City,Player Goals,F. Wirtz,NA,1.5,36,Pointsbet,NA,2584937,102885983,17
Liverpool v Manchester City,Liverpool,Manchester City,Player Goals,K. Gordon,NA,1.5,36,Pointsbet,NA,2584937,102885983,19
Liverpool v Manchester City,Liverpool,Manchester City,Player Goals,T. Reijnders,NA,1.5,41,Pointsbet,NA,2584937,102885983,32
Liverpool v Manchester City,Liverpool,Manchester City,Player Goals,Alexis Mac Allister,Liverpool,1.5,81,Pointsbet,Manchester City,2584937,102885983,11
Liverpool v Manchester City,Liverpool,Manchester City,Player Goals,Trey Nyoni,Liverpool,1.5,81,Pointsbet,Manchester City,2584937,102885983,22
Liverpool v Manchester City,Liverpool,Manchester City,Player Goals,Curtis Jones,Liverpool,1.5,91,Pointsbet,Manchester City,2584937,102885983,12
Liverpool v Manchester City,Liverpool,Manchester City,Player Goals,Virgil van Dijk,Liverpool,1.5,151,Pointsbet,Manchester City,2584937,102885983,2
Liverpool v Manchester City,Liverpool,Manchester City,Player Goals,Rodri,Manchester City,1.5,151,Pointsbet,Liverpool,2584937,102885983,28
Liverpool v Manchester City,Liverpool,Manchester City,Player Goals,R. Aït Nouri,NA,1.5,151,Pointsbet,NA,2584937,102885983,35
Liverpool v Manchester City,Liverpool,Manchester City,Player Goals,Nico González,Manchester City,1.5,151,Pointsbet,Liverpool,2584937,102885983,37
Liverpool v Manchester City,Liverpool,Manchester City,Player Goals,Nico O'Reilly,Manchester City,1.5,176,Pointsbet,Liverpool,2584937,102885983,44
Liverpool v Manchester City,Liverpool,Manchester City,Player Goals,Wataru Endo,Liverpool,1.5,201,Pointsbet,Manchester City,2584937,102885983,5
Liverpool v Manchester City,Liverpool,Manchester City,Player Goals,Ryan Gravenberch,Liverpool,1.5,201,Pointsbet,Manchester City,2584937,102885983,13
Liverpool v Manchester City,Liverpool,Manchester City,Player Goals,Aké,NA,1.5,201,Pointsbet,NA,2584937,102885983,24
Liverpool v Manchester City,Liverpool,Manchester City,Player Goals,Marc Gu<c3><a9>hi,NA,1.5,201,Pointsbet,NA,2584937,102885983,34
Liverpool v Manchester City,Liverpool,Manchester City,Player Goals,Andrew Robertson,Liverpool,1.5,251,Pointsbet,Manchester City,2584937,102885983,3
Liverpool v Manchester City,Liverpool,Manchester City,Player Goals,Konaté,NA,1.5,251,Pointsbet,NA,2584937,102885983,8
Liverpool v Manchester City,Liverpool,Manchester City,Player Goals,Rhys Williams,Liverpool,1.5,251,Pointsbet,Manchester City,2584937,102885983,15
Liverpool v Manchester City,Liverpool,Manchester City,Player Goals,Matheus Nunes,Manchester City,1.5,251,Pointsbet,Liverpool,2584937,102885983,36
Liverpool v Manchester City,Liverpool,Manchester City,Player Goals,Rico Lewis,Manchester City,1.5,251,Pointsbet,Liverpool,2584937,102885983,43
Liverpool v Manchester City,Liverpool,Manchester City,Player Goals,Milos Kerkez,Liverpool,1.5,301,Pointsbet,Manchester City,2584937,102885983,20
Liverpool v Manchester City,Liverpool,Manchester City,Player Goals,R<c3><ba>ben Dias,NA,1.5,301,Pointsbet,NA,2584937,102885983,29
Liverpool v Manchester City,Liverpool,Manchester City,Player Goals,M. Alleyne,NA,1.5,351,Pointsbet,NA,2584937,102885983,46
Liverpool v Manchester City,Liverpool,Manchester City,Player Goals,A. Khusanov,NA,1.5,451,Pointsbet,NA,2584937,102885983,45
Liverpool v Manchester City,Liverpool,Manchester City,Player Goals,John Stones,Manchester City,1.5,1001,Pointsbet,Liverpool,2584937,102885983,25
Liverpool v Manchester City,Liverpool,Manchester City,Player Goals,Erling Haaland,Manchester City,2.5,26,Pointsbet,Liverpool,2584937,102885984,30
Liverpool v Manchester City,Liverpool,Manchester City,Player Goals,H. Ekitike,NA,2.5,36,Pointsbet,NA,2584937,102885984,18
Liverpool v Manchester City,Liverpool,Manchester City,Player Goals,Mohamed Salah,Liverpool,2.5,61,Pointsbet,Manchester City,2584937,102885984,1
Liverpool v Manchester City,Liverpool,Manchester City,Player Goals,Chiesa,NA,2.5,121,Pointsbet,NA,2584937,102885984,7
Liverpool v Manchester City,Liverpool,Manchester City,Player Goals,O. Marmoush,NA,2.5,121,Pointsbet,NA,2584937,102885984,41
Liverpool v Manchester City,Liverpool,Manchester City,Player Goals,Antoine Semenyo,Manchester City,2.5,131,Pointsbet,Liverpool,2584937,102885984,33
Liverpool v Manchester City,Liverpool,Manchester City,Player Goals,Antoine Semenyo,Bournemouth,2.5,131,Pointsbet,Liverpool,2584937,102885984,33
Liverpool v Manchester City,Liverpool,Manchester City,Player Goals,Cody Gakpo,Liverpool,2.5,176,Pointsbet,Manchester City,2584937,102885984,9
Liverpool v Manchester City,Liverpool,Manchester City,Player Goals,M. Cherki,NA,2.5,201,Pointsbet,NA,2584937,102885984,38
Liverpool v Manchester City,Liverpool,Manchester City,Player Goals,F. Wirtz,NA,2.5,251,Pointsbet,NA,2584937,102885984,17
Liverpool v Manchester City,Liverpool,Manchester City,Player Goals,K. Gordon,NA,2.5,251,Pointsbet,NA,2584937,102885984,19
Liverpool v Manchester City,Liverpool,Manchester City,Player Goals,Phil Foden,Manchester City,2.5,251,Pointsbet,Liverpool,2584937,102885984,31
Liverpool v Manchester City,Liverpool,Manchester City,Player Goals,Dominik Szoboszlai,Liverpool,2.5,301,Pointsbet,Manchester City,2584937,102885984,10
Tottenham Hotspur v Newcastle United,Tottenham Hotspur,Newcastle United,Player Goals,Yoane Wissa,Newcastle United,0.5,2.75,Pointsbet,Tottenham Hotspur,2587613,103103681,31
Tottenham Hotspur v Newcastle United,Tottenham Hotspur,Newcastle United,Player Goals,N. Woltemade,NA,0.5,2.85,Pointsbet,NA,2587613,103103681,42
Tottenham Hotspur v Newcastle United,Tottenham Hotspur,Newcastle United,Player Goals,William Osula,Newcastle United,0.5,3.3,Pointsbet,Tottenham Hotspur,2587613,103103681,44
Tottenham Hotspur v Newcastle United,Tottenham Hotspur,Newcastle United,Player Goals,Randal Muani,NA,0.5,3.6,Pointsbet,NA,2587613,103103681,9
Tottenham Hotspur v Newcastle United,Tottenham Hotspur,Newcastle United,Player Goals,M. Tel,NA,0.5,3.7,Pointsbet,NA,2587613,103103681,21
Tottenham Hotspur v Newcastle United,Tottenham Hotspur,Newcastle United,Player Goals,Harvey Barnes,Newcastle United,0.5,3.7,Pointsbet,Tottenham Hotspur,2587613,103103681,32
Tottenham Hotspur v Newcastle United,Tottenham Hotspur,Newcastle United,Player Goals,Wilson Odobert,Tottenham Hotspur,0.5,4.5,Pointsbet,Newcastle United,2587613,103103681,22
Tottenham Hotspur v Newcastle United,Tottenham Hotspur,Newcastle United,Player Goals,X. Simons,NA,0.5,5,Pointsbet,NA,2587613,103103681,18
Tottenham Hotspur v Newcastle United,Tottenham Hotspur,Newcastle United,Player Goals,Anthony Elanga,Newcastle United,0.5,5,Pointsbet,Tottenham Hotspur,2587613,103103681,40
Tottenham Hotspur v Newcastle United,Tottenham Hotspur,Newcastle United,Player Goals,B. Guimarães,NA,0.5,5.25,Pointsbet,NA,2587613,103103681,34
Tottenham Hotspur v Newcastle United,Tottenham Hotspur,Newcastle United,Player Goals,Jacob Murphy,Newcastle United,0.5,5.75,Pointsbet,Tottenham Hotspur,2587613,103103681,29
Tottenham Hotspur v Newcastle United,Tottenham Hotspur,Newcastle United,Player Goals,C. Gallagher,NA,0.5,6,Pointsbet,NA,2587613,103103681,10
Tottenham Hotspur v Newcastle United,Tottenham Hotspur,Newcastle United,Player Goals,Pape Matar Sarr,Tottenham Hotspur,0.5,7,Pointsbet,Newcastle United,2587613,103103681,19
Tottenham Hotspur v Newcastle United,Tottenham Hotspur,Newcastle United,Player Goals,Jacob Ramsey,Newcastle United,0.5,7,Pointsbet,Tottenham Hotspur,2587613,103103681,38
Tottenham Hotspur v Newcastle United,Tottenham Hotspur,Newcastle United,Player Goals,João Palhinha,Tottenham Hotspur,0.5,9,Pointsbet,Newcastle United,2587613,103103681,5
Tottenham Hotspur v Newcastle United,Tottenham Hotspur,Newcastle United,Player Goals,Cristian Romero,Tottenham Hotspur,0.5,9,Pointsbet,Newcastle United,2587613,103103681,6
Tottenham Hotspur v Newcastle United,Tottenham Hotspur,Newcastle United,Player Goals,Yves Bissouma,Tottenham Hotspur,0.5,9,Pointsbet,Newcastle United,2587613,103103681,7
Tottenham Hotspur v Newcastle United,Tottenham Hotspur,Newcastle United,Player Goals,Joe Willock,Newcastle United,0.5,9,Pointsbet,Tottenham Hotspur,2587613,103103681,33
Tottenham Hotspur v Newcastle United,Tottenham Hotspur,Newcastle United,Player Goals,S. Tonali,NA,0.5,9,Pointsbet,NA,2587613,103103681,37
Tottenham Hotspur v Newcastle United,Tottenham Hotspur,Newcastle United,Player Goals,L. Miley,NA,0.5,9,Pointsbet,NA,2587613,103103681,45
Tottenham Hotspur v Newcastle United,Tottenham Hotspur,Newcastle United,Player Goals,Micky van de Ven,Tottenham Hotspur,0.5,9.5,Pointsbet,Newcastle United,2587613,103103681,17
Tottenham Hotspur v Newcastle United,Tottenham Hotspur,Newcastle United,Player Goals,Danso,NA,0.5,11,Pointsbet,NA,2587613,103103681,8
Tottenham Hotspur v Newcastle United,Tottenham Hotspur,Newcastle United,Player Goals,Destiny Udogie,Tottenham Hotspur,0.5,11,Pointsbet,Newcastle United,2587613,103103681,20
Tottenham Hotspur v Newcastle United,Tottenham Hotspur,Newcastle United,Player Goals,Andre Gray,NA,0.5,11,Pointsbet,NA,2587613,103103681,24
Tottenham Hotspur v Newcastle United,Tottenham Hotspur,Newcastle United,Player Goals,Dan Burn,Newcastle United,0.5,11,Pointsbet,Tottenham Hotspur,2587613,103103681,27
Tottenham Hotspur v Newcastle United,Tottenham Hotspur,Newcastle United,Player Goals,Kieran Trippier,Newcastle United,0.5,11,Pointsbet,Tottenham Hotspur,2587613,103103681,28
Tottenham Hotspur v Newcastle United,Tottenham Hotspur,Newcastle United,Player Goals,S. Botman,NA,0.5,11,Pointsbet,NA,2587613,103103681,36
Tottenham Hotspur v Newcastle United,Tottenham Hotspur,Newcastle United,Player Goals,Radu Dr<c4><83>gu<c8><99>in,NA,0.5,12,Pointsbet,NA,2587613,103103681,16
Tottenham Hotspur v Newcastle United,Tottenham Hotspur,Newcastle United,Player Goals,M. Thiaw,NA,0.5,12,Pointsbet,NA,2587613,103103681,39
Tottenham Hotspur v Newcastle United,Tottenham Hotspur,Newcastle United,Player Goals,Lewis Hall,Newcastle United,0.5,12,Pointsbet,Tottenham Hotspur,2587613,103103681,43
Tottenham Hotspur v Newcastle United,Tottenham Hotspur,Newcastle United,Player Goals,Djed Spence,Tottenham Hotspur,0.5,16,Pointsbet,Newcastle United,2587613,103103681,15
Tottenham Hotspur v Newcastle United,Tottenham Hotspur,Newcastle United,Player Goals,Yoane Wissa,Newcastle United,1.5,13,Pointsbet,Tottenham Hotspur,2587613,103103682,31
Tottenham Hotspur v Newcastle United,Tottenham Hotspur,Newcastle United,Player Goals,N. Woltemade,NA,1.5,13,Pointsbet,NA,2587613,103103682,42
Tottenham Hotspur v Newcastle United,Tottenham Hotspur,Newcastle United,Player Goals,William Osula,Newcastle United,1.5,17,Pointsbet,Tottenham Hotspur,2587613,103103682,44
Tottenham Hotspur v Newcastle United,Tottenham Hotspur,Newcastle United,Player Goals,Randal Muani,NA,1.5,21,Pointsbet,NA,2587613,103103682,9
Tottenham Hotspur v Newcastle United,Tottenham Hotspur,Newcastle United,Player Goals,Harvey Barnes,Newcastle United,1.5,23,Pointsbet,Tottenham Hotspur,2587613,103103682,32
Tottenham Hotspur v Newcastle United,Tottenham Hotspur,Newcastle United,Player Goals,M. Tel,NA,1.5,26,Pointsbet,NA,2587613,103103682,21
Tottenham Hotspur v Newcastle United,Tottenham Hotspur,Newcastle United,Player Goals,Wilson Odobert,Tottenham Hotspur,1.5,36,Pointsbet,Newcastle United,2587613,103103682,22
Tottenham Hotspur v Newcastle United,Tottenham Hotspur,Newcastle United,Player Goals,Anthony Elanga,Newcastle United,1.5,41,Pointsbet,Tottenham Hotspur,2587613,103103682,40
Tottenham Hotspur v Newcastle United,Tottenham Hotspur,Newcastle United,Player Goals,X. Simons,NA,1.5,51,Pointsbet,NA,2587613,103103682,18
Tottenham Hotspur v Newcastle United,Tottenham Hotspur,Newcastle United,Player Goals,Jacob Murphy,Newcastle United,1.5,51,Pointsbet,Tottenham Hotspur,2587613,103103682,29
Tottenham Hotspur v Newcastle United,Tottenham Hotspur,Newcastle United,Player Goals,B. Guimarães,NA,1.5,61,Pointsbet,NA,2587613,103103682,34
Tottenham Hotspur v Newcastle United,Tottenham Hotspur,Newcastle United,Player Goals,C. Gallagher,NA,1.5,71,Pointsbet,NA,2587613,103103682,10
Tottenham Hotspur v Newcastle United,Tottenham Hotspur,Newcastle United,Player Goals,Jacob Ramsey,Newcastle United,1.5,91,Pointsbet,Tottenham Hotspur,2587613,103103682,38
Tottenham Hotspur v Newcastle United,Tottenham Hotspur,Newcastle United,Player Goals,Pape Matar Sarr,Tottenham Hotspur,1.5,101,Pointsbet,Newcastle United,2587613,103103682,19
Tottenham Hotspur v Newcastle United,Tottenham Hotspur,Newcastle United,Player Goals,L. Miley,NA,1.5,101,Pointsbet,NA,2587613,103103682,45
Tottenham Hotspur v Newcastle United,Tottenham Hotspur,Newcastle United,Player Goals,S. Tonali,NA,1.5,121,Pointsbet,NA,2587613,103103682,37
Tottenham Hotspur v Newcastle United,Tottenham Hotspur,Newcastle United,Player Goals,João Palhinha,Tottenham Hotspur,1.5,131,Pointsbet,Newcastle United,2587613,103103682,5
Tottenham Hotspur v Newcastle United,Tottenham Hotspur,Newcastle United,Player Goals,Cristian Romero,Tottenham Hotspur,1.5,151,Pointsbet,Newcastle United,2587613,103103682,6
Tottenham Hotspur v Newcastle United,Tottenham Hotspur,Newcastle United,Player Goals,Yves Bissouma,Tottenham Hotspur,1.5,151,Pointsbet,Newcastle United,2587613,103103682,7
Tottenham Hotspur v Newcastle United,Tottenham Hotspur,Newcastle United,Player Goals,Micky van de Ven,Tottenham Hotspur,1.5,151,Pointsbet,Newcastle United,2587613,103103682,17
Tottenham Hotspur v Newcastle United,Tottenham Hotspur,Newcastle United,Player Goals,Joe Willock,Newcastle United,1.5,151,Pointsbet,Tottenham Hotspur,2587613,103103682,33
Tottenham Hotspur v Newcastle United,Tottenham Hotspur,Newcastle United,Player Goals,Danso,NA,1.5,201,Pointsbet,NA,2587613,103103682,8
Tottenham Hotspur v Newcastle United,Tottenham Hotspur,Newcastle United,Player Goals,Andre Gray,NA,1.5,201,Pointsbet,NA,2587613,103103682,24
Tottenham Hotspur v Newcastle United,Tottenham Hotspur,Newcastle United,Player Goals,Dan Burn,Newcastle United,1.5,201,Pointsbet,Tottenham Hotspur,2587613,103103682,27
Tottenham Hotspur v Newcastle United,Tottenham Hotspur,Newcastle United,Player Goals,S. Botman,NA,1.5,201,Pointsbet,NA,2587613,103103682,36
Tottenham Hotspur v Newcastle United,Tottenham Hotspur,Newcastle United,Player Goals,M. Thiaw,NA,1.5,201,Pointsbet,NA,2587613,103103682,39
Tottenham Hotspur v Newcastle United,Tottenham Hotspur,Newcastle United,Player Goals,Lewis Hall,Newcastle United,1.5,201,Pointsbet,Tottenham Hotspur,2587613,103103682,43
Tottenham Hotspur v Newcastle United,Tottenham Hotspur,Newcastle United,Player Goals,Djed Spence,Tottenham Hotspur,1.5,251,Pointsbet,Newcastle United,2587613,103103682,15
Tottenham Hotspur v Newcastle United,Tottenham Hotspur,Newcastle United,Player Goals,Kieran Trippier,Newcastle United,1.5,251,Pointsbet,Tottenham Hotspur,2587613,103103682,28
Tottenham Hotspur v Newcastle United,Tottenham Hotspur,Newcastle United,Player Goals,Destiny Udogie,Tottenham Hotspur,1.5,301,Pointsbet,Newcastle United,2587613,103103682,20
Tottenham Hotspur v Newcastle United,Tottenham Hotspur,Newcastle United,Player Goals,Radu Dr<c4><83>gu<c8><99>in,NA,1.5,451,Pointsbet,NA,2587613,103103682,16
Tottenham Hotspur v Newcastle United,Tottenham Hotspur,Newcastle United,Player Goals,Yoane Wissa,Newcastle United,2.5,91,Pointsbet,Tottenham Hotspur,2587613,103103683,31
Tottenham Hotspur v Newcastle United,Tottenham Hotspur,Newcastle United,Player Goals,N. Woltemade,NA,2.5,101,Pointsbet,NA,2587613,103103683,42
Tottenham Hotspur v Newcastle United,Tottenham Hotspur,Newcastle United,Player Goals,William Osula,Newcastle United,2.5,121,Pointsbet,Tottenham Hotspur,2587613,103103683,44
Tottenham Hotspur v Newcastle United,Tottenham Hotspur,Newcastle United,Player Goals,Harvey Barnes,Newcastle United,2.5,131,Pointsbet,Tottenham Hotspur,2587613,103103683,32
Tottenham Hotspur v Newcastle United,Tottenham Hotspur,Newcastle United,Player Goals,Randal Muani,NA,2.5,151,Pointsbet,NA,2587613,103103683,9
Tottenham Hotspur v Newcastle United,Tottenham Hotspur,Newcastle United,Player Goals,M. Tel,NA,2.5,201,Pointsbet,NA,2587613,103103683,21
Tottenham Hotspur v Newcastle United,Tottenham Hotspur,Newcastle United,Player Goals,Wilson Odobert,Tottenham Hotspur,2.5,251,Pointsbet,Newcastle United,2587613,103103683,22
Tottenham Hotspur v Newcastle United,Tottenham Hotspur,Newcastle United,Player Goals,B. Guimarães,NA,2.5,251,Pointsbet,NA,2587613,103103683,34
Tottenham Hotspur v Newcastle United,Tottenham Hotspur,Newcastle United,Player Goals,X. Simons,NA,2.5,301,Pointsbet,NA,2587613,103103683,18
Tottenham Hotspur v Newcastle United,Tottenham Hotspur,Newcastle United,Player Goals,Anthony Elanga,Newcastle United,2.5,301,Pointsbet,Tottenham Hotspur,2587613,103103683,40
Tottenham Hotspur v Newcastle United,Tottenham Hotspur,Newcastle United,Player Goals,Jacob Murphy,Newcastle United,2.5,351,Pointsbet,Tottenham Hotspur,2587613,103103683,29
