match,home_team,away_team,market_name,player_name,player_team,line,over_price,agency,opposition_team,EventKey,MarketKey,OutcomeKey
Aston Villa v Leeds United,Aston Villa,Leeds United,Player Shots,Lucas Digne,Aston Villa,0.5,1.5,Pointsbet,Leeds United,2601967,103816073,1
Aston Villa v Leeds United,Aston Villa,Leeds United,Player Shots,Lucas Digne,Aston Villa,1.5,3.3,Pointsbet,Leeds United,2601967,103816073,2
Aston Villa v Leeds United,Aston Villa,Leeds United,Player Shots,Lucas Digne,Aston Villa,2.5,9.5,Pointsbet,Leeds United,2601967,103816073,3
Aston Villa v Leeds United,Aston Villa,Leeds United,Player Shots,Lucas Digne,Aston Villa,3.5,29,Pointsbet,Leeds United,2601967,103816073,4
Aston Villa v Leeds United,Aston Villa,Leeds United,Player Shots,Lucas Digne,Aston Villa,4.5,81,Pointsbet,Leeds United,2601967,103816073,5
Aston Villa v Leeds United,Aston Villa,Leeds United,Player Shots,Ross Barkley,Aston Villa,0.5,1.08,Pointsbet,Leeds United,2601967,103816073,7
Aston Villa v Leeds United,Aston Villa,Leeds United,Player Shots,Ross Barkley,Aston Villa,1.5,1.44,Pointsbet,Leeds United,2601967,103816073,8
Aston Villa v Leeds United,Aston Villa,Leeds United,Player Shots,Ross Barkley,Aston Villa,2.5,2.35,Pointsbet,Leeds United,2601967,103816073,9
Aston Villa v Leeds United,Aston Villa,Leeds United,Player Shots,Ross Barkley,Aston Villa,3.5,4.2,Pointsbet,Leeds United,2601967,103816073,10
Aston Villa v Leeds United,Aston Villa,Leeds United,Player Shots,Ross Barkley,Aston Villa,4.5,9,Pointsbet,Leeds United,2601967,103816073,11
Aston Villa v Leeds United,Aston Villa,Leeds United,Player Shots,Ross Barkley,Aston Villa,5.5,20,Pointsbet,Leeds United,2601967,103816073,12
Aston Villa v Leeds United,Aston Villa,Leeds United,Player Shots,Mings,NA,0.5,1.87,Pointsbet,NA,2601967,103816073,13
Aston Villa v Leeds United,Aston Villa,Leeds United,Player Shots,Mings,NA,1.5,5.75,Pointsbet,NA,2601967,103816073,14
Aston Villa v Leeds United,Aston Villa,Leeds United,Player Shots,Mings,NA,2.5,21,Pointsbet,NA,2601967,103816073,15
Aston Villa v Leeds United,Aston Villa,Leeds United,Player Shots,Mings,NA,3.5,101,Pointsbet,NA,2601967,103816073,16
Aston Villa v Leeds United,Aston Villa,Leeds United,Player Shots,Lindelöf,NA,0.5,2.7,Pointsbet,NA,2601967,103816073,19
Aston Villa v Leeds United,Aston Villa,Leeds United,Player Shots,Lindelöf,NA,1.5,11,Pointsbet,NA,2601967,103816073,20
Aston Villa v Leeds United,Aston Villa,Leeds United,Player Shots,Lindelöf,NA,2.5,61,Pointsbet,NA,2601967,103816073,21
Aston Villa v Leeds United,Aston Villa,Leeds United,Player Shots,Ollie Watkins,Aston Villa,0.5,1.01,Pointsbet,Leeds United,2601967,103816073,25
Aston Villa v Leeds United,Aston Villa,Leeds United,Player Shots,Ollie Watkins,Aston Villa,1.5,1.09,Pointsbet,Leeds United,2601967,103816073,26
Aston Villa v Leeds United,Aston Villa,Leeds United,Player Shots,Ollie Watkins,Aston Villa,2.5,1.33,Pointsbet,Leeds United,2601967,103816073,27
Aston Villa v Leeds United,Aston Villa,Leeds United,Player Shots,Ollie Watkins,Aston Villa,3.5,1.87,Pointsbet,Leeds United,2601967,103816073,28
Aston Villa v Leeds United,Aston Villa,Leeds United,Player Shots,Ollie Watkins,Aston Villa,4.5,3,Pointsbet,Leeds United,2601967,103816073,29
Aston Villa v Leeds United,Aston Villa,Leeds United,Player Shots,Ollie Watkins,Aston Villa,5.5,5,Pointsbet,Leeds United,2601967,103816073,30
Aston Villa v Leeds United,Aston Villa,Leeds United,Player Shots,Buendía,NA,0.5,1.03,Pointsbet,NA,2601967,103816073,31
Aston Villa v Leeds United,Aston Villa,Leeds United,Player Shots,Buendía,NA,1.5,1.22,Pointsbet,NA,2601967,103816073,32
Aston Villa v Leeds United,Aston Villa,Leeds United,Player Shots,Buendía,NA,2.5,1.69,Pointsbet,NA,2601967,103816073,33
Aston Villa v Leeds United,Aston Villa,Leeds United,Player Shots,Buendía,NA,3.5,2.6,Pointsbet,NA,2601967,103816073,34
Aston Villa v Leeds United,Aston Villa,Leeds United,Player Shots,Buendía,NA,4.5,4.5,Pointsbet,NA,2601967,103816073,35
Aston Villa v Leeds United,Aston Villa,Leeds United,Player Shots,Buendía,NA,5.5,9,Pointsbet,NA,2601967,103816073,36
Aston Villa v Leeds United,Aston Villa,Leeds United,Player Shots,Leon Bailey,Aston Villa,0.5,1.05,Pointsbet,Leeds United,2601967,103816073,37
Aston Villa v Leeds United,Aston Villa,Leeds United,Player Shots,Leon Bailey,Aston Villa,1.5,1.29,Pointsbet,Leeds United,2601967,103816073,38
Aston Villa v Leeds United,Aston Villa,Leeds United,Player Shots,Leon Bailey,Aston Villa,2.5,1.83,Pointsbet,Leeds United,2601967,103816073,39
Aston Villa v Leeds United,Aston Villa,Leeds United,Player Shots,Leon Bailey,Aston Villa,3.5,3.25,Pointsbet,Leeds United,2601967,103816073,40
Aston Villa v Leeds United,Aston Villa,Leeds United,Player Shots,Leon Bailey,Aston Villa,4.5,6,Pointsbet,Leeds United,2601967,103816073,41
Aston Villa v Leeds United,Aston Villa,Leeds United,Player Shots,Leon Bailey,Aston Villa,5.5,12,Pointsbet,Leeds United,2601967,103816073,42
Aston Villa v Leeds United,Aston Villa,Leeds United,Player Shots,Ezri Konsa,Aston Villa,0.5,2.1,Pointsbet,Leeds United,2601967,103816073,43
Aston Villa v Leeds United,Aston Villa,Leeds United,Player Shots,Ezri Konsa,Aston Villa,1.5,7,Pointsbet,Leeds United,2601967,103816073,44
Aston Villa v Leeds United,Aston Villa,Leeds United,Player Shots,Ezri Konsa,Aston Villa,2.5,29,Pointsbet,Leeds United,2601967,103816073,45
Aston Villa v Leeds United,Aston Villa,Leeds United,Player Shots,T. Abraham,NA,0.5,1.03,Pointsbet,NA,2601967,103816073,49
Aston Villa v Leeds United,Aston Villa,Leeds United,Player Shots,T. Abraham,NA,1.5,1.22,Pointsbet,NA,2601967,103816073,50
Aston Villa v Leeds United,Aston Villa,Leeds United,Player Shots,T. Abraham,NA,2.5,1.71,Pointsbet,NA,2601967,103816073,51
Aston Villa v Leeds United,Aston Villa,Leeds United,Player Shots,T. Abraham,NA,3.5,2.85,Pointsbet,NA,2601967,103816073,52
Aston Villa v Leeds United,Aston Villa,Leeds United,Player Shots,T. Abraham,NA,4.5,5,Pointsbet,NA,2601967,103816073,53
Aston Villa v Leeds United,Aston Villa,Leeds United,Player Shots,T. Abraham,NA,5.5,10.5,Pointsbet,NA,2601967,103816073,54
Aston Villa v Leeds United,Aston Villa,Leeds United,Player Shots,Pau Torres,Aston Villa,0.5,2.1,Pointsbet,Leeds United,2601967,103816073,55
Aston Villa v Leeds United,Aston Villa,Leeds United,Player Shots,Pau Torres,Aston Villa,1.5,7,Pointsbet,Leeds United,2601967,103816073,56
Aston Villa v Leeds United,Aston Villa,Leeds United,Player Shots,Pau Torres,Aston Villa,2.5,31,Pointsbet,Leeds United,2601967,103816073,57
Aston Villa v Leeds United,Aston Villa,Leeds United,Player Shots,Jadon Sancho,Aston Villa,0.5,1.09,Pointsbet,Leeds United,2601967,103816073,61
Aston Villa v Leeds United,Aston Villa,Leeds United,Player Shots,Jadon Sancho,Aston Villa,1.5,1.48,Pointsbet,Leeds United,2601967,103816073,62
Aston Villa v Leeds United,Aston Villa,Leeds United,Player Shots,Jadon Sancho,Aston Villa,2.5,2.5,Pointsbet,Leeds United,2601967,103816073,63
Aston Villa v Leeds United,Aston Villa,Leeds United,Player Shots,Jadon Sancho,Aston Villa,3.5,4.5,Pointsbet,Leeds United,2601967,103816073,64
Aston Villa v Leeds United,Aston Villa,Leeds United,Player Shots,Jadon Sancho,Aston Villa,4.5,10,Pointsbet,Leeds United,2601967,103816073,65
Aston Villa v Leeds United,Aston Villa,Leeds United,Player Shots,Jadon Sancho,Aston Villa,5.5,23,Pointsbet,Leeds United,2601967,103816073,66
Aston Villa v Leeds United,Aston Villa,Leeds United,Player Shots,Douglas Luiz,Nottingham Forest,0.5,1.16,Pointsbet,Aston Villa,2601967,103816073,67
Aston Villa v Leeds United,Aston Villa,Leeds United,Player Shots,Douglas Luiz,Nottingham Forest,1.5,1.8,Pointsbet,Aston Villa,2601967,103816073,68
Aston Villa v Leeds United,Aston Villa,Leeds United,Player Shots,Douglas Luiz,Nottingham Forest,2.5,3.3,Pointsbet,Aston Villa,2601967,103816073,69
Aston Villa v Leeds United,Aston Villa,Leeds United,Player Shots,Douglas Luiz,Nottingham Forest,3.5,7.5,Pointsbet,Aston Villa,2601967,103816073,70
Aston Villa v Leeds United,Aston Villa,Leeds United,Player Shots,Douglas Luiz,Nottingham Forest,4.5,19,Pointsbet,Aston Villa,2601967,103816073,71
Aston Villa v Leeds United,Aston Villa,Leeds United,Player Shots,Douglas Luiz,Nottingham Forest,5.5,41,Pointsbet,Aston Villa,2601967,103816073,72
Aston Villa v Leeds United,Aston Villa,Leeds United,Player Shots,Morgan Rogers,Aston Villa,0.5,1.02,Pointsbet,Leeds United,2601967,103816073,73
Aston Villa v Leeds United,Aston Villa,Leeds United,Player Shots,Morgan Rogers,Aston Villa,1.5,1.16,Pointsbet,Leeds United,2601967,103816073,74
Aston Villa v Leeds United,Aston Villa,Leeds United,Player Shots,Morgan Rogers,Aston Villa,2.5,1.56,Pointsbet,Leeds United,2601967,103816073,75
Aston Villa v Leeds United,Aston Villa,Leeds United,Player Shots,Morgan Rogers,Aston Villa,3.5,2.35,Pointsbet,Leeds United,2601967,103816073,76
Aston Villa v Leeds United,Aston Villa,Leeds United,Player Shots,Morgan Rogers,Aston Villa,4.5,4.2,Pointsbet,Leeds United,2601967,103816073,77
Aston Villa v Leeds United,Aston Villa,Leeds United,Player Shots,Morgan Rogers,Aston Villa,5.5,7.5,Pointsbet,Leeds United,2601967,103816073,78
Aston Villa v Leeds United,Aston Villa,Leeds United,Player Shots,Amadou Onana,Aston Villa,0.5,1.42,Pointsbet,Leeds United,2601967,103816073,79
Aston Villa v Leeds United,Aston Villa,Leeds United,Player Shots,Amadou Onana,Aston Villa,1.5,2.9,Pointsbet,Leeds United,2601967,103816073,80
Aston Villa v Leeds United,Aston Villa,Leeds United,Player Shots,Amadou Onana,Aston Villa,2.5,7.5,Pointsbet,Leeds United,2601967,103816073,81
Aston Villa v Leeds United,Aston Villa,Leeds United,Player Shots,Amadou Onana,Aston Villa,3.5,23,Pointsbet,Leeds United,2601967,103816073,82
Aston Villa v Leeds United,Aston Villa,Leeds United,Player Shots,Amadou Onana,Aston Villa,4.5,81,Pointsbet,Leeds United,2601967,103816073,83
Aston Villa v Leeds United,Aston Villa,Leeds United,Player Shots,Harvey Elliott,Liverpool,0.5,1.06,Pointsbet,Aston Villa,2601967,103816073,85
Aston Villa v Leeds United,Aston Villa,Leeds United,Player Shots,Harvey Elliott,Aston Villa,0.5,1.06,Pointsbet,Leeds United,2601967,103816073,85
Aston Villa v Leeds United,Aston Villa,Leeds United,Player Shots,Harvey Elliott,Liverpool,1.5,1.31,Pointsbet,Aston Villa,2601967,103816073,86
Aston Villa v Leeds United,Aston Villa,Leeds United,Player Shots,Harvey Elliott,Aston Villa,1.5,1.31,Pointsbet,Leeds United,2601967,103816073,86
Aston Villa v Leeds United,Aston Villa,Leeds United,Player Shots,Harvey Elliott,Liverpool,2.5,1.9,Pointsbet,Aston Villa,2601967,103816073,87
Aston Villa v Leeds United,Aston Villa,Leeds United,Player Shots,Harvey Elliott,Aston Villa,2.5,1.9,Pointsbet,Leeds United,2601967,103816073,87
Aston Villa v Leeds United,Aston Villa,Leeds United,Player Shots,Harvey Elliott,Liverpool,3.5,3.3,Pointsbet,Aston Villa,2601967,103816073,88
Aston Villa v Leeds United,Aston Villa,Leeds United,Player Shots,Harvey Elliott,Aston Villa,3.5,3.3,Pointsbet,Leeds United,2601967,103816073,88
Aston Villa v Leeds United,Aston Villa,Leeds United,Player Shots,Harvey Elliott,Liverpool,4.5,6,Pointsbet,Aston Villa,2601967,103816073,89
Aston Villa v Leeds United,Aston Villa,Leeds United,Player Shots,Harvey Elliott,Aston Villa,4.5,6,Pointsbet,Leeds United,2601967,103816073,89
Aston Villa v Leeds United,Aston Villa,Leeds United,Player Shots,Harvey Elliott,Liverpool,5.5,12,Pointsbet,Aston Villa,2601967,103816073,90
Aston Villa v Leeds United,Aston Villa,Leeds United,Player Shots,Harvey Elliott,Aston Villa,5.5,12,Pointsbet,Leeds United,2601967,103816073,90
Aston Villa v Leeds United,Aston Villa,Leeds United,Player Shots,Ian Maatsen,Aston Villa,0.5,1.22,Pointsbet,Leeds United,2601967,103816073,91
Aston Villa v Leeds United,Aston Villa,Leeds United,Player Shots,Ian Maatsen,Aston Villa,1.5,2.05,Pointsbet,Leeds United,2601967,103816073,92
Aston Villa v Leeds United,Aston Villa,Leeds United,Player Shots,Ian Maatsen,Aston Villa,2.5,4.4,Pointsbet,Leeds United,2601967,103816073,93
Aston Villa v Leeds United,Aston Villa,Leeds United,Player Shots,Ian Maatsen,Aston Villa,3.5,10.5,Pointsbet,Leeds United,2601967,103816073,94
Aston Villa v Leeds United,Aston Villa,Leeds United,Player Shots,Ian Maatsen,Aston Villa,4.5,29,Pointsbet,Leeds United,2601967,103816073,95
Aston Villa v Leeds United,Aston Villa,Leeds United,Player Shots,Ian Maatsen,Aston Villa,5.5,81,Pointsbet,Leeds United,2601967,103816073,96
Aston Villa v Leeds United,Aston Villa,Leeds United,Player Shots,Lamare Bogarde,Aston Villa,0.5,2.05,Pointsbet,Leeds United,2601967,103816073,97
Aston Villa v Leeds United,Aston Villa,Leeds United,Player Shots,Lamare Bogarde,Aston Villa,1.5,7,Pointsbet,Leeds United,2601967,103816073,98
Aston Villa v Leeds United,Aston Villa,Leeds United,Player Shots,Lamare Bogarde,Aston Villa,2.5,29,Pointsbet,Leeds United,2601967,103816073,99
Aston Villa v Leeds United,Aston Villa,Leeds United,Player Shots,Andres Garcia,NA,0.5,1.59,Pointsbet,NA,2601967,103816073,103
Aston Villa v Leeds United,Aston Villa,Leeds United,Player Shots,Andres Garcia,NA,1.5,3.9,Pointsbet,NA,2601967,103816073,104
Aston Villa v Leeds United,Aston Villa,Leeds United,Player Shots,Andres Garcia,NA,2.5,11,Pointsbet,NA,2601967,103816073,105
Aston Villa v Leeds United,Aston Villa,Leeds United,Player Shots,Andres Garcia,NA,3.5,36,Pointsbet,NA,2601967,103816073,106
Aston Villa v Leeds United,Aston Villa,Leeds United,Player Shots,George Lawrence Hemmings,NA,0.5,1.16,Pointsbet,NA,2601967,103816073,115
Aston Villa v Leeds United,Aston Villa,Leeds United,Player Shots,George Lawrence Hemmings,NA,1.5,1.77,Pointsbet,NA,2601967,103816073,116
Aston Villa v Leeds United,Aston Villa,Leeds United,Player Shots,George Lawrence Hemmings,NA,2.5,3.3,Pointsbet,NA,2601967,103816073,117
Aston Villa v Leeds United,Aston Villa,Leeds United,Player Shots,George Lawrence Hemmings,NA,3.5,7,Pointsbet,NA,2601967,103816073,118
Aston Villa v Leeds United,Aston Villa,Leeds United,Player Shots,George Lawrence Hemmings,NA,4.5,16,Pointsbet,NA,2601967,103816073,119
Aston Villa v Leeds United,Aston Villa,Leeds United,Player Shots,George Lawrence Hemmings,NA,5.5,36,Pointsbet,NA,2601967,103816073,120
Aston Villa v Leeds United,Aston Villa,Leeds United,Player Shots,Byram,NA,0.5,1.8,Pointsbet,NA,2601967,103816073,121
Aston Villa v Leeds United,Aston Villa,Leeds United,Player Shots,Byram,NA,1.5,4.75,Pointsbet,NA,2601967,103816073,122
Aston Villa v Leeds United,Aston Villa,Leeds United,Player Shots,Byram,NA,2.5,19,Pointsbet,NA,2601967,103816073,123
Aston Villa v Leeds United,Aston Villa,Leeds United,Player Shots,Byram,NA,3.5,61,Pointsbet,NA,2601967,103816073,124
Aston Villa v Leeds United,Aston Villa,Leeds United,Player Shots,Dominic Calvert-Lewin,NA,0.5,1.03,Pointsbet,NA,2601967,103816073,127
Aston Villa v Leeds United,Aston Villa,Leeds United,Player Shots,Dominic Calvert-Lewin,NA,1.5,1.22,Pointsbet,NA,2601967,103816073,128
Aston Villa v Leeds United,Aston Villa,Leeds United,Player Shots,Dominic Calvert-Lewin,NA,2.5,1.71,Pointsbet,NA,2601967,103816073,129
Aston Villa v Leeds United,Aston Villa,Leeds United,Player Shots,Dominic Calvert-Lewin,NA,3.5,2.7,Pointsbet,NA,2601967,103816073,130
Aston Villa v Leeds United,Aston Villa,Leeds United,Player Shots,Dominic Calvert-Lewin,NA,4.5,4.5,Pointsbet,NA,2601967,103816073,131
Aston Villa v Leeds United,Aston Villa,Leeds United,Player Shots,Dominic Calvert-Lewin,NA,5.5,9.5,Pointsbet,NA,2601967,103816073,132
Aston Villa v Leeds United,Aston Villa,Leeds United,Player Shots,James Justin,Leicester City,0.5,1.27,Pointsbet,Aston Villa,2601967,103816073,133
Aston Villa v Leeds United,Aston Villa,Leeds United,Player Shots,James Justin,Leicester City,1.5,2.3,Pointsbet,Aston Villa,2601967,103816073,134
Aston Villa v Leeds United,Aston Villa,Leeds United,Player Shots,James Justin,Leicester City,2.5,5,Pointsbet,Aston Villa,2601967,103816073,135
Aston Villa v Leeds United,Aston Villa,Leeds United,Player Shots,James Justin,Leicester City,3.5,12,Pointsbet,Aston Villa,2601967,103816073,136
Aston Villa v Leeds United,Aston Villa,Leeds United,Player Shots,James Justin,Leicester City,4.5,36,Pointsbet,Aston Villa,2601967,103816073,137
Aston Villa v Leeds United,Aston Villa,Leeds United,Player Shots,Rodon,NA,0.5,1.69,Pointsbet,NA,2601967,103816073,139
Aston Villa v Leeds United,Aston Villa,Leeds United,Player Shots,Rodon,NA,1.5,4.4,Pointsbet,NA,2601967,103816073,140
Aston Villa v Leeds United,Aston Villa,Leeds United,Player Shots,Rodon,NA,2.5,15,Pointsbet,NA,2601967,103816073,141
Aston Villa v Leeds United,Aston Villa,Leeds United,Player Shots,Rodon,NA,3.5,51,Pointsbet,NA,2601967,103816073,142
Aston Villa v Leeds United,Aston Villa,Leeds United,Player Shots,G. Gudmundsson,NA,0.5,1.71,Pointsbet,NA,2601967,103816073,145
Aston Villa v Leeds United,Aston Villa,Leeds United,Player Shots,G. Gudmundsson,NA,1.5,4.4,Pointsbet,NA,2601967,103816073,146
Aston Villa v Leeds United,Aston Villa,Leeds United,Player Shots,G. Gudmundsson,NA,2.5,15,Pointsbet,NA,2601967,103816073,147
Aston Villa v Leeds United,Aston Villa,Leeds United,Player Shots,G. Gudmundsson,NA,3.5,61,Pointsbet,NA,2601967,103816073,148
Aston Villa v Leeds United,Aston Villa,Leeds United,Player Shots,Ampadu,NA,0.5,1.53,Pointsbet,NA,2601967,103816073,151
Aston Villa v Leeds United,Aston Villa,Leeds United,Player Shots,Ampadu,NA,1.5,3.6,Pointsbet,NA,2601967,103816073,152
Aston Villa v Leeds United,Aston Villa,Leeds United,Player Shots,Ampadu,NA,2.5,10.5,Pointsbet,NA,2601967,103816073,153
Aston Villa v Leeds United,Aston Villa,Leeds United,Player Shots,Ampadu,NA,3.5,36,Pointsbet,NA,2601967,103816073,154
Aston Villa v Leeds United,Aston Villa,Leeds United,Player Shots,J.Bogle,NA,0.5,1.8,Pointsbet,NA,2601967,103816073,157
Aston Villa v Leeds United,Aston Villa,Leeds United,Player Shots,J.Bogle,NA,1.5,4.75,Pointsbet,NA,2601967,103816073,158
Aston Villa v Leeds United,Aston Villa,Leeds United,Player Shots,J.Bogle,NA,2.5,16,Pointsbet,NA,2601967,103816073,159
Aston Villa v Leeds United,Aston Villa,Leeds United,Player Shots,J.Bogle,NA,3.5,81,Pointsbet,NA,2601967,103816073,160
Aston Villa v Leeds United,Aston Villa,Leeds United,Player Shots,Sean Longstaff,NA,0.5,1.31,Pointsbet,NA,2601967,103816073,163
Aston Villa v Leeds United,Aston Villa,Leeds United,Player Shots,Sean Longstaff,NA,1.5,2.4,Pointsbet,NA,2601967,103816073,164
Aston Villa v Leeds United,Aston Villa,Leeds United,Player Shots,Sean Longstaff,NA,2.5,5.75,Pointsbet,NA,2601967,103816073,165
Aston Villa v Leeds United,Aston Villa,Leeds United,Player Shots,Sean Longstaff,NA,3.5,16,Pointsbet,NA,2601967,103816073,166
Aston Villa v Leeds United,Aston Villa,Leeds United,Player Shots,Sean Longstaff,NA,4.5,41,Pointsbet,NA,2601967,103816073,167
Aston Villa v Leeds United,Aston Villa,Leeds United,Player Shots,Nmecha,NA,0.5,1.07,Pointsbet,NA,2601967,103816073,169
Aston Villa v Leeds United,Aston Villa,Leeds United,Player Shots,Nmecha,NA,1.5,1.33,Pointsbet,NA,2601967,103816073,170
Aston Villa v Leeds United,Aston Villa,Leeds United,Player Shots,Nmecha,NA,2.5,2.1,Pointsbet,NA,2601967,103816073,171
Aston Villa v Leeds United,Aston Villa,Leeds United,Player Shots,Nmecha,NA,3.5,3.7,Pointsbet,NA,2601967,103816073,172
Aston Villa v Leeds United,Aston Villa,Leeds United,Player Shots,Nmecha,NA,4.5,7.5,Pointsbet,NA,2601967,103816073,173
Aston Villa v Leeds United,Aston Villa,Leeds United,Player Shots,Nmecha,NA,5.5,17,Pointsbet,NA,2601967,103816073,174
Aston Villa v Leeds United,Aston Villa,Leeds United,Player Shots,J. Piroe,NA,0.5,1.07,Pointsbet,NA,2601967,103816073,175
Aston Villa v Leeds United,Aston Villa,Leeds United,Player Shots,J. Piroe,NA,1.5,1.33,Pointsbet,NA,2601967,103816073,176
Aston Villa v Leeds United,Aston Villa,Leeds United,Player Shots,J. Piroe,NA,2.5,2.1,Pointsbet,NA,2601967,103816073,177
Aston Villa v Leeds United,Aston Villa,Leeds United,Player Shots,J. Piroe,NA,3.5,3.7,Pointsbet,NA,2601967,103816073,178
Aston Villa v Leeds United,Aston Villa,Leeds United,Player Shots,J. Piroe,NA,4.5,7.5,Pointsbet,NA,2601967,103816073,179
Aston Villa v Leeds United,Aston Villa,Leeds United,Player Shots,J. Piroe,NA,5.5,17,Pointsbet,NA,2601967,103816073,180
Aston Villa v Leeds United,Aston Villa,Leeds United,Player Shots,Ao Tanaka,NA,0.5,1.29,Pointsbet,NA,2601967,103816073,181
Aston Villa v Leeds United,Aston Villa,Leeds United,Player Shots,Ao Tanaka,NA,1.5,2.5,Pointsbet,NA,2601967,103816073,182
Aston Villa v Leeds United,Aston Villa,Leeds United,Player Shots,Ao Tanaka,NA,2.5,5.75,Pointsbet,NA,2601967,103816073,183
Aston Villa v Leeds United,Aston Villa,Leeds United,Player Shots,Ao Tanaka,NA,3.5,16,Pointsbet,NA,2601967,103816073,184
Aston Villa v Leeds United,Aston Villa,Leeds United,Player Shots,Ao Tanaka,NA,4.5,61,Pointsbet,NA,2601967,103816073,185
Aston Villa v Leeds United,Aston Villa,Leeds United,Player Shots,Bornauw,NA,0.5,1.83,Pointsbet,NA,2601967,103816073,193
Aston Villa v Leeds United,Aston Villa,Leeds United,Player Shots,Bornauw,NA,1.5,5.75,Pointsbet,NA,2601967,103816073,194
Aston Villa v Leeds United,Aston Villa,Leeds United,Player Shots,Bornauw,NA,2.5,20,Pointsbet,NA,2601967,103816073,195
Aston Villa v Leeds United,Aston Villa,Leeds United,Player Shots,Bornauw,NA,3.5,101,Pointsbet,NA,2601967,103816073,196
Aston Villa v Leeds United,Aston Villa,Leeds United,Player Shots,Bijol,NA,0.5,1.77,Pointsbet,NA,2601967,103816073,199
Aston Villa v Leeds United,Aston Villa,Leeds United,Player Shots,Bijol,NA,1.5,4.75,Pointsbet,NA,2601967,103816073,200
Aston Villa v Leeds United,Aston Villa,Leeds United,Player Shots,Bijol,NA,2.5,17,Pointsbet,NA,2601967,103816073,201
Aston Villa v Leeds United,Aston Villa,Leeds United,Player Shots,Bijol,NA,3.5,71,Pointsbet,NA,2601967,103816073,202
Aston Villa v Leeds United,Aston Villa,Leeds United,Player Shots,B. Aaronson,NA,0.5,1.07,Pointsbet,NA,2601967,103816073,205
Aston Villa v Leeds United,Aston Villa,Leeds United,Player Shots,B. Aaronson,NA,1.5,1.36,Pointsbet,NA,2601967,103816073,206
Aston Villa v Leeds United,Aston Villa,Leeds United,Player Shots,B. Aaronson,NA,2.5,2.15,Pointsbet,NA,2601967,103816073,207
Aston Villa v Leeds United,Aston Villa,Leeds United,Player Shots,B. Aaronson,NA,3.5,3.7,Pointsbet,NA,2601967,103816073,208
Aston Villa v Leeds United,Aston Villa,Leeds United,Player Shots,B. Aaronson,NA,4.5,7.5,Pointsbet,NA,2601967,103816073,209
Aston Villa v Leeds United,Aston Villa,Leeds United,Player Shots,B. Aaronson,NA,5.5,17,Pointsbet,NA,2601967,103816073,210
Aston Villa v Leeds United,Aston Villa,Leeds United,Player Shots,I. Gruev,NA,0.5,1.77,Pointsbet,NA,2601967,103816073,211
Aston Villa v Leeds United,Aston Villa,Leeds United,Player Shots,I. Gruev,NA,1.5,4.5,Pointsbet,NA,2601967,103816073,212
Aston Villa v Leeds United,Aston Villa,Leeds United,Player Shots,I. Gruev,NA,2.5,15,Pointsbet,NA,2601967,103816073,213
Aston Villa v Leeds United,Aston Villa,Leeds United,Player Shots,I. Gruev,NA,3.5,61,Pointsbet,NA,2601967,103816073,214
Aston Villa v Leeds United,Aston Villa,Leeds United,Player Shots,D. Gnonto,NA,0.5,1.08,Pointsbet,NA,2601967,103816073,217
Aston Villa v Leeds United,Aston Villa,Leeds United,Player Shots,D. Gnonto,NA,1.5,1.36,Pointsbet,NA,2601967,103816073,218
Aston Villa v Leeds United,Aston Villa,Leeds United,Player Shots,D. Gnonto,NA,2.5,2.15,Pointsbet,NA,2601967,103816073,219
Aston Villa v Leeds United,Aston Villa,Leeds United,Player Shots,D. Gnonto,NA,3.5,3.9,Pointsbet,NA,2601967,103816073,220
Aston Villa v Leeds United,Aston Villa,Leeds United,Player Shots,D. Gnonto,NA,4.5,7.5,Pointsbet,NA,2601967,103816073,221
Aston Villa v Leeds United,Aston Villa,Leeds United,Player Shots,D. Gnonto,NA,5.5,16,Pointsbet,NA,2601967,103816073,222
Aston Villa v Leeds United,Aston Villa,Leeds United,Player Shots,Facundo Buonanotte,Chelsea,0.5,1.08,Pointsbet,Aston Villa,2601967,103816073,223
Aston Villa v Leeds United,Aston Villa,Leeds United,Player Shots,Facundo Buonanotte,Chelsea,1.5,1.4,Pointsbet,Aston Villa,2601967,103816073,224
Aston Villa v Leeds United,Aston Villa,Leeds United,Player Shots,Facundo Buonanotte,Chelsea,2.5,2.25,Pointsbet,Aston Villa,2601967,103816073,225
Aston Villa v Leeds United,Aston Villa,Leeds United,Player Shots,Facundo Buonanotte,Chelsea,3.5,4,Pointsbet,Aston Villa,2601967,103816073,226
Aston Villa v Leeds United,Aston Villa,Leeds United,Player Shots,Facundo Buonanotte,Chelsea,4.5,8.5,Pointsbet,Aston Villa,2601967,103816073,227
Aston Villa v Leeds United,Aston Villa,Leeds United,Player Shots,Facundo Buonanotte,Chelsea,5.5,19,Pointsbet,Aston Villa,2601967,103816073,228
Aston Villa v Leeds United,Aston Villa,Leeds United,Player Shots,D.James,NA,0.5,1.05,Pointsbet,NA,2601967,103816073,229
Aston Villa v Leeds United,Aston Villa,Leeds United,Player Shots,D.James,NA,1.5,1.29,Pointsbet,NA,2601967,103816073,230
Aston Villa v Leeds United,Aston Villa,Leeds United,Player Shots,D.James,NA,2.5,1.87,Pointsbet,NA,2601967,103816073,231
Aston Villa v Leeds United,Aston Villa,Leeds United,Player Shots,D.James,NA,3.5,3.1,Pointsbet,NA,2601967,103816073,232
Aston Villa v Leeds United,Aston Villa,Leeds United,Player Shots,D.James,NA,4.5,5.75,Pointsbet,NA,2601967,103816073,233
Aston Villa v Leeds United,Aston Villa,Leeds United,Player Shots,D.James,NA,5.5,12,Pointsbet,NA,2601967,103816073,234
Aston Villa v Leeds United,Aston Villa,Leeds United,Player Shots,Struijk,NA,0.5,1.48,Pointsbet,NA,2601967,103816073,235
Aston Villa v Leeds United,Aston Villa,Leeds United,Player Shots,Struijk,NA,1.5,3.25,Pointsbet,NA,2601967,103816073,236
Aston Villa v Leeds United,Aston Villa,Leeds United,Player Shots,Struijk,NA,2.5,9,Pointsbet,NA,2601967,103816073,237
Aston Villa v Leeds United,Aston Villa,Leeds United,Player Shots,Struijk,NA,3.5,26,Pointsbet,NA,2601967,103816073,238
Aston Villa v Leeds United,Aston Villa,Leeds United,Player Shots,A. Stach,NA,0.5,1.11,Pointsbet,NA,2601967,103816073,241
Aston Villa v Leeds United,Aston Villa,Leeds United,Player Shots,A. Stach,NA,1.5,1.63,Pointsbet,NA,2601967,103816073,242
Aston Villa v Leeds United,Aston Villa,Leeds United,Player Shots,A. Stach,NA,2.5,2.75,Pointsbet,NA,2601967,103816073,243
Aston Villa v Leeds United,Aston Villa,Leeds United,Player Shots,A. Stach,NA,3.5,5.75,Pointsbet,NA,2601967,103816073,244
Aston Villa v Leeds United,Aston Villa,Leeds United,Player Shots,A. Stach,NA,4.5,15,Pointsbet,NA,2601967,103816073,245
Aston Villa v Leeds United,Aston Villa,Leeds United,Player Shots,A. Stach,NA,5.5,36,Pointsbet,NA,2601967,103816073,246
Brentford v Brighton & Hove Albion,Brentford,Brighton & Hove Albion,Player Shots,Henderson,NA,0.5,1.69,Pointsbet,NA,2601968,103816108,1
Brentford v Brighton & Hove Albion,Brentford,Brighton & Hove Albion,Player Shots,Henderson,NA,1.5,4.4,Pointsbet,NA,2601968,103816108,2
Brentford v Brighton & Hove Albion,Brentford,Brighton & Hove Albion,Player Shots,Henderson,NA,2.5,13,Pointsbet,NA,2601968,103816108,3
Brentford v Brighton & Hove Albion,Brentford,Brighton & Hove Albion,Player Shots,Henderson,NA,3.5,51,Pointsbet,NA,2601968,103816108,4
Brentford v Brighton & Hove Albion,Brentford,Brighton & Hove Albion,Player Shots,Kristoffer Ajer,Brentford,0.5,1.5,Pointsbet,Brighton & Hove Albion,2601968,103816108,7
Brentford v Brighton & Hove Albion,Brentford,Brighton & Hove Albion,Player Shots,Kristoffer Ajer,Brentford,1.5,3.4,Pointsbet,Brighton & Hove Albion,2601968,103816108,8
Brentford v Brighton & Hove Albion,Brentford,Brighton & Hove Albion,Player Shots,Kristoffer Ajer,Brentford,2.5,10,Pointsbet,Brighton & Hove Albion,2601968,103816108,9
Brentford v Brighton & Hove Albion,Brentford,Brighton & Hove Albion,Player Shots,Kristoffer Ajer,Brentford,3.5,31,Pointsbet,Brighton & Hove Albion,2601968,103816108,10
Brentford v Brighton & Hove Albion,Brentford,Brighton & Hove Albion,Player Shots,Kristoffer Ajer,Brentford,4.5,91,Pointsbet,Brighton & Hove Albion,2601968,103816108,11
Brentford v Brighton & Hove Albion,Brentford,Brighton & Hove Albion,Player Shots,R. Henry,NA,0.5,1.83,Pointsbet,NA,2601968,103816108,13
Brentford v Brighton & Hove Albion,Brentford,Brighton & Hove Albion,Player Shots,R. Henry,NA,1.5,5,Pointsbet,NA,2601968,103816108,14
Brentford v Brighton & Hove Albion,Brentford,Brighton & Hove Albion,Player Shots,R. Henry,NA,2.5,17,Pointsbet,NA,2601968,103816108,15
Brentford v Brighton & Hove Albion,Brentford,Brighton & Hove Albion,Player Shots,R. Henry,NA,3.5,81,Pointsbet,NA,2601968,103816108,16
Brentford v Brighton & Hove Albion,Brentford,Brighton & Hove Albion,Player Shots,Vitaly Janelt,Brentford,0.5,1.42,Pointsbet,Brighton & Hove Albion,2601968,103816108,25
Brentford v Brighton & Hove Albion,Brentford,Brighton & Hove Albion,Player Shots,Vitaly Janelt,Brentford,1.5,3,Pointsbet,Brighton & Hove Albion,2601968,103816108,26
Brentford v Brighton & Hove Albion,Brentford,Brighton & Hove Albion,Player Shots,Vitaly Janelt,Brentford,2.5,8,Pointsbet,Brighton & Hove Albion,2601968,103816108,27
Brentford v Brighton & Hove Albion,Brentford,Brighton & Hove Albion,Player Shots,Vitaly Janelt,Brentford,3.5,23,Pointsbet,Brighton & Hove Albion,2601968,103816108,28
Brentford v Brighton & Hove Albion,Brentford,Brighton & Hove Albion,Player Shots,Vitaly Janelt,Brentford,4.5,81,Pointsbet,Brighton & Hove Albion,2601968,103816108,29
Brentford v Brighton & Hove Albion,Brentford,Brighton & Hove Albion,Player Shots,Reiss Nelson,Brentford,0.5,1.03,Pointsbet,Brighton & Hove Albion,2601968,103816108,31
Brentford v Brighton & Hove Albion,Brentford,Brighton & Hove Albion,Player Shots,Reiss Nelson,Brentford,1.5,1.19,Pointsbet,Brighton & Hove Albion,2601968,103816108,32
Brentford v Brighton & Hove Albion,Brentford,Brighton & Hove Albion,Player Shots,Reiss Nelson,Brentford,2.5,1.67,Pointsbet,Brighton & Hove Albion,2601968,103816108,33
Brentford v Brighton & Hove Albion,Brentford,Brighton & Hove Albion,Player Shots,Reiss Nelson,Brentford,3.5,2.6,Pointsbet,Brighton & Hove Albion,2601968,103816108,34
Brentford v Brighton & Hove Albion,Brentford,Brighton & Hove Albion,Player Shots,Reiss Nelson,Brentford,4.5,4.5,Pointsbet,Brighton & Hove Albion,2601968,103816108,35
Brentford v Brighton & Hove Albion,Brentford,Brighton & Hove Albion,Player Shots,Reiss Nelson,Brentford,5.5,8.5,Pointsbet,Brighton & Hove Albion,2601968,103816108,36
Brentford v Brighton & Hove Albion,Brentford,Brighton & Hove Albion,Player Shots,Ethan Pinnock,Brentford,0.5,1.69,Pointsbet,Brighton & Hove Albion,2601968,103816108,37
Brentford v Brighton & Hove Albion,Brentford,Brighton & Hove Albion,Player Shots,Ethan Pinnock,Brentford,1.5,4.4,Pointsbet,Brighton & Hove Albion,2601968,103816108,38
Brentford v Brighton & Hove Albion,Brentford,Brighton & Hove Albion,Player Shots,Ethan Pinnock,Brentford,2.5,13,Pointsbet,Brighton & Hove Albion,2601968,103816108,39
Brentford v Brighton & Hove Albion,Brentford,Brighton & Hove Albion,Player Shots,Ethan Pinnock,Brentford,3.5,51,Pointsbet,Brighton & Hove Albion,2601968,103816108,40
Brentford v Brighton & Hove Albion,Brentford,Brighton & Hove Albion,Player Shots,Mikkel Damsgaard,Brentford,0.5,1.08,Pointsbet,Brighton & Hove Albion,2601968,103816108,43
Brentford v Brighton & Hove Albion,Brentford,Brighton & Hove Albion,Player Shots,Mikkel Damsgaard,Brentford,1.5,1.42,Pointsbet,Brighton & Hove Albion,2601968,103816108,44
Brentford v Brighton & Hove Albion,Brentford,Brighton & Hove Albion,Player Shots,Mikkel Damsgaard,Brentford,2.5,2.25,Pointsbet,Brighton & Hove Albion,2601968,103816108,45
Brentford v Brighton & Hove Albion,Brentford,Brighton & Hove Albion,Player Shots,Mikkel Damsgaard,Brentford,3.5,4.2,Pointsbet,Brighton & Hove Albion,2601968,103816108,46
Brentford v Brighton & Hove Albion,Brentford,Brighton & Hove Albion,Player Shots,Mikkel Damsgaard,Brentford,4.5,9,Pointsbet,Brighton & Hove Albion,2601968,103816108,47
Brentford v Brighton & Hove Albion,Brentford,Brighton & Hove Albion,Player Shots,Mikkel Damsgaard,Brentford,5.5,19,Pointsbet,Brighton & Hove Albion,2601968,103816108,48
Brentford v Brighton & Hove Albion,Brentford,Brighton & Hove Albion,Player Shots,Sepp van den Berg,Brentford,0.5,1.56,Pointsbet,Brighton & Hove Albion,2601968,103816108,49
Brentford v Brighton & Hove Albion,Brentford,Brighton & Hove Albion,Player Shots,Sepp van den Berg,Brentford,1.5,3.6,Pointsbet,Brighton & Hove Albion,2601968,103816108,50
Brentford v Brighton & Hove Albion,Brentford,Brighton & Hove Albion,Player Shots,Sepp van den Berg,Brentford,2.5,10.5,Pointsbet,Brighton & Hove Albion,2601968,103816108,51
Brentford v Brighton & Hove Albion,Brentford,Brighton & Hove Albion,Player Shots,Sepp van den Berg,Brentford,3.5,36,Pointsbet,Brighton & Hove Albion,2601968,103816108,52
Brentford v Brighton & Hove Albion,Brentford,Brighton & Hove Albion,Player Shots,Nathan Collins,Brentford,0.5,1.63,Pointsbet,Brighton & Hove Albion,2601968,103816108,55
Brentford v Brighton & Hove Albion,Brentford,Brighton & Hove Albion,Player Shots,Nathan Collins,Brentford,1.5,4,Pointsbet,Brighton & Hove Albion,2601968,103816108,56
Brentford v Brighton & Hove Albion,Brentford,Brighton & Hove Albion,Player Shots,Nathan Collins,Brentford,2.5,12,Pointsbet,Brighton & Hove Albion,2601968,103816108,57
Brentford v Brighton & Hove Albion,Brentford,Brighton & Hove Albion,Player Shots,Nathan Collins,Brentford,3.5,41,Pointsbet,Brighton & Hove Albion,2601968,103816108,58
Brentford v Brighton & Hove Albion,Brentford,Brighton & Hove Albion,Player Shots,A. Hickey,NA,0.5,1.69,Pointsbet,NA,2601968,103816108,61
Brentford v Brighton & Hove Albion,Brentford,Brighton & Hove Albion,Player Shots,A. Hickey,NA,1.5,4.2,Pointsbet,NA,2601968,103816108,62
Brentford v Brighton & Hove Albion,Brentford,Brighton & Hove Albion,Player Shots,A. Hickey,NA,2.5,12,Pointsbet,NA,2601968,103816108,63
Brentford v Brighton & Hove Albion,Brentford,Brighton & Hove Albion,Player Shots,A. Hickey,NA,3.5,41,Pointsbet,NA,2601968,103816108,64
Brentford v Brighton & Hove Albion,Brentford,Brighton & Hove Albion,Player Shots,Keane Lewis-Potter,Brentford,0.5,1.06,Pointsbet,Brighton & Hove Albion,2601968,103816108,67
Brentford v Brighton & Hove Albion,Brentford,Brighton & Hove Albion,Player Shots,Keane Lewis-Potter,Brentford,1.5,1.31,Pointsbet,Brighton & Hove Albion,2601968,103816108,68
Brentford v Brighton & Hove Albion,Brentford,Brighton & Hove Albion,Player Shots,Keane Lewis-Potter,Brentford,2.5,1.9,Pointsbet,Brighton & Hove Albion,2601968,103816108,69
Brentford v Brighton & Hove Albion,Brentford,Brighton & Hove Albion,Player Shots,Keane Lewis-Potter,Brentford,3.5,3.3,Pointsbet,Brighton & Hove Albion,2601968,103816108,70
Brentford v Brighton & Hove Albion,Brentford,Brighton & Hove Albion,Player Shots,Keane Lewis-Potter,Brentford,4.5,6,Pointsbet,Brighton & Hove Albion,2601968,103816108,71
Brentford v Brighton & Hove Albion,Brentford,Brighton & Hove Albion,Player Shots,Keane Lewis-Potter,Brentford,5.5,13,Pointsbet,Brighton & Hove Albion,2601968,103816108,72
Brentford v Brighton & Hove Albion,Brentford,Brighton & Hove Albion,Player Shots,Thiago Alc<c3><a2>ntara,NA,0.5,1.02,Pointsbet,NA,2601968,103816108,73
Brentford v Brighton & Hove Albion,Brentford,Brighton & Hove Albion,Player Shots,Thiago Alc<c3><a2>ntara,NA,1.5,1.14,Pointsbet,NA,2601968,103816108,74
Brentford v Brighton & Hove Albion,Brentford,Brighton & Hove Albion,Player Shots,Thiago Alc<c3><a2>ntara,NA,2.5,1.48,Pointsbet,NA,2601968,103816108,75
Brentford v Brighton & Hove Albion,Brentford,Brighton & Hove Albion,Player Shots,Thiago Alc<c3><a2>ntara,NA,3.5,2.15,Pointsbet,NA,2601968,103816108,76
Brentford v Brighton & Hove Albion,Brentford,Brighton & Hove Albion,Player Shots,Thiago Alc<c3><a2>ntara,NA,4.5,3.6,Pointsbet,NA,2601968,103816108,77
Brentford v Brighton & Hove Albion,Brentford,Brighton & Hove Albion,Player Shots,Thiago Alc<c3><a2>ntara,NA,5.5,6.5,Pointsbet,NA,2601968,103816108,78
Brentford v Brighton & Hove Albion,Brentford,Brighton & Hove Albion,Player Shots,Yegor Yarmolyuk,Brentford,0.5,1.42,Pointsbet,Brighton & Hove Albion,2601968,103816108,79
Brentford v Brighton & Hove Albion,Brentford,Brighton & Hove Albion,Player Shots,Yegor Yarmolyuk,Brentford,1.5,3,Pointsbet,Brighton & Hove Albion,2601968,103816108,80
Brentford v Brighton & Hove Albion,Brentford,Brighton & Hove Albion,Player Shots,Yegor Yarmolyuk,Brentford,2.5,8,Pointsbet,Brighton & Hove Albion,2601968,103816108,81
Brentford v Brighton & Hove Albion,Brentford,Brighton & Hove Albion,Player Shots,Yegor Yarmolyuk,Brentford,3.5,23,Pointsbet,Brighton & Hove Albion,2601968,103816108,82
Brentford v Brighton & Hove Albion,Brentford,Brighton & Hove Albion,Player Shots,Yegor Yarmolyuk,Brentford,4.5,81,Pointsbet,Brighton & Hove Albion,2601968,103816108,83
Brentford v Brighton & Hove Albion,Brentford,Brighton & Hove Albion,Player Shots,Kevin Schade,Brentford,0.5,1.03,Pointsbet,Brighton & Hove Albion,2601968,103816108,85
Brentford v Brighton & Hove Albion,Brentford,Brighton & Hove Albion,Player Shots,Kevin Schade,Brentford,1.5,1.24,Pointsbet,Brighton & Hove Albion,2601968,103816108,86
Brentford v Brighton & Hove Albion,Brentford,Brighton & Hove Albion,Player Shots,Kevin Schade,Brentford,2.5,1.74,Pointsbet,Brighton & Hove Albion,2601968,103816108,87
Brentford v Brighton & Hove Albion,Brentford,Brighton & Hove Albion,Player Shots,Kevin Schade,Brentford,3.5,2.75,Pointsbet,Brighton & Hove Albion,2601968,103816108,88
Brentford v Brighton & Hove Albion,Brentford,Brighton & Hove Albion,Player Shots,Kevin Schade,Brentford,4.5,5,Pointsbet,Brighton & Hove Albion,2601968,103816108,89
Brentford v Brighton & Hove Albion,Brentford,Brighton & Hove Albion,Player Shots,Kevin Schade,Brentford,5.5,10,Pointsbet,Brighton & Hove Albion,2601968,103816108,90
Brentford v Brighton & Hove Albion,Brentford,Brighton & Hove Albion,Player Shots,Dango Ouattara,Brentford,0.5,1.03,Pointsbet,Brighton & Hove Albion,2601968,103816108,91
Brentford v Brighton & Hove Albion,Brentford,Brighton & Hove Albion,Player Shots,Dango Ouattara,Brentford,1.5,1.19,Pointsbet,Brighton & Hove Albion,2601968,103816108,92
Brentford v Brighton & Hove Albion,Brentford,Brighton & Hove Albion,Player Shots,Dango Ouattara,Brentford,2.5,1.65,Pointsbet,Brighton & Hove Albion,2601968,103816108,93
Brentford v Brighton & Hove Albion,Brentford,Brighton & Hove Albion,Player Shots,Dango Ouattara,Brentford,3.5,2.5,Pointsbet,Brighton & Hove Albion,2601968,103816108,94
Brentford v Brighton & Hove Albion,Brentford,Brighton & Hove Albion,Player Shots,Dango Ouattara,Brentford,4.5,4.4,Pointsbet,Brighton & Hove Albion,2601968,103816108,95
Brentford v Brighton & Hove Albion,Brentford,Brighton & Hove Albion,Player Shots,Dango Ouattara,Brentford,5.5,8.5,Pointsbet,Brighton & Hove Albion,2601968,103816108,96
Brentford v Brighton & Hove Albion,Brentford,Brighton & Hove Albion,Player Shots,M. Kayode,NA,0.5,1.9,Pointsbet,NA,2601968,103816108,97
Brentford v Brighton & Hove Albion,Brentford,Brighton & Hove Albion,Player Shots,M. Kayode,NA,1.5,5.75,Pointsbet,NA,2601968,103816108,98
Brentford v Brighton & Hove Albion,Brentford,Brighton & Hove Albion,Player Shots,M. Kayode,NA,2.5,21,Pointsbet,NA,2601968,103816108,99
Brentford v Brighton & Hove Albion,Brentford,Brighton & Hove Albion,Player Shots,M. Kayode,NA,3.5,91,Pointsbet,NA,2601968,103816108,100
Brentford v Brighton & Hove Albion,Brentford,Brighton & Hove Albion,Player Shots,Romelle Donovan,Brentford,0.5,1.03,Pointsbet,Brighton & Hove Albion,2601968,103816108,103
Brentford v Brighton & Hove Albion,Brentford,Brighton & Hove Albion,Player Shots,Romelle Donovan,Brentford,1.5,1.21,Pointsbet,Brighton & Hove Albion,2601968,103816108,104
Brentford v Brighton & Hove Albion,Brentford,Brighton & Hove Albion,Player Shots,Romelle Donovan,Brentford,2.5,1.67,Pointsbet,Brighton & Hove Albion,2601968,103816108,105
Brentford v Brighton & Hove Albion,Brentford,Brighton & Hove Albion,Player Shots,Romelle Donovan,Brentford,3.5,2.5,Pointsbet,Brighton & Hove Albion,2601968,103816108,106
Brentford v Brighton & Hove Albion,Brentford,Brighton & Hove Albion,Player Shots,Romelle Donovan,Brentford,4.5,4.2,Pointsbet,Brighton & Hove Albion,2601968,103816108,107
Brentford v Brighton & Hove Albion,Brentford,Brighton & Hove Albion,Player Shots,Romelle Donovan,Brentford,5.5,8,Pointsbet,Brighton & Hove Albion,2601968,103816108,108
Brentford v Brighton & Hove Albion,Brentford,Brighton & Hove Albion,Player Shots,James Milner,Brighton & Hove Albion,0.5,1.63,Pointsbet,Brentford,2601968,103816108,109
Brentford v Brighton & Hove Albion,Brentford,Brighton & Hove Albion,Player Shots,James Milner,Brighton & Hove Albion,1.5,3.9,Pointsbet,Brentford,2601968,103816108,110
Brentford v Brighton & Hove Albion,Brentford,Brighton & Hove Albion,Player Shots,James Milner,Brighton & Hove Albion,2.5,12,Pointsbet,Brentford,2601968,103816108,111
Brentford v Brighton & Hove Albion,Brentford,Brighton & Hove Albion,Player Shots,James Milner,Brighton & Hove Albion,3.5,36,Pointsbet,Brentford,2601968,103816108,112
Brentford v Brighton & Hove Albion,Brentford,Brighton & Hove Albion,Player Shots,Danny Welbeck,Brighton & Hove Albion,0.5,1.06,Pointsbet,Brentford,2601968,103816108,115
Brentford v Brighton & Hove Albion,Brentford,Brighton & Hove Albion,Player Shots,Danny Welbeck,Brighton & Hove Albion,1.5,1.33,Pointsbet,Brentford,2601968,103816108,116
Brentford v Brighton & Hove Albion,Brentford,Brighton & Hove Albion,Player Shots,Danny Welbeck,Brighton & Hove Albion,2.5,2,Pointsbet,Brentford,2601968,103816108,117
Brentford v Brighton & Hove Albion,Brentford,Brighton & Hove Albion,Player Shots,Danny Welbeck,Brighton & Hove Albion,3.5,3.4,Pointsbet,Brentford,2601968,103816108,118
Brentford v Brighton & Hove Albion,Brentford,Brighton & Hove Albion,Player Shots,Danny Welbeck,Brighton & Hove Albion,4.5,7,Pointsbet,Brentford,2601968,103816108,119
Brentford v Brighton & Hove Albion,Brentford,Brighton & Hove Albion,Player Shots,Danny Welbeck,Brighton & Hove Albion,5.5,15,Pointsbet,Brentford,2601968,103816108,120
Brentford v Brighton & Hove Albion,Brentford,Brighton & Hove Albion,Player Shots,Jo<c3><ab>l Veltman,NA,0.5,2.5,Pointsbet,NA,2601968,103816108,121
Brentford v Brighton & Hove Albion,Brentford,Brighton & Hove Albion,Player Shots,Jo<c3><ab>l Veltman,NA,1.5,9.5,Pointsbet,NA,2601968,103816108,122
Brentford v Brighton & Hove Albion,Brentford,Brighton & Hove Albion,Player Shots,Jo<c3><ab>l Veltman,NA,2.5,51,Pointsbet,NA,2601968,103816108,123
Brentford v Brighton & Hove Albion,Brentford,Brighton & Hove Albion,Player Shots,Groß,NA,0.5,1.29,Pointsbet,NA,2601968,103816108,127
Brentford v Brighton & Hove Albion,Brentford,Brighton & Hove Albion,Player Shots,Groß,NA,1.5,2.4,Pointsbet,NA,2601968,103816108,128
Brentford v Brighton & Hove Albion,Brentford,Brighton & Hove Albion,Player Shots,Groß,NA,2.5,5.25,Pointsbet,NA,2601968,103816108,129
Brentford v Brighton & Hove Albion,Brentford,Brighton & Hove Albion,Player Shots,Groß,NA,3.5,15,Pointsbet,NA,2601968,103816108,130
Brentford v Brighton & Hove Albion,Brentford,Brighton & Hove Albion,Player Shots,Groß,NA,4.5,41,Pointsbet,NA,2601968,103816108,131
Brentford v Brighton & Hove Albion,Brentford,Brighton & Hove Albion,Player Shots,Lewis Dunk,Brighton & Hove Albion,0.5,1.8,Pointsbet,Brentford,2601968,103816108,133
Brentford v Brighton & Hove Albion,Brentford,Brighton & Hove Albion,Player Shots,Lewis Dunk,Brighton & Hove Albion,1.5,4.75,Pointsbet,Brentford,2601968,103816108,134
Brentford v Brighton & Hove Albion,Brentford,Brighton & Hove Albion,Player Shots,Lewis Dunk,Brighton & Hove Albion,2.5,17,Pointsbet,Brentford,2601968,103816108,135
Brentford v Brighton & Hove Albion,Brentford,Brighton & Hove Albion,Player Shots,Lewis Dunk,Brighton & Hove Albion,3.5,71,Pointsbet,Brentford,2601968,103816108,136
Brentford v Brighton & Hove Albion,Brentford,Brighton & Hove Albion,Player Shots,Boscagli,NA,0.5,2.15,Pointsbet,NA,2601968,103816108,145
Brentford v Brighton & Hove Albion,Brentford,Brighton & Hove Albion,Player Shots,Boscagli,NA,1.5,7,Pointsbet,NA,2601968,103816108,146
Brentford v Brighton & Hove Albion,Brentford,Brighton & Hove Albion,Player Shots,Boscagli,NA,2.5,29,Pointsbet,NA,2601968,103816108,147
Brentford v Brighton & Hove Albion,Brentford,Brighton & Hove Albion,Player Shots,Ferdi Kadioglu,NA,0.5,1.56,Pointsbet,NA,2601968,103816108,151
Brentford v Brighton & Hove Albion,Brentford,Brighton & Hove Albion,Player Shots,Ferdi Kadioglu,NA,1.5,3.6,Pointsbet,NA,2601968,103816108,152
Brentford v Brighton & Hove Albion,Brentford,Brighton & Hove Albion,Player Shots,Ferdi Kadioglu,NA,2.5,10.5,Pointsbet,NA,2601968,103816108,153
Brentford v Brighton & Hove Albion,Brentford,Brighton & Hove Albion,Player Shots,Ferdi Kadioglu,NA,3.5,29,Pointsbet,NA,2601968,103816108,154
Brentford v Brighton & Hove Albion,Brentford,Brighton & Hove Albion,Player Shots,Igor,NA,0.5,2.9,Pointsbet,NA,2601968,103816108,157
Brentford v Brighton & Hove Albion,Brentford,Brighton & Hove Albion,Player Shots,Igor,NA,1.5,15,Pointsbet,NA,2601968,103816108,158
Brentford v Brighton & Hove Albion,Brentford,Brighton & Hove Albion,Player Shots,Igor,NA,2.5,81,Pointsbet,NA,2601968,103816108,159
Brentford v Brighton & Hove Albion,Brentford,Brighton & Hove Albion,Player Shots,Matt O'Riley,Brighton & Hove Albion,0.5,1.15,Pointsbet,Brentford,2601968,103816108,163
Brentford v Brighton & Hove Albion,Brentford,Brighton & Hove Albion,Player Shots,Matt O'Riley,Brighton & Hove Albion,1.5,1.77,Pointsbet,Brentford,2601968,103816108,164
Brentford v Brighton & Hove Albion,Brentford,Brighton & Hove Albion,Player Shots,Matt O'Riley,Brighton & Hove Albion,2.5,3.3,Pointsbet,Brentford,2601968,103816108,165
Brentford v Brighton & Hove Albion,Brentford,Brighton & Hove Albion,Player Shots,Matt O'Riley,Brighton & Hove Albion,3.5,7,Pointsbet,Brentford,2601968,103816108,166
Brentford v Brighton & Hove Albion,Brentford,Brighton & Hove Albion,Player Shots,Matt O'Riley,Brighton & Hove Albion,4.5,17,Pointsbet,Brentford,2601968,103816108,167
Brentford v Brighton & Hove Albion,Brentford,Brighton & Hove Albion,Player Shots,Matt O'Riley,Brighton & Hove Albion,5.5,41,Pointsbet,Brentford,2601968,103816108,168
Brentford v Brighton & Hove Albion,Brentford,Brighton & Hove Albion,Player Shots,Kaoru Mitoma,Brighton & Hove Albion,0.5,1.16,Pointsbet,Brentford,2601968,103816108,169
Brentford v Brighton & Hove Albion,Brentford,Brighton & Hove Albion,Player Shots,Kaoru Mitoma,Brighton & Hove Albion,1.5,1.83,Pointsbet,Brentford,2601968,103816108,170
Brentford v Brighton & Hove Albion,Brentford,Brighton & Hove Albion,Player Shots,Kaoru Mitoma,Brighton & Hove Albion,2.5,3.4,Pointsbet,Brentford,2601968,103816108,171
Brentford v Brighton & Hove Albion,Brentford,Brighton & Hove Albion,Player Shots,Kaoru Mitoma,Brighton & Hove Albion,3.5,8,Pointsbet,Brentford,2601968,103816108,172
Brentford v Brighton & Hove Albion,Brentford,Brighton & Hove Albion,Player Shots,Kaoru Mitoma,Brighton & Hove Albion,4.5,20,Pointsbet,Brentford,2601968,103816108,173
Brentford v Brighton & Hove Albion,Brentford,Brighton & Hove Albion,Player Shots,Kaoru Mitoma,Brighton & Hove Albion,5.5,61,Pointsbet,Brentford,2601968,103816108,174
Brentford v Brighton & Hove Albion,Brentford,Brighton & Hove Albion,Player Shots,M. De Cuyper,NA,0.5,1.4,Pointsbet,NA,2601968,103816108,175
Brentford v Brighton & Hove Albion,Brentford,Brighton & Hove Albion,Player Shots,M. De Cuyper,NA,1.5,3,Pointsbet,NA,2601968,103816108,176
Brentford v Brighton & Hove Albion,Brentford,Brighton & Hove Albion,Player Shots,M. De Cuyper,NA,2.5,7.5,Pointsbet,NA,2601968,103816108,177
Brentford v Brighton & Hove Albion,Brentford,Brighton & Hove Albion,Player Shots,M. De Cuyper,NA,3.5,23,Pointsbet,NA,2601968,103816108,178
Brentford v Brighton & Hove Albion,Brentford,Brighton & Hove Albion,Player Shots,M. De Cuyper,NA,4.5,91,Pointsbet,NA,2601968,103816108,179
Brentford v Brighton & Hove Albion,Brentford,Brighton & Hove Albion,Player Shots,Georginio Rutter,Brighton & Hove Albion,0.5,1.07,Pointsbet,Brentford,2601968,103816108,181
Brentford v Brighton & Hove Albion,Brentford,Brighton & Hove Albion,Player Shots,Georginio Rutter,Brighton & Hove Albion,1.5,1.36,Pointsbet,Brentford,2601968,103816108,182
Brentford v Brighton & Hove Albion,Brentford,Brighton & Hove Albion,Player Shots,Georginio Rutter,Brighton & Hove Albion,2.5,2.15,Pointsbet,Brentford,2601968,103816108,183
Brentford v Brighton & Hove Albion,Brentford,Brighton & Hove Albion,Player Shots,Georginio Rutter,Brighton & Hove Albion,3.5,3.7,Pointsbet,Brentford,2601968,103816108,184
Brentford v Brighton & Hove Albion,Brentford,Brighton & Hove Albion,Player Shots,Georginio Rutter,Brighton & Hove Albion,4.5,7.5,Pointsbet,Brentford,2601968,103816108,185
Brentford v Brighton & Hove Albion,Brentford,Brighton & Hove Albion,Player Shots,Georginio Rutter,Brighton & Hove Albion,5.5,16,Pointsbet,Brentford,2601968,103816108,186
Brentford v Brighton & Hove Albion,Brentford,Brighton & Hove Albion,Player Shots,Mats Wieffer,Brighton & Hove Albion,0.5,1.65,Pointsbet,Brentford,2601968,103816108,187
Brentford v Brighton & Hove Albion,Brentford,Brighton & Hove Albion,Player Shots,Mats Wieffer,Brighton & Hove Albion,1.5,4,Pointsbet,Brentford,2601968,103816108,188
Brentford v Brighton & Hove Albion,Brentford,Brighton & Hove Albion,Player Shots,Mats Wieffer,Brighton & Hove Albion,2.5,12,Pointsbet,Brentford,2601968,103816108,189
Brentford v Brighton & Hove Albion,Brentford,Brighton & Hove Albion,Player Shots,Mats Wieffer,Brighton & Hove Albion,3.5,41,Pointsbet,Brentford,2601968,103816108,190
Brentford v Brighton & Hove Albion,Brentford,Brighton & Hove Albion,Player Shots,Jan Paul van Hecke,Brighton & Hove Albion,0.5,1.59,Pointsbet,Brentford,2601968,103816108,193
Brentford v Brighton & Hove Albion,Brentford,Brighton & Hove Albion,Player Shots,Jan Paul van Hecke,Brighton & Hove Albion,1.5,3.7,Pointsbet,Brentford,2601968,103816108,194
Brentford v Brighton & Hove Albion,Brentford,Brighton & Hove Albion,Player Shots,Jan Paul van Hecke,Brighton & Hove Albion,2.5,10.5,Pointsbet,Brentford,2601968,103816108,195
Brentford v Brighton & Hove Albion,Brentford,Brighton & Hove Albion,Player Shots,Jan Paul van Hecke,Brighton & Hove Albion,3.5,36,Pointsbet,Brentford,2601968,103816108,196
Brentford v Brighton & Hove Albion,Brentford,Brighton & Hove Albion,Player Shots,D. Gómez,NA,0.5,1.13,Pointsbet,NA,2601968,103816108,199
Brentford v Brighton & Hove Albion,Brentford,Brighton & Hove Albion,Player Shots,D. Gómez,NA,1.5,1.65,Pointsbet,NA,2601968,103816108,200
Brentford v Brighton & Hove Albion,Brentford,Brighton & Hove Albion,Player Shots,D. Gómez,NA,2.5,2.9,Pointsbet,NA,2601968,103816108,201
Brentford v Brighton & Hove Albion,Brentford,Brighton & Hove Albion,Player Shots,D. Gómez,NA,3.5,6,Pointsbet,NA,2601968,103816108,202
Brentford v Brighton & Hove Albion,Brentford,Brighton & Hove Albion,Player Shots,D. Gómez,NA,4.5,15,Pointsbet,NA,2601968,103816108,203
Brentford v Brighton & Hove Albion,Brentford,Brighton & Hove Albion,Player Shots,D. Gómez,NA,5.5,36,Pointsbet,NA,2601968,103816108,204
Brentford v Brighton & Hove Albion,Brentford,Brighton & Hove Albion,Player Shots,Carlos Baleba,Brighton & Hove Albion,0.5,1.29,Pointsbet,Brentford,2601968,103816108,205
Brentford v Brighton & Hove Albion,Brentford,Brighton & Hove Albion,Player Shots,Carlos Baleba,Brighton & Hove Albion,1.5,2.35,Pointsbet,Brentford,2601968,103816108,206
Brentford v Brighton & Hove Albion,Brentford,Brighton & Hove Albion,Player Shots,Carlos Baleba,Brighton & Hove Albion,2.5,5.25,Pointsbet,Brentford,2601968,103816108,207
Brentford v Brighton & Hove Albion,Brentford,Brighton & Hove Albion,Player Shots,Carlos Baleba,Brighton & Hove Albion,3.5,13,Pointsbet,Brentford,2601968,103816108,208
Brentford v Brighton & Hove Albion,Brentford,Brighton & Hove Albion,Player Shots,Carlos Baleba,Brighton & Hove Albion,4.5,36,Pointsbet,Brentford,2601968,103816108,209
Brentford v Brighton & Hove Albion,Brentford,Brighton & Hove Albion,Player Shots,Yankuba Minteh,Brighton & Hove Albion,0.5,1.13,Pointsbet,Brentford,2601968,103816108,211
Brentford v Brighton & Hove Albion,Brentford,Brighton & Hove Albion,Player Shots,Yankuba Minteh,Brighton & Hove Albion,1.5,1.67,Pointsbet,Brentford,2601968,103816108,212
Brentford v Brighton & Hove Albion,Brentford,Brighton & Hove Albion,Player Shots,Yankuba Minteh,Brighton & Hove Albion,2.5,3,Pointsbet,Brentford,2601968,103816108,213
Brentford v Brighton & Hove Albion,Brentford,Brighton & Hove Albion,Player Shots,Yankuba Minteh,Brighton & Hove Albion,3.5,6,Pointsbet,Brentford,2601968,103816108,214
Brentford v Brighton & Hove Albion,Brentford,Brighton & Hove Albion,Player Shots,Yankuba Minteh,Brighton & Hove Albion,4.5,13,Pointsbet,Brentford,2601968,103816108,215
Brentford v Brighton & Hove Albion,Brentford,Brighton & Hove Albion,Player Shots,Yankuba Minteh,Brighton & Hove Albion,5.5,36,Pointsbet,Brentford,2601968,103816108,216
Brentford v Brighton & Hove Albion,Brentford,Brighton & Hove Albion,Player Shots,Jack Hinshelwood,Brighton & Hove Albion,0.5,1.31,Pointsbet,Brentford,2601968,103816108,217
Brentford v Brighton & Hove Albion,Brentford,Brighton & Hove Albion,Player Shots,Jack Hinshelwood,Brighton & Hove Albion,1.5,2.5,Pointsbet,Brentford,2601968,103816108,218
Brentford v Brighton & Hove Albion,Brentford,Brighton & Hove Albion,Player Shots,Jack Hinshelwood,Brighton & Hove Albion,2.5,5.75,Pointsbet,Brentford,2601968,103816108,219
Brentford v Brighton & Hove Albion,Brentford,Brighton & Hove Albion,Player Shots,Jack Hinshelwood,Brighton & Hove Albion,3.5,16,Pointsbet,Brentford,2601968,103816108,220
Brentford v Brighton & Hove Albion,Brentford,Brighton & Hove Albion,Player Shots,Jack Hinshelwood,Brighton & Hove Albion,4.5,41,Pointsbet,Brentford,2601968,103816108,221
Brentford v Brighton & Hove Albion,Brentford,Brighton & Hove Albion,Player Shots,Charalampos Kostoulas,Brighton & Hove Albion,0.5,1.06,Pointsbet,Brentford,2601968,103816108,223
Brentford v Brighton & Hove Albion,Brentford,Brighton & Hove Albion,Player Shots,Charalampos Kostoulas,Brighton & Hove Albion,1.5,1.33,Pointsbet,Brentford,2601968,103816108,224
Brentford v Brighton & Hove Albion,Brentford,Brighton & Hove Albion,Player Shots,Charalampos Kostoulas,Brighton & Hove Albion,2.5,1.95,Pointsbet,Brentford,2601968,103816108,225
Brentford v Brighton & Hove Albion,Brentford,Brighton & Hove Albion,Player Shots,Charalampos Kostoulas,Brighton & Hove Albion,3.5,3.6,Pointsbet,Brentford,2601968,103816108,226
Brentford v Brighton & Hove Albion,Brentford,Brighton & Hove Albion,Player Shots,Charalampos Kostoulas,Brighton & Hove Albion,4.5,7,Pointsbet,Brentford,2601968,103816108,227
Brentford v Brighton & Hove Albion,Brentford,Brighton & Hove Albion,Player Shots,Charalampos Kostoulas,Brighton & Hove Albion,5.5,15,Pointsbet,Brentford,2601968,103816108,228
Chelsea v Burnley,Chelsea,Burnley,Player Shots,Tosin Adarabioyo,Chelsea,0.5,1.53,Pointsbet,Burnley,2601969,103815479,1
Chelsea v Burnley,Chelsea,Burnley,Player Shots,Tosin Adarabioyo,Chelsea,1.5,3.4,Pointsbet,Burnley,2601969,103815479,2
Chelsea v Burnley,Chelsea,Burnley,Player Shots,Tosin Adarabioyo,Chelsea,2.5,10.5,Pointsbet,Burnley,2601969,103815479,3
Chelsea v Burnley,Chelsea,Burnley,Player Shots,Tosin Adarabioyo,Chelsea,3.5,29,Pointsbet,Burnley,2601969,103815479,4
Chelsea v Burnley,Chelsea,Burnley,Player Shots,Reece James,Chelsea,0.5,1.14,Pointsbet,Burnley,2601969,103815479,13
Chelsea v Burnley,Chelsea,Burnley,Player Shots,Reece James,Chelsea,1.5,1.69,Pointsbet,Burnley,2601969,103815479,14
Chelsea v Burnley,Chelsea,Burnley,Player Shots,Reece James,Chelsea,2.5,3.1,Pointsbet,Burnley,2601969,103815479,15
Chelsea v Burnley,Chelsea,Burnley,Player Shots,Reece James,Chelsea,3.5,6,Pointsbet,Burnley,2601969,103815479,16
Chelsea v Burnley,Chelsea,Burnley,Player Shots,Reece James,Chelsea,4.5,13,Pointsbet,Burnley,2601969,103815479,17
Chelsea v Burnley,Chelsea,Burnley,Player Shots,Reece James,Chelsea,5.5,31,Pointsbet,Burnley,2601969,103815479,18
Chelsea v Burnley,Chelsea,Burnley,Player Shots,Pedro Neto,Chelsea,0.5,1.04,Pointsbet,Burnley,2601969,103815479,25
Chelsea v Burnley,Chelsea,Burnley,Player Shots,Pedro Neto,Chelsea,1.5,1.25,Pointsbet,Burnley,2601969,103815479,26
Chelsea v Burnley,Chelsea,Burnley,Player Shots,Pedro Neto,Chelsea,2.5,1.77,Pointsbet,Burnley,2601969,103815479,27
Chelsea v Burnley,Chelsea,Burnley,Player Shots,Pedro Neto,Chelsea,3.5,2.85,Pointsbet,Burnley,2601969,103815479,28
Chelsea v Burnley,Chelsea,Burnley,Player Shots,Pedro Neto,Chelsea,4.5,5,Pointsbet,Burnley,2601969,103815479,29
Chelsea v Burnley,Chelsea,Burnley,Player Shots,Pedro Neto,Chelsea,5.5,10,Pointsbet,Burnley,2601969,103815479,30
Chelsea v Burnley,Chelsea,Burnley,Player Shots,Beno<c3><ae>t Badiashile,NA,0.5,1.67,Pointsbet,NA,2601969,103815479,31
Chelsea v Burnley,Chelsea,Burnley,Player Shots,Beno<c3><ae>t Badiashile,NA,1.5,4.2,Pointsbet,NA,2601969,103815479,32
Chelsea v Burnley,Chelsea,Burnley,Player Shots,Beno<c3><ae>t Badiashile,NA,2.5,13,Pointsbet,NA,2601969,103815479,33
Chelsea v Burnley,Chelsea,Burnley,Player Shots,Beno<c3><ae>t Badiashile,NA,3.5,51,Pointsbet,NA,2601969,103815479,34
Chelsea v Burnley,Chelsea,Burnley,Player Shots,Cole Palmer,Chelsea,1.5,1.02,Pointsbet,Burnley,2601969,103815479,43
Chelsea v Burnley,Chelsea,Burnley,Player Shots,Cole Palmer,Chelsea,2.5,1.09,Pointsbet,Burnley,2601969,103815479,44
Chelsea v Burnley,Chelsea,Burnley,Player Shots,Cole Palmer,Chelsea,3.5,1.27,Pointsbet,Burnley,2601969,103815479,45
Chelsea v Burnley,Chelsea,Burnley,Player Shots,Cole Palmer,Chelsea,4.5,1.59,Pointsbet,Burnley,2601969,103815479,46
Chelsea v Burnley,Chelsea,Burnley,Player Shots,Cole Palmer,Chelsea,5.5,2.15,Pointsbet,Burnley,2601969,103815479,47
Chelsea v Burnley,Chelsea,Burnley,Player Shots,Cole Palmer,Chelsea,6.5,3.25,Pointsbet,Burnley,2601969,103815479,48
Chelsea v Burnley,Chelsea,Burnley,Player Shots,E. Fernández,NA,0.5,1.02,Pointsbet,NA,2601969,103815479,49
Chelsea v Burnley,Chelsea,Burnley,Player Shots,E. Fernández,NA,1.5,1.18,Pointsbet,NA,2601969,103815479,50
Chelsea v Burnley,Chelsea,Burnley,Player Shots,E. Fernández,NA,2.5,1.59,Pointsbet,NA,2601969,103815479,51
Chelsea v Burnley,Chelsea,Burnley,Player Shots,E. Fernández,NA,3.5,2.35,Pointsbet,NA,2601969,103815479,52
Chelsea v Burnley,Chelsea,Burnley,Player Shots,E. Fernández,NA,4.5,4,Pointsbet,NA,2601969,103815479,53
Chelsea v Burnley,Chelsea,Burnley,Player Shots,E. Fernández,NA,5.5,7,Pointsbet,NA,2601969,103815479,54
Chelsea v Burnley,Chelsea,Burnley,Player Shots,João Pedro,Chelsea,0.5,1.01,Pointsbet,Burnley,2601969,103815479,55
Chelsea v Burnley,Chelsea,Burnley,Player Shots,João Pedro,Chelsea,1.5,1.1,Pointsbet,Burnley,2601969,103815479,56
Chelsea v Burnley,Chelsea,Burnley,Player Shots,João Pedro,Chelsea,2.5,1.33,Pointsbet,Burnley,2601969,103815479,57
Chelsea v Burnley,Chelsea,Burnley,Player Shots,João Pedro,Chelsea,3.5,1.83,Pointsbet,Burnley,2601969,103815479,58
Chelsea v Burnley,Chelsea,Burnley,Player Shots,João Pedro,Chelsea,4.5,2.9,Pointsbet,Burnley,2601969,103815479,59
Chelsea v Burnley,Chelsea,Burnley,Player Shots,João Pedro,Chelsea,5.5,4.75,Pointsbet,Burnley,2601969,103815479,60
Chelsea v Burnley,Chelsea,Burnley,Player Shots,Mois<c3><a9>s Caicedo,NA,0.5,1.18,Pointsbet,NA,2601969,103815479,61
Chelsea v Burnley,Chelsea,Burnley,Player Shots,Mois<c3><a9>s Caicedo,NA,1.5,1.83,Pointsbet,NA,2601969,103815479,62
Chelsea v Burnley,Chelsea,Burnley,Player Shots,Mois<c3><a9>s Caicedo,NA,2.5,3.7,Pointsbet,NA,2601969,103815479,63
Chelsea v Burnley,Chelsea,Burnley,Player Shots,Mois<c3><a9>s Caicedo,NA,3.5,8.5,Pointsbet,NA,2601969,103815479,64
Chelsea v Burnley,Chelsea,Burnley,Player Shots,Mois<c3><a9>s Caicedo,NA,4.5,20,Pointsbet,NA,2601969,103815479,65
Chelsea v Burnley,Chelsea,Burnley,Player Shots,Mois<c3><a9>s Caicedo,NA,5.5,61,Pointsbet,NA,2601969,103815479,66
Chelsea v Burnley,Chelsea,Burnley,Player Shots,Wesley Fofana,Chelsea,0.5,1.67,Pointsbet,Burnley,2601969,103815479,67
Chelsea v Burnley,Chelsea,Burnley,Player Shots,Wesley Fofana,Chelsea,1.5,4.4,Pointsbet,Burnley,2601969,103815479,68
Chelsea v Burnley,Chelsea,Burnley,Player Shots,Wesley Fofana,Chelsea,2.5,13,Pointsbet,Burnley,2601969,103815479,69
Chelsea v Burnley,Chelsea,Burnley,Player Shots,Wesley Fofana,Chelsea,3.5,51,Pointsbet,Burnley,2601969,103815479,70
Chelsea v Burnley,Chelsea,Burnley,Player Shots,Malo Gusto,Chelsea,0.5,1.29,Pointsbet,Burnley,2601969,103815479,73
Chelsea v Burnley,Chelsea,Burnley,Player Shots,Malo Gusto,Chelsea,1.5,2.35,Pointsbet,Burnley,2601969,103815479,74
Chelsea v Burnley,Chelsea,Burnley,Player Shots,Malo Gusto,Chelsea,2.5,5.25,Pointsbet,Burnley,2601969,103815479,75
Chelsea v Burnley,Chelsea,Burnley,Player Shots,Malo Gusto,Chelsea,3.5,13,Pointsbet,Burnley,2601969,103815479,76
Chelsea v Burnley,Chelsea,Burnley,Player Shots,Malo Gusto,Chelsea,4.5,31,Pointsbet,Burnley,2601969,103815479,77
Chelsea v Burnley,Chelsea,Burnley,Player Shots,Liam Delap,Chelsea,1.5,1.02,Pointsbet,Burnley,2601969,103815479,79
Chelsea v Burnley,Chelsea,Burnley,Player Shots,Liam Delap,Chelsea,2.5,1.09,Pointsbet,Burnley,2601969,103815479,80
Chelsea v Burnley,Chelsea,Burnley,Player Shots,Liam Delap,Chelsea,3.5,1.27,Pointsbet,Burnley,2601969,103815479,81
Chelsea v Burnley,Chelsea,Burnley,Player Shots,Liam Delap,Chelsea,4.5,1.59,Pointsbet,Burnley,2601969,103815479,82
Chelsea v Burnley,Chelsea,Burnley,Player Shots,Liam Delap,Chelsea,5.5,2.2,Pointsbet,Burnley,2601969,103815479,83
Chelsea v Burnley,Chelsea,Burnley,Player Shots,Liam Delap,Chelsea,6.5,3.1,Pointsbet,Burnley,2601969,103815479,84
Chelsea v Burnley,Chelsea,Burnley,Player Shots,Alejandro Garnacho,Chelsea,0.5,1.01,Pointsbet,Burnley,2601969,103815479,85
Chelsea v Burnley,Chelsea,Burnley,Player Shots,Alejandro Garnacho,Chelsea,1.5,1.1,Pointsbet,Burnley,2601969,103815479,86
Chelsea v Burnley,Chelsea,Burnley,Player Shots,Alejandro Garnacho,Chelsea,2.5,1.36,Pointsbet,Burnley,2601969,103815479,87
Chelsea v Burnley,Chelsea,Burnley,Player Shots,Alejandro Garnacho,Chelsea,3.5,1.9,Pointsbet,Burnley,2601969,103815479,88
Chelsea v Burnley,Chelsea,Burnley,Player Shots,Alejandro Garnacho,Chelsea,4.5,3,Pointsbet,Burnley,2601969,103815479,89
Chelsea v Burnley,Chelsea,Burnley,Player Shots,Alejandro Garnacho,Chelsea,5.5,4.75,Pointsbet,Burnley,2601969,103815479,90
Chelsea v Burnley,Chelsea,Burnley,Player Shots,Andrey Santos,Chelsea,0.5,1.07,Pointsbet,Burnley,2601969,103815479,91
Chelsea v Burnley,Chelsea,Burnley,Player Shots,Andrey Santos,Chelsea,1.5,1.33,Pointsbet,Burnley,2601969,103815479,92
Chelsea v Burnley,Chelsea,Burnley,Player Shots,Andrey Santos,Chelsea,2.5,2.05,Pointsbet,Burnley,2601969,103815479,93
Chelsea v Burnley,Chelsea,Burnley,Player Shots,Andrey Santos,Chelsea,3.5,3.7,Pointsbet,Burnley,2601969,103815479,94
Chelsea v Burnley,Chelsea,Burnley,Player Shots,Andrey Santos,Chelsea,4.5,7,Pointsbet,Burnley,2601969,103815479,95
Chelsea v Burnley,Chelsea,Burnley,Player Shots,Andrey Santos,Chelsea,5.5,16,Pointsbet,Burnley,2601969,103815479,96
Chelsea v Burnley,Chelsea,Burnley,Player Shots,J. Hato,NA,0.5,1.31,Pointsbet,NA,2601969,103815479,97
Chelsea v Burnley,Chelsea,Burnley,Player Shots,J. Hato,NA,1.5,2.5,Pointsbet,NA,2601969,103815479,98
Chelsea v Burnley,Chelsea,Burnley,Player Shots,J. Hato,NA,2.5,6,Pointsbet,NA,2601969,103815479,99
Chelsea v Burnley,Chelsea,Burnley,Player Shots,J. Hato,NA,3.5,15,Pointsbet,NA,2601969,103815479,100
Chelsea v Burnley,Chelsea,Burnley,Player Shots,J. Hato,NA,4.5,51,Pointsbet,NA,2601969,103815479,101
Chelsea v Burnley,Chelsea,Burnley,Player Shots,Marc Guiu,Chelsea,1.5,1.04,Pointsbet,Burnley,2601969,103815479,103
Chelsea v Burnley,Chelsea,Burnley,Player Shots,Marc Guiu,Chelsea,2.5,1.19,Pointsbet,Burnley,2601969,103815479,104
Chelsea v Burnley,Chelsea,Burnley,Player Shots,Marc Guiu,Chelsea,3.5,1.53,Pointsbet,Burnley,2601969,103815479,105
Chelsea v Burnley,Chelsea,Burnley,Player Shots,Marc Guiu,Chelsea,4.5,2.05,Pointsbet,Burnley,2601969,103815479,106
Chelsea v Burnley,Chelsea,Burnley,Player Shots,Marc Guiu,Chelsea,5.5,3.25,Pointsbet,Burnley,2601969,103815479,107
Chelsea v Burnley,Chelsea,Burnley,Player Shots,Marc Guiu,Chelsea,6.5,5,Pointsbet,Burnley,2601969,103815479,108
Chelsea v Burnley,Chelsea,Burnley,Player Shots,Josh-Ko Acheampong,NA,0.5,1.48,Pointsbet,NA,2601969,103815479,109
Chelsea v Burnley,Chelsea,Burnley,Player Shots,Josh-Ko Acheampong,NA,1.5,3.3,Pointsbet,NA,2601969,103815479,110
Chelsea v Burnley,Chelsea,Burnley,Player Shots,Josh-Ko Acheampong,NA,2.5,9.5,Pointsbet,NA,2601969,103815479,111
Chelsea v Burnley,Chelsea,Burnley,Player Shots,Josh-Ko Acheampong,NA,3.5,26,Pointsbet,NA,2601969,103815479,112
Chelsea v Burnley,Chelsea,Burnley,Player Shots,Estevao,NA,1.5,1.05,Pointsbet,NA,2601969,103815479,127
Chelsea v Burnley,Chelsea,Burnley,Player Shots,Estevao,NA,2.5,1.18,Pointsbet,NA,2601969,103815479,128
Chelsea v Burnley,Chelsea,Burnley,Player Shots,Estevao,NA,3.5,1.48,Pointsbet,NA,2601969,103815479,129
Chelsea v Burnley,Chelsea,Burnley,Player Shots,Estevao,NA,4.5,2.05,Pointsbet,NA,2601969,103815479,130
Chelsea v Burnley,Chelsea,Burnley,Player Shots,Estevao,NA,5.5,3.1,Pointsbet,NA,2601969,103815479,131
Chelsea v Burnley,Chelsea,Burnley,Player Shots,Estevao,NA,6.5,5,Pointsbet,NA,2601969,103815479,132
Chelsea v Burnley,Chelsea,Burnley,Player Shots,M. Sarr,NA,0.5,2,Pointsbet,NA,2601969,103815479,133
Chelsea v Burnley,Chelsea,Burnley,Player Shots,M. Sarr,NA,1.5,6,Pointsbet,NA,2601969,103815479,134
Chelsea v Burnley,Chelsea,Burnley,Player Shots,M. Sarr,NA,2.5,23,Pointsbet,NA,2601969,103815479,135
Chelsea v Burnley,Chelsea,Burnley,Player Shots,Kyle Walker,NA,0.5,2.9,Pointsbet,NA,2601969,103815479,139
Chelsea v Burnley,Chelsea,Burnley,Player Shots,Kyle Walker,NA,1.5,13,Pointsbet,NA,2601969,103815479,140
Chelsea v Burnley,Chelsea,Burnley,Player Shots,Kyle Walker,NA,2.5,71,Pointsbet,NA,2601969,103815479,141
Chelsea v Burnley,Chelsea,Burnley,Player Shots,James Ward-Prowse,West Ham United,0.5,1.53,Pointsbet,Chelsea,2601969,103815479,145
Chelsea v Burnley,Chelsea,Burnley,Player Shots,James Ward-Prowse,West Ham United,1.5,3.6,Pointsbet,Chelsea,2601969,103815479,146
Chelsea v Burnley,Chelsea,Burnley,Player Shots,James Ward-Prowse,West Ham United,2.5,10.5,Pointsbet,Chelsea,2601969,103815479,147
Chelsea v Burnley,Chelsea,Burnley,Player Shots,James Ward-Prowse,West Ham United,3.5,36,Pointsbet,Chelsea,2601969,103815479,148
Chelsea v Burnley,Chelsea,Burnley,Player Shots,Barnes,NA,0.5,1.16,Pointsbet,NA,2601969,103815479,151
Chelsea v Burnley,Chelsea,Burnley,Player Shots,Barnes,NA,1.5,1.83,Pointsbet,NA,2601969,103815479,152
Chelsea v Burnley,Chelsea,Burnley,Player Shots,Barnes,NA,2.5,3.6,Pointsbet,NA,2601969,103815479,153
Chelsea v Burnley,Chelsea,Burnley,Player Shots,Barnes,NA,3.5,7.5,Pointsbet,NA,2601969,103815479,154
Chelsea v Burnley,Chelsea,Burnley,Player Shots,Barnes,NA,4.5,20,Pointsbet,NA,2601969,103815479,155
Chelsea v Burnley,Chelsea,Burnley,Player Shots,Barnes,NA,5.5,51,Pointsbet,NA,2601969,103815479,156
Chelsea v Burnley,Chelsea,Burnley,Player Shots,J. Laurent,NA,0.5,1.65,Pointsbet,NA,2601969,103815479,157
Chelsea v Burnley,Chelsea,Burnley,Player Shots,J. Laurent,NA,1.5,4,Pointsbet,NA,2601969,103815479,158
Chelsea v Burnley,Chelsea,Burnley,Player Shots,J. Laurent,NA,2.5,12,Pointsbet,NA,2601969,103815479,159
Chelsea v Burnley,Chelsea,Burnley,Player Shots,J. Laurent,NA,3.5,41,Pointsbet,NA,2601969,103815479,160
Chelsea v Burnley,Chelsea,Burnley,Player Shots,Bruun Larsen,NA,0.5,1.1,Pointsbet,NA,2601969,103815479,163
Chelsea v Burnley,Chelsea,Burnley,Player Shots,Bruun Larsen,NA,1.5,1.63,Pointsbet,NA,2601969,103815479,164
Chelsea v Burnley,Chelsea,Burnley,Player Shots,Bruun Larsen,NA,2.5,2.75,Pointsbet,NA,2601969,103815479,165
Chelsea v Burnley,Chelsea,Burnley,Player Shots,Bruun Larsen,NA,3.5,5.75,Pointsbet,NA,2601969,103815479,166
Chelsea v Burnley,Chelsea,Burnley,Player Shots,Bruun Larsen,NA,4.5,12,Pointsbet,NA,2601969,103815479,167
Chelsea v Burnley,Chelsea,Burnley,Player Shots,Bruun Larsen,NA,5.5,29,Pointsbet,NA,2601969,103815479,168
Chelsea v Burnley,Chelsea,Burnley,Player Shots,M. Edwards,NA,0.5,1.24,Pointsbet,NA,2601969,103815479,175
Chelsea v Burnley,Chelsea,Burnley,Player Shots,M. Edwards,NA,1.5,2.2,Pointsbet,NA,2601969,103815479,176
Chelsea v Burnley,Chelsea,Burnley,Player Shots,M. Edwards,NA,2.5,4.5,Pointsbet,NA,2601969,103815479,177
Chelsea v Burnley,Chelsea,Burnley,Player Shots,M. Edwards,NA,3.5,11,Pointsbet,NA,2601969,103815479,178
Chelsea v Burnley,Chelsea,Burnley,Player Shots,M. Edwards,NA,4.5,31,Pointsbet,NA,2601969,103815479,179
Chelsea v Burnley,Chelsea,Burnley,Player Shots,Florentino Luís,NA,0.5,1.9,Pointsbet,NA,2601969,103815479,187
Chelsea v Burnley,Chelsea,Burnley,Player Shots,Florentino Luís,NA,1.5,6,Pointsbet,NA,2601969,103815479,188
Chelsea v Burnley,Chelsea,Burnley,Player Shots,Florentino Luís,NA,2.5,23,Pointsbet,NA,2601969,103815479,189
Chelsea v Burnley,Chelsea,Burnley,Player Shots,H. Ekdal,NA,0.5,2.85,Pointsbet,NA,2601969,103815479,193
Chelsea v Burnley,Chelsea,Burnley,Player Shots,H. Ekdal,NA,1.5,12,Pointsbet,NA,2601969,103815479,194
Chelsea v Burnley,Chelsea,Burnley,Player Shots,H. Ekdal,NA,2.5,71,Pointsbet,NA,2601969,103815479,195
Chelsea v Burnley,Chelsea,Burnley,Player Shots,Z. Flemming,NA,0.5,1.08,Pointsbet,NA,2601969,103815479,199
Chelsea v Burnley,Chelsea,Burnley,Player Shots,Z. Flemming,NA,1.5,1.36,Pointsbet,NA,2601969,103815479,200
Chelsea v Burnley,Chelsea,Burnley,Player Shots,Z. Flemming,NA,2.5,2.2,Pointsbet,NA,2601969,103815479,201
Chelsea v Burnley,Chelsea,Burnley,Player Shots,Z. Flemming,NA,3.5,3.9,Pointsbet,NA,2601969,103815479,202
Chelsea v Burnley,Chelsea,Burnley,Player Shots,Z. Flemming,NA,4.5,8,Pointsbet,NA,2601969,103815479,203
Chelsea v Burnley,Chelsea,Burnley,Player Shots,Z. Flemming,NA,5.5,17,Pointsbet,NA,2601969,103815479,204
Chelsea v Burnley,Chelsea,Burnley,Player Shots,Hannibal,NA,0.5,1.44,Pointsbet,NA,2601969,103815479,211
Chelsea v Burnley,Chelsea,Burnley,Player Shots,Hannibal,NA,1.5,3.1,Pointsbet,NA,2601969,103815479,212
Chelsea v Burnley,Chelsea,Burnley,Player Shots,Hannibal,NA,2.5,8.5,Pointsbet,NA,2601969,103815479,213
Chelsea v Burnley,Chelsea,Burnley,Player Shots,Hannibal,NA,3.5,23,Pointsbet,NA,2601969,103815479,214
Chelsea v Burnley,Chelsea,Burnley,Player Shots,Hannibal,NA,4.5,81,Pointsbet,NA,2601969,103815479,215
Chelsea v Burnley,Chelsea,Burnley,Player Shots,L. Foster,NA,0.5,1.13,Pointsbet,NA,2601969,103815479,223
Chelsea v Burnley,Chelsea,Burnley,Player Shots,L. Foster,NA,1.5,1.69,Pointsbet,NA,2601969,103815479,224
Chelsea v Burnley,Chelsea,Burnley,Player Shots,L. Foster,NA,2.5,3,Pointsbet,NA,2601969,103815479,225
Chelsea v Burnley,Chelsea,Burnley,Player Shots,L. Foster,NA,3.5,6.5,Pointsbet,NA,2601969,103815479,226
Chelsea v Burnley,Chelsea,Burnley,Player Shots,L. Foster,NA,4.5,16,Pointsbet,NA,2601969,103815479,227
Chelsea v Burnley,Chelsea,Burnley,Player Shots,L. Foster,NA,5.5,36,Pointsbet,NA,2601969,103815479,228
Chelsea v Burnley,Chelsea,Burnley,Player Shots,B. Humphreys,NA,0.5,2,Pointsbet,NA,2601969,103815479,229
Chelsea v Burnley,Chelsea,Burnley,Player Shots,B. Humphreys,NA,1.5,6,Pointsbet,NA,2601969,103815479,230
Chelsea v Burnley,Chelsea,Burnley,Player Shots,B. Humphreys,NA,2.5,23,Pointsbet,NA,2601969,103815479,231
Chelsea v Burnley,Chelsea,Burnley,Player Shots,L. Tchaouna,NA,0.5,1.15,Pointsbet,NA,2601969,103815479,235
Chelsea v Burnley,Chelsea,Burnley,Player Shots,L. Tchaouna,NA,1.5,1.77,Pointsbet,NA,2601969,103815479,236
Chelsea v Burnley,Chelsea,Burnley,Player Shots,L. Tchaouna,NA,2.5,3.3,Pointsbet,NA,2601969,103815479,237
Chelsea v Burnley,Chelsea,Burnley,Player Shots,L. Tchaouna,NA,3.5,7,Pointsbet,NA,2601969,103815479,238
Chelsea v Burnley,Chelsea,Burnley,Player Shots,L. Tchaouna,NA,4.5,17,Pointsbet,NA,2601969,103815479,239
Chelsea v Burnley,Chelsea,Burnley,Player Shots,L. Tchaouna,NA,5.5,41,Pointsbet,NA,2601969,103815479,240
Chelsea v Burnley,Chelsea,Burnley,Player Shots,Lesley Ugochukwu,NA,0.5,1.42,Pointsbet,NA,2601969,103815479,241
Chelsea v Burnley,Chelsea,Burnley,Player Shots,Lesley Ugochukwu,NA,1.5,3,Pointsbet,NA,2601969,103815479,242
Chelsea v Burnley,Chelsea,Burnley,Player Shots,Lesley Ugochukwu,NA,2.5,8,Pointsbet,NA,2601969,103815479,243
Chelsea v Burnley,Chelsea,Burnley,Player Shots,Lesley Ugochukwu,NA,3.5,26,Pointsbet,NA,2601969,103815479,244
Chelsea v Burnley,Chelsea,Burnley,Player Shots,Lesley Ugochukwu,NA,4.5,91,Pointsbet,NA,2601969,103815479,245
Chelsea v Burnley,Chelsea,Burnley,Player Shots,Jaidon Anthony,NA,0.5,1.15,Pointsbet,NA,2601969,103815479,247
Chelsea v Burnley,Chelsea,Burnley,Player Shots,Jaidon Anthony,NA,1.5,1.74,Pointsbet,NA,2601969,103815479,248
Chelsea v Burnley,Chelsea,Burnley,Player Shots,Jaidon Anthony,NA,2.5,3.25,Pointsbet,NA,2601969,103815479,249
Chelsea v Burnley,Chelsea,Burnley,Player Shots,Jaidon Anthony,NA,3.5,7,Pointsbet,NA,2601969,103815479,250
Chelsea v Burnley,Chelsea,Burnley,Player Shots,Jaidon Anthony,NA,4.5,16,Pointsbet,NA,2601969,103815479,251
Chelsea v Burnley,Chelsea,Burnley,Player Shots,Jaidon Anthony,NA,5.5,41,Pointsbet,NA,2601969,103815479,252
Chelsea v Burnley,Chelsea,Burnley,Player Shots,Lucas Pires,NA,0.5,1.69,Pointsbet,NA,2601969,103815479,253
Chelsea v Burnley,Chelsea,Burnley,Player Shots,Lucas Pires,NA,1.5,4.4,Pointsbet,NA,2601969,103815479,254
Chelsea v Burnley,Chelsea,Burnley,Player Shots,Lucas Pires,NA,2.5,13,Pointsbet,NA,2601969,103815479,255
Chelsea v Burnley,Chelsea,Burnley,Player Shots,Lucas Pires,NA,3.5,51,Pointsbet,NA,2601969,103815479,256
Chelsea v Burnley,Chelsea,Burnley,Player Shots,Q. Hartman,NA,0.5,2.4,Pointsbet,NA,2601969,103815479,259
Chelsea v Burnley,Chelsea,Burnley,Player Shots,Q. Hartman,NA,1.5,9,Pointsbet,NA,2601969,103815479,260
Chelsea v Burnley,Chelsea,Burnley,Player Shots,Q. Hartman,NA,2.5,41,Pointsbet,NA,2601969,103815479,261
Chelsea v Burnley,Chelsea,Burnley,Player Shots,Rom<c3><a9>o Lavia,NA,0.5,1.25,Pointsbet,NA,2601969,103815479,265
Chelsea v Burnley,Chelsea,Burnley,Player Shots,Rom<c3><a9>o Lavia,NA,1.5,2.2,Pointsbet,NA,2601969,103815479,266
Chelsea v Burnley,Chelsea,Burnley,Player Shots,Rom<c3><a9>o Lavia,NA,2.5,4.75,Pointsbet,NA,2601969,103815479,267
Chelsea v Burnley,Chelsea,Burnley,Player Shots,Rom<c3><a9>o Lavia,NA,3.5,11,Pointsbet,NA,2601969,103815479,268
Chelsea v Burnley,Chelsea,Burnley,Player Shots,Rom<c3><a9>o Lavia,NA,4.5,29,Pointsbet,NA,2601969,103815479,269
Chelsea v Burnley,Chelsea,Burnley,Player Shots,Rom<c3><a9>o Lavia,NA,5.5,81,Pointsbet,NA,2601969,103815479,270
West Ham United v Bournemouth,West Ham United,Bournemouth,Player Shots,Callum Wilson,West Ham United,0.5,1.02,Pointsbet,Bournemouth,2602213,103816905,1
West Ham United v Bournemouth,West Ham United,Bournemouth,Player Shots,Callum Wilson,West Ham United,1.5,1.16,Pointsbet,Bournemouth,2602213,103816905,2
West Ham United v Bournemouth,West Ham United,Bournemouth,Player Shots,Callum Wilson,West Ham United,2.5,1.53,Pointsbet,Bournemouth,2602213,103816905,3
West Ham United v Bournemouth,West Ham United,Bournemouth,Player Shots,Callum Wilson,West Ham United,3.5,2.35,Pointsbet,Bournemouth,2602213,103816905,4
West Ham United v Bournemouth,West Ham United,Bournemouth,Player Shots,Callum Wilson,West Ham United,4.5,3.9,Pointsbet,Bournemouth,2602213,103816905,5
West Ham United v Bournemouth,West Ham United,Bournemouth,Player Shots,Callum Wilson,West Ham United,5.5,7,Pointsbet,Bournemouth,2602213,103816905,6
West Ham United v Bournemouth,West Ham United,Bournemouth,Player Shots,Traoré,NA,0.5,1.08,Pointsbet,NA,2602213,103816905,7
West Ham United v Bournemouth,West Ham United,Bournemouth,Player Shots,Traoré,NA,1.5,1.44,Pointsbet,NA,2602213,103816905,8
West Ham United v Bournemouth,West Ham United,Bournemouth,Player Shots,Traoré,NA,2.5,2.3,Pointsbet,NA,2602213,103816905,9
West Ham United v Bournemouth,West Ham United,Bournemouth,Player Shots,Traoré,NA,3.5,4.2,Pointsbet,NA,2602213,103816905,10
West Ham United v Bournemouth,West Ham United,Bournemouth,Player Shots,Traoré,NA,4.5,9.5,Pointsbet,NA,2602213,103816905,11
West Ham United v Bournemouth,West Ham United,Bournemouth,Player Shots,Traoré,NA,5.5,19,Pointsbet,NA,2602213,103816905,12
West Ham United v Bournemouth,West Ham United,Bournemouth,Player Shots,Tomas Soucek,NA,0.5,1.29,Pointsbet,NA,2602213,103816905,13
West Ham United v Bournemouth,West Ham United,Bournemouth,Player Shots,Tomas Soucek,NA,1.5,2.35,Pointsbet,NA,2602213,103816905,14
West Ham United v Bournemouth,West Ham United,Bournemouth,Player Shots,Tomas Soucek,NA,2.5,5.25,Pointsbet,NA,2602213,103816905,15
West Ham United v Bournemouth,West Ham United,Bournemouth,Player Shots,Tomas Soucek,NA,3.5,15,Pointsbet,NA,2602213,103816905,16
West Ham United v Bournemouth,West Ham United,Bournemouth,Player Shots,Tomas Soucek,NA,4.5,51,Pointsbet,NA,2602213,103816905,17
West Ham United v Bournemouth,West Ham United,Bournemouth,Player Shots,Axel Disasi,Chelsea,0.5,1.71,Pointsbet,West Ham United,2602213,103816905,19
West Ham United v Bournemouth,West Ham United,Bournemouth,Player Shots,Axel Disasi,Chelsea,1.5,4.4,Pointsbet,West Ham United,2602213,103816905,20
West Ham United v Bournemouth,West Ham United,Bournemouth,Player Shots,Axel Disasi,Chelsea,2.5,15,Pointsbet,West Ham United,2602213,103816905,21
West Ham United v Bournemouth,West Ham United,Bournemouth,Player Shots,Axel Disasi,Chelsea,3.5,61,Pointsbet,West Ham United,2602213,103816905,22
West Ham United v Bournemouth,West Ham United,Bournemouth,Player Shots,Konstantinos Mavropanos,West Ham United,0.5,1.48,Pointsbet,Bournemouth,2602213,103816905,25
West Ham United v Bournemouth,West Ham United,Bournemouth,Player Shots,Konstantinos Mavropanos,West Ham United,1.5,3.1,Pointsbet,Bournemouth,2602213,103816905,26
West Ham United v Bournemouth,West Ham United,Bournemouth,Player Shots,Konstantinos Mavropanos,West Ham United,2.5,8.5,Pointsbet,Bournemouth,2602213,103816905,27
West Ham United v Bournemouth,West Ham United,Bournemouth,Player Shots,Konstantinos Mavropanos,West Ham United,3.5,26,Pointsbet,Bournemouth,2602213,103816905,28
West Ham United v Bournemouth,West Ham United,Bournemouth,Player Shots,Konstantinos Mavropanos,West Ham United,4.5,81,Pointsbet,Bournemouth,2602213,103816905,29
West Ham United v Bournemouth,West Ham United,Bournemouth,Player Shots,Kyle Walker-Peters,West Ham United,0.5,1.56,Pointsbet,Bournemouth,2602213,103816905,31
West Ham United v Bournemouth,West Ham United,Bournemouth,Player Shots,Kyle Walker-Peters,West Ham United,1.5,3.6,Pointsbet,Bournemouth,2602213,103816905,32
West Ham United v Bournemouth,West Ham United,Bournemouth,Player Shots,Kyle Walker-Peters,West Ham United,2.5,10.5,Pointsbet,Bournemouth,2602213,103816905,33
West Ham United v Bournemouth,West Ham United,Bournemouth,Player Shots,Kyle Walker-Peters,West Ham United,3.5,36,Pointsbet,Bournemouth,2602213,103816905,34
West Ham United v Bournemouth,West Ham United,Bournemouth,Player Shots,Jarrod Bowen,West Ham United,0.5,1.03,Pointsbet,Bournemouth,2602213,103816905,37
West Ham United v Bournemouth,West Ham United,Bournemouth,Player Shots,Jarrod Bowen,West Ham United,1.5,1.22,Pointsbet,Bournemouth,2602213,103816905,38
West Ham United v Bournemouth,West Ham United,Bournemouth,Player Shots,Jarrod Bowen,West Ham United,2.5,1.69,Pointsbet,Bournemouth,2602213,103816905,39
West Ham United v Bournemouth,West Ham United,Bournemouth,Player Shots,Jarrod Bowen,West Ham United,3.5,2.7,Pointsbet,Bournemouth,2602213,103816905,40
West Ham United v Bournemouth,West Ham United,Bournemouth,Player Shots,Jarrod Bowen,West Ham United,4.5,4.75,Pointsbet,Bournemouth,2602213,103816905,41
West Ham United v Bournemouth,West Ham United,Bournemouth,Player Shots,Jarrod Bowen,West Ham United,5.5,9.5,Pointsbet,Bournemouth,2602213,103816905,42
West Ham United v Bournemouth,West Ham United,Bournemouth,Player Shots,Aaron Wan-Bissaka,West Ham United,0.5,2.15,Pointsbet,Bournemouth,2602213,103816905,43
West Ham United v Bournemouth,West Ham United,Bournemouth,Player Shots,Aaron Wan-Bissaka,West Ham United,1.5,7,Pointsbet,Bournemouth,2602213,103816905,44
West Ham United v Bournemouth,West Ham United,Bournemouth,Player Shots,Aaron Wan-Bissaka,West Ham United,2.5,29,Pointsbet,Bournemouth,2602213,103816905,45
West Ham United v Bournemouth,West Ham United,Bournemouth,Player Shots,V. Castellanos,NA,0.5,1.02,Pointsbet,NA,2602213,103816905,49
West Ham United v Bournemouth,West Ham United,Bournemouth,Player Shots,V. Castellanos,NA,1.5,1.14,Pointsbet,NA,2602213,103816905,50
West Ham United v Bournemouth,West Ham United,Bournemouth,Player Shots,V. Castellanos,NA,2.5,1.5,Pointsbet,NA,2602213,103816905,51
West Ham United v Bournemouth,West Ham United,Bournemouth,Player Shots,V. Castellanos,NA,3.5,2.2,Pointsbet,NA,2602213,103816905,52
West Ham United v Bournemouth,West Ham United,Bournemouth,Player Shots,V. Castellanos,NA,4.5,3.6,Pointsbet,NA,2602213,103816905,53
West Ham United v Bournemouth,West Ham United,Bournemouth,Player Shots,V. Castellanos,NA,5.5,6.5,Pointsbet,NA,2602213,103816905,54
West Ham United v Bournemouth,West Ham United,Bournemouth,Player Shots,Max Kilman,NA,0.5,1.87,Pointsbet,NA,2602213,103816905,55
West Ham United v Bournemouth,West Ham United,Bournemouth,Player Shots,Max Kilman,NA,1.5,5.75,Pointsbet,NA,2602213,103816905,56
West Ham United v Bournemouth,West Ham United,Bournemouth,Player Shots,Max Kilman,NA,2.5,20,Pointsbet,NA,2602213,103816905,57
West Ham United v Bournemouth,West Ham United,Bournemouth,Player Shots,Max Kilman,NA,3.5,81,Pointsbet,NA,2602213,103816905,58
West Ham United v Bournemouth,West Ham United,Bournemouth,Player Shots,Jean-Clair Todibo,West Ham United,0.5,2.5,Pointsbet,Bournemouth,2602213,103816905,61
West Ham United v Bournemouth,West Ham United,Bournemouth,Player Shots,Jean-Clair Todibo,West Ham United,1.5,10,Pointsbet,Bournemouth,2602213,103816905,62
West Ham United v Bournemouth,West Ham United,Bournemouth,Player Shots,Jean-Clair Todibo,West Ham United,2.5,51,Pointsbet,Bournemouth,2602213,103816905,63
West Ham United v Bournemouth,West Ham United,Bournemouth,Player Shots,Crysencio Summerville,West Ham United,0.5,1.05,Pointsbet,Bournemouth,2602213,103816905,67
West Ham United v Bournemouth,West Ham United,Bournemouth,Player Shots,Crysencio Summerville,West Ham United,1.5,1.29,Pointsbet,Bournemouth,2602213,103816905,68
West Ham United v Bournemouth,West Ham United,Bournemouth,Player Shots,Crysencio Summerville,West Ham United,2.5,1.87,Pointsbet,Bournemouth,2602213,103816905,69
West Ham United v Bournemouth,West Ham United,Bournemouth,Player Shots,Crysencio Summerville,West Ham United,3.5,3.3,Pointsbet,Bournemouth,2602213,103816905,70
West Ham United v Bournemouth,West Ham United,Bournemouth,Player Shots,Crysencio Summerville,West Ham United,4.5,6,Pointsbet,Bournemouth,2602213,103816905,71
West Ham United v Bournemouth,West Ham United,Bournemouth,Player Shots,Crysencio Summerville,West Ham United,5.5,12,Pointsbet,Bournemouth,2602213,103816905,72
West Ham United v Bournemouth,West Ham United,Bournemouth,Player Shots,Mateus Fernandes,West Ham United,0.5,1.33,Pointsbet,Bournemouth,2602213,103816905,73
West Ham United v Bournemouth,West Ham United,Bournemouth,Player Shots,Mateus Fernandes,Southampton,0.5,1.33,Pointsbet,West Ham United,2602213,103816905,73
West Ham United v Bournemouth,West Ham United,Bournemouth,Player Shots,Mateus Fernandes,West Ham United,1.5,2.6,Pointsbet,Bournemouth,2602213,103816905,74
West Ham United v Bournemouth,West Ham United,Bournemouth,Player Shots,Mateus Fernandes,Southampton,1.5,2.6,Pointsbet,West Ham United,2602213,103816905,74
West Ham United v Bournemouth,West Ham United,Bournemouth,Player Shots,Mateus Fernandes,West Ham United,2.5,6,Pointsbet,Bournemouth,2602213,103816905,75
West Ham United v Bournemouth,West Ham United,Bournemouth,Player Shots,Mateus Fernandes,Southampton,2.5,6,Pointsbet,West Ham United,2602213,103816905,75
West Ham United v Bournemouth,West Ham United,Bournemouth,Player Shots,Mateus Fernandes,West Ham United,3.5,17,Pointsbet,Bournemouth,2602213,103816905,76
West Ham United v Bournemouth,West Ham United,Bournemouth,Player Shots,Mateus Fernandes,Southampton,3.5,17,Pointsbet,West Ham United,2602213,103816905,76
West Ham United v Bournemouth,West Ham United,Bournemouth,Player Shots,Mateus Fernandes,West Ham United,4.5,51,Pointsbet,Bournemouth,2602213,103816905,77
West Ham United v Bournemouth,West Ham United,Bournemouth,Player Shots,Mateus Fernandes,Southampton,4.5,51,Pointsbet,West Ham United,2602213,103816905,77
West Ham United v Bournemouth,West Ham United,Bournemouth,Player Shots,S. Magassa,NA,0.5,1.48,Pointsbet,NA,2602213,103816905,85
West Ham United v Bournemouth,West Ham United,Bournemouth,Player Shots,S. Magassa,NA,1.5,3.3,Pointsbet,NA,2602213,103816905,86
West Ham United v Bournemouth,West Ham United,Bournemouth,Player Shots,S. Magassa,NA,2.5,9.5,Pointsbet,NA,2602213,103816905,87
West Ham United v Bournemouth,West Ham United,Bournemouth,Player Shots,S. Magassa,NA,3.5,29,Pointsbet,NA,2602213,103816905,88
West Ham United v Bournemouth,West Ham United,Bournemouth,Player Shots,O. Scarles,NA,0.5,1.48,Pointsbet,NA,2602213,103816905,91
West Ham United v Bournemouth,West Ham United,Bournemouth,Player Shots,O. Scarles,NA,1.5,3.25,Pointsbet,NA,2602213,103816905,92
West Ham United v Bournemouth,West Ham United,Bournemouth,Player Shots,O. Scarles,NA,2.5,8.5,Pointsbet,NA,2602213,103816905,93
West Ham United v Bournemouth,West Ham United,Bournemouth,Player Shots,O. Scarles,NA,3.5,29,Pointsbet,NA,2602213,103816905,94
West Ham United v Bournemouth,West Ham United,Bournemouth,Player Shots,O. Scarles,NA,4.5,91,Pointsbet,NA,2602213,103816905,95
West Ham United v Bournemouth,West Ham United,Bournemouth,Player Shots,E.H.M. Diouf,NA,0.5,1.29,Pointsbet,NA,2602213,103816905,97
West Ham United v Bournemouth,West Ham United,Bournemouth,Player Shots,E.H.M. Diouf,NA,1.5,2.4,Pointsbet,NA,2602213,103816905,98
West Ham United v Bournemouth,West Ham United,Bournemouth,Player Shots,E.H.M. Diouf,NA,2.5,5.75,Pointsbet,NA,2602213,103816905,99
West Ham United v Bournemouth,West Ham United,Bournemouth,Player Shots,E.H.M. Diouf,NA,3.5,15,Pointsbet,NA,2602213,103816905,100
West Ham United v Bournemouth,West Ham United,Bournemouth,Player Shots,E.H.M. Diouf,NA,4.5,51,Pointsbet,NA,2602213,103816905,101
West Ham United v Bournemouth,West Ham United,Bournemouth,Player Shots,Adam Smith,Bournemouth,0.5,3.25,Pointsbet,West Ham United,2602213,103816905,103
West Ham United v Bournemouth,West Ham United,Bournemouth,Player Shots,Adam Smith,Bournemouth,1.5,17,Pointsbet,West Ham United,2602213,103816905,104
West Ham United v Bournemouth,West Ham United,Bournemouth,Player Shots,Adam Smith,Bournemouth,2.5,91,Pointsbet,West Ham United,2602213,103816905,105
West Ham United v Bournemouth,West Ham United,Bournemouth,Player Shots,Ünal,NA,0.5,1.03,Pointsbet,NA,2602213,103816905,109
West Ham United v Bournemouth,West Ham United,Bournemouth,Player Shots,Ünal,NA,1.5,1.21,Pointsbet,NA,2602213,103816905,110
West Ham United v Bournemouth,West Ham United,Bournemouth,Player Shots,Ünal,NA,2.5,1.67,Pointsbet,NA,2602213,103816905,111
West Ham United v Bournemouth,West Ham United,Bournemouth,Player Shots,Ünal,NA,3.5,2.55,Pointsbet,NA,2602213,103816905,112
West Ham United v Bournemouth,West Ham United,Bournemouth,Player Shots,Ünal,NA,4.5,4.5,Pointsbet,NA,2602213,103816905,113
West Ham United v Bournemouth,West Ham United,Bournemouth,Player Shots,Ünal,NA,5.5,8.5,Pointsbet,NA,2602213,103816905,114
West Ham United v Bournemouth,West Ham United,Bournemouth,Player Shots,Lewis Cook,Bournemouth,0.5,1.77,Pointsbet,West Ham United,2602213,103816905,121
West Ham United v Bournemouth,West Ham United,Bournemouth,Player Shots,Lewis Cook,Bournemouth,1.5,4.5,Pointsbet,West Ham United,2602213,103816905,122
West Ham United v Bournemouth,West Ham United,Bournemouth,Player Shots,Lewis Cook,Bournemouth,2.5,15,Pointsbet,West Ham United,2602213,103816905,123
West Ham United v Bournemouth,West Ham United,Bournemouth,Player Shots,Lewis Cook,Bournemouth,3.5,81,Pointsbet,West Ham United,2602213,103816905,124
West Ham United v Bournemouth,West Ham United,Bournemouth,Player Shots,David Brooks,Bournemouth,0.5,1.03,Pointsbet,West Ham United,2602213,103816905,127
West Ham United v Bournemouth,West Ham United,Bournemouth,Player Shots,David Brooks,Bournemouth,1.5,1.21,Pointsbet,West Ham United,2602213,103816905,128
West Ham United v Bournemouth,West Ham United,Bournemouth,Player Shots,David Brooks,Bournemouth,2.5,1.71,Pointsbet,West Ham United,2602213,103816905,129
West Ham United v Bournemouth,West Ham United,Bournemouth,Player Shots,David Brooks,Bournemouth,3.5,2.7,Pointsbet,West Ham United,2602213,103816905,130
West Ham United v Bournemouth,West Ham United,Bournemouth,Player Shots,David Brooks,Bournemouth,4.5,4.5,Pointsbet,West Ham United,2602213,103816905,131
West Ham United v Bournemouth,West Ham United,Bournemouth,Player Shots,David Brooks,Bournemouth,5.5,9.5,Pointsbet,West Ham United,2602213,103816905,132
West Ham United v Bournemouth,West Ham United,Bournemouth,Player Shots,Marcos Senesi,Bournemouth,0.5,2.4,Pointsbet,West Ham United,2602213,103816905,133
West Ham United v Bournemouth,West Ham United,Bournemouth,Player Shots,Marcos Senesi,Bournemouth,1.5,10,Pointsbet,West Ham United,2602213,103816905,134
West Ham United v Bournemouth,West Ham United,Bournemouth,Player Shots,Marcos Senesi,Bournemouth,2.5,41,Pointsbet,West Ham United,2602213,103816905,135
West Ham United v Bournemouth,West Ham United,Bournemouth,Player Shots,Tyler Adams,Bournemouth,0.5,1.69,Pointsbet,West Ham United,2602213,103816905,139
West Ham United v Bournemouth,West Ham United,Bournemouth,Player Shots,Tyler Adams,Bournemouth,1.5,4.2,Pointsbet,West Ham United,2602213,103816905,140
West Ham United v Bournemouth,West Ham United,Bournemouth,Player Shots,Tyler Adams,Bournemouth,2.5,12,Pointsbet,West Ham United,2602213,103816905,141
West Ham United v Bournemouth,West Ham United,Bournemouth,Player Shots,Tyler Adams,Bournemouth,3.5,41,Pointsbet,West Ham United,2602213,103816905,142
West Ham United v Bournemouth,West Ham United,Bournemouth,Player Shots,Evanilson,Bournemouth,0.5,1.03,Pointsbet,West Ham United,2602213,103816905,145
West Ham United v Bournemouth,West Ham United,Bournemouth,Player Shots,Evanilson,Bournemouth,1.5,1.21,Pointsbet,West Ham United,2602213,103816905,146
West Ham United v Bournemouth,West Ham United,Bournemouth,Player Shots,Evanilson,Bournemouth,2.5,1.71,Pointsbet,West Ham United,2602213,103816905,147
West Ham United v Bournemouth,West Ham United,Bournemouth,Player Shots,Evanilson,Bournemouth,3.5,2.7,Pointsbet,West Ham United,2602213,103816905,148
West Ham United v Bournemouth,West Ham United,Bournemouth,Player Shots,Evanilson,Bournemouth,4.5,4.75,Pointsbet,West Ham United,2602213,103816905,149
West Ham United v Bournemouth,West Ham United,Bournemouth,Player Shots,Evanilson,Bournemouth,5.5,9,Pointsbet,West Ham United,2602213,103816905,150
West Ham United v Bournemouth,West Ham United,Bournemouth,Player Shots,James Hill,Bournemouth,0.5,1.65,Pointsbet,West Ham United,2602213,103816905,151
West Ham United v Bournemouth,West Ham United,Bournemouth,Player Shots,James Hill,Bournemouth,1.5,4.2,Pointsbet,West Ham United,2602213,103816905,152
West Ham United v Bournemouth,West Ham United,Bournemouth,Player Shots,James Hill,Bournemouth,2.5,13,Pointsbet,West Ham United,2602213,103816905,153
West Ham United v Bournemouth,West Ham United,Bournemouth,Player Shots,James Hill,Bournemouth,3.5,51,Pointsbet,West Ham United,2602213,103816905,154
West Ham United v Bournemouth,West Ham United,Bournemouth,Player Shots,B. Diakité,NA,0.5,2,Pointsbet,NA,2602213,103816905,163
West Ham United v Bournemouth,West Ham United,Bournemouth,Player Shots,B. Diakité,NA,1.5,6,Pointsbet,NA,2602213,103816905,164
West Ham United v Bournemouth,West Ham United,Bournemouth,Player Shots,B. Diakité,NA,2.5,26,Pointsbet,NA,2602213,103816905,165
West Ham United v Bournemouth,West Ham United,Bournemouth,Player Shots,B. Diakité,NA,3.5,91,Pointsbet,NA,2602213,103816905,166
West Ham United v Bournemouth,West Ham United,Bournemouth,Player Shots,A. Adli,NA,0.5,1.09,Pointsbet,NA,2602213,103816905,169
West Ham United v Bournemouth,West Ham United,Bournemouth,Player Shots,A. Adli,NA,1.5,1.5,Pointsbet,NA,2602213,103816905,170
West Ham United v Bournemouth,West Ham United,Bournemouth,Player Shots,A. Adli,NA,2.5,2.5,Pointsbet,NA,2602213,103816905,171
West Ham United v Bournemouth,West Ham United,Bournemouth,Player Shots,A. Adli,NA,3.5,4.75,Pointsbet,NA,2602213,103816905,172
West Ham United v Bournemouth,West Ham United,Bournemouth,Player Shots,A. Adli,NA,4.5,10.5,Pointsbet,NA,2602213,103816905,173
West Ham United v Bournemouth,West Ham United,Bournemouth,Player Shots,A. Adli,NA,5.5,26,Pointsbet,NA,2602213,103816905,174
West Ham United v Bournemouth,West Ham United,Bournemouth,Player Shots,A. Truffert,NA,0.5,1.83,Pointsbet,NA,2602213,103816905,175
West Ham United v Bournemouth,West Ham United,Bournemouth,Player Shots,A. Truffert,NA,1.5,5.75,Pointsbet,NA,2602213,103816905,176
West Ham United v Bournemouth,West Ham United,Bournemouth,Player Shots,A. Truffert,NA,2.5,20,Pointsbet,NA,2602213,103816905,177
West Ham United v Bournemouth,West Ham United,Bournemouth,Player Shots,A. Truffert,NA,3.5,91,Pointsbet,NA,2602213,103816905,178
West Ham United v Bournemouth,West Ham United,Bournemouth,Player Shots,Alex Scott,Bournemouth,0.5,1.18,Pointsbet,West Ham United,2602213,103816905,181
West Ham United v Bournemouth,West Ham United,Bournemouth,Player Shots,Alex Scott,Bournemouth,1.5,1.83,Pointsbet,West Ham United,2602213,103816905,182
West Ham United v Bournemouth,West Ham United,Bournemouth,Player Shots,Alex Scott,Bournemouth,2.5,3.4,Pointsbet,West Ham United,2602213,103816905,183
West Ham United v Bournemouth,West Ham United,Bournemouth,Player Shots,Alex Scott,Bournemouth,3.5,7.5,Pointsbet,West Ham United,2602213,103816905,184
West Ham United v Bournemouth,West Ham United,Bournemouth,Player Shots,Alex Scott,Bournemouth,4.5,19,Pointsbet,West Ham United,2602213,103816905,185
West Ham United v Bournemouth,West Ham United,Bournemouth,Player Shots,Alex Scott,Bournemouth,5.5,51,Pointsbet,West Ham United,2602213,103816905,186
West Ham United v Bournemouth,West Ham United,Bournemouth,Player Shots,Alejandro Jiménez,NA,0.5,1.48,Pointsbet,NA,2602213,103816905,187
West Ham United v Bournemouth,West Ham United,Bournemouth,Player Shots,Alejandro Jiménez,NA,1.5,3.25,Pointsbet,NA,2602213,103816905,188
West Ham United v Bournemouth,West Ham United,Bournemouth,Player Shots,Alejandro Jiménez,NA,2.5,9,Pointsbet,NA,2602213,103816905,189
West Ham United v Bournemouth,West Ham United,Bournemouth,Player Shots,Alejandro Jiménez,NA,3.5,26,Pointsbet,NA,2602213,103816905,190
West Ham United v Bournemouth,West Ham United,Bournemouth,Player Shots,V. Milosavljevic,NA,0.5,1.8,Pointsbet,NA,2602213,103816905,199
West Ham United v Bournemouth,West Ham United,Bournemouth,Player Shots,V. Milosavljevic,NA,1.5,5,Pointsbet,NA,2602213,103816905,200
West Ham United v Bournemouth,West Ham United,Bournemouth,Player Shots,V. Milosavljevic,NA,2.5,19,Pointsbet,NA,2602213,103816905,201
West Ham United v Bournemouth,West Ham United,Bournemouth,Player Shots,V. Milosavljevic,NA,3.5,71,Pointsbet,NA,2602213,103816905,202
West Ham United v Bournemouth,West Ham United,Bournemouth,Player Shots,A. Tóth,NA,0.5,1.1,Pointsbet,NA,2602213,103816905,205
West Ham United v Bournemouth,West Ham United,Bournemouth,Player Shots,A. Tóth,NA,1.5,1.63,Pointsbet,NA,2602213,103816905,206
West Ham United v Bournemouth,West Ham United,Bournemouth,Player Shots,A. Tóth,NA,2.5,2.75,Pointsbet,NA,2602213,103816905,207
West Ham United v Bournemouth,West Ham United,Bournemouth,Player Shots,A. Tóth,NA,3.5,5.75,Pointsbet,NA,2602213,103816905,208
West Ham United v Bournemouth,West Ham United,Bournemouth,Player Shots,A. Tóth,NA,4.5,13,Pointsbet,NA,2602213,103816905,209
West Ham United v Bournemouth,West Ham United,Bournemouth,Player Shots,A. Tóth,NA,5.5,29,Pointsbet,NA,2602213,103816905,210
West Ham United v Bournemouth,West Ham United,Bournemouth,Player Shots,E. Kroupi,NA,0.5,1.02,Pointsbet,NA,2602213,103816905,211
West Ham United v Bournemouth,West Ham United,Bournemouth,Player Shots,E. Kroupi,NA,1.5,1.16,Pointsbet,NA,2602213,103816905,212
West Ham United v Bournemouth,West Ham United,Bournemouth,Player Shots,E. Kroupi,NA,2.5,1.56,Pointsbet,NA,2602213,103816905,213
West Ham United v Bournemouth,West Ham United,Bournemouth,Player Shots,E. Kroupi,NA,3.5,2.35,Pointsbet,NA,2602213,103816905,214
West Ham United v Bournemouth,West Ham United,Bournemouth,Player Shots,E. Kroupi,NA,4.5,4,Pointsbet,NA,2602213,103816905,215
West Ham United v Bournemouth,West Ham United,Bournemouth,Player Shots,E. Kroupi,NA,5.5,7.5,Pointsbet,NA,2602213,103816905,216
West Ham United v Bournemouth,West Ham United,Bournemouth,Player Shots,Marcus Tavernier,Bournemouth,0.5,1.06,Pointsbet,West Ham United,2602213,103816905,217
West Ham United v Bournemouth,West Ham United,Bournemouth,Player Shots,Marcus Tavernier,Bournemouth,1.5,1.31,Pointsbet,West Ham United,2602213,103816905,218
West Ham United v Bournemouth,West Ham United,Bournemouth,Player Shots,Marcus Tavernier,Bournemouth,2.5,2,Pointsbet,West Ham United,2602213,103816905,219
West Ham United v Bournemouth,West Ham United,Bournemouth,Player Shots,Marcus Tavernier,Bournemouth,3.5,3.6,Pointsbet,West Ham United,2602213,103816905,220
West Ham United v Bournemouth,West Ham United,Bournemouth,Player Shots,Marcus Tavernier,Bournemouth,4.5,7,Pointsbet,West Ham United,2602213,103816905,221
West Ham United v Bournemouth,West Ham United,Bournemouth,Player Shots,Marcus Tavernier,Bournemouth,5.5,15,Pointsbet,West Ham United,2602213,103816905,222
Manchester City v Newcastle United,Manchester City,Newcastle United,Player Shots,John Stones,Manchester City,0.5,1.83,Pointsbet,Newcastle United,2602422,103815463,7
Manchester City v Newcastle United,Manchester City,Newcastle United,Player Shots,John Stones,Manchester City,1.5,5.75,Pointsbet,Newcastle United,2602422,103815463,8
Manchester City v Newcastle United,Manchester City,Newcastle United,Player Shots,John Stones,Manchester City,2.5,21,Pointsbet,Newcastle United,2602422,103815463,9
Manchester City v Newcastle United,Manchester City,Newcastle United,Player Shots,John Stones,Manchester City,3.5,91,Pointsbet,Newcastle United,2602422,103815463,10
Manchester City v Newcastle United,Manchester City,Newcastle United,Player Shots,Bernardo Silva,Manchester City,0.5,1.4,Pointsbet,Newcastle United,2602422,103815463,13
Manchester City v Newcastle United,Manchester City,Newcastle United,Player Shots,Bernardo Silva,Manchester City,1.5,2.9,Pointsbet,Newcastle United,2602422,103815463,14
Manchester City v Newcastle United,Manchester City,Newcastle United,Player Shots,Bernardo Silva,Manchester City,2.5,7.5,Pointsbet,Newcastle United,2602422,103815463,15
Manchester City v Newcastle United,Manchester City,Newcastle United,Player Shots,Bernardo Silva,Manchester City,3.5,21,Pointsbet,Newcastle United,2602422,103815463,16
Manchester City v Newcastle United,Manchester City,Newcastle United,Player Shots,Bernardo Silva,Manchester City,4.5,91,Pointsbet,Newcastle United,2602422,103815463,17
Manchester City v Newcastle United,Manchester City,Newcastle United,Player Shots,Rodri,Manchester City,0.5,1.24,Pointsbet,Newcastle United,2602422,103815463,19
Manchester City v Newcastle United,Manchester City,Newcastle United,Player Shots,Rodri,Manchester City,1.5,2.05,Pointsbet,Newcastle United,2602422,103815463,20
Manchester City v Newcastle United,Manchester City,Newcastle United,Player Shots,Rodri,Manchester City,2.5,4.4,Pointsbet,Newcastle United,2602422,103815463,21
Manchester City v Newcastle United,Manchester City,Newcastle United,Player Shots,Rodri,Manchester City,3.5,10.5,Pointsbet,Newcastle United,2602422,103815463,22
Manchester City v Newcastle United,Manchester City,Newcastle United,Player Shots,Rodri,Manchester City,4.5,26,Pointsbet,Newcastle United,2602422,103815463,23
Manchester City v Newcastle United,Manchester City,Newcastle United,Player Shots,Rodri,Manchester City,5.5,81,Pointsbet,Newcastle United,2602422,103815463,24
Manchester City v Newcastle United,Manchester City,Newcastle United,Player Shots,R<c3><ba>ben Dias,NA,0.5,1.83,Pointsbet,NA,2602422,103815463,25
Manchester City v Newcastle United,Manchester City,Newcastle United,Player Shots,R<c3><ba>ben Dias,NA,1.5,5.75,Pointsbet,NA,2602422,103815463,26
Manchester City v Newcastle United,Manchester City,Newcastle United,Player Shots,R<c3><ba>ben Dias,NA,2.5,19,Pointsbet,NA,2602422,103815463,27
Manchester City v Newcastle United,Manchester City,Newcastle United,Player Shots,R<c3><ba>ben Dias,NA,3.5,91,Pointsbet,NA,2602422,103815463,28
Manchester City v Newcastle United,Manchester City,Newcastle United,Player Shots,Erling Haaland,Manchester City,1.5,1.03,Pointsbet,Newcastle United,2602422,103815463,31
Manchester City v Newcastle United,Manchester City,Newcastle United,Player Shots,Erling Haaland,Manchester City,2.5,1.11,Pointsbet,Newcastle United,2602422,103815463,32
Manchester City v Newcastle United,Manchester City,Newcastle United,Player Shots,Erling Haaland,Manchester City,3.5,1.33,Pointsbet,Newcastle United,2602422,103815463,33
Manchester City v Newcastle United,Manchester City,Newcastle United,Player Shots,Erling Haaland,Manchester City,4.5,1.77,Pointsbet,Newcastle United,2602422,103815463,34
Manchester City v Newcastle United,Manchester City,Newcastle United,Player Shots,Erling Haaland,Manchester City,5.5,2.55,Pointsbet,Newcastle United,2602422,103815463,35
Manchester City v Newcastle United,Manchester City,Newcastle United,Player Shots,Erling Haaland,Manchester City,6.5,3.7,Pointsbet,Newcastle United,2602422,103815463,36
Manchester City v Newcastle United,Manchester City,Newcastle United,Player Shots,Phil Foden,Manchester City,0.5,1.04,Pointsbet,Newcastle United,2602422,103815463,37
Manchester City v Newcastle United,Manchester City,Newcastle United,Player Shots,Phil Foden,Manchester City,1.5,1.25,Pointsbet,Newcastle United,2602422,103815463,38
Manchester City v Newcastle United,Manchester City,Newcastle United,Player Shots,Phil Foden,Manchester City,2.5,1.8,Pointsbet,Newcastle United,2602422,103815463,39
Manchester City v Newcastle United,Manchester City,Newcastle United,Player Shots,Phil Foden,Manchester City,3.5,3,Pointsbet,Newcastle United,2602422,103815463,40
Manchester City v Newcastle United,Manchester City,Newcastle United,Player Shots,Phil Foden,Manchester City,4.5,5.25,Pointsbet,Newcastle United,2602422,103815463,41
Manchester City v Newcastle United,Manchester City,Newcastle United,Player Shots,Phil Foden,Manchester City,5.5,11,Pointsbet,Newcastle United,2602422,103815463,42
Manchester City v Newcastle United,Manchester City,Newcastle United,Player Shots,T. Reijnders,NA,0.5,1.03,Pointsbet,NA,2602422,103815463,43
Manchester City v Newcastle United,Manchester City,Newcastle United,Player Shots,T. Reijnders,NA,1.5,1.22,Pointsbet,NA,2602422,103815463,44
Manchester City v Newcastle United,Manchester City,Newcastle United,Player Shots,T. Reijnders,NA,2.5,1.69,Pointsbet,NA,2602422,103815463,45
Manchester City v Newcastle United,Manchester City,Newcastle United,Player Shots,T. Reijnders,NA,3.5,2.6,Pointsbet,NA,2602422,103815463,46
Manchester City v Newcastle United,Manchester City,Newcastle United,Player Shots,T. Reijnders,NA,4.5,4.5,Pointsbet,NA,2602422,103815463,47
Manchester City v Newcastle United,Manchester City,Newcastle United,Player Shots,T. Reijnders,NA,5.5,8.5,Pointsbet,NA,2602422,103815463,48
Manchester City v Newcastle United,Manchester City,Newcastle United,Player Shots,Antoine Semenyo,Manchester City,0.5,1.02,Pointsbet,Newcastle United,2602422,103815463,49
Manchester City v Newcastle United,Manchester City,Newcastle United,Player Shots,Antoine Semenyo,Bournemouth,0.5,1.02,Pointsbet,Manchester City,2602422,103815463,49
Manchester City v Newcastle United,Manchester City,Newcastle United,Player Shots,Antoine Semenyo,Manchester City,1.5,1.18,Pointsbet,Newcastle United,2602422,103815463,50
Manchester City v Newcastle United,Manchester City,Newcastle United,Player Shots,Antoine Semenyo,Bournemouth,1.5,1.18,Pointsbet,Manchester City,2602422,103815463,50
Manchester City v Newcastle United,Manchester City,Newcastle United,Player Shots,Antoine Semenyo,Manchester City,2.5,1.53,Pointsbet,Newcastle United,2602422,103815463,51
Manchester City v Newcastle United,Manchester City,Newcastle United,Player Shots,Antoine Semenyo,Bournemouth,2.5,1.53,Pointsbet,Manchester City,2602422,103815463,51
Manchester City v Newcastle United,Manchester City,Newcastle United,Player Shots,Antoine Semenyo,Manchester City,3.5,2.4,Pointsbet,Newcastle United,2602422,103815463,52
Manchester City v Newcastle United,Manchester City,Newcastle United,Player Shots,Antoine Semenyo,Bournemouth,3.5,2.4,Pointsbet,Manchester City,2602422,103815463,52
Manchester City v Newcastle United,Manchester City,Newcastle United,Player Shots,Antoine Semenyo,Manchester City,4.5,4.2,Pointsbet,Newcastle United,2602422,103815463,53
Manchester City v Newcastle United,Manchester City,Newcastle United,Player Shots,Antoine Semenyo,Bournemouth,4.5,4.2,Pointsbet,Manchester City,2602422,103815463,53
Manchester City v Newcastle United,Manchester City,Newcastle United,Player Shots,Antoine Semenyo,Manchester City,5.5,7.5,Pointsbet,Newcastle United,2602422,103815463,54
Manchester City v Newcastle United,Manchester City,Newcastle United,Player Shots,Antoine Semenyo,Bournemouth,5.5,7.5,Pointsbet,Manchester City,2602422,103815463,54
Manchester City v Newcastle United,Manchester City,Newcastle United,Player Shots,R. Aït Nouri,NA,0.5,1.44,Pointsbet,NA,2602422,103815463,61
Manchester City v Newcastle United,Manchester City,Newcastle United,Player Shots,R. Aït Nouri,NA,1.5,3.25,Pointsbet,NA,2602422,103815463,62
Manchester City v Newcastle United,Manchester City,Newcastle United,Player Shots,R. Aït Nouri,NA,2.5,8.5,Pointsbet,NA,2602422,103815463,63
Manchester City v Newcastle United,Manchester City,Newcastle United,Player Shots,R. Aït Nouri,NA,3.5,26,Pointsbet,NA,2602422,103815463,64
Manchester City v Newcastle United,Manchester City,Newcastle United,Player Shots,R. Aït Nouri,NA,4.5,91,Pointsbet,NA,2602422,103815463,65
Manchester City v Newcastle United,Manchester City,Newcastle United,Player Shots,Matheus Nunes,Manchester City,0.5,1.36,Pointsbet,Newcastle United,2602422,103815463,67
Manchester City v Newcastle United,Manchester City,Newcastle United,Player Shots,Matheus Nunes,Manchester City,1.5,2.85,Pointsbet,Newcastle United,2602422,103815463,68
Manchester City v Newcastle United,Manchester City,Newcastle United,Player Shots,Matheus Nunes,Manchester City,2.5,7,Pointsbet,Newcastle United,2602422,103815463,69
Manchester City v Newcastle United,Manchester City,Newcastle United,Player Shots,Matheus Nunes,Manchester City,3.5,21,Pointsbet,Newcastle United,2602422,103815463,70
Manchester City v Newcastle United,Manchester City,Newcastle United,Player Shots,Matheus Nunes,Manchester City,4.5,81,Pointsbet,Newcastle United,2602422,103815463,71
Manchester City v Newcastle United,Manchester City,Newcastle United,Player Shots,Nico González,Manchester City,0.5,1.25,Pointsbet,Newcastle United,2602422,103815463,73
Manchester City v Newcastle United,Manchester City,Newcastle United,Player Shots,Nico González,Manchester City,1.5,2.25,Pointsbet,Newcastle United,2602422,103815463,74
Manchester City v Newcastle United,Manchester City,Newcastle United,Player Shots,Nico González,Manchester City,2.5,4.75,Pointsbet,Newcastle United,2602422,103815463,75
Manchester City v Newcastle United,Manchester City,Newcastle United,Player Shots,Nico González,Manchester City,3.5,12,Pointsbet,Newcastle United,2602422,103815463,76
Manchester City v Newcastle United,Manchester City,Newcastle United,Player Shots,Nico González,Manchester City,4.5,36,Pointsbet,Newcastle United,2602422,103815463,77
Manchester City v Newcastle United,Manchester City,Newcastle United,Player Shots,M. Cherki,NA,0.5,1.03,Pointsbet,NA,2602422,103815463,79
Manchester City v Newcastle United,Manchester City,Newcastle United,Player Shots,M. Cherki,NA,1.5,1.18,Pointsbet,NA,2602422,103815463,80
Manchester City v Newcastle United,Manchester City,Newcastle United,Player Shots,M. Cherki,NA,2.5,1.59,Pointsbet,NA,2602422,103815463,81
Manchester City v Newcastle United,Manchester City,Newcastle United,Player Shots,M. Cherki,NA,3.5,2.4,Pointsbet,NA,2602422,103815463,82
Manchester City v Newcastle United,Manchester City,Newcastle United,Player Shots,M. Cherki,NA,4.5,4.2,Pointsbet,NA,2602422,103815463,83
Manchester City v Newcastle United,Manchester City,Newcastle United,Player Shots,M. Cherki,NA,5.5,7.5,Pointsbet,NA,2602422,103815463,84
Manchester City v Newcastle United,Manchester City,Newcastle United,Player Shots,O. Marmoush,NA,1.5,1.06,Pointsbet,NA,2602422,103815463,85
Manchester City v Newcastle United,Manchester City,Newcastle United,Player Shots,O. Marmoush,NA,2.5,1.21,Pointsbet,NA,2602422,103815463,86
Manchester City v Newcastle United,Manchester City,Newcastle United,Player Shots,O. Marmoush,NA,3.5,1.56,Pointsbet,NA,2602422,103815463,87
Manchester City v Newcastle United,Manchester City,Newcastle United,Player Shots,O. Marmoush,NA,4.5,2.2,Pointsbet,NA,2602422,103815463,88
Manchester City v Newcastle United,Manchester City,Newcastle United,Player Shots,O. Marmoush,NA,5.5,3.3,Pointsbet,NA,2602422,103815463,89
Manchester City v Newcastle United,Manchester City,Newcastle United,Player Shots,O. Marmoush,NA,6.5,5.75,Pointsbet,NA,2602422,103815463,90
Manchester City v Newcastle United,Manchester City,Newcastle United,Player Shots,Rico Lewis,Manchester City,0.5,1.65,Pointsbet,Newcastle United,2602422,103815463,91
Manchester City v Newcastle United,Manchester City,Newcastle United,Player Shots,Rico Lewis,Manchester City,1.5,4,Pointsbet,Newcastle United,2602422,103815463,92
Manchester City v Newcastle United,Manchester City,Newcastle United,Player Shots,Rico Lewis,Manchester City,2.5,12,Pointsbet,Newcastle United,2602422,103815463,93
Manchester City v Newcastle United,Manchester City,Newcastle United,Player Shots,Rico Lewis,Manchester City,3.5,41,Pointsbet,Newcastle United,2602422,103815463,94
Manchester City v Newcastle United,Manchester City,Newcastle United,Player Shots,Nico O'Reilly,Manchester City,0.5,1.24,Pointsbet,Newcastle United,2602422,103815463,97
Manchester City v Newcastle United,Manchester City,Newcastle United,Player Shots,Nico O'Reilly,Manchester City,1.5,2.1,Pointsbet,Newcastle United,2602422,103815463,98
Manchester City v Newcastle United,Manchester City,Newcastle United,Player Shots,Nico O'Reilly,Manchester City,2.5,4.5,Pointsbet,Newcastle United,2602422,103815463,99
Manchester City v Newcastle United,Manchester City,Newcastle United,Player Shots,Nico O'Reilly,Manchester City,3.5,11,Pointsbet,Newcastle United,2602422,103815463,100
Manchester City v Newcastle United,Manchester City,Newcastle United,Player Shots,Nico O'Reilly,Manchester City,4.5,29,Pointsbet,Newcastle United,2602422,103815463,101
Manchester City v Newcastle United,Manchester City,Newcastle United,Player Shots,Nico O'Reilly,Manchester City,5.5,71,Pointsbet,Newcastle United,2602422,103815463,102
Manchester City v Newcastle United,Manchester City,Newcastle United,Player Shots,A. Khusanov,NA,0.5,2.15,Pointsbet,NA,2602422,103815463,103
Manchester City v Newcastle United,Manchester City,Newcastle United,Player Shots,A. Khusanov,NA,1.5,7.5,Pointsbet,NA,2602422,103815463,104
Manchester City v Newcastle United,Manchester City,Newcastle United,Player Shots,A. Khusanov,NA,2.5,31,Pointsbet,NA,2602422,103815463,105
Manchester City v Newcastle United,Manchester City,Newcastle United,Player Shots,Dan Burn,Newcastle United,0.5,2,Pointsbet,Manchester City,2602422,103815463,121
Manchester City v Newcastle United,Manchester City,Newcastle United,Player Shots,Dan Burn,Newcastle United,1.5,6,Pointsbet,Manchester City,2602422,103815463,122
Manchester City v Newcastle United,Manchester City,Newcastle United,Player Shots,Dan Burn,Newcastle United,2.5,23,Pointsbet,Manchester City,2602422,103815463,123
Manchester City v Newcastle United,Manchester City,Newcastle United,Player Shots,Kieran Trippier,Newcastle United,0.5,2.7,Pointsbet,Manchester City,2602422,103815463,127
Manchester City v Newcastle United,Manchester City,Newcastle United,Player Shots,Kieran Trippier,Newcastle United,1.5,12,Pointsbet,Manchester City,2602422,103815463,128
Manchester City v Newcastle United,Manchester City,Newcastle United,Player Shots,Kieran Trippier,Newcastle United,2.5,61,Pointsbet,Manchester City,2602422,103815463,129
Manchester City v Newcastle United,Manchester City,Newcastle United,Player Shots,Jacob Murphy,Newcastle United,0.5,1.15,Pointsbet,Manchester City,2602422,103815463,133
Manchester City v Newcastle United,Manchester City,Newcastle United,Player Shots,Jacob Murphy,Newcastle United,1.5,1.74,Pointsbet,Manchester City,2602422,103815463,134
Manchester City v Newcastle United,Manchester City,Newcastle United,Player Shots,Jacob Murphy,Newcastle United,2.5,3.3,Pointsbet,Manchester City,2602422,103815463,135
Manchester City v Newcastle United,Manchester City,Newcastle United,Player Shots,Jacob Murphy,Newcastle United,3.5,7.5,Pointsbet,Manchester City,2602422,103815463,136
Manchester City v Newcastle United,Manchester City,Newcastle United,Player Shots,Jacob Murphy,Newcastle United,4.5,19,Pointsbet,Manchester City,2602422,103815463,137
Manchester City v Newcastle United,Manchester City,Newcastle United,Player Shots,Jacob Murphy,Newcastle United,5.5,51,Pointsbet,Manchester City,2602422,103815463,138
Manchester City v Newcastle United,Manchester City,Newcastle United,Player Shots,Joelinton,Newcastle United,0.5,1.33,Pointsbet,Manchester City,2602422,103815463,139
Manchester City v Newcastle United,Manchester City,Newcastle United,Player Shots,Joelinton,Newcastle United,1.5,2.7,Pointsbet,Manchester City,2602422,103815463,140
Manchester City v Newcastle United,Manchester City,Newcastle United,Player Shots,Joelinton,Newcastle United,2.5,6.5,Pointsbet,Manchester City,2602422,103815463,141
Manchester City v Newcastle United,Manchester City,Newcastle United,Player Shots,Joelinton,Newcastle United,3.5,19,Pointsbet,Manchester City,2602422,103815463,142
Manchester City v Newcastle United,Manchester City,Newcastle United,Player Shots,Joelinton,Newcastle United,4.5,61,Pointsbet,Manchester City,2602422,103815463,143
Manchester City v Newcastle United,Manchester City,Newcastle United,Player Shots,Harvey Barnes,Newcastle United,0.5,1.08,Pointsbet,Manchester City,2602422,103815463,145
Manchester City v Newcastle United,Manchester City,Newcastle United,Player Shots,Harvey Barnes,Newcastle United,1.5,1.36,Pointsbet,Manchester City,2602422,103815463,146
Manchester City v Newcastle United,Manchester City,Newcastle United,Player Shots,Harvey Barnes,Newcastle United,2.5,2.25,Pointsbet,Manchester City,2602422,103815463,147
Manchester City v Newcastle United,Manchester City,Newcastle United,Player Shots,Harvey Barnes,Newcastle United,3.5,4,Pointsbet,Manchester City,2602422,103815463,148
Manchester City v Newcastle United,Manchester City,Newcastle United,Player Shots,Harvey Barnes,Newcastle United,4.5,8.5,Pointsbet,Manchester City,2602422,103815463,149
Manchester City v Newcastle United,Manchester City,Newcastle United,Player Shots,Harvey Barnes,Newcastle United,5.5,19,Pointsbet,Manchester City,2602422,103815463,150
Manchester City v Newcastle United,Manchester City,Newcastle United,Player Shots,Joe Willock,Newcastle United,0.5,1.33,Pointsbet,Manchester City,2602422,103815463,151
Manchester City v Newcastle United,Manchester City,Newcastle United,Player Shots,Joe Willock,Newcastle United,1.5,2.55,Pointsbet,Manchester City,2602422,103815463,152
Manchester City v Newcastle United,Manchester City,Newcastle United,Player Shots,Joe Willock,Newcastle United,2.5,5.75,Pointsbet,Manchester City,2602422,103815463,153
Manchester City v Newcastle United,Manchester City,Newcastle United,Player Shots,Joe Willock,Newcastle United,3.5,16,Pointsbet,Manchester City,2602422,103815463,154
Manchester City v Newcastle United,Manchester City,Newcastle United,Player Shots,Joe Willock,Newcastle United,4.5,41,Pointsbet,Manchester City,2602422,103815463,155
Manchester City v Newcastle United,Manchester City,Newcastle United,Player Shots,Anthony Gordon,Newcastle United,0.5,1.08,Pointsbet,Manchester City,2602422,103815463,157
Manchester City v Newcastle United,Manchester City,Newcastle United,Player Shots,Anthony Gordon,Newcastle United,1.5,1.4,Pointsbet,Manchester City,2602422,103815463,158
Manchester City v Newcastle United,Manchester City,Newcastle United,Player Shots,Anthony Gordon,Newcastle United,2.5,2.2,Pointsbet,Manchester City,2602422,103815463,159
Manchester City v Newcastle United,Manchester City,Newcastle United,Player Shots,Anthony Gordon,Newcastle United,3.5,3.9,Pointsbet,Manchester City,2602422,103815463,160
Manchester City v Newcastle United,Manchester City,Newcastle United,Player Shots,Anthony Gordon,Newcastle United,4.5,8,Pointsbet,Manchester City,2602422,103815463,161
Manchester City v Newcastle United,Manchester City,Newcastle United,Player Shots,Anthony Gordon,Newcastle United,5.5,17,Pointsbet,Manchester City,2602422,103815463,162
Manchester City v Newcastle United,Manchester City,Newcastle United,Player Shots,S. Tonali,NA,0.5,1.29,Pointsbet,NA,2602422,103815463,163
Manchester City v Newcastle United,Manchester City,Newcastle United,Player Shots,S. Tonali,NA,1.5,2.35,Pointsbet,NA,2602422,103815463,164
Manchester City v Newcastle United,Manchester City,Newcastle United,Player Shots,S. Tonali,NA,2.5,5,Pointsbet,NA,2602422,103815463,165
Manchester City v Newcastle United,Manchester City,Newcastle United,Player Shots,S. Tonali,NA,3.5,13,Pointsbet,NA,2602422,103815463,166
Manchester City v Newcastle United,Manchester City,Newcastle United,Player Shots,S. Tonali,NA,4.5,41,Pointsbet,NA,2602422,103815463,167
Manchester City v Newcastle United,Manchester City,Newcastle United,Player Shots,Jacob Ramsey,Newcastle United,0.5,1.36,Pointsbet,Manchester City,2602422,103815463,169
Manchester City v Newcastle United,Manchester City,Newcastle United,Player Shots,Jacob Ramsey,Newcastle United,1.5,2.85,Pointsbet,Manchester City,2602422,103815463,170
Manchester City v Newcastle United,Manchester City,Newcastle United,Player Shots,Jacob Ramsey,Newcastle United,2.5,7.5,Pointsbet,Manchester City,2602422,103815463,171
Manchester City v Newcastle United,Manchester City,Newcastle United,Player Shots,Jacob Ramsey,Newcastle United,3.5,21,Pointsbet,Manchester City,2602422,103815463,172
Manchester City v Newcastle United,Manchester City,Newcastle United,Player Shots,Jacob Ramsey,Newcastle United,4.5,81,Pointsbet,Manchester City,2602422,103815463,173
Manchester City v Newcastle United,Manchester City,Newcastle United,Player Shots,M. Thiaw,NA,0.5,1.77,Pointsbet,NA,2602422,103815463,175
Manchester City v Newcastle United,Manchester City,Newcastle United,Player Shots,M. Thiaw,NA,1.5,4.75,Pointsbet,NA,2602422,103815463,176
Manchester City v Newcastle United,Manchester City,Newcastle United,Player Shots,M. Thiaw,NA,2.5,15,Pointsbet,NA,2602422,103815463,177
Manchester City v Newcastle United,Manchester City,Newcastle United,Player Shots,M. Thiaw,NA,3.5,51,Pointsbet,NA,2602422,103815463,178
Manchester City v Newcastle United,Manchester City,Newcastle United,Player Shots,Anthony Elanga,Newcastle United,0.5,1.19,Pointsbet,Manchester City,2602422,103815463,181
Manchester City v Newcastle United,Manchester City,Newcastle United,Player Shots,Anthony Elanga,Newcastle United,1.5,1.83,Pointsbet,Manchester City,2602422,103815463,182
Manchester City v Newcastle United,Manchester City,Newcastle United,Player Shots,Anthony Elanga,Newcastle United,2.5,3.7,Pointsbet,Manchester City,2602422,103815463,183
Manchester City v Newcastle United,Manchester City,Newcastle United,Player Shots,Anthony Elanga,Newcastle United,3.5,8.5,Pointsbet,Manchester City,2602422,103815463,184
Manchester City v Newcastle United,Manchester City,Newcastle United,Player Shots,Anthony Elanga,Newcastle United,4.5,21,Pointsbet,Manchester City,2602422,103815463,185
Manchester City v Newcastle United,Manchester City,Newcastle United,Player Shots,Anthony Elanga,Newcastle United,5.5,61,Pointsbet,Manchester City,2602422,103815463,186
Manchester City v Newcastle United,Manchester City,Newcastle United,Player Shots,N. Woltemade,NA,0.5,1.15,Pointsbet,NA,2602422,103815463,187
Manchester City v Newcastle United,Manchester City,Newcastle United,Player Shots,N. Woltemade,NA,1.5,1.8,Pointsbet,NA,2602422,103815463,188
Manchester City v Newcastle United,Manchester City,Newcastle United,Player Shots,N. Woltemade,NA,2.5,3.3,Pointsbet,NA,2602422,103815463,189
Manchester City v Newcastle United,Manchester City,Newcastle United,Player Shots,N. Woltemade,NA,3.5,7.5,Pointsbet,NA,2602422,103815463,190
Manchester City v Newcastle United,Manchester City,Newcastle United,Player Shots,N. Woltemade,NA,4.5,20,Pointsbet,NA,2602422,103815463,191
Manchester City v Newcastle United,Manchester City,Newcastle United,Player Shots,N. Woltemade,NA,5.5,61,Pointsbet,NA,2602422,103815463,192
Manchester City v Newcastle United,Manchester City,Newcastle United,Player Shots,Lewis Hall,Newcastle United,0.5,1.69,Pointsbet,Manchester City,2602422,103815463,193
Manchester City v Newcastle United,Manchester City,Newcastle United,Player Shots,Lewis Hall,Newcastle United,1.5,4.2,Pointsbet,Manchester City,2602422,103815463,194
Manchester City v Newcastle United,Manchester City,Newcastle United,Player Shots,Lewis Hall,Newcastle United,2.5,12,Pointsbet,Manchester City,2602422,103815463,195
Manchester City v Newcastle United,Manchester City,Newcastle United,Player Shots,Lewis Hall,Newcastle United,3.5,36,Pointsbet,Manchester City,2602422,103815463,196
Manchester City v Newcastle United,Manchester City,Newcastle United,Player Shots,William Osula,Newcastle United,0.5,1.1,Pointsbet,Manchester City,2602422,103815463,199
Manchester City v Newcastle United,Manchester City,Newcastle United,Player Shots,William Osula,Newcastle United,1.5,1.63,Pointsbet,Manchester City,2602422,103815463,200
Manchester City v Newcastle United,Manchester City,Newcastle United,Player Shots,William Osula,Newcastle United,2.5,2.85,Pointsbet,Manchester City,2602422,103815463,201
Manchester City v Newcastle United,Manchester City,Newcastle United,Player Shots,William Osula,Newcastle United,3.5,5.75,Pointsbet,Manchester City,2602422,103815463,202
Manchester City v Newcastle United,Manchester City,Newcastle United,Player Shots,William Osula,Newcastle United,4.5,12,Pointsbet,Manchester City,2602422,103815463,203
Manchester City v Newcastle United,Manchester City,Newcastle United,Player Shots,William Osula,Newcastle United,5.5,29,Pointsbet,Manchester City,2602422,103815463,204
Manchester City v Newcastle United,Manchester City,Newcastle United,Player Shots,Sávio,NA,0.5,1.06,Pointsbet,NA,2602422,103815463,205
Manchester City v Newcastle United,Manchester City,Newcastle United,Player Shots,Sávio,NA,1.5,1.31,Pointsbet,NA,2602422,103815463,206
Manchester City v Newcastle United,Manchester City,Newcastle United,Player Shots,Sávio,NA,2.5,1.87,Pointsbet,NA,2602422,103815463,207
Manchester City v Newcastle United,Manchester City,Newcastle United,Player Shots,Sávio,NA,3.5,3.3,Pointsbet,NA,2602422,103815463,208
Manchester City v Newcastle United,Manchester City,Newcastle United,Player Shots,Sávio,NA,4.5,6,Pointsbet,NA,2602422,103815463,209
Manchester City v Newcastle United,Manchester City,Newcastle United,Player Shots,Sávio,NA,5.5,12,Pointsbet,NA,2602422,103815463,210
Manchester City v Newcastle United,Manchester City,Newcastle United,Player Shots,S. Botman,NA,0.5,1.9,Pointsbet,NA,2602422,103815463,211
Manchester City v Newcastle United,Manchester City,Newcastle United,Player Shots,S. Botman,NA,1.5,5.75,Pointsbet,NA,2602422,103815463,212
Manchester City v Newcastle United,Manchester City,Newcastle United,Player Shots,S. Botman,NA,2.5,21,Pointsbet,NA,2602422,103815463,213
Manchester City v Newcastle United,Manchester City,Newcastle United,Player Shots,S. Botman,NA,3.5,81,Pointsbet,NA,2602422,103815463,214
Sunderland v Fulham,Sunderland,Fulham,Player Shots,Luke O'nien,NA,0.5,1.87,Pointsbet,NA,2603241,103863217,7
Sunderland v Fulham,Sunderland,Fulham,Player Shots,Luke O'nien,NA,1.5,5.75,Pointsbet,NA,2603241,103863217,8
Sunderland v Fulham,Sunderland,Fulham,Player Shots,Luke O'nien,NA,2.5,21,Pointsbet,NA,2603241,103863217,9
Sunderland v Fulham,Sunderland,Fulham,Player Shots,Mukiele,NA,0.5,1.8,Pointsbet,NA,2603241,103863217,13
Sunderland v Fulham,Sunderland,Fulham,Player Shots,Mukiele,NA,1.5,5,Pointsbet,NA,2603241,103863217,14
Sunderland v Fulham,Sunderland,Fulham,Player Shots,Mukiele,NA,2.5,16,Pointsbet,NA,2603241,103863217,15
Sunderland v Fulham,Sunderland,Fulham,Player Shots,Mukiele,NA,3.5,71,Pointsbet,NA,2603241,103863217,16
Sunderland v Fulham,Sunderland,Fulham,Player Shots,Lutsharel Geertruida,NA,0.5,1.71,Pointsbet,NA,2603241,103863217,19
Sunderland v Fulham,Sunderland,Fulham,Player Shots,Lutsharel Geertruida,NA,1.5,4.4,Pointsbet,NA,2603241,103863217,20
Sunderland v Fulham,Sunderland,Fulham,Player Shots,Lutsharel Geertruida,NA,2.5,15,Pointsbet,NA,2603241,103863217,21
Sunderland v Fulham,Sunderland,Fulham,Player Shots,Lutsharel Geertruida,NA,3.5,61,Pointsbet,NA,2603241,103863217,22
Sunderland v Fulham,Sunderland,Fulham,Player Shots,W. Isidor,NA,0.5,1.02,Pointsbet,NA,2603241,103863217,37
Sunderland v Fulham,Sunderland,Fulham,Player Shots,W. Isidor,NA,1.5,1.18,Pointsbet,NA,2603241,103863217,38
Sunderland v Fulham,Sunderland,Fulham,Player Shots,W. Isidor,NA,2.5,1.65,Pointsbet,NA,2603241,103863217,39
Sunderland v Fulham,Sunderland,Fulham,Player Shots,W. Isidor,NA,3.5,2.55,Pointsbet,NA,2603241,103863217,40
Sunderland v Fulham,Sunderland,Fulham,Player Shots,W. Isidor,NA,4.5,4.4,Pointsbet,NA,2603241,103863217,41
Sunderland v Fulham,Sunderland,Fulham,Player Shots,W. Isidor,NA,5.5,8.5,Pointsbet,NA,2603241,103863217,42
Sunderland v Fulham,Sunderland,Fulham,Player Shots,B. Brobbey,NA,0.5,1.04,Pointsbet,NA,2603241,103863217,43
Sunderland v Fulham,Sunderland,Fulham,Player Shots,B. Brobbey,NA,1.5,1.25,Pointsbet,NA,2603241,103863217,44
Sunderland v Fulham,Sunderland,Fulham,Player Shots,B. Brobbey,NA,2.5,1.8,Pointsbet,NA,2603241,103863217,45
Sunderland v Fulham,Sunderland,Fulham,Player Shots,B. Brobbey,NA,3.5,3,Pointsbet,NA,2603241,103863217,46
Sunderland v Fulham,Sunderland,Fulham,Player Shots,B. Brobbey,NA,4.5,5.75,Pointsbet,NA,2603241,103863217,47
Sunderland v Fulham,Sunderland,Fulham,Player Shots,B. Brobbey,NA,5.5,11,Pointsbet,NA,2603241,103863217,48
Sunderland v Fulham,Sunderland,Fulham,Player Shots,D. Ballard,NA,0.5,1.22,Pointsbet,NA,2603241,103863217,49
Sunderland v Fulham,Sunderland,Fulham,Player Shots,D. Ballard,NA,1.5,2.05,Pointsbet,NA,2603241,103863217,50
Sunderland v Fulham,Sunderland,Fulham,Player Shots,D. Ballard,NA,2.5,4.5,Pointsbet,NA,2603241,103863217,51
Sunderland v Fulham,Sunderland,Fulham,Player Shots,D. Ballard,NA,3.5,11,Pointsbet,NA,2603241,103863217,52
Sunderland v Fulham,Sunderland,Fulham,Player Shots,D. Ballard,NA,4.5,29,Pointsbet,NA,2603241,103863217,53
Sunderland v Fulham,Sunderland,Fulham,Player Shots,D. Ballard,NA,5.5,91,Pointsbet,NA,2603241,103863217,54
Sunderland v Fulham,Sunderland,Fulham,Player Shots,D. Cirkin,NA,0.5,1.44,Pointsbet,NA,2603241,103863217,55
Sunderland v Fulham,Sunderland,Fulham,Player Shots,D. Cirkin,NA,1.5,3,Pointsbet,NA,2603241,103863217,56
Sunderland v Fulham,Sunderland,Fulham,Player Shots,D. Cirkin,NA,2.5,8.5,Pointsbet,NA,2603241,103863217,57
Sunderland v Fulham,Sunderland,Fulham,Player Shots,D. Cirkin,NA,3.5,26,Pointsbet,NA,2603241,103863217,58
Sunderland v Fulham,Sunderland,Fulham,Player Shots,D. Cirkin,NA,4.5,91,Pointsbet,NA,2603241,103863217,59
Sunderland v Fulham,Sunderland,Fulham,Player Shots,Enzo Le Fã©E,NA,0.5,1.18,Pointsbet,NA,2603241,103863217,61
Sunderland v Fulham,Sunderland,Fulham,Player Shots,Enzo Le Fã©E,NA,1.5,1.83,Pointsbet,NA,2603241,103863217,62
Sunderland v Fulham,Sunderland,Fulham,Player Shots,Enzo Le Fã©E,NA,2.5,3.7,Pointsbet,NA,2603241,103863217,63
Sunderland v Fulham,Sunderland,Fulham,Player Shots,Enzo Le Fã©E,NA,3.5,8.5,Pointsbet,NA,2603241,103863217,64
Sunderland v Fulham,Sunderland,Fulham,Player Shots,Enzo Le Fã©E,NA,4.5,20,Pointsbet,NA,2603241,103863217,65
Sunderland v Fulham,Sunderland,Fulham,Player Shots,Enzo Le Fã©E,NA,5.5,61,Pointsbet,NA,2603241,103863217,66
Sunderland v Fulham,Sunderland,Fulham,Player Shots,T. Hume,NA,0.5,1.24,Pointsbet,NA,2603241,103863217,67
Sunderland v Fulham,Sunderland,Fulham,Player Shots,T. Hume,NA,1.5,2.15,Pointsbet,NA,2603241,103863217,68
Sunderland v Fulham,Sunderland,Fulham,Player Shots,T. Hume,NA,2.5,4.5,Pointsbet,NA,2603241,103863217,69
Sunderland v Fulham,Sunderland,Fulham,Player Shots,T. Hume,NA,3.5,12,Pointsbet,NA,2603241,103863217,70
Sunderland v Fulham,Sunderland,Fulham,Player Shots,T. Hume,NA,4.5,31,Pointsbet,NA,2603241,103863217,71
Sunderland v Fulham,Sunderland,Fulham,Player Shots,T. Hume,NA,5.5,91,Pointsbet,NA,2603241,103863217,72
Sunderland v Fulham,Sunderland,Fulham,Player Shots,R. Mundle,NA,0.5,1.09,Pointsbet,NA,2603241,103863217,73
Sunderland v Fulham,Sunderland,Fulham,Player Shots,R. Mundle,NA,1.5,1.53,Pointsbet,NA,2603241,103863217,74
Sunderland v Fulham,Sunderland,Fulham,Player Shots,R. Mundle,NA,2.5,2.6,Pointsbet,NA,2603241,103863217,75
Sunderland v Fulham,Sunderland,Fulham,Player Shots,R. Mundle,NA,3.5,4.75,Pointsbet,NA,2603241,103863217,76
Sunderland v Fulham,Sunderland,Fulham,Player Shots,R. Mundle,NA,4.5,11,Pointsbet,NA,2603241,103863217,77
Sunderland v Fulham,Sunderland,Fulham,Player Shots,R. Mundle,NA,5.5,31,Pointsbet,NA,2603241,103863217,78
Sunderland v Fulham,Sunderland,Fulham,Player Shots,N. Angulo,NA,0.5,1.08,Pointsbet,NA,2603241,103863217,85
Sunderland v Fulham,Sunderland,Fulham,Player Shots,N. Angulo,NA,1.5,1.42,Pointsbet,NA,2603241,103863217,86
Sunderland v Fulham,Sunderland,Fulham,Player Shots,N. Angulo,NA,2.5,2.3,Pointsbet,NA,2603241,103863217,87
Sunderland v Fulham,Sunderland,Fulham,Player Shots,N. Angulo,NA,3.5,4.2,Pointsbet,NA,2603241,103863217,88
Sunderland v Fulham,Sunderland,Fulham,Player Shots,N. Angulo,NA,4.5,8.5,Pointsbet,NA,2603241,103863217,89
Sunderland v Fulham,Sunderland,Fulham,Player Shots,N. Angulo,NA,5.5,19,Pointsbet,NA,2603241,103863217,90
Sunderland v Fulham,Sunderland,Fulham,Player Shots,H. Diarra,NA,0.5,1.18,Pointsbet,NA,2603241,103863217,91
Sunderland v Fulham,Sunderland,Fulham,Player Shots,H. Diarra,NA,1.5,1.83,Pointsbet,NA,2603241,103863217,92
Sunderland v Fulham,Sunderland,Fulham,Player Shots,H. Diarra,NA,2.5,3.7,Pointsbet,NA,2603241,103863217,93
Sunderland v Fulham,Sunderland,Fulham,Player Shots,H. Diarra,NA,3.5,8.5,Pointsbet,NA,2603241,103863217,94
Sunderland v Fulham,Sunderland,Fulham,Player Shots,H. Diarra,NA,4.5,21,Pointsbet,NA,2603241,103863217,95
Sunderland v Fulham,Sunderland,Fulham,Player Shots,H. Diarra,NA,5.5,61,Pointsbet,NA,2603241,103863217,96
Sunderland v Fulham,Sunderland,Fulham,Player Shots,C. Talbi,NA,0.5,1.08,Pointsbet,NA,2603241,103863217,97
Sunderland v Fulham,Sunderland,Fulham,Player Shots,C. Talbi,NA,1.5,1.48,Pointsbet,NA,2603241,103863217,98
Sunderland v Fulham,Sunderland,Fulham,Player Shots,C. Talbi,NA,2.5,2.4,Pointsbet,NA,2603241,103863217,99
Sunderland v Fulham,Sunderland,Fulham,Player Shots,C. Talbi,NA,3.5,4.5,Pointsbet,NA,2603241,103863217,100
Sunderland v Fulham,Sunderland,Fulham,Player Shots,C. Talbi,NA,4.5,10,Pointsbet,NA,2603241,103863217,101
Sunderland v Fulham,Sunderland,Fulham,Player Shots,C. Talbi,NA,5.5,23,Pointsbet,NA,2603241,103863217,102
Sunderland v Fulham,Sunderland,Fulham,Player Shots,N. Sadiki,NA,0.5,1.59,Pointsbet,NA,2603241,103863217,103
Sunderland v Fulham,Sunderland,Fulham,Player Shots,N. Sadiki,NA,1.5,3.9,Pointsbet,NA,2603241,103863217,104
Sunderland v Fulham,Sunderland,Fulham,Player Shots,N. Sadiki,NA,2.5,12,Pointsbet,NA,2603241,103863217,105
Sunderland v Fulham,Sunderland,Fulham,Player Shots,N. Sadiki,NA,3.5,51,Pointsbet,NA,2603241,103863217,106
Sunderland v Fulham,Sunderland,Fulham,Player Shots,Eliezer Mayenda,NA,0.5,1.04,Pointsbet,NA,2603241,103863217,109
Sunderland v Fulham,Sunderland,Fulham,Player Shots,Eliezer Mayenda,NA,1.5,1.29,Pointsbet,NA,2603241,103863217,110
Sunderland v Fulham,Sunderland,Fulham,Player Shots,Eliezer Mayenda,NA,2.5,1.87,Pointsbet,NA,2603241,103863217,111
Sunderland v Fulham,Sunderland,Fulham,Player Shots,Eliezer Mayenda,NA,3.5,3.1,Pointsbet,NA,2603241,103863217,112
Sunderland v Fulham,Sunderland,Fulham,Player Shots,Eliezer Mayenda,NA,4.5,5.75,Pointsbet,NA,2603241,103863217,113
Sunderland v Fulham,Sunderland,Fulham,Player Shots,Eliezer Mayenda,NA,5.5,12,Pointsbet,NA,2603241,103863217,114
Sunderland v Fulham,Sunderland,Fulham,Player Shots,Chris Rigg,NA,0.5,1.15,Pointsbet,NA,2603241,103863217,115
Sunderland v Fulham,Sunderland,Fulham,Player Shots,Chris Rigg,NA,1.5,1.74,Pointsbet,NA,2603241,103863217,116
Sunderland v Fulham,Sunderland,Fulham,Player Shots,Chris Rigg,NA,2.5,3.25,Pointsbet,NA,2603241,103863217,117
Sunderland v Fulham,Sunderland,Fulham,Player Shots,Chris Rigg,NA,3.5,7,Pointsbet,NA,2603241,103863217,118
Sunderland v Fulham,Sunderland,Fulham,Player Shots,Chris Rigg,NA,4.5,17,Pointsbet,NA,2603241,103863217,119
Sunderland v Fulham,Sunderland,Fulham,Player Shots,Chris Rigg,NA,5.5,51,Pointsbet,NA,2603241,103863217,120
Sunderland v Fulham,Sunderland,Fulham,Player Shots,R. Jiménez,NA,0.5,1.02,Pointsbet,NA,2603241,103863217,133
Sunderland v Fulham,Sunderland,Fulham,Player Shots,R. Jiménez,NA,1.5,1.16,Pointsbet,NA,2603241,103863217,134
Sunderland v Fulham,Sunderland,Fulham,Player Shots,R. Jiménez,NA,2.5,1.53,Pointsbet,NA,2603241,103863217,135
Sunderland v Fulham,Sunderland,Fulham,Player Shots,R. Jiménez,NA,3.5,2.3,Pointsbet,NA,2603241,103863217,136
Sunderland v Fulham,Sunderland,Fulham,Player Shots,R. Jiménez,NA,4.5,4,Pointsbet,NA,2603241,103863217,137
Sunderland v Fulham,Sunderland,Fulham,Player Shots,R. Jiménez,NA,5.5,7,Pointsbet,NA,2603241,103863217,138
Sunderland v Fulham,Sunderland,Fulham,Player Shots,Timothy Castagne,Fulham,0.5,2.2,Pointsbet,Sunderland,2603241,103863217,139
Sunderland v Fulham,Sunderland,Fulham,Player Shots,Timothy Castagne,Fulham,1.5,7.5,Pointsbet,Sunderland,2603241,103863217,140
Sunderland v Fulham,Sunderland,Fulham,Player Shots,Timothy Castagne,Fulham,2.5,36,Pointsbet,Sunderland,2603241,103863217,141
Sunderland v Fulham,Sunderland,Fulham,Player Shots,Harrison Reed,Fulham,0.5,1.42,Pointsbet,Sunderland,2603241,103863217,151
Sunderland v Fulham,Sunderland,Fulham,Player Shots,Harrison Reed,Fulham,1.5,3,Pointsbet,Sunderland,2603241,103863217,152
Sunderland v Fulham,Sunderland,Fulham,Player Shots,Harrison Reed,Fulham,2.5,8,Pointsbet,Sunderland,2603241,103863217,153
Sunderland v Fulham,Sunderland,Fulham,Player Shots,Harrison Reed,Fulham,3.5,23,Pointsbet,Sunderland,2603241,103863217,154
Sunderland v Fulham,Sunderland,Fulham,Player Shots,Harrison Reed,Fulham,4.5,91,Pointsbet,Sunderland,2603241,103863217,155
Sunderland v Fulham,Sunderland,Fulham,Player Shots,Alex Iwobi,Fulham,0.5,1.27,Pointsbet,Sunderland,2603241,103863217,157
Sunderland v Fulham,Sunderland,Fulham,Player Shots,Alex Iwobi,Fulham,1.5,2.25,Pointsbet,Sunderland,2603241,103863217,158
Sunderland v Fulham,Sunderland,Fulham,Player Shots,Alex Iwobi,Fulham,2.5,4.75,Pointsbet,Sunderland,2603241,103863217,159
Sunderland v Fulham,Sunderland,Fulham,Player Shots,Alex Iwobi,Fulham,3.5,12,Pointsbet,Sunderland,2603241,103863217,160
Sunderland v Fulham,Sunderland,Fulham,Player Shots,Alex Iwobi,Fulham,4.5,36,Pointsbet,Sunderland,2603241,103863217,161
Sunderland v Fulham,Sunderland,Fulham,Player Shots,Alex Iwobi,Fulham,5.5,91,Pointsbet,Sunderland,2603241,103863217,162
Sunderland v Fulham,Sunderland,Fulham,Player Shots,Harry Wilson,Fulham,0.5,1.03,Pointsbet,Sunderland,2603241,103863217,163
Sunderland v Fulham,Sunderland,Fulham,Player Shots,Harry Wilson,Fulham,1.5,1.19,Pointsbet,Sunderland,2603241,103863217,164
Sunderland v Fulham,Sunderland,Fulham,Player Shots,Harry Wilson,Fulham,2.5,1.67,Pointsbet,Sunderland,2603241,103863217,165
Sunderland v Fulham,Sunderland,Fulham,Player Shots,Harry Wilson,Fulham,3.5,2.55,Pointsbet,Sunderland,2603241,103863217,166
Sunderland v Fulham,Sunderland,Fulham,Player Shots,Harry Wilson,Fulham,4.5,4.4,Pointsbet,Sunderland,2603241,103863217,167
Sunderland v Fulham,Sunderland,Fulham,Player Shots,Harry Wilson,Fulham,5.5,8.5,Pointsbet,Sunderland,2603241,103863217,168
Sunderland v Fulham,Sunderland,Fulham,Player Shots,Joachim Andersen,Fulham,0.5,1.74,Pointsbet,Sunderland,2603241,103863217,169
Sunderland v Fulham,Sunderland,Fulham,Player Shots,Joachim Andersen,Fulham,1.5,4.5,Pointsbet,Sunderland,2603241,103863217,170
Sunderland v Fulham,Sunderland,Fulham,Player Shots,Joachim Andersen,Fulham,2.5,16,Pointsbet,Sunderland,2603241,103863217,171
Sunderland v Fulham,Sunderland,Fulham,Player Shots,Joachim Andersen,Fulham,3.5,81,Pointsbet,Sunderland,2603241,103863217,172
Sunderland v Fulham,Sunderland,Fulham,Player Shots,Sander Berge,Fulham,0.5,1.87,Pointsbet,Sunderland,2603241,103863217,175
Sunderland v Fulham,Sunderland,Fulham,Player Shots,Sander Berge,Fulham,1.5,5.75,Pointsbet,Sunderland,2603241,103863217,176
Sunderland v Fulham,Sunderland,Fulham,Player Shots,Sander Berge,Fulham,2.5,21,Pointsbet,Sunderland,2603241,103863217,177
Sunderland v Fulham,Sunderland,Fulham,Player Shots,Sander Berge,Fulham,3.5,81,Pointsbet,Sunderland,2603241,103863217,178
Sunderland v Fulham,Sunderland,Fulham,Player Shots,Antonee Robinson,Fulham,0.5,2.1,Pointsbet,Sunderland,2603241,103863217,181
Sunderland v Fulham,Sunderland,Fulham,Player Shots,Antonee Robinson,Fulham,1.5,7,Pointsbet,Sunderland,2603241,103863217,182
Sunderland v Fulham,Sunderland,Fulham,Player Shots,Antonee Robinson,Fulham,2.5,26,Pointsbet,Sunderland,2603241,103863217,183
Sunderland v Fulham,Sunderland,Fulham,Player Shots,Issa Diop,Fulham,0.5,2.25,Pointsbet,Sunderland,2603241,103863217,187
Sunderland v Fulham,Sunderland,Fulham,Player Shots,Issa Diop,Fulham,1.5,8,Pointsbet,Sunderland,2603241,103863217,188
Sunderland v Fulham,Sunderland,Fulham,Player Shots,Issa Diop,Fulham,2.5,36,Pointsbet,Sunderland,2603241,103863217,189
Sunderland v Fulham,Sunderland,Fulham,Player Shots,Ryan Sessegnon,Fulham,0.5,1.08,Pointsbet,Sunderland,2603241,103863217,193
Sunderland v Fulham,Sunderland,Fulham,Player Shots,Ryan Sessegnon,Fulham,1.5,1.5,Pointsbet,Sunderland,2603241,103863217,194
Sunderland v Fulham,Sunderland,Fulham,Player Shots,Ryan Sessegnon,Fulham,2.5,2.4,Pointsbet,Sunderland,2603241,103863217,195
Sunderland v Fulham,Sunderland,Fulham,Player Shots,Ryan Sessegnon,Fulham,3.5,4.5,Pointsbet,Sunderland,2603241,103863217,196
Sunderland v Fulham,Sunderland,Fulham,Player Shots,Ryan Sessegnon,Fulham,4.5,10,Pointsbet,Sunderland,2603241,103863217,197
Sunderland v Fulham,Sunderland,Fulham,Player Shots,Ryan Sessegnon,Fulham,5.5,21,Pointsbet,Sunderland,2603241,103863217,198
Sunderland v Fulham,Sunderland,Fulham,Player Shots,Emile Smith Rowe,Fulham,0.5,1.09,Pointsbet,Sunderland,2603241,103863217,199
Sunderland v Fulham,Sunderland,Fulham,Player Shots,Emile Smith Rowe,Fulham,1.5,1.53,Pointsbet,Sunderland,2603241,103863217,200
Sunderland v Fulham,Sunderland,Fulham,Player Shots,Emile Smith Rowe,Fulham,2.5,2.55,Pointsbet,Sunderland,2603241,103863217,201
Sunderland v Fulham,Sunderland,Fulham,Player Shots,Emile Smith Rowe,Fulham,3.5,5,Pointsbet,Sunderland,2603241,103863217,202
Sunderland v Fulham,Sunderland,Fulham,Player Shots,Emile Smith Rowe,Fulham,4.5,11,Pointsbet,Sunderland,2603241,103863217,203
Sunderland v Fulham,Sunderland,Fulham,Player Shots,Emile Smith Rowe,Fulham,5.5,29,Pointsbet,Sunderland,2603241,103863217,204
Sunderland v Fulham,Sunderland,Fulham,Player Shots,Jorge Cuenca,Fulham,0.5,1.74,Pointsbet,Sunderland,2603241,103863217,205
Sunderland v Fulham,Sunderland,Fulham,Player Shots,Jorge Cuenca,Fulham,1.5,4.4,Pointsbet,Sunderland,2603241,103863217,206
Sunderland v Fulham,Sunderland,Fulham,Player Shots,Jorge Cuenca,Fulham,2.5,15,Pointsbet,Sunderland,2603241,103863217,207
Sunderland v Fulham,Sunderland,Fulham,Player Shots,Jorge Cuenca,Fulham,3.5,61,Pointsbet,Sunderland,2603241,103863217,208
Sunderland v Fulham,Sunderland,Fulham,Player Shots,Calvin Bassey,Fulham,0.5,2.7,Pointsbet,Sunderland,2603241,103863217,211
Sunderland v Fulham,Sunderland,Fulham,Player Shots,Calvin Bassey,Fulham,1.5,12,Pointsbet,Sunderland,2603241,103863217,212
Sunderland v Fulham,Sunderland,Fulham,Player Shots,Calvin Bassey,Fulham,2.5,61,Pointsbet,Sunderland,2603241,103863217,213
Sunderland v Fulham,Sunderland,Fulham,Player Shots,Chukwueze,NA,0.5,1.08,Pointsbet,NA,2603241,103863217,217
Sunderland v Fulham,Sunderland,Fulham,Player Shots,Chukwueze,NA,1.5,1.4,Pointsbet,NA,2603241,103863217,218
Sunderland v Fulham,Sunderland,Fulham,Player Shots,Chukwueze,NA,2.5,2.25,Pointsbet,NA,2603241,103863217,219
Sunderland v Fulham,Sunderland,Fulham,Player Shots,Chukwueze,NA,3.5,4.2,Pointsbet,NA,2603241,103863217,220
Sunderland v Fulham,Sunderland,Fulham,Player Shots,Chukwueze,NA,4.5,8.5,Pointsbet,NA,2603241,103863217,221
Sunderland v Fulham,Sunderland,Fulham,Player Shots,Chukwueze,NA,5.5,19,Pointsbet,NA,2603241,103863217,222
Sunderland v Fulham,Sunderland,Fulham,Player Shots,Oscar Bobb,Manchester City,0.5,1.13,Pointsbet,Sunderland,2603241,103863217,223
Sunderland v Fulham,Sunderland,Fulham,Player Shots,Oscar Bobb,Manchester City,1.5,1.65,Pointsbet,Sunderland,2603241,103863217,224
Sunderland v Fulham,Sunderland,Fulham,Player Shots,Oscar Bobb,Manchester City,2.5,2.85,Pointsbet,Sunderland,2603241,103863217,225
Sunderland v Fulham,Sunderland,Fulham,Player Shots,Oscar Bobb,Manchester City,3.5,5.75,Pointsbet,Sunderland,2603241,103863217,226
Sunderland v Fulham,Sunderland,Fulham,Player Shots,Oscar Bobb,Manchester City,4.5,13,Pointsbet,Sunderland,2603241,103863217,227
Sunderland v Fulham,Sunderland,Fulham,Player Shots,Oscar Bobb,Manchester City,5.5,36,Pointsbet,Sunderland,2603241,103863217,228
Sunderland v Fulham,Sunderland,Fulham,Player Shots,Rodrigo Muniz,Fulham,0.5,1.01,Pointsbet,Sunderland,2603241,103863217,229
Sunderland v Fulham,Sunderland,Fulham,Player Shots,Rodrigo Muniz,Fulham,1.5,1.13,Pointsbet,Sunderland,2603241,103863217,230
Sunderland v Fulham,Sunderland,Fulham,Player Shots,Rodrigo Muniz,Fulham,2.5,1.44,Pointsbet,Sunderland,2603241,103863217,231
Sunderland v Fulham,Sunderland,Fulham,Player Shots,Rodrigo Muniz,Fulham,3.5,2.1,Pointsbet,Sunderland,2603241,103863217,232
Sunderland v Fulham,Sunderland,Fulham,Player Shots,Rodrigo Muniz,Fulham,4.5,3.4,Pointsbet,Sunderland,2603241,103863217,233
Sunderland v Fulham,Sunderland,Fulham,Player Shots,Rodrigo Muniz,Fulham,5.5,5.75,Pointsbet,Sunderland,2603241,103863217,234
Sunderland v Fulham,Sunderland,Fulham,Player Shots,Kevin,Fulham,0.5,1.04,Pointsbet,Sunderland,2603241,103863217,235
Sunderland v Fulham,Sunderland,Fulham,Player Shots,Kevin,Fulham,1.5,1.27,Pointsbet,Sunderland,2603241,103863217,236
Sunderland v Fulham,Sunderland,Fulham,Player Shots,Kevin,Fulham,2.5,1.83,Pointsbet,Sunderland,2603241,103863217,237
Sunderland v Fulham,Sunderland,Fulham,Player Shots,Kevin,Fulham,3.5,3,Pointsbet,Sunderland,2603241,103863217,238
Sunderland v Fulham,Sunderland,Fulham,Player Shots,Kevin,Fulham,4.5,5.25,Pointsbet,Sunderland,2603241,103863217,239
Sunderland v Fulham,Sunderland,Fulham,Player Shots,Kevin,Fulham,5.5,11,Pointsbet,Sunderland,2603241,103863217,240
Sunderland v Fulham,Sunderland,Fulham,Player Shots,Joshua King,NA,0.5,1.07,Pointsbet,NA,2603241,103863217,241
Sunderland v Fulham,Sunderland,Fulham,Player Shots,Joshua King,NA,1.5,1.36,Pointsbet,NA,2603241,103863217,242
Sunderland v Fulham,Sunderland,Fulham,Player Shots,Joshua King,NA,2.5,2.25,Pointsbet,NA,2603241,103863217,243
Sunderland v Fulham,Sunderland,Fulham,Player Shots,Joshua King,NA,3.5,4,Pointsbet,NA,2603241,103863217,244
Sunderland v Fulham,Sunderland,Fulham,Player Shots,Joshua King,NA,4.5,8,Pointsbet,NA,2603241,103863217,245
Sunderland v Fulham,Sunderland,Fulham,Player Shots,Joshua King,NA,5.5,19,Pointsbet,NA,2603241,103863217,246
Nottingham Forest v Liverpool,Nottingham Forest,Liverpool,Player Shots,Ola Aina,Nottingham Forest,0.5,1.71,Pointsbet,Liverpool,2603240,103863535,1
Nottingham Forest v Liverpool,Nottingham Forest,Liverpool,Player Shots,Ola Aina,Nottingham Forest,1.5,4.4,Pointsbet,Liverpool,2603240,103863535,2
Nottingham Forest v Liverpool,Nottingham Forest,Liverpool,Player Shots,Ola Aina,Nottingham Forest,2.5,13,Pointsbet,Liverpool,2603240,103863535,3
Nottingham Forest v Liverpool,Nottingham Forest,Liverpool,Player Shots,Ola Aina,Nottingham Forest,3.5,61,Pointsbet,Liverpool,2603240,103863535,4
Nottingham Forest v Liverpool,Nottingham Forest,Liverpool,Player Shots,Taiwo Awoniyi,Nottingham Forest,0.5,1.07,Pointsbet,Liverpool,2603240,103863535,7
Nottingham Forest v Liverpool,Nottingham Forest,Liverpool,Player Shots,Taiwo Awoniyi,Nottingham Forest,1.5,1.4,Pointsbet,Liverpool,2603240,103863535,8
Nottingham Forest v Liverpool,Nottingham Forest,Liverpool,Player Shots,Taiwo Awoniyi,Nottingham Forest,2.5,2.2,Pointsbet,Liverpool,2603240,103863535,9
Nottingham Forest v Liverpool,Nottingham Forest,Liverpool,Player Shots,Taiwo Awoniyi,Nottingham Forest,3.5,4.2,Pointsbet,Liverpool,2603240,103863535,10
Nottingham Forest v Liverpool,Nottingham Forest,Liverpool,Player Shots,Taiwo Awoniyi,Nottingham Forest,4.5,8.5,Pointsbet,Liverpool,2603240,103863535,11
Nottingham Forest v Liverpool,Nottingham Forest,Liverpool,Player Shots,Taiwo Awoniyi,Nottingham Forest,5.5,20,Pointsbet,Liverpool,2603240,103863535,12
Nottingham Forest v Liverpool,Nottingham Forest,Liverpool,Player Shots,Sangaré,NA,0.5,1.59,Pointsbet,NA,2603240,103863535,13
Nottingham Forest v Liverpool,Nottingham Forest,Liverpool,Player Shots,Sangaré,NA,1.5,3.7,Pointsbet,NA,2603240,103863535,14
Nottingham Forest v Liverpool,Nottingham Forest,Liverpool,Player Shots,Sangaré,NA,2.5,11,Pointsbet,NA,2603240,103863535,15
Nottingham Forest v Liverpool,Nottingham Forest,Liverpool,Player Shots,Sangaré,NA,3.5,36,Pointsbet,NA,2603240,103863535,16
Nottingham Forest v Liverpool,Nottingham Forest,Liverpool,Player Shots,Morgan Gibbs-White,Nottingham Forest,0.5,1.1,Pointsbet,Liverpool,2603240,103863535,19
Nottingham Forest v Liverpool,Nottingham Forest,Liverpool,Player Shots,Morgan Gibbs-White,Nottingham Forest,1.5,1.56,Pointsbet,Liverpool,2603240,103863535,20
Nottingham Forest v Liverpool,Nottingham Forest,Liverpool,Player Shots,Morgan Gibbs-White,Nottingham Forest,2.5,2.7,Pointsbet,Liverpool,2603240,103863535,21
Nottingham Forest v Liverpool,Nottingham Forest,Liverpool,Player Shots,Morgan Gibbs-White,Nottingham Forest,3.5,5.25,Pointsbet,Liverpool,2603240,103863535,22
Nottingham Forest v Liverpool,Nottingham Forest,Liverpool,Player Shots,Morgan Gibbs-White,Nottingham Forest,4.5,12,Pointsbet,Liverpool,2603240,103863535,23
Nottingham Forest v Liverpool,Nottingham Forest,Liverpool,Player Shots,Morgan Gibbs-White,Nottingham Forest,5.5,29,Pointsbet,Liverpool,2603240,103863535,24
Nottingham Forest v Liverpool,Nottingham Forest,Liverpool,Player Shots,Ryan Yates,Nottingham Forest,0.5,1.29,Pointsbet,Liverpool,2603240,103863535,25
Nottingham Forest v Liverpool,Nottingham Forest,Liverpool,Player Shots,Ryan Yates,Nottingham Forest,1.5,2.35,Pointsbet,Liverpool,2603240,103863535,26
Nottingham Forest v Liverpool,Nottingham Forest,Liverpool,Player Shots,Ryan Yates,Nottingham Forest,2.5,5,Pointsbet,Liverpool,2603240,103863535,27
Nottingham Forest v Liverpool,Nottingham Forest,Liverpool,Player Shots,Ryan Yates,Nottingham Forest,3.5,13,Pointsbet,Liverpool,2603240,103863535,28
Nottingham Forest v Liverpool,Nottingham Forest,Liverpool,Player Shots,Ryan Yates,Nottingham Forest,4.5,36,Pointsbet,Liverpool,2603240,103863535,29
Nottingham Forest v Liverpool,Nottingham Forest,Liverpool,Player Shots,N. Domínguez,NA,0.5,1.14,Pointsbet,NA,2603240,103863535,31
Nottingham Forest v Liverpool,Nottingham Forest,Liverpool,Player Shots,N. Domínguez,NA,1.5,1.69,Pointsbet,NA,2603240,103863535,32
Nottingham Forest v Liverpool,Nottingham Forest,Liverpool,Player Shots,N. Domínguez,NA,2.5,3.1,Pointsbet,NA,2603240,103863535,33
Nottingham Forest v Liverpool,Nottingham Forest,Liverpool,Player Shots,N. Domínguez,NA,3.5,6.5,Pointsbet,NA,2603240,103863535,34
Nottingham Forest v Liverpool,Nottingham Forest,Liverpool,Player Shots,N. Domínguez,NA,4.5,16,Pointsbet,NA,2603240,103863535,35
Nottingham Forest v Liverpool,Nottingham Forest,Liverpool,Player Shots,N. Domínguez,NA,5.5,41,Pointsbet,NA,2603240,103863535,36
Nottingham Forest v Liverpool,Nottingham Forest,Liverpool,Player Shots,Nikola Milenkovi<c4><87>,NA,0.5,1.77,Pointsbet,NA,2603240,103863535,37
Nottingham Forest v Liverpool,Nottingham Forest,Liverpool,Player Shots,Nikola Milenkovi<c4><87>,NA,1.5,4.75,Pointsbet,NA,2603240,103863535,38
Nottingham Forest v Liverpool,Nottingham Forest,Liverpool,Player Shots,Nikola Milenkovi<c4><87>,NA,2.5,16,Pointsbet,NA,2603240,103863535,39
Nottingham Forest v Liverpool,Nottingham Forest,Liverpool,Player Shots,Nikola Milenkovi<c4><87>,NA,3.5,61,Pointsbet,NA,2603240,103863535,40
Nottingham Forest v Liverpool,Nottingham Forest,Liverpool,Player Shots,Callum Hudson-Odoi,Nottingham Forest,0.5,1.14,Pointsbet,Liverpool,2603240,103863535,43
Nottingham Forest v Liverpool,Nottingham Forest,Liverpool,Player Shots,Callum Hudson-Odoi,Nottingham Forest,1.5,1.74,Pointsbet,Liverpool,2603240,103863535,44
Nottingham Forest v Liverpool,Nottingham Forest,Liverpool,Player Shots,Callum Hudson-Odoi,Nottingham Forest,2.5,3.25,Pointsbet,Liverpool,2603240,103863535,45
Nottingham Forest v Liverpool,Nottingham Forest,Liverpool,Player Shots,Callum Hudson-Odoi,Nottingham Forest,3.5,7,Pointsbet,Liverpool,2603240,103863535,46
Nottingham Forest v Liverpool,Nottingham Forest,Liverpool,Player Shots,Callum Hudson-Odoi,Nottingham Forest,4.5,17,Pointsbet,Liverpool,2603240,103863535,47
Nottingham Forest v Liverpool,Nottingham Forest,Liverpool,Player Shots,Callum Hudson-Odoi,Nottingham Forest,5.5,41,Pointsbet,Liverpool,2603240,103863535,48
Nottingham Forest v Liverpool,Nottingham Forest,Liverpool,Player Shots,Neco Williams,Nottingham Forest,0.5,1.36,Pointsbet,Liverpool,2603240,103863535,49
Nottingham Forest v Liverpool,Nottingham Forest,Liverpool,Player Shots,Neco Williams,Nottingham Forest,1.5,2.7,Pointsbet,Liverpool,2603240,103863535,50
Nottingham Forest v Liverpool,Nottingham Forest,Liverpool,Player Shots,Neco Williams,Nottingham Forest,2.5,6.5,Pointsbet,Liverpool,2603240,103863535,51
Nottingham Forest v Liverpool,Nottingham Forest,Liverpool,Player Shots,Neco Williams,Nottingham Forest,3.5,19,Pointsbet,Liverpool,2603240,103863535,52
Nottingham Forest v Liverpool,Nottingham Forest,Liverpool,Player Shots,Neco Williams,Nottingham Forest,4.5,61,Pointsbet,Liverpool,2603240,103863535,53
Nottingham Forest v Liverpool,Nottingham Forest,Liverpool,Player Shots,L. Netz,NA,0.5,2.05,Pointsbet,NA,2603240,103863535,55
Nottingham Forest v Liverpool,Nottingham Forest,Liverpool,Player Shots,L. Netz,NA,1.5,7,Pointsbet,NA,2603240,103863535,56
Nottingham Forest v Liverpool,Nottingham Forest,Liverpool,Player Shots,L. Netz,NA,2.5,29,Pointsbet,NA,2603240,103863535,57
Nottingham Forest v Liverpool,Nottingham Forest,Liverpool,Player Shots,D. Ndoye,NA,0.5,1.18,Pointsbet,NA,2603240,103863535,61
Nottingham Forest v Liverpool,Nottingham Forest,Liverpool,Player Shots,D. Ndoye,NA,1.5,1.83,Pointsbet,NA,2603240,103863535,62
Nottingham Forest v Liverpool,Nottingham Forest,Liverpool,Player Shots,D. Ndoye,NA,2.5,3.4,Pointsbet,NA,2603240,103863535,63
Nottingham Forest v Liverpool,Nottingham Forest,Liverpool,Player Shots,D. Ndoye,NA,3.5,7.5,Pointsbet,NA,2603240,103863535,64
Nottingham Forest v Liverpool,Nottingham Forest,Liverpool,Player Shots,D. Ndoye,NA,4.5,19,Pointsbet,NA,2603240,103863535,65
Nottingham Forest v Liverpool,Nottingham Forest,Liverpool,Player Shots,D. Ndoye,NA,5.5,51,Pointsbet,NA,2603240,103863535,66
Nottingham Forest v Liverpool,Nottingham Forest,Liverpool,Player Shots,Felipe Rodrigues,NA,0.5,2.15,Pointsbet,NA,2603240,103863535,67
Nottingham Forest v Liverpool,Nottingham Forest,Liverpool,Player Shots,Felipe Rodrigues,NA,1.5,7,Pointsbet,NA,2603240,103863535,68
Nottingham Forest v Liverpool,Nottingham Forest,Liverpool,Player Shots,Felipe Rodrigues,NA,2.5,29,Pointsbet,NA,2603240,103863535,69
Nottingham Forest v Liverpool,Nottingham Forest,Liverpool,Player Shots,D. Bakwa,NA,0.5,1.11,Pointsbet,NA,2603240,103863535,73
Nottingham Forest v Liverpool,Nottingham Forest,Liverpool,Player Shots,D. Bakwa,NA,1.5,1.65,Pointsbet,NA,2603240,103863535,74
Nottingham Forest v Liverpool,Nottingham Forest,Liverpool,Player Shots,D. Bakwa,NA,2.5,2.85,Pointsbet,NA,2603240,103863535,75
Nottingham Forest v Liverpool,Nottingham Forest,Liverpool,Player Shots,D. Bakwa,NA,3.5,6,Pointsbet,NA,2603240,103863535,76
Nottingham Forest v Liverpool,Nottingham Forest,Liverpool,Player Shots,D. Bakwa,NA,4.5,13,Pointsbet,NA,2603240,103863535,77
Nottingham Forest v Liverpool,Nottingham Forest,Liverpool,Player Shots,D. Bakwa,NA,5.5,36,Pointsbet,NA,2603240,103863535,78
Nottingham Forest v Liverpool,Nottingham Forest,Liverpool,Player Shots,Elliot Anderson,Nottingham Forest,0.5,1.53,Pointsbet,Liverpool,2603240,103863535,85
Nottingham Forest v Liverpool,Nottingham Forest,Liverpool,Player Shots,Elliot Anderson,Nottingham Forest,1.5,3.3,Pointsbet,Liverpool,2603240,103863535,86
Nottingham Forest v Liverpool,Nottingham Forest,Liverpool,Player Shots,Elliot Anderson,Nottingham Forest,2.5,10,Pointsbet,Liverpool,2603240,103863535,87
Nottingham Forest v Liverpool,Nottingham Forest,Liverpool,Player Shots,Elliot Anderson,Nottingham Forest,3.5,31,Pointsbet,Liverpool,2603240,103863535,88
Nottingham Forest v Liverpool,Nottingham Forest,Liverpool,Player Shots,L. Lucca,NA,0.5,1.04,Pointsbet,NA,2603240,103863535,91
Nottingham Forest v Liverpool,Nottingham Forest,Liverpool,Player Shots,L. Lucca,NA,1.5,1.27,Pointsbet,NA,2603240,103863535,92
Nottingham Forest v Liverpool,Nottingham Forest,Liverpool,Player Shots,L. Lucca,NA,2.5,1.83,Pointsbet,NA,2603240,103863535,93
Nottingham Forest v Liverpool,Nottingham Forest,Liverpool,Player Shots,L. Lucca,NA,3.5,3.1,Pointsbet,NA,2603240,103863535,94
Nottingham Forest v Liverpool,Nottingham Forest,Liverpool,Player Shots,L. Lucca,NA,4.5,6,Pointsbet,NA,2603240,103863535,95
Nottingham Forest v Liverpool,Nottingham Forest,Liverpool,Player Shots,L. Lucca,NA,5.5,12,Pointsbet,NA,2603240,103863535,96
Nottingham Forest v Liverpool,Nottingham Forest,Liverpool,Player Shots,Murillo,Nottingham Forest,0.5,1.9,Pointsbet,Liverpool,2603240,103863535,97
Nottingham Forest v Liverpool,Nottingham Forest,Liverpool,Player Shots,Murillo,Nottingham Forest,1.5,6,Pointsbet,Liverpool,2603240,103863535,98
Nottingham Forest v Liverpool,Nottingham Forest,Liverpool,Player Shots,Murillo,Nottingham Forest,2.5,23,Pointsbet,Liverpool,2603240,103863535,99
Nottingham Forest v Liverpool,Nottingham Forest,Liverpool,Player Shots,Omari Hutchinson,Nottingham Forest,0.5,1.22,Pointsbet,Liverpool,2603240,103863535,103
Nottingham Forest v Liverpool,Nottingham Forest,Liverpool,Player Shots,Omari Hutchinson,Nottingham Forest,1.5,2,Pointsbet,Liverpool,2603240,103863535,104
Nottingham Forest v Liverpool,Nottingham Forest,Liverpool,Player Shots,Omari Hutchinson,Nottingham Forest,2.5,4.2,Pointsbet,Liverpool,2603240,103863535,105
Nottingham Forest v Liverpool,Nottingham Forest,Liverpool,Player Shots,Omari Hutchinson,Nottingham Forest,3.5,10,Pointsbet,Liverpool,2603240,103863535,106
Nottingham Forest v Liverpool,Nottingham Forest,Liverpool,Player Shots,Omari Hutchinson,Nottingham Forest,4.5,26,Pointsbet,Liverpool,2603240,103863535,107
Nottingham Forest v Liverpool,Nottingham Forest,Liverpool,Player Shots,Omari Hutchinson,Nottingham Forest,5.5,91,Pointsbet,Liverpool,2603240,103863535,108
Nottingham Forest v Liverpool,Nottingham Forest,Liverpool,Player Shots,Jair Cunha,Nottingham Forest,0.5,2.4,Pointsbet,Liverpool,2603240,103863535,121
Nottingham Forest v Liverpool,Nottingham Forest,Liverpool,Player Shots,Jair Cunha,Nottingham Forest,1.5,9.5,Pointsbet,Liverpool,2603240,103863535,122
Nottingham Forest v Liverpool,Nottingham Forest,Liverpool,Player Shots,Jair Cunha,Nottingham Forest,2.5,41,Pointsbet,Liverpool,2603240,103863535,123
Nottingham Forest v Liverpool,Nottingham Forest,Liverpool,Player Shots,Igor Jesus,Nottingham Forest,0.5,1.03,Pointsbet,Liverpool,2603240,103863535,127
Nottingham Forest v Liverpool,Nottingham Forest,Liverpool,Player Shots,Igor Jesus,Nottingham Forest,1.5,1.22,Pointsbet,Liverpool,2603240,103863535,128
Nottingham Forest v Liverpool,Nottingham Forest,Liverpool,Player Shots,Igor Jesus,Nottingham Forest,2.5,1.71,Pointsbet,Liverpool,2603240,103863535,129
Nottingham Forest v Liverpool,Nottingham Forest,Liverpool,Player Shots,Igor Jesus,Nottingham Forest,3.5,2.75,Pointsbet,Liverpool,2603240,103863535,130
Nottingham Forest v Liverpool,Nottingham Forest,Liverpool,Player Shots,Igor Jesus,Nottingham Forest,4.5,5,Pointsbet,Liverpool,2603240,103863535,131
Nottingham Forest v Liverpool,Nottingham Forest,Liverpool,Player Shots,Igor Jesus,Nottingham Forest,5.5,10,Pointsbet,Liverpool,2603240,103863535,132
Nottingham Forest v Liverpool,Nottingham Forest,Liverpool,Player Shots,Mohamed Salah,Liverpool,0.5,1.03,Pointsbet,Nottingham Forest,2603240,103863535,133
Nottingham Forest v Liverpool,Nottingham Forest,Liverpool,Player Shots,Mohamed Salah,Liverpool,1.5,1.22,Pointsbet,Nottingham Forest,2603240,103863535,134
Nottingham Forest v Liverpool,Nottingham Forest,Liverpool,Player Shots,Mohamed Salah,Liverpool,2.5,1.71,Pointsbet,Nottingham Forest,2603240,103863535,135
Nottingham Forest v Liverpool,Nottingham Forest,Liverpool,Player Shots,Mohamed Salah,Liverpool,3.5,2.6,Pointsbet,Nottingham Forest,2603240,103863535,136
Nottingham Forest v Liverpool,Nottingham Forest,Liverpool,Player Shots,Mohamed Salah,Liverpool,4.5,4.75,Pointsbet,Nottingham Forest,2603240,103863535,137
Nottingham Forest v Liverpool,Nottingham Forest,Liverpool,Player Shots,Mohamed Salah,Liverpool,5.5,10,Pointsbet,Nottingham Forest,2603240,103863535,138
Nottingham Forest v Liverpool,Nottingham Forest,Liverpool,Player Shots,Virgil van Dijk,Liverpool,0.5,1.59,Pointsbet,Nottingham Forest,2603240,103863535,139
Nottingham Forest v Liverpool,Nottingham Forest,Liverpool,Player Shots,Virgil van Dijk,Liverpool,1.5,3.7,Pointsbet,Nottingham Forest,2603240,103863535,140
Nottingham Forest v Liverpool,Nottingham Forest,Liverpool,Player Shots,Virgil van Dijk,Liverpool,2.5,11,Pointsbet,Nottingham Forest,2603240,103863535,141
Nottingham Forest v Liverpool,Nottingham Forest,Liverpool,Player Shots,Virgil van Dijk,Liverpool,3.5,36,Pointsbet,Nottingham Forest,2603240,103863535,142
Nottingham Forest v Liverpool,Nottingham Forest,Liverpool,Player Shots,Andrew Robertson,Liverpool,0.5,1.59,Pointsbet,Nottingham Forest,2603240,103863535,145
Nottingham Forest v Liverpool,Nottingham Forest,Liverpool,Player Shots,Andrew Robertson,Liverpool,1.5,3.6,Pointsbet,Nottingham Forest,2603240,103863535,146
Nottingham Forest v Liverpool,Nottingham Forest,Liverpool,Player Shots,Andrew Robertson,Liverpool,2.5,10.5,Pointsbet,Nottingham Forest,2603240,103863535,147
Nottingham Forest v Liverpool,Nottingham Forest,Liverpool,Player Shots,Andrew Robertson,Liverpool,3.5,36,Pointsbet,Nottingham Forest,2603240,103863535,148
Nottingham Forest v Liverpool,Nottingham Forest,Liverpool,Player Shots,Joe Gomez,Liverpool,0.5,1.56,Pointsbet,Nottingham Forest,2603240,103863535,151
Nottingham Forest v Liverpool,Nottingham Forest,Liverpool,Player Shots,Joe Gomez,Liverpool,1.5,3.7,Pointsbet,Nottingham Forest,2603240,103863535,152
Nottingham Forest v Liverpool,Nottingham Forest,Liverpool,Player Shots,Joe Gomez,Liverpool,2.5,11,Pointsbet,Nottingham Forest,2603240,103863535,153
Nottingham Forest v Liverpool,Nottingham Forest,Liverpool,Player Shots,Joe Gomez,Liverpool,3.5,36,Pointsbet,Nottingham Forest,2603240,103863535,154
Nottingham Forest v Liverpool,Nottingham Forest,Liverpool,Player Shots,Chiesa,NA,0.5,1.03,Pointsbet,NA,2603240,103863535,157
Nottingham Forest v Liverpool,Nottingham Forest,Liverpool,Player Shots,Chiesa,NA,1.5,1.18,Pointsbet,NA,2603240,103863535,158
Nottingham Forest v Liverpool,Nottingham Forest,Liverpool,Player Shots,Chiesa,NA,2.5,1.59,Pointsbet,NA,2603240,103863535,159
Nottingham Forest v Liverpool,Nottingham Forest,Liverpool,Player Shots,Chiesa,NA,3.5,2.35,Pointsbet,NA,2603240,103863535,160
Nottingham Forest v Liverpool,Nottingham Forest,Liverpool,Player Shots,Chiesa,NA,4.5,4,Pointsbet,NA,2603240,103863535,161
Nottingham Forest v Liverpool,Nottingham Forest,Liverpool,Player Shots,Chiesa,NA,5.5,7.5,Pointsbet,NA,2603240,103863535,162
Nottingham Forest v Liverpool,Nottingham Forest,Liverpool,Player Shots,Konaté,NA,0.5,1.71,Pointsbet,NA,2603240,103863535,163
Nottingham Forest v Liverpool,Nottingham Forest,Liverpool,Player Shots,Konaté,NA,1.5,4.4,Pointsbet,NA,2603240,103863535,164
Nottingham Forest v Liverpool,Nottingham Forest,Liverpool,Player Shots,Konaté,NA,2.5,13,Pointsbet,NA,2603240,103863535,165
Nottingham Forest v Liverpool,Nottingham Forest,Liverpool,Player Shots,Konaté,NA,3.5,41,Pointsbet,NA,2603240,103863535,166
Nottingham Forest v Liverpool,Nottingham Forest,Liverpool,Player Shots,Cody Gakpo,Liverpool,0.5,1.05,Pointsbet,Nottingham Forest,2603240,103863535,169
Nottingham Forest v Liverpool,Nottingham Forest,Liverpool,Player Shots,Cody Gakpo,Liverpool,1.5,1.29,Pointsbet,Nottingham Forest,2603240,103863535,170
Nottingham Forest v Liverpool,Nottingham Forest,Liverpool,Player Shots,Cody Gakpo,Liverpool,2.5,1.83,Pointsbet,Nottingham Forest,2603240,103863535,171
Nottingham Forest v Liverpool,Nottingham Forest,Liverpool,Player Shots,Cody Gakpo,Liverpool,3.5,3.25,Pointsbet,Nottingham Forest,2603240,103863535,172
Nottingham Forest v Liverpool,Nottingham Forest,Liverpool,Player Shots,Cody Gakpo,Liverpool,4.5,6,Pointsbet,Nottingham Forest,2603240,103863535,173
Nottingham Forest v Liverpool,Nottingham Forest,Liverpool,Player Shots,Cody Gakpo,Liverpool,5.5,12,Pointsbet,Nottingham Forest,2603240,103863535,174
Nottingham Forest v Liverpool,Nottingham Forest,Liverpool,Player Shots,Dominik Szoboszlai,Liverpool,0.5,1.08,Pointsbet,Nottingham Forest,2603240,103863535,175
Nottingham Forest v Liverpool,Nottingham Forest,Liverpool,Player Shots,Dominik Szoboszlai,Liverpool,1.5,1.4,Pointsbet,Nottingham Forest,2603240,103863535,176
Nottingham Forest v Liverpool,Nottingham Forest,Liverpool,Player Shots,Dominik Szoboszlai,Liverpool,2.5,2.3,Pointsbet,Nottingham Forest,2603240,103863535,177
Nottingham Forest v Liverpool,Nottingham Forest,Liverpool,Player Shots,Dominik Szoboszlai,Liverpool,3.5,4.2,Pointsbet,Nottingham Forest,2603240,103863535,178
Nottingham Forest v Liverpool,Nottingham Forest,Liverpool,Player Shots,Dominik Szoboszlai,Liverpool,4.5,8.5,Pointsbet,Nottingham Forest,2603240,103863535,179
Nottingham Forest v Liverpool,Nottingham Forest,Liverpool,Player Shots,Dominik Szoboszlai,Liverpool,5.5,20,Pointsbet,Nottingham Forest,2603240,103863535,180
Nottingham Forest v Liverpool,Nottingham Forest,Liverpool,Player Shots,Alexis Mac Allister,Liverpool,0.5,1.13,Pointsbet,Nottingham Forest,2603240,103863535,181
Nottingham Forest v Liverpool,Nottingham Forest,Liverpool,Player Shots,Alexis Mac Allister,Liverpool,1.5,1.69,Pointsbet,Nottingham Forest,2603240,103863535,182
Nottingham Forest v Liverpool,Nottingham Forest,Liverpool,Player Shots,Alexis Mac Allister,Liverpool,2.5,3,Pointsbet,Nottingham Forest,2603240,103863535,183
Nottingham Forest v Liverpool,Nottingham Forest,Liverpool,Player Shots,Alexis Mac Allister,Liverpool,3.5,6.5,Pointsbet,Nottingham Forest,2603240,103863535,184
Nottingham Forest v Liverpool,Nottingham Forest,Liverpool,Player Shots,Alexis Mac Allister,Liverpool,4.5,15,Pointsbet,Nottingham Forest,2603240,103863535,185
Nottingham Forest v Liverpool,Nottingham Forest,Liverpool,Player Shots,Alexis Mac Allister,Liverpool,5.5,36,Pointsbet,Nottingham Forest,2603240,103863535,186
Nottingham Forest v Liverpool,Nottingham Forest,Liverpool,Player Shots,Curtis Jones,Liverpool,0.5,1.15,Pointsbet,Nottingham Forest,2603240,103863535,187
Nottingham Forest v Liverpool,Nottingham Forest,Liverpool,Player Shots,Curtis Jones,Liverpool,1.5,1.77,Pointsbet,Nottingham Forest,2603240,103863535,188
Nottingham Forest v Liverpool,Nottingham Forest,Liverpool,Player Shots,Curtis Jones,Liverpool,2.5,3.3,Pointsbet,Nottingham Forest,2603240,103863535,189
Nottingham Forest v Liverpool,Nottingham Forest,Liverpool,Player Shots,Curtis Jones,Liverpool,3.5,7.5,Pointsbet,Nottingham Forest,2603240,103863535,190
Nottingham Forest v Liverpool,Nottingham Forest,Liverpool,Player Shots,Curtis Jones,Liverpool,4.5,17,Pointsbet,Nottingham Forest,2603240,103863535,191
Nottingham Forest v Liverpool,Nottingham Forest,Liverpool,Player Shots,Curtis Jones,Liverpool,5.5,51,Pointsbet,Nottingham Forest,2603240,103863535,192
Nottingham Forest v Liverpool,Nottingham Forest,Liverpool,Player Shots,Ryan Gravenberch,Liverpool,0.5,1.36,Pointsbet,Nottingham Forest,2603240,103863535,193
Nottingham Forest v Liverpool,Nottingham Forest,Liverpool,Player Shots,Ryan Gravenberch,Liverpool,1.5,2.75,Pointsbet,Nottingham Forest,2603240,103863535,194
Nottingham Forest v Liverpool,Nottingham Forest,Liverpool,Player Shots,Ryan Gravenberch,Liverpool,2.5,7,Pointsbet,Nottingham Forest,2603240,103863535,195
Nottingham Forest v Liverpool,Nottingham Forest,Liverpool,Player Shots,Ryan Gravenberch,Liverpool,3.5,20,Pointsbet,Nottingham Forest,2603240,103863535,196
Nottingham Forest v Liverpool,Nottingham Forest,Liverpool,Player Shots,Ryan Gravenberch,Liverpool,4.5,61,Pointsbet,Nottingham Forest,2603240,103863535,197
Nottingham Forest v Liverpool,Nottingham Forest,Liverpool,Player Shots,F. Wirtz,NA,0.5,1.08,Pointsbet,NA,2603240,103863535,205
Nottingham Forest v Liverpool,Nottingham Forest,Liverpool,Player Shots,F. Wirtz,NA,1.5,1.44,Pointsbet,NA,2603240,103863535,206
Nottingham Forest v Liverpool,Nottingham Forest,Liverpool,Player Shots,F. Wirtz,NA,2.5,2.3,Pointsbet,NA,2603240,103863535,207
Nottingham Forest v Liverpool,Nottingham Forest,Liverpool,Player Shots,F. Wirtz,NA,3.5,4.4,Pointsbet,NA,2603240,103863535,208
Nottingham Forest v Liverpool,Nottingham Forest,Liverpool,Player Shots,F. Wirtz,NA,4.5,9.5,Pointsbet,NA,2603240,103863535,209
Nottingham Forest v Liverpool,Nottingham Forest,Liverpool,Player Shots,F. Wirtz,NA,5.5,20,Pointsbet,NA,2603240,103863535,210
Nottingham Forest v Liverpool,Nottingham Forest,Liverpool,Player Shots,H. Ekitike,NA,0.5,1.01,Pointsbet,NA,2603240,103863535,211
Nottingham Forest v Liverpool,Nottingham Forest,Liverpool,Player Shots,H. Ekitike,NA,1.5,1.11,Pointsbet,NA,2603240,103863535,212
Nottingham Forest v Liverpool,Nottingham Forest,Liverpool,Player Shots,H. Ekitike,NA,2.5,1.44,Pointsbet,NA,2603240,103863535,213
Nottingham Forest v Liverpool,Nottingham Forest,Liverpool,Player Shots,H. Ekitike,NA,3.5,2.1,Pointsbet,NA,2603240,103863535,214
Nottingham Forest v Liverpool,Nottingham Forest,Liverpool,Player Shots,H. Ekitike,NA,4.5,3.4,Pointsbet,NA,2603240,103863535,215
Nottingham Forest v Liverpool,Nottingham Forest,Liverpool,Player Shots,H. Ekitike,NA,5.5,6,Pointsbet,NA,2603240,103863535,216
Nottingham Forest v Liverpool,Nottingham Forest,Liverpool,Player Shots,Milos Kerkez,Liverpool,0.5,1.95,Pointsbet,Nottingham Forest,2603240,103863535,223
Nottingham Forest v Liverpool,Nottingham Forest,Liverpool,Player Shots,Milos Kerkez,Liverpool,1.5,6.5,Pointsbet,Nottingham Forest,2603240,103863535,224
Nottingham Forest v Liverpool,Nottingham Forest,Liverpool,Player Shots,Milos Kerkez,Liverpool,2.5,23,Pointsbet,Nottingham Forest,2603240,103863535,225
Nottingham Forest v Liverpool,Nottingham Forest,Liverpool,Player Shots,Trey Nyoni,Liverpool,0.5,1.19,Pointsbet,Nottingham Forest,2603240,103863535,229
Nottingham Forest v Liverpool,Nottingham Forest,Liverpool,Player Shots,Trey Nyoni,Liverpool,1.5,1.83,Pointsbet,Nottingham Forest,2603240,103863535,230
Nottingham Forest v Liverpool,Nottingham Forest,Liverpool,Player Shots,Trey Nyoni,Liverpool,2.5,3.7,Pointsbet,Nottingham Forest,2603240,103863535,231
Nottingham Forest v Liverpool,Nottingham Forest,Liverpool,Player Shots,Trey Nyoni,Liverpool,3.5,8,Pointsbet,Nottingham Forest,2603240,103863535,232
Nottingham Forest v Liverpool,Nottingham Forest,Liverpool,Player Shots,Trey Nyoni,Liverpool,4.5,23,Pointsbet,Nottingham Forest,2603240,103863535,233
Nottingham Forest v Liverpool,Nottingham Forest,Liverpool,Player Shots,Trey Nyoni,Liverpool,5.5,71,Pointsbet,Nottingham Forest,2603240,103863535,234
Nottingham Forest v Liverpool,Nottingham Forest,Liverpool,Player Shots,Kieran Morrison,Liverpool,0.5,1.06,Pointsbet,Nottingham Forest,2603240,103863535,235
Nottingham Forest v Liverpool,Nottingham Forest,Liverpool,Player Shots,Kieran Morrison,Liverpool,1.5,1.31,Pointsbet,Nottingham Forest,2603240,103863535,236
Nottingham Forest v Liverpool,Nottingham Forest,Liverpool,Player Shots,Kieran Morrison,Liverpool,2.5,1.9,Pointsbet,Nottingham Forest,2603240,103863535,237
Nottingham Forest v Liverpool,Nottingham Forest,Liverpool,Player Shots,Kieran Morrison,Liverpool,3.5,3.3,Pointsbet,Nottingham Forest,2603240,103863535,238
Nottingham Forest v Liverpool,Nottingham Forest,Liverpool,Player Shots,Kieran Morrison,Liverpool,4.5,6,Pointsbet,Nottingham Forest,2603240,103863535,239
Nottingham Forest v Liverpool,Nottingham Forest,Liverpool,Player Shots,Kieran Morrison,Liverpool,5.5,12,Pointsbet,Nottingham Forest,2603240,103863535,240
Nottingham Forest v Liverpool,Nottingham Forest,Liverpool,Player Shots,Rio Ngumoha,Liverpool,0.5,1.05,Pointsbet,Nottingham Forest,2603240,103863535,241
Nottingham Forest v Liverpool,Nottingham Forest,Liverpool,Player Shots,Rio Ngumoha,Liverpool,1.5,1.27,Pointsbet,Nottingham Forest,2603240,103863535,242
Nottingham Forest v Liverpool,Nottingham Forest,Liverpool,Player Shots,Rio Ngumoha,Liverpool,2.5,1.83,Pointsbet,Nottingham Forest,2603240,103863535,243
Nottingham Forest v Liverpool,Nottingham Forest,Liverpool,Player Shots,Rio Ngumoha,Liverpool,3.5,3,Pointsbet,Nottingham Forest,2603240,103863535,244
Nottingham Forest v Liverpool,Nottingham Forest,Liverpool,Player Shots,Rio Ngumoha,Liverpool,4.5,5.25,Pointsbet,Nottingham Forest,2603240,103863535,245
Nottingham Forest v Liverpool,Nottingham Forest,Liverpool,Player Shots,Rio Ngumoha,Liverpool,5.5,11,Pointsbet,Nottingham Forest,2603240,103863535,246
Crystal Palace v Wolverhampton Wanderers,Crystal Palace,Wolverhampton Wanderers,Player Shots,Nathaniel Clyne,Crystal Palace,0.5,1.5,Pointsbet,Wolverhampton Wanderers,2603239,103865061,1
Crystal Palace v Wolverhampton Wanderers,Crystal Palace,Wolverhampton Wanderers,Player Shots,Nathaniel Clyne,Crystal Palace,1.5,3.3,Pointsbet,Wolverhampton Wanderers,2603239,103865061,2
Crystal Palace v Wolverhampton Wanderers,Crystal Palace,Wolverhampton Wanderers,Player Shots,Nathaniel Clyne,Crystal Palace,2.5,9,Pointsbet,Wolverhampton Wanderers,2603239,103865061,3
Crystal Palace v Wolverhampton Wanderers,Crystal Palace,Wolverhampton Wanderers,Player Shots,Nathaniel Clyne,Crystal Palace,3.5,31,Pointsbet,Wolverhampton Wanderers,2603239,103865061,4
Crystal Palace v Wolverhampton Wanderers,Crystal Palace,Wolverhampton Wanderers,Player Shots,Will Hughes,Crystal Palace,0.5,1.33,Pointsbet,Wolverhampton Wanderers,2603239,103865061,7
Crystal Palace v Wolverhampton Wanderers,Crystal Palace,Wolverhampton Wanderers,Player Shots,Will Hughes,Crystal Palace,1.5,2.7,Pointsbet,Wolverhampton Wanderers,2603239,103865061,8
Crystal Palace v Wolverhampton Wanderers,Crystal Palace,Wolverhampton Wanderers,Player Shots,Will Hughes,Crystal Palace,2.5,6.5,Pointsbet,Wolverhampton Wanderers,2603239,103865061,9
Crystal Palace v Wolverhampton Wanderers,Crystal Palace,Wolverhampton Wanderers,Player Shots,Will Hughes,Crystal Palace,3.5,19,Pointsbet,Wolverhampton Wanderers,2603239,103865061,10
Crystal Palace v Wolverhampton Wanderers,Crystal Palace,Wolverhampton Wanderers,Player Shots,Will Hughes,Crystal Palace,4.5,61,Pointsbet,Wolverhampton Wanderers,2603239,103865061,11
Crystal Palace v Wolverhampton Wanderers,Crystal Palace,Wolverhampton Wanderers,Player Shots,Isma<c3><af>la Sarr,NA,0.5,1.04,Pointsbet,NA,2603239,103865061,13
Crystal Palace v Wolverhampton Wanderers,Crystal Palace,Wolverhampton Wanderers,Player Shots,Isma<c3><af>la Sarr,NA,1.5,1.24,Pointsbet,NA,2603239,103865061,14
Crystal Palace v Wolverhampton Wanderers,Crystal Palace,Wolverhampton Wanderers,Player Shots,Isma<c3><af>la Sarr,NA,2.5,1.77,Pointsbet,NA,2603239,103865061,15
Crystal Palace v Wolverhampton Wanderers,Crystal Palace,Wolverhampton Wanderers,Player Shots,Isma<c3><af>la Sarr,NA,3.5,3,Pointsbet,NA,2603239,103865061,16
Crystal Palace v Wolverhampton Wanderers,Crystal Palace,Wolverhampton Wanderers,Player Shots,Isma<c3><af>la Sarr,NA,4.5,5.75,Pointsbet,NA,2603239,103865061,17
Crystal Palace v Wolverhampton Wanderers,Crystal Palace,Wolverhampton Wanderers,Player Shots,Isma<c3><af>la Sarr,NA,5.5,12,Pointsbet,NA,2603239,103865061,18
Crystal Palace v Wolverhampton Wanderers,Crystal Palace,Wolverhampton Wanderers,Player Shots,D. Muñoz,NA,0.5,1.18,Pointsbet,NA,2603239,103865061,19
Crystal Palace v Wolverhampton Wanderers,Crystal Palace,Wolverhampton Wanderers,Player Shots,D. Muñoz,NA,1.5,1.83,Pointsbet,NA,2603239,103865061,20
Crystal Palace v Wolverhampton Wanderers,Crystal Palace,Wolverhampton Wanderers,Player Shots,D. Muñoz,NA,2.5,3.7,Pointsbet,NA,2603239,103865061,21
Crystal Palace v Wolverhampton Wanderers,Crystal Palace,Wolverhampton Wanderers,Player Shots,D. Muñoz,NA,3.5,8.5,Pointsbet,NA,2603239,103865061,22
Crystal Palace v Wolverhampton Wanderers,Crystal Palace,Wolverhampton Wanderers,Player Shots,D. Muñoz,NA,4.5,20,Pointsbet,NA,2603239,103865061,23
Crystal Palace v Wolverhampton Wanderers,Crystal Palace,Wolverhampton Wanderers,Player Shots,D. Muñoz,NA,5.5,61,Pointsbet,NA,2603239,103865061,24
Crystal Palace v Wolverhampton Wanderers,Crystal Palace,Wolverhampton Wanderers,Player Shots,Daichi Kamada,Crystal Palace,0.5,1.14,Pointsbet,Wolverhampton Wanderers,2603239,103865061,25
Crystal Palace v Wolverhampton Wanderers,Crystal Palace,Wolverhampton Wanderers,Player Shots,Daichi Kamada,Crystal Palace,1.5,1.74,Pointsbet,Wolverhampton Wanderers,2603239,103865061,26
Crystal Palace v Wolverhampton Wanderers,Crystal Palace,Wolverhampton Wanderers,Player Shots,Daichi Kamada,Crystal Palace,2.5,3.25,Pointsbet,Wolverhampton Wanderers,2603239,103865061,27
Crystal Palace v Wolverhampton Wanderers,Crystal Palace,Wolverhampton Wanderers,Player Shots,Daichi Kamada,Crystal Palace,3.5,7,Pointsbet,Wolverhampton Wanderers,2603239,103865061,28
Crystal Palace v Wolverhampton Wanderers,Crystal Palace,Wolverhampton Wanderers,Player Shots,Daichi Kamada,Crystal Palace,4.5,16,Pointsbet,Wolverhampton Wanderers,2603239,103865061,29
Crystal Palace v Wolverhampton Wanderers,Crystal Palace,Wolverhampton Wanderers,Player Shots,Daichi Kamada,Crystal Palace,5.5,36,Pointsbet,Wolverhampton Wanderers,2603239,103865061,30
Crystal Palace v Wolverhampton Wanderers,Crystal Palace,Wolverhampton Wanderers,Player Shots,J<c3><b8>rgen Strand Larsen,NA,0.5,1.01,Pointsbet,NA,2603239,103865061,31
Crystal Palace v Wolverhampton Wanderers,Crystal Palace,Wolverhampton Wanderers,Player Shots,J<c3><b8>rgen Strand Larsen,NA,1.5,1.1,Pointsbet,NA,2603239,103865061,32
Crystal Palace v Wolverhampton Wanderers,Crystal Palace,Wolverhampton Wanderers,Player Shots,J<c3><b8>rgen Strand Larsen,NA,2.5,1.36,Pointsbet,NA,2603239,103865061,33
Crystal Palace v Wolverhampton Wanderers,Crystal Palace,Wolverhampton Wanderers,Player Shots,J<c3><b8>rgen Strand Larsen,NA,3.5,1.95,Pointsbet,NA,2603239,103865061,34
Crystal Palace v Wolverhampton Wanderers,Crystal Palace,Wolverhampton Wanderers,Player Shots,J<c3><b8>rgen Strand Larsen,NA,4.5,3.1,Pointsbet,NA,2603239,103865061,35
Crystal Palace v Wolverhampton Wanderers,Crystal Palace,Wolverhampton Wanderers,Player Shots,J<c3><b8>rgen Strand Larsen,NA,5.5,5.25,Pointsbet,NA,2603239,103865061,36
Crystal Palace v Wolverhampton Wanderers,Crystal Palace,Wolverhampton Wanderers,Player Shots,M. Lacroix,NA,0.5,1.53,Pointsbet,NA,2603239,103865061,37
Crystal Palace v Wolverhampton Wanderers,Crystal Palace,Wolverhampton Wanderers,Player Shots,M. Lacroix,NA,1.5,3.6,Pointsbet,NA,2603239,103865061,38
Crystal Palace v Wolverhampton Wanderers,Crystal Palace,Wolverhampton Wanderers,Player Shots,M. Lacroix,NA,2.5,10,Pointsbet,NA,2603239,103865061,39
Crystal Palace v Wolverhampton Wanderers,Crystal Palace,Wolverhampton Wanderers,Player Shots,M. Lacroix,NA,3.5,31,Pointsbet,NA,2603239,103865061,40
Crystal Palace v Wolverhampton Wanderers,Crystal Palace,Wolverhampton Wanderers,Player Shots,Chris Richards,Crystal Palace,0.5,1.77,Pointsbet,Wolverhampton Wanderers,2603239,103865061,43
Crystal Palace v Wolverhampton Wanderers,Crystal Palace,Wolverhampton Wanderers,Player Shots,Chris Richards,Crystal Palace,1.5,4.75,Pointsbet,Wolverhampton Wanderers,2603239,103865061,44
Crystal Palace v Wolverhampton Wanderers,Crystal Palace,Wolverhampton Wanderers,Player Shots,Chris Richards,Crystal Palace,2.5,16,Pointsbet,Wolverhampton Wanderers,2603239,103865061,45
Crystal Palace v Wolverhampton Wanderers,Crystal Palace,Wolverhampton Wanderers,Player Shots,Chris Richards,Crystal Palace,3.5,71,Pointsbet,Wolverhampton Wanderers,2603239,103865061,46
Crystal Palace v Wolverhampton Wanderers,Crystal Palace,Wolverhampton Wanderers,Player Shots,Sosa,NA,0.5,1.33,Pointsbet,NA,2603239,103865061,49
Crystal Palace v Wolverhampton Wanderers,Crystal Palace,Wolverhampton Wanderers,Player Shots,Sosa,NA,1.5,2.5,Pointsbet,NA,2603239,103865061,50
Crystal Palace v Wolverhampton Wanderers,Crystal Palace,Wolverhampton Wanderers,Player Shots,Sosa,NA,2.5,6,Pointsbet,NA,2603239,103865061,51
Crystal Palace v Wolverhampton Wanderers,Crystal Palace,Wolverhampton Wanderers,Player Shots,Sosa,NA,3.5,17,Pointsbet,NA,2603239,103865061,52
Crystal Palace v Wolverhampton Wanderers,Crystal Palace,Wolverhampton Wanderers,Player Shots,Sosa,NA,4.5,41,Pointsbet,NA,2603239,103865061,53
Crystal Palace v Wolverhampton Wanderers,Crystal Palace,Wolverhampton Wanderers,Player Shots,Brennan Johnson,Tottenham Hotspur,0.5,1.03,Pointsbet,Crystal Palace,2603239,103865061,55
Crystal Palace v Wolverhampton Wanderers,Crystal Palace,Wolverhampton Wanderers,Player Shots,Brennan Johnson,Crystal Palace,0.5,1.03,Pointsbet,Wolverhampton Wanderers,2603239,103865061,55
Crystal Palace v Wolverhampton Wanderers,Crystal Palace,Wolverhampton Wanderers,Player Shots,Brennan Johnson,Tottenham Hotspur,1.5,1.24,Pointsbet,Crystal Palace,2603239,103865061,56
Crystal Palace v Wolverhampton Wanderers,Crystal Palace,Wolverhampton Wanderers,Player Shots,Brennan Johnson,Crystal Palace,1.5,1.24,Pointsbet,Wolverhampton Wanderers,2603239,103865061,56
Crystal Palace v Wolverhampton Wanderers,Crystal Palace,Wolverhampton Wanderers,Player Shots,Brennan Johnson,Tottenham Hotspur,2.5,1.74,Pointsbet,Crystal Palace,2603239,103865061,57
Crystal Palace v Wolverhampton Wanderers,Crystal Palace,Wolverhampton Wanderers,Player Shots,Brennan Johnson,Crystal Palace,2.5,1.74,Pointsbet,Wolverhampton Wanderers,2603239,103865061,57
Crystal Palace v Wolverhampton Wanderers,Crystal Palace,Wolverhampton Wanderers,Player Shots,Brennan Johnson,Tottenham Hotspur,3.5,2.85,Pointsbet,Crystal Palace,2603239,103865061,58
Crystal Palace v Wolverhampton Wanderers,Crystal Palace,Wolverhampton Wanderers,Player Shots,Brennan Johnson,Crystal Palace,3.5,2.85,Pointsbet,Wolverhampton Wanderers,2603239,103865061,58
Crystal Palace v Wolverhampton Wanderers,Crystal Palace,Wolverhampton Wanderers,Player Shots,Brennan Johnson,Tottenham Hotspur,4.5,5,Pointsbet,Crystal Palace,2603239,103865061,59
Crystal Palace v Wolverhampton Wanderers,Crystal Palace,Wolverhampton Wanderers,Player Shots,Brennan Johnson,Crystal Palace,4.5,5,Pointsbet,Wolverhampton Wanderers,2603239,103865061,59
Crystal Palace v Wolverhampton Wanderers,Crystal Palace,Wolverhampton Wanderers,Player Shots,Brennan Johnson,Tottenham Hotspur,5.5,10,Pointsbet,Crystal Palace,2603239,103865061,60
Crystal Palace v Wolverhampton Wanderers,Crystal Palace,Wolverhampton Wanderers,Player Shots,Brennan Johnson,Crystal Palace,5.5,10,Pointsbet,Wolverhampton Wanderers,2603239,103865061,60
Crystal Palace v Wolverhampton Wanderers,Crystal Palace,Wolverhampton Wanderers,Player Shots,E. Guessand,NA,0.5,1.02,Pointsbet,NA,2603239,103865061,61
Crystal Palace v Wolverhampton Wanderers,Crystal Palace,Wolverhampton Wanderers,Player Shots,E. Guessand,NA,1.5,1.18,Pointsbet,NA,2603239,103865061,62
Crystal Palace v Wolverhampton Wanderers,Crystal Palace,Wolverhampton Wanderers,Player Shots,E. Guessand,NA,2.5,1.59,Pointsbet,NA,2603239,103865061,63
Crystal Palace v Wolverhampton Wanderers,Crystal Palace,Wolverhampton Wanderers,Player Shots,E. Guessand,NA,3.5,2.4,Pointsbet,NA,2603239,103865061,64
Crystal Palace v Wolverhampton Wanderers,Crystal Palace,Wolverhampton Wanderers,Player Shots,E. Guessand,NA,4.5,4.2,Pointsbet,NA,2603239,103865061,65
Crystal Palace v Wolverhampton Wanderers,Crystal Palace,Wolverhampton Wanderers,Player Shots,E. Guessand,NA,5.5,7.5,Pointsbet,NA,2603239,103865061,66
Crystal Palace v Wolverhampton Wanderers,Crystal Palace,Wolverhampton Wanderers,Player Shots,Tyrick Mitchell,Crystal Palace,0.5,1.65,Pointsbet,Wolverhampton Wanderers,2603239,103865061,67
Crystal Palace v Wolverhampton Wanderers,Crystal Palace,Wolverhampton Wanderers,Player Shots,Tyrick Mitchell,Crystal Palace,1.5,4,Pointsbet,Wolverhampton Wanderers,2603239,103865061,68
Crystal Palace v Wolverhampton Wanderers,Crystal Palace,Wolverhampton Wanderers,Player Shots,Tyrick Mitchell,Crystal Palace,2.5,12,Pointsbet,Wolverhampton Wanderers,2603239,103865061,69
Crystal Palace v Wolverhampton Wanderers,Crystal Palace,Wolverhampton Wanderers,Player Shots,Tyrick Mitchell,Crystal Palace,3.5,41,Pointsbet,Wolverhampton Wanderers,2603239,103865061,70
Crystal Palace v Wolverhampton Wanderers,Crystal Palace,Wolverhampton Wanderers,Player Shots,Chadi Riad,Crystal Palace,0.5,1.77,Pointsbet,Wolverhampton Wanderers,2603239,103865061,73
Crystal Palace v Wolverhampton Wanderers,Crystal Palace,Wolverhampton Wanderers,Player Shots,Chadi Riad,Crystal Palace,1.5,4.75,Pointsbet,Wolverhampton Wanderers,2603239,103865061,74
Crystal Palace v Wolverhampton Wanderers,Crystal Palace,Wolverhampton Wanderers,Player Shots,Chadi Riad,Crystal Palace,2.5,16,Pointsbet,Wolverhampton Wanderers,2603239,103865061,75
Crystal Palace v Wolverhampton Wanderers,Crystal Palace,Wolverhampton Wanderers,Player Shots,Chadi Riad,Crystal Palace,3.5,61,Pointsbet,Wolverhampton Wanderers,2603239,103865061,76
Crystal Palace v Wolverhampton Wanderers,Crystal Palace,Wolverhampton Wanderers,Player Shots,Yeremi Pino,NA,0.5,1.06,Pointsbet,NA,2603239,103865061,79
Crystal Palace v Wolverhampton Wanderers,Crystal Palace,Wolverhampton Wanderers,Player Shots,Yeremi Pino,NA,1.5,1.29,Pointsbet,NA,2603239,103865061,80
Crystal Palace v Wolverhampton Wanderers,Crystal Palace,Wolverhampton Wanderers,Player Shots,Yeremi Pino,NA,2.5,1.87,Pointsbet,NA,2603239,103865061,81
Crystal Palace v Wolverhampton Wanderers,Crystal Palace,Wolverhampton Wanderers,Player Shots,Yeremi Pino,NA,3.5,3.3,Pointsbet,NA,2603239,103865061,82
Crystal Palace v Wolverhampton Wanderers,Crystal Palace,Wolverhampton Wanderers,Player Shots,Yeremi Pino,NA,4.5,6,Pointsbet,NA,2603239,103865061,83
Crystal Palace v Wolverhampton Wanderers,Crystal Palace,Wolverhampton Wanderers,Player Shots,Yeremi Pino,NA,5.5,12,Pointsbet,NA,2603239,103865061,84
Crystal Palace v Wolverhampton Wanderers,Crystal Palace,Wolverhampton Wanderers,Player Shots,J. Devenny,NA,0.5,1.08,Pointsbet,NA,2603239,103865061,85
Crystal Palace v Wolverhampton Wanderers,Crystal Palace,Wolverhampton Wanderers,Player Shots,J. Devenny,NA,1.5,1.36,Pointsbet,NA,2603239,103865061,86
Crystal Palace v Wolverhampton Wanderers,Crystal Palace,Wolverhampton Wanderers,Player Shots,J. Devenny,NA,2.5,2.1,Pointsbet,NA,2603239,103865061,87
Crystal Palace v Wolverhampton Wanderers,Crystal Palace,Wolverhampton Wanderers,Player Shots,J. Devenny,NA,3.5,3.7,Pointsbet,NA,2603239,103865061,88
Crystal Palace v Wolverhampton Wanderers,Crystal Palace,Wolverhampton Wanderers,Player Shots,J. Devenny,NA,4.5,7.5,Pointsbet,NA,2603239,103865061,89
Crystal Palace v Wolverhampton Wanderers,Crystal Palace,Wolverhampton Wanderers,Player Shots,J. Devenny,NA,5.5,16,Pointsbet,NA,2603239,103865061,90
Crystal Palace v Wolverhampton Wanderers,Crystal Palace,Wolverhampton Wanderers,Player Shots,Adam Wharton,Crystal Palace,0.5,1.22,Pointsbet,Wolverhampton Wanderers,2603239,103865061,91
Crystal Palace v Wolverhampton Wanderers,Crystal Palace,Wolverhampton Wanderers,Player Shots,Adam Wharton,Crystal Palace,1.5,2.1,Pointsbet,Wolverhampton Wanderers,2603239,103865061,92
Crystal Palace v Wolverhampton Wanderers,Crystal Palace,Wolverhampton Wanderers,Player Shots,Adam Wharton,Crystal Palace,2.5,4.2,Pointsbet,Wolverhampton Wanderers,2603239,103865061,93
Crystal Palace v Wolverhampton Wanderers,Crystal Palace,Wolverhampton Wanderers,Player Shots,Adam Wharton,Crystal Palace,3.5,10,Pointsbet,Wolverhampton Wanderers,2603239,103865061,94
Crystal Palace v Wolverhampton Wanderers,Crystal Palace,Wolverhampton Wanderers,Player Shots,Adam Wharton,Crystal Palace,4.5,29,Pointsbet,Wolverhampton Wanderers,2603239,103865061,95
Crystal Palace v Wolverhampton Wanderers,Crystal Palace,Wolverhampton Wanderers,Player Shots,Adam Wharton,Crystal Palace,5.5,81,Pointsbet,Wolverhampton Wanderers,2603239,103865061,96
Crystal Palace v Wolverhampton Wanderers,Crystal Palace,Wolverhampton Wanderers,Player Shots,Uche,NA,0.5,1.01,Pointsbet,NA,2603239,103865061,97
Crystal Palace v Wolverhampton Wanderers,Crystal Palace,Wolverhampton Wanderers,Player Shots,Uche,NA,1.5,1.09,Pointsbet,NA,2603239,103865061,98
Crystal Palace v Wolverhampton Wanderers,Crystal Palace,Wolverhampton Wanderers,Player Shots,Uche,NA,2.5,1.31,Pointsbet,NA,2603239,103865061,99
Crystal Palace v Wolverhampton Wanderers,Crystal Palace,Wolverhampton Wanderers,Player Shots,Uche,NA,3.5,1.8,Pointsbet,NA,2603239,103865061,100
Crystal Palace v Wolverhampton Wanderers,Crystal Palace,Wolverhampton Wanderers,Player Shots,Uche,NA,4.5,2.7,Pointsbet,NA,2603239,103865061,101
Crystal Palace v Wolverhampton Wanderers,Crystal Palace,Wolverhampton Wanderers,Player Shots,Uche,NA,5.5,4.4,Pointsbet,NA,2603239,103865061,102
Crystal Palace v Wolverhampton Wanderers,Crystal Palace,Wolverhampton Wanderers,Player Shots,Kaden Rodney,Crystal Palace,0.5,1.36,Pointsbet,Wolverhampton Wanderers,2603239,103865061,103
Crystal Palace v Wolverhampton Wanderers,Crystal Palace,Wolverhampton Wanderers,Player Shots,Kaden Rodney,Crystal Palace,1.5,2.75,Pointsbet,Wolverhampton Wanderers,2603239,103865061,104
Crystal Palace v Wolverhampton Wanderers,Crystal Palace,Wolverhampton Wanderers,Player Shots,Kaden Rodney,Crystal Palace,2.5,7,Pointsbet,Wolverhampton Wanderers,2603239,103865061,105
Crystal Palace v Wolverhampton Wanderers,Crystal Palace,Wolverhampton Wanderers,Player Shots,Kaden Rodney,Crystal Palace,3.5,19,Pointsbet,Wolverhampton Wanderers,2603239,103865061,106
Crystal Palace v Wolverhampton Wanderers,Crystal Palace,Wolverhampton Wanderers,Player Shots,Kaden Rodney,Crystal Palace,4.5,61,Pointsbet,Wolverhampton Wanderers,2603239,103865061,107
Crystal Palace v Wolverhampton Wanderers,Crystal Palace,Wolverhampton Wanderers,Player Shots,Jaydee Canvot,Crystal Palace,0.5,1.71,Pointsbet,Wolverhampton Wanderers,2603239,103865061,109
Crystal Palace v Wolverhampton Wanderers,Crystal Palace,Wolverhampton Wanderers,Player Shots,Jaydee Canvot,Crystal Palace,1.5,4.5,Pointsbet,Wolverhampton Wanderers,2603239,103865061,110
Crystal Palace v Wolverhampton Wanderers,Crystal Palace,Wolverhampton Wanderers,Player Shots,Jaydee Canvot,Crystal Palace,2.5,13,Pointsbet,Wolverhampton Wanderers,2603239,103865061,111
Crystal Palace v Wolverhampton Wanderers,Crystal Palace,Wolverhampton Wanderers,Player Shots,Jaydee Canvot,Crystal Palace,3.5,51,Pointsbet,Wolverhampton Wanderers,2603239,103865061,112
Crystal Palace v Wolverhampton Wanderers,Crystal Palace,Wolverhampton Wanderers,Player Shots,Matt Doherty,Wolverhampton Wanderers,0.5,2.7,Pointsbet,Crystal Palace,2603239,103865061,115
Crystal Palace v Wolverhampton Wanderers,Crystal Palace,Wolverhampton Wanderers,Player Shots,Matt Doherty,Wolverhampton Wanderers,1.5,11,Pointsbet,Crystal Palace,2603239,103865061,116
Crystal Palace v Wolverhampton Wanderers,Crystal Palace,Wolverhampton Wanderers,Player Shots,Matt Doherty,Wolverhampton Wanderers,2.5,61,Pointsbet,Crystal Palace,2603239,103865061,117
Crystal Palace v Wolverhampton Wanderers,Crystal Palace,Wolverhampton Wanderers,Player Shots,Krejcí,NA,0.5,1.65,Pointsbet,NA,2603239,103865061,121
Crystal Palace v Wolverhampton Wanderers,Crystal Palace,Wolverhampton Wanderers,Player Shots,Krejcí,NA,1.5,4.2,Pointsbet,NA,2603239,103865061,122
Crystal Palace v Wolverhampton Wanderers,Crystal Palace,Wolverhampton Wanderers,Player Shots,Krejcí,NA,2.5,12,Pointsbet,NA,2603239,103865061,123
Crystal Palace v Wolverhampton Wanderers,Crystal Palace,Wolverhampton Wanderers,Player Shots,Krejcí,NA,3.5,51,Pointsbet,NA,2603239,103865061,124
Crystal Palace v Wolverhampton Wanderers,Crystal Palace,Wolverhampton Wanderers,Player Shots,Adam Armstrong,Southampton,0.5,1.08,Pointsbet,Crystal Palace,2603239,103865061,127
Crystal Palace v Wolverhampton Wanderers,Crystal Palace,Wolverhampton Wanderers,Player Shots,Adam Armstrong,Southampton,1.5,1.44,Pointsbet,Crystal Palace,2603239,103865061,128
Crystal Palace v Wolverhampton Wanderers,Crystal Palace,Wolverhampton Wanderers,Player Shots,Adam Armstrong,Southampton,2.5,2.35,Pointsbet,Crystal Palace,2603239,103865061,129
Crystal Palace v Wolverhampton Wanderers,Crystal Palace,Wolverhampton Wanderers,Player Shots,Adam Armstrong,Southampton,3.5,4.5,Pointsbet,Crystal Palace,2603239,103865061,130
Crystal Palace v Wolverhampton Wanderers,Crystal Palace,Wolverhampton Wanderers,Player Shots,Adam Armstrong,Southampton,4.5,10,Pointsbet,Crystal Palace,2603239,103865061,131
Crystal Palace v Wolverhampton Wanderers,Crystal Palace,Wolverhampton Wanderers,Player Shots,Adam Armstrong,Southampton,5.5,21,Pointsbet,Crystal Palace,2603239,103865061,132
Crystal Palace v Wolverhampton Wanderers,Crystal Palace,Wolverhampton Wanderers,Player Shots,Jean-Ricner Bellegarde,Wolverhampton Wanderers,0.5,1.16,Pointsbet,Crystal Palace,2603239,103865061,133
Crystal Palace v Wolverhampton Wanderers,Crystal Palace,Wolverhampton Wanderers,Player Shots,Jean-Ricner Bellegarde,Wolverhampton Wanderers,1.5,1.83,Pointsbet,Crystal Palace,2603239,103865061,134
Crystal Palace v Wolverhampton Wanderers,Crystal Palace,Wolverhampton Wanderers,Player Shots,Jean-Ricner Bellegarde,Wolverhampton Wanderers,2.5,3.4,Pointsbet,Crystal Palace,2603239,103865061,135
Crystal Palace v Wolverhampton Wanderers,Crystal Palace,Wolverhampton Wanderers,Player Shots,Jean-Ricner Bellegarde,Wolverhampton Wanderers,3.5,7.5,Pointsbet,Crystal Palace,2603239,103865061,136
Crystal Palace v Wolverhampton Wanderers,Crystal Palace,Wolverhampton Wanderers,Player Shots,Jean-Ricner Bellegarde,Wolverhampton Wanderers,4.5,19,Pointsbet,Crystal Palace,2603239,103865061,137
Crystal Palace v Wolverhampton Wanderers,Crystal Palace,Wolverhampton Wanderers,Player Shots,Jean-Ricner Bellegarde,Wolverhampton Wanderers,5.5,51,Pointsbet,Crystal Palace,2603239,103865061,138
Crystal Palace v Wolverhampton Wanderers,Crystal Palace,Wolverhampton Wanderers,Player Shots,Yerson Mosquera,Wolverhampton Wanderers,0.5,1.53,Pointsbet,Crystal Palace,2603239,103865061,145
Crystal Palace v Wolverhampton Wanderers,Crystal Palace,Wolverhampton Wanderers,Player Shots,Yerson Mosquera,Wolverhampton Wanderers,1.5,3.4,Pointsbet,Crystal Palace,2603239,103865061,146
Crystal Palace v Wolverhampton Wanderers,Crystal Palace,Wolverhampton Wanderers,Player Shots,Yerson Mosquera,Wolverhampton Wanderers,2.5,10,Pointsbet,Crystal Palace,2603239,103865061,147
Crystal Palace v Wolverhampton Wanderers,Crystal Palace,Wolverhampton Wanderers,Player Shots,Yerson Mosquera,Wolverhampton Wanderers,3.5,29,Pointsbet,Crystal Palace,2603239,103865061,148
Crystal Palace v Wolverhampton Wanderers,Crystal Palace,Wolverhampton Wanderers,Player Shots,D. Wolfe,NA,0.5,1.83,Pointsbet,NA,2603239,103865061,157
Crystal Palace v Wolverhampton Wanderers,Crystal Palace,Wolverhampton Wanderers,Player Shots,D. Wolfe,NA,1.5,5.25,Pointsbet,NA,2603239,103865061,158
Crystal Palace v Wolverhampton Wanderers,Crystal Palace,Wolverhampton Wanderers,Player Shots,D. Wolfe,NA,2.5,19,Pointsbet,NA,2603239,103865061,159
Crystal Palace v Wolverhampton Wanderers,Crystal Palace,Wolverhampton Wanderers,Player Shots,D. Wolfe,NA,3.5,71,Pointsbet,NA,2603239,103865061,160
Crystal Palace v Wolverhampton Wanderers,Crystal Palace,Wolverhampton Wanderers,Player Shots,André,Wolverhampton Wanderers,0.5,2.05,Pointsbet,Crystal Palace,2603239,103865061,163
Crystal Palace v Wolverhampton Wanderers,Crystal Palace,Wolverhampton Wanderers,Player Shots,André,Wolverhampton Wanderers,1.5,6.5,Pointsbet,Crystal Palace,2603239,103865061,164
Crystal Palace v Wolverhampton Wanderers,Crystal Palace,Wolverhampton Wanderers,Player Shots,André,Wolverhampton Wanderers,2.5,23,Pointsbet,Crystal Palace,2603239,103865061,165
Crystal Palace v Wolverhampton Wanderers,Crystal Palace,Wolverhampton Wanderers,Player Shots,Tolu Arokodare,Wolverhampton Wanderers,0.5,1.09,Pointsbet,Crystal Palace,2603239,103865061,169
Crystal Palace v Wolverhampton Wanderers,Crystal Palace,Wolverhampton Wanderers,Player Shots,Tolu Arokodare,Wolverhampton Wanderers,1.5,1.5,Pointsbet,Crystal Palace,2603239,103865061,170
Crystal Palace v Wolverhampton Wanderers,Crystal Palace,Wolverhampton Wanderers,Player Shots,Tolu Arokodare,Wolverhampton Wanderers,2.5,2.4,Pointsbet,Crystal Palace,2603239,103865061,171
Crystal Palace v Wolverhampton Wanderers,Crystal Palace,Wolverhampton Wanderers,Player Shots,Tolu Arokodare,Wolverhampton Wanderers,3.5,4.75,Pointsbet,Crystal Palace,2603239,103865061,172
Crystal Palace v Wolverhampton Wanderers,Crystal Palace,Wolverhampton Wanderers,Player Shots,Tolu Arokodare,Wolverhampton Wanderers,4.5,10.5,Pointsbet,Crystal Palace,2603239,103865061,173
Crystal Palace v Wolverhampton Wanderers,Crystal Palace,Wolverhampton Wanderers,Player Shots,Tolu Arokodare,Wolverhampton Wanderers,5.5,26,Pointsbet,Crystal Palace,2603239,103865061,174
Crystal Palace v Wolverhampton Wanderers,Crystal Palace,Wolverhampton Wanderers,Player Shots,Rodrigo Gomes,Wolverhampton Wanderers,0.5,1.29,Pointsbet,Crystal Palace,2603239,103865061,175
Crystal Palace v Wolverhampton Wanderers,Crystal Palace,Wolverhampton Wanderers,Player Shots,Rodrigo Gomes,Wolverhampton Wanderers,1.5,2.35,Pointsbet,Crystal Palace,2603239,103865061,176
Crystal Palace v Wolverhampton Wanderers,Crystal Palace,Wolverhampton Wanderers,Player Shots,Rodrigo Gomes,Wolverhampton Wanderers,2.5,5.25,Pointsbet,Crystal Palace,2603239,103865061,177
Crystal Palace v Wolverhampton Wanderers,Crystal Palace,Wolverhampton Wanderers,Player Shots,Rodrigo Gomes,Wolverhampton Wanderers,3.5,13,Pointsbet,Crystal Palace,2603239,103865061,178
Crystal Palace v Wolverhampton Wanderers,Crystal Palace,Wolverhampton Wanderers,Player Shots,Rodrigo Gomes,Wolverhampton Wanderers,4.5,36,Pointsbet,Crystal Palace,2603239,103865061,179
Crystal Palace v Wolverhampton Wanderers,Crystal Palace,Wolverhampton Wanderers,Player Shots,H. Bueno,NA,0.5,1.77,Pointsbet,NA,2603239,103865061,187
Crystal Palace v Wolverhampton Wanderers,Crystal Palace,Wolverhampton Wanderers,Player Shots,H. Bueno,NA,1.5,4.75,Pointsbet,NA,2603239,103865061,188
Crystal Palace v Wolverhampton Wanderers,Crystal Palace,Wolverhampton Wanderers,Player Shots,H. Bueno,NA,2.5,16,Pointsbet,NA,2603239,103865061,189
Crystal Palace v Wolverhampton Wanderers,Crystal Palace,Wolverhampton Wanderers,Player Shots,H. Bueno,NA,3.5,61,Pointsbet,NA,2603239,103865061,190
Crystal Palace v Wolverhampton Wanderers,Crystal Palace,Wolverhampton Wanderers,Player Shots,Mateus Mane,NA,0.5,1.08,Pointsbet,NA,2603239,103865061,211
Crystal Palace v Wolverhampton Wanderers,Crystal Palace,Wolverhampton Wanderers,Player Shots,Mateus Mane,NA,1.5,1.42,Pointsbet,NA,2603239,103865061,212
Crystal Palace v Wolverhampton Wanderers,Crystal Palace,Wolverhampton Wanderers,Player Shots,Mateus Mane,NA,2.5,2.3,Pointsbet,NA,2603239,103865061,213
Crystal Palace v Wolverhampton Wanderers,Crystal Palace,Wolverhampton Wanderers,Player Shots,Mateus Mane,NA,3.5,4.2,Pointsbet,NA,2603239,103865061,214
Crystal Palace v Wolverhampton Wanderers,Crystal Palace,Wolverhampton Wanderers,Player Shots,Mateus Mane,NA,4.5,8.5,Pointsbet,NA,2603239,103865061,215
Crystal Palace v Wolverhampton Wanderers,Crystal Palace,Wolverhampton Wanderers,Player Shots,Mateus Mane,NA,5.5,20,Pointsbet,NA,2603239,103865061,216
Tottenham Hotspur v Arsenal,Tottenham Hotspur,Arsenal,Player Shots,Dominic Solanke,Tottenham Hotspur,0.5,1.08,Pointsbet,Arsenal,2603355,103867515,1
Tottenham Hotspur v Arsenal,Tottenham Hotspur,Arsenal,Player Shots,Dominic Solanke,Tottenham Hotspur,1.5,1.44,Pointsbet,Arsenal,2603355,103867515,2
Tottenham Hotspur v Arsenal,Tottenham Hotspur,Arsenal,Player Shots,Dominic Solanke,Tottenham Hotspur,2.5,2.4,Pointsbet,Arsenal,2603355,103867515,3
Tottenham Hotspur v Arsenal,Tottenham Hotspur,Arsenal,Player Shots,Dominic Solanke,Tottenham Hotspur,3.5,4.5,Pointsbet,Arsenal,2603355,103867515,4
Tottenham Hotspur v Arsenal,Tottenham Hotspur,Arsenal,Player Shots,Dominic Solanke,Tottenham Hotspur,4.5,10,Pointsbet,Arsenal,2603355,103867515,5
Tottenham Hotspur v Arsenal,Tottenham Hotspur,Arsenal,Player Shots,Dominic Solanke,Tottenham Hotspur,5.5,23,Pointsbet,Arsenal,2603355,103867515,6
Tottenham Hotspur v Arsenal,Tottenham Hotspur,Arsenal,Player Shots,João Palhinha,Tottenham Hotspur,0.5,1.36,Pointsbet,Arsenal,2603355,103867515,7
Tottenham Hotspur v Arsenal,Tottenham Hotspur,Arsenal,Player Shots,João Palhinha,Tottenham Hotspur,1.5,2.85,Pointsbet,Arsenal,2603355,103867515,8
Tottenham Hotspur v Arsenal,Tottenham Hotspur,Arsenal,Player Shots,João Palhinha,Tottenham Hotspur,2.5,7.5,Pointsbet,Arsenal,2603355,103867515,9
Tottenham Hotspur v Arsenal,Tottenham Hotspur,Arsenal,Player Shots,João Palhinha,Tottenham Hotspur,3.5,21,Pointsbet,Arsenal,2603355,103867515,10
Tottenham Hotspur v Arsenal,Tottenham Hotspur,Arsenal,Player Shots,João Palhinha,Tottenham Hotspur,4.5,61,Pointsbet,Arsenal,2603355,103867515,11
Tottenham Hotspur v Arsenal,Tottenham Hotspur,Arsenal,Player Shots,Yves Bissouma,Tottenham Hotspur,0.5,1.59,Pointsbet,Arsenal,2603355,103867515,13
Tottenham Hotspur v Arsenal,Tottenham Hotspur,Arsenal,Player Shots,Yves Bissouma,Tottenham Hotspur,1.5,3.7,Pointsbet,Arsenal,2603355,103867515,14
Tottenham Hotspur v Arsenal,Tottenham Hotspur,Arsenal,Player Shots,Yves Bissouma,Tottenham Hotspur,2.5,11,Pointsbet,Arsenal,2603355,103867515,15
Tottenham Hotspur v Arsenal,Tottenham Hotspur,Arsenal,Player Shots,Yves Bissouma,Tottenham Hotspur,3.5,36,Pointsbet,Arsenal,2603355,103867515,16
Tottenham Hotspur v Arsenal,Tottenham Hotspur,Arsenal,Player Shots,Randal Muani,NA,0.5,1.13,Pointsbet,NA,2603355,103867515,19
Tottenham Hotspur v Arsenal,Tottenham Hotspur,Arsenal,Player Shots,Randal Muani,NA,1.5,1.69,Pointsbet,NA,2603355,103867515,20
Tottenham Hotspur v Arsenal,Tottenham Hotspur,Arsenal,Player Shots,Randal Muani,NA,2.5,3.1,Pointsbet,NA,2603355,103867515,21
Tottenham Hotspur v Arsenal,Tottenham Hotspur,Arsenal,Player Shots,Randal Muani,NA,3.5,6.5,Pointsbet,NA,2603355,103867515,22
Tottenham Hotspur v Arsenal,Tottenham Hotspur,Arsenal,Player Shots,Randal Muani,NA,4.5,16,Pointsbet,NA,2603355,103867515,23
Tottenham Hotspur v Arsenal,Tottenham Hotspur,Arsenal,Player Shots,Randal Muani,NA,5.5,36,Pointsbet,NA,2603355,103867515,24
Tottenham Hotspur v Arsenal,Tottenham Hotspur,Arsenal,Player Shots,C. Gallagher,NA,0.5,1.33,Pointsbet,NA,2603355,103867515,25
Tottenham Hotspur v Arsenal,Tottenham Hotspur,Arsenal,Player Shots,C. Gallagher,NA,1.5,2.7,Pointsbet,NA,2603355,103867515,26
Tottenham Hotspur v Arsenal,Tottenham Hotspur,Arsenal,Player Shots,C. Gallagher,NA,2.5,6,Pointsbet,NA,2603355,103867515,27
Tottenham Hotspur v Arsenal,Tottenham Hotspur,Arsenal,Player Shots,C. Gallagher,NA,3.5,17,Pointsbet,NA,2603355,103867515,28
Tottenham Hotspur v Arsenal,Tottenham Hotspur,Arsenal,Player Shots,C. Gallagher,NA,4.5,61,Pointsbet,NA,2603355,103867515,29
Tottenham Hotspur v Arsenal,Tottenham Hotspur,Arsenal,Player Shots,Djed Spence,Tottenham Hotspur,0.5,2.5,Pointsbet,Arsenal,2603355,103867515,31
Tottenham Hotspur v Arsenal,Tottenham Hotspur,Arsenal,Player Shots,Djed Spence,Tottenham Hotspur,1.5,10.5,Pointsbet,Arsenal,2603355,103867515,32
Tottenham Hotspur v Arsenal,Tottenham Hotspur,Arsenal,Player Shots,Djed Spence,Tottenham Hotspur,2.5,51,Pointsbet,Arsenal,2603355,103867515,33
Tottenham Hotspur v Arsenal,Tottenham Hotspur,Arsenal,Player Shots,Radu Dr<c4><83>gu<c8><99>in,NA,0.5,2.3,Pointsbet,NA,2603355,103867515,37
Tottenham Hotspur v Arsenal,Tottenham Hotspur,Arsenal,Player Shots,Radu Dr<c4><83>gu<c8><99>in,NA,1.5,8,Pointsbet,NA,2603355,103867515,38
Tottenham Hotspur v Arsenal,Tottenham Hotspur,Arsenal,Player Shots,Radu Dr<c4><83>gu<c8><99>in,NA,2.5,31,Pointsbet,NA,2603355,103867515,39
Tottenham Hotspur v Arsenal,Tottenham Hotspur,Arsenal,Player Shots,Micky van de Ven,Tottenham Hotspur,0.5,1.9,Pointsbet,Arsenal,2603355,103867515,43
Tottenham Hotspur v Arsenal,Tottenham Hotspur,Arsenal,Player Shots,Micky van de Ven,Tottenham Hotspur,1.5,5.75,Pointsbet,Arsenal,2603355,103867515,44
Tottenham Hotspur v Arsenal,Tottenham Hotspur,Arsenal,Player Shots,Micky van de Ven,Tottenham Hotspur,2.5,23,Pointsbet,Arsenal,2603355,103867515,45
Tottenham Hotspur v Arsenal,Tottenham Hotspur,Arsenal,Player Shots,X. Simons,NA,0.5,1.18,Pointsbet,NA,2603355,103867515,49
Tottenham Hotspur v Arsenal,Tottenham Hotspur,Arsenal,Player Shots,X. Simons,NA,1.5,1.83,Pointsbet,NA,2603355,103867515,50
Tottenham Hotspur v Arsenal,Tottenham Hotspur,Arsenal,Player Shots,X. Simons,NA,2.5,3.7,Pointsbet,NA,2603355,103867515,51
Tottenham Hotspur v Arsenal,Tottenham Hotspur,Arsenal,Player Shots,X. Simons,NA,3.5,8.5,Pointsbet,NA,2603355,103867515,52
Tottenham Hotspur v Arsenal,Tottenham Hotspur,Arsenal,Player Shots,X. Simons,NA,4.5,21,Pointsbet,NA,2603355,103867515,53
Tottenham Hotspur v Arsenal,Tottenham Hotspur,Arsenal,Player Shots,X. Simons,NA,5.5,71,Pointsbet,NA,2603355,103867515,54
Tottenham Hotspur v Arsenal,Tottenham Hotspur,Arsenal,Player Shots,Pape Matar Sarr,Tottenham Hotspur,0.5,1.4,Pointsbet,Arsenal,2603355,103867515,55
Tottenham Hotspur v Arsenal,Tottenham Hotspur,Arsenal,Player Shots,Pape Matar Sarr,Tottenham Hotspur,1.5,2.9,Pointsbet,Arsenal,2603355,103867515,56
Tottenham Hotspur v Arsenal,Tottenham Hotspur,Arsenal,Player Shots,Pape Matar Sarr,Tottenham Hotspur,2.5,7.5,Pointsbet,Arsenal,2603355,103867515,57
Tottenham Hotspur v Arsenal,Tottenham Hotspur,Arsenal,Player Shots,Pape Matar Sarr,Tottenham Hotspur,3.5,23,Pointsbet,Arsenal,2603355,103867515,58
Tottenham Hotspur v Arsenal,Tottenham Hotspur,Arsenal,Player Shots,Pape Matar Sarr,Tottenham Hotspur,4.5,91,Pointsbet,Arsenal,2603355,103867515,59
Tottenham Hotspur v Arsenal,Tottenham Hotspur,Arsenal,Player Shots,M. Tel,NA,0.5,1.08,Pointsbet,NA,2603355,103867515,61
Tottenham Hotspur v Arsenal,Tottenham Hotspur,Arsenal,Player Shots,M. Tel,NA,1.5,1.42,Pointsbet,NA,2603355,103867515,62
Tottenham Hotspur v Arsenal,Tottenham Hotspur,Arsenal,Player Shots,M. Tel,NA,2.5,2.3,Pointsbet,NA,2603355,103867515,63
Tottenham Hotspur v Arsenal,Tottenham Hotspur,Arsenal,Player Shots,M. Tel,NA,3.5,4.2,Pointsbet,NA,2603355,103867515,64
Tottenham Hotspur v Arsenal,Tottenham Hotspur,Arsenal,Player Shots,M. Tel,NA,4.5,9,Pointsbet,NA,2603355,103867515,65
Tottenham Hotspur v Arsenal,Tottenham Hotspur,Arsenal,Player Shots,M. Tel,NA,5.5,20,Pointsbet,NA,2603355,103867515,66
Tottenham Hotspur v Arsenal,Tottenham Hotspur,Arsenal,Player Shots,Andre Gray,NA,0.5,1.74,Pointsbet,NA,2603355,103867515,67
Tottenham Hotspur v Arsenal,Tottenham Hotspur,Arsenal,Player Shots,Andre Gray,NA,1.5,4.5,Pointsbet,NA,2603355,103867515,68
Tottenham Hotspur v Arsenal,Tottenham Hotspur,Arsenal,Player Shots,Andre Gray,NA,2.5,15,Pointsbet,NA,2603355,103867515,69
Tottenham Hotspur v Arsenal,Tottenham Hotspur,Arsenal,Player Shots,Andre Gray,NA,3.5,51,Pointsbet,NA,2603355,103867515,70
Tottenham Hotspur v Arsenal,Tottenham Hotspur,Arsenal,Player Shots,Nørgaard,NA,0.5,1.4,Pointsbet,NA,2603355,103867515,73
Tottenham Hotspur v Arsenal,Tottenham Hotspur,Arsenal,Player Shots,Nørgaard,NA,1.5,3,Pointsbet,NA,2603355,103867515,74
Tottenham Hotspur v Arsenal,Tottenham Hotspur,Arsenal,Player Shots,Nørgaard,NA,2.5,7.5,Pointsbet,NA,2603355,103867515,75
Tottenham Hotspur v Arsenal,Tottenham Hotspur,Arsenal,Player Shots,Nørgaard,NA,3.5,23,Pointsbet,NA,2603355,103867515,76
Tottenham Hotspur v Arsenal,Tottenham Hotspur,Arsenal,Player Shots,Nørgaard,NA,4.5,81,Pointsbet,NA,2603355,103867515,77
Tottenham Hotspur v Arsenal,Tottenham Hotspur,Arsenal,Player Shots,Leandro Trossard,Arsenal,0.5,1.04,Pointsbet,Tottenham Hotspur,2603355,103867515,79
Tottenham Hotspur v Arsenal,Tottenham Hotspur,Arsenal,Player Shots,Leandro Trossard,Arsenal,1.5,1.29,Pointsbet,Tottenham Hotspur,2603355,103867515,80
Tottenham Hotspur v Arsenal,Tottenham Hotspur,Arsenal,Player Shots,Leandro Trossard,Arsenal,2.5,1.83,Pointsbet,Tottenham Hotspur,2603355,103867515,81
Tottenham Hotspur v Arsenal,Tottenham Hotspur,Arsenal,Player Shots,Leandro Trossard,Arsenal,3.5,3.1,Pointsbet,Tottenham Hotspur,2603355,103867515,82
Tottenham Hotspur v Arsenal,Tottenham Hotspur,Arsenal,Player Shots,Leandro Trossard,Arsenal,4.5,5.75,Pointsbet,Tottenham Hotspur,2603355,103867515,83
Tottenham Hotspur v Arsenal,Tottenham Hotspur,Arsenal,Player Shots,Leandro Trossard,Arsenal,5.5,12,Pointsbet,Tottenham Hotspur,2603355,103867515,84
Tottenham Hotspur v Arsenal,Tottenham Hotspur,Arsenal,Player Shots,Declan Rice,Arsenal,0.5,1.18,Pointsbet,Tottenham Hotspur,2603355,103867515,85
Tottenham Hotspur v Arsenal,Tottenham Hotspur,Arsenal,Player Shots,Declan Rice,Arsenal,1.5,1.83,Pointsbet,Tottenham Hotspur,2603355,103867515,86
Tottenham Hotspur v Arsenal,Tottenham Hotspur,Arsenal,Player Shots,Declan Rice,Arsenal,2.5,3.4,Pointsbet,Tottenham Hotspur,2603355,103867515,87
Tottenham Hotspur v Arsenal,Tottenham Hotspur,Arsenal,Player Shots,Declan Rice,Arsenal,3.5,7.5,Pointsbet,Tottenham Hotspur,2603355,103867515,88
Tottenham Hotspur v Arsenal,Tottenham Hotspur,Arsenal,Player Shots,Declan Rice,Arsenal,4.5,17,Pointsbet,Tottenham Hotspur,2603355,103867515,89
Tottenham Hotspur v Arsenal,Tottenham Hotspur,Arsenal,Player Shots,Declan Rice,Arsenal,5.5,41,Pointsbet,Tottenham Hotspur,2603355,103867515,90
Tottenham Hotspur v Arsenal,Tottenham Hotspur,Arsenal,Player Shots,Gabriel Jesus,Arsenal,0.5,1.02,Pointsbet,Tottenham Hotspur,2603355,103867515,91
Tottenham Hotspur v Arsenal,Tottenham Hotspur,Arsenal,Player Shots,Gabriel Jesus,Arsenal,1.5,1.13,Pointsbet,Tottenham Hotspur,2603355,103867515,92
Tottenham Hotspur v Arsenal,Tottenham Hotspur,Arsenal,Player Shots,Gabriel Jesus,Arsenal,2.5,1.42,Pointsbet,Tottenham Hotspur,2603355,103867515,93
Tottenham Hotspur v Arsenal,Tottenham Hotspur,Arsenal,Player Shots,Gabriel Jesus,Arsenal,3.5,2.05,Pointsbet,Tottenham Hotspur,2603355,103867515,94
Tottenham Hotspur v Arsenal,Tottenham Hotspur,Arsenal,Player Shots,Gabriel Jesus,Arsenal,4.5,3.3,Pointsbet,Tottenham Hotspur,2603355,103867515,95
Tottenham Hotspur v Arsenal,Tottenham Hotspur,Arsenal,Player Shots,Gabriel Jesus,Arsenal,5.5,5.75,Pointsbet,Tottenham Hotspur,2603355,103867515,96
Tottenham Hotspur v Arsenal,Tottenham Hotspur,Arsenal,Player Shots,Ben White,Arsenal,0.5,1.63,Pointsbet,Tottenham Hotspur,2603355,103867515,97
Tottenham Hotspur v Arsenal,Tottenham Hotspur,Arsenal,Player Shots,Ben White,Arsenal,1.5,3.9,Pointsbet,Tottenham Hotspur,2603355,103867515,98
Tottenham Hotspur v Arsenal,Tottenham Hotspur,Arsenal,Player Shots,Ben White,Arsenal,2.5,12,Pointsbet,Tottenham Hotspur,2603355,103867515,99
Tottenham Hotspur v Arsenal,Tottenham Hotspur,Arsenal,Player Shots,Ben White,Arsenal,3.5,36,Pointsbet,Tottenham Hotspur,2603355,103867515,100
Tottenham Hotspur v Arsenal,Tottenham Hotspur,Arsenal,Player Shots,Eberechi Eze,Arsenal,0.5,1.04,Pointsbet,Tottenham Hotspur,2603355,103867515,103
Tottenham Hotspur v Arsenal,Tottenham Hotspur,Arsenal,Player Shots,Eberechi Eze,Crystal Palace,0.5,1.04,Pointsbet,Tottenham Hotspur,2603355,103867515,103
Tottenham Hotspur v Arsenal,Tottenham Hotspur,Arsenal,Player Shots,Eberechi Eze,Arsenal,1.5,1.27,Pointsbet,Tottenham Hotspur,2603355,103867515,104
Tottenham Hotspur v Arsenal,Tottenham Hotspur,Arsenal,Player Shots,Eberechi Eze,Crystal Palace,1.5,1.27,Pointsbet,Tottenham Hotspur,2603355,103867515,104
Tottenham Hotspur v Arsenal,Tottenham Hotspur,Arsenal,Player Shots,Eberechi Eze,Arsenal,2.5,1.83,Pointsbet,Tottenham Hotspur,2603355,103867515,105
Tottenham Hotspur v Arsenal,Tottenham Hotspur,Arsenal,Player Shots,Eberechi Eze,Crystal Palace,2.5,1.83,Pointsbet,Tottenham Hotspur,2603355,103867515,105
Tottenham Hotspur v Arsenal,Tottenham Hotspur,Arsenal,Player Shots,Eberechi Eze,Arsenal,3.5,3.1,Pointsbet,Tottenham Hotspur,2603355,103867515,106
Tottenham Hotspur v Arsenal,Tottenham Hotspur,Arsenal,Player Shots,Eberechi Eze,Crystal Palace,3.5,3.1,Pointsbet,Tottenham Hotspur,2603355,103867515,106
Tottenham Hotspur v Arsenal,Tottenham Hotspur,Arsenal,Player Shots,Eberechi Eze,Arsenal,4.5,6,Pointsbet,Tottenham Hotspur,2603355,103867515,107
Tottenham Hotspur v Arsenal,Tottenham Hotspur,Arsenal,Player Shots,Eberechi Eze,Crystal Palace,4.5,6,Pointsbet,Tottenham Hotspur,2603355,103867515,107
Tottenham Hotspur v Arsenal,Tottenham Hotspur,Arsenal,Player Shots,Eberechi Eze,Arsenal,5.5,11,Pointsbet,Tottenham Hotspur,2603355,103867515,108
Tottenham Hotspur v Arsenal,Tottenham Hotspur,Arsenal,Player Shots,Eberechi Eze,Crystal Palace,5.5,11,Pointsbet,Tottenham Hotspur,2603355,103867515,108
Tottenham Hotspur v Arsenal,Tottenham Hotspur,Arsenal,Player Shots,Gabriel Magalh<c3><a3>es,NA,0.5,1.48,Pointsbet,NA,2603355,103867515,109
Tottenham Hotspur v Arsenal,Tottenham Hotspur,Arsenal,Player Shots,Gabriel Magalh<c3><a3>es,NA,1.5,3.3,Pointsbet,NA,2603355,103867515,110
Tottenham Hotspur v Arsenal,Tottenham Hotspur,Arsenal,Player Shots,Gabriel Magalh<c3><a3>es,NA,2.5,9.5,Pointsbet,NA,2603355,103867515,111
Tottenham Hotspur v Arsenal,Tottenham Hotspur,Arsenal,Player Shots,Gabriel Magalh<c3><a3>es,NA,3.5,31,Pointsbet,NA,2603355,103867515,112
Tottenham Hotspur v Arsenal,Tottenham Hotspur,Arsenal,Player Shots,Gyökeres,NA,0.5,1.04,Pointsbet,NA,2603355,103867515,115
Tottenham Hotspur v Arsenal,Tottenham Hotspur,Arsenal,Player Shots,Gyökeres,NA,1.5,1.25,Pointsbet,NA,2603355,103867515,116
Tottenham Hotspur v Arsenal,Tottenham Hotspur,Arsenal,Player Shots,Gyökeres,NA,2.5,1.83,Pointsbet,NA,2603355,103867515,117
Tottenham Hotspur v Arsenal,Tottenham Hotspur,Arsenal,Player Shots,Gyökeres,NA,3.5,3,Pointsbet,NA,2603355,103867515,118
Tottenham Hotspur v Arsenal,Tottenham Hotspur,Arsenal,Player Shots,Gyökeres,NA,4.5,5.75,Pointsbet,NA,2603355,103867515,119
Tottenham Hotspur v Arsenal,Tottenham Hotspur,Arsenal,Player Shots,Gyökeres,NA,5.5,12,Pointsbet,NA,2603355,103867515,120
Tottenham Hotspur v Arsenal,Tottenham Hotspur,Arsenal,Player Shots,Jurrien Timber,NA,0.5,1.4,Pointsbet,NA,2603355,103867515,121
Tottenham Hotspur v Arsenal,Tottenham Hotspur,Arsenal,Player Shots,Jurrien Timber,NA,1.5,2.9,Pointsbet,NA,2603355,103867515,122
Tottenham Hotspur v Arsenal,Tottenham Hotspur,Arsenal,Player Shots,Jurrien Timber,NA,2.5,7.5,Pointsbet,NA,2603355,103867515,123
Tottenham Hotspur v Arsenal,Tottenham Hotspur,Arsenal,Player Shots,Jurrien Timber,NA,3.5,26,Pointsbet,NA,2603355,103867515,124
Tottenham Hotspur v Arsenal,Tottenham Hotspur,Arsenal,Player Shots,Jurrien Timber,NA,4.5,71,Pointsbet,NA,2603355,103867515,125
Tottenham Hotspur v Arsenal,Tottenham Hotspur,Arsenal,Player Shots,Noni Madueke,Arsenal,0.5,1.03,Pointsbet,Tottenham Hotspur,2603355,103867515,127
Tottenham Hotspur v Arsenal,Tottenham Hotspur,Arsenal,Player Shots,Noni Madueke,Arsenal,1.5,1.18,Pointsbet,Tottenham Hotspur,2603355,103867515,128
Tottenham Hotspur v Arsenal,Tottenham Hotspur,Arsenal,Player Shots,Noni Madueke,Arsenal,2.5,1.63,Pointsbet,Tottenham Hotspur,2603355,103867515,129
Tottenham Hotspur v Arsenal,Tottenham Hotspur,Arsenal,Player Shots,Noni Madueke,Arsenal,3.5,2.5,Pointsbet,Tottenham Hotspur,2603355,103867515,130
Tottenham Hotspur v Arsenal,Tottenham Hotspur,Arsenal,Player Shots,Noni Madueke,Arsenal,4.5,4.2,Pointsbet,Tottenham Hotspur,2603355,103867515,131
Tottenham Hotspur v Arsenal,Tottenham Hotspur,Arsenal,Player Shots,Noni Madueke,Arsenal,5.5,7.5,Pointsbet,Tottenham Hotspur,2603355,103867515,132
Tottenham Hotspur v Arsenal,Tottenham Hotspur,Arsenal,Player Shots,William Saliba,Arsenal,0.5,2.6,Pointsbet,Tottenham Hotspur,2603355,103867515,133
Tottenham Hotspur v Arsenal,Tottenham Hotspur,Arsenal,Player Shots,William Saliba,Arsenal,1.5,11,Pointsbet,Tottenham Hotspur,2603355,103867515,134
Tottenham Hotspur v Arsenal,Tottenham Hotspur,Arsenal,Player Shots,William Saliba,Arsenal,2.5,51,Pointsbet,Tottenham Hotspur,2603355,103867515,135
Tottenham Hotspur v Arsenal,Tottenham Hotspur,Arsenal,Player Shots,Bukayo Saka,Arsenal,0.5,1.03,Pointsbet,Tottenham Hotspur,2603355,103867515,139
Tottenham Hotspur v Arsenal,Tottenham Hotspur,Arsenal,Player Shots,Bukayo Saka,Arsenal,1.5,1.16,Pointsbet,Tottenham Hotspur,2603355,103867515,140
Tottenham Hotspur v Arsenal,Tottenham Hotspur,Arsenal,Player Shots,Bukayo Saka,Arsenal,2.5,1.56,Pointsbet,Tottenham Hotspur,2603355,103867515,141
Tottenham Hotspur v Arsenal,Tottenham Hotspur,Arsenal,Player Shots,Bukayo Saka,Arsenal,3.5,2.35,Pointsbet,Tottenham Hotspur,2603355,103867515,142
Tottenham Hotspur v Arsenal,Tottenham Hotspur,Arsenal,Player Shots,Bukayo Saka,Arsenal,4.5,4,Pointsbet,Tottenham Hotspur,2603355,103867515,143
Tottenham Hotspur v Arsenal,Tottenham Hotspur,Arsenal,Player Shots,Bukayo Saka,Arsenal,5.5,7.5,Pointsbet,Tottenham Hotspur,2603355,103867515,144
Tottenham Hotspur v Arsenal,Tottenham Hotspur,Arsenal,Player Shots,Riccardo Calafiori,Arsenal,0.5,1.16,Pointsbet,Tottenham Hotspur,2603355,103867515,145
Tottenham Hotspur v Arsenal,Tottenham Hotspur,Arsenal,Player Shots,Riccardo Calafiori,Arsenal,1.5,1.8,Pointsbet,Tottenham Hotspur,2603355,103867515,146
Tottenham Hotspur v Arsenal,Tottenham Hotspur,Arsenal,Player Shots,Riccardo Calafiori,Arsenal,2.5,3.4,Pointsbet,Tottenham Hotspur,2603355,103867515,147
Tottenham Hotspur v Arsenal,Tottenham Hotspur,Arsenal,Player Shots,Riccardo Calafiori,Arsenal,3.5,7.5,Pointsbet,Tottenham Hotspur,2603355,103867515,148
Tottenham Hotspur v Arsenal,Tottenham Hotspur,Arsenal,Player Shots,Riccardo Calafiori,Arsenal,4.5,19,Pointsbet,Tottenham Hotspur,2603355,103867515,149
Tottenham Hotspur v Arsenal,Tottenham Hotspur,Arsenal,Player Shots,Riccardo Calafiori,Arsenal,5.5,51,Pointsbet,Tottenham Hotspur,2603355,103867515,150
Tottenham Hotspur v Arsenal,Tottenham Hotspur,Arsenal,Player Shots,Gabriel Martinelli,Arsenal,0.5,1.03,Pointsbet,Tottenham Hotspur,2603355,103867515,151
Tottenham Hotspur v Arsenal,Tottenham Hotspur,Arsenal,Player Shots,Gabriel Martinelli,Arsenal,1.5,1.21,Pointsbet,Tottenham Hotspur,2603355,103867515,152
Tottenham Hotspur v Arsenal,Tottenham Hotspur,Arsenal,Player Shots,Gabriel Martinelli,Arsenal,2.5,1.67,Pointsbet,Tottenham Hotspur,2603355,103867515,153
Tottenham Hotspur v Arsenal,Tottenham Hotspur,Arsenal,Player Shots,Gabriel Martinelli,Arsenal,3.5,2.6,Pointsbet,Tottenham Hotspur,2603355,103867515,154
Tottenham Hotspur v Arsenal,Tottenham Hotspur,Arsenal,Player Shots,Gabriel Martinelli,Arsenal,4.5,4.5,Pointsbet,Tottenham Hotspur,2603355,103867515,155
Tottenham Hotspur v Arsenal,Tottenham Hotspur,Arsenal,Player Shots,Gabriel Martinelli,Arsenal,5.5,8.5,Pointsbet,Tottenham Hotspur,2603355,103867515,156
Tottenham Hotspur v Arsenal,Tottenham Hotspur,Arsenal,Player Shots,P. Hincapié,NA,0.5,1.69,Pointsbet,NA,2603355,103867515,157
Tottenham Hotspur v Arsenal,Tottenham Hotspur,Arsenal,Player Shots,P. Hincapié,NA,1.5,4.4,Pointsbet,NA,2603355,103867515,158
Tottenham Hotspur v Arsenal,Tottenham Hotspur,Arsenal,Player Shots,P. Hincapié,NA,2.5,13,Pointsbet,NA,2603355,103867515,159
Tottenham Hotspur v Arsenal,Tottenham Hotspur,Arsenal,Player Shots,P. Hincapié,NA,3.5,51,Pointsbet,NA,2603355,103867515,160
Tottenham Hotspur v Arsenal,Tottenham Hotspur,Arsenal,Player Shots,Martín Zubimendi,Arsenal,0.5,1.4,Pointsbet,Tottenham Hotspur,2603355,103867515,163
Tottenham Hotspur v Arsenal,Tottenham Hotspur,Arsenal,Player Shots,Martín Zubimendi,Arsenal,1.5,3,Pointsbet,Tottenham Hotspur,2603355,103867515,164
Tottenham Hotspur v Arsenal,Tottenham Hotspur,Arsenal,Player Shots,Martín Zubimendi,Arsenal,2.5,7.5,Pointsbet,Tottenham Hotspur,2603355,103867515,165
Tottenham Hotspur v Arsenal,Tottenham Hotspur,Arsenal,Player Shots,Martín Zubimendi,Arsenal,3.5,23,Pointsbet,Tottenham Hotspur,2603355,103867515,166
Tottenham Hotspur v Arsenal,Tottenham Hotspur,Arsenal,Player Shots,Martín Zubimendi,Arsenal,4.5,71,Pointsbet,Tottenham Hotspur,2603355,103867515,167
Tottenham Hotspur v Arsenal,Tottenham Hotspur,Arsenal,Player Shots,Cristhian Mosquera,Arsenal,0.5,2.6,Pointsbet,Tottenham Hotspur,2603355,103867515,169
Tottenham Hotspur v Arsenal,Tottenham Hotspur,Arsenal,Player Shots,Cristhian Mosquera,Arsenal,1.5,11,Pointsbet,Tottenham Hotspur,2603355,103867515,170
Tottenham Hotspur v Arsenal,Tottenham Hotspur,Arsenal,Player Shots,Cristhian Mosquera,Arsenal,2.5,61,Pointsbet,Tottenham Hotspur,2603355,103867515,171
Tottenham Hotspur v Arsenal,Tottenham Hotspur,Arsenal,Player Shots,Lewis-Skelly,NA,0.5,1.83,Pointsbet,NA,2603355,103867515,175
Tottenham Hotspur v Arsenal,Tottenham Hotspur,Arsenal,Player Shots,Lewis-Skelly,NA,1.5,5.25,Pointsbet,NA,2603355,103867515,176
Tottenham Hotspur v Arsenal,Tottenham Hotspur,Arsenal,Player Shots,Lewis-Skelly,NA,2.5,19,Pointsbet,NA,2603355,103867515,177
Tottenham Hotspur v Arsenal,Tottenham Hotspur,Arsenal,Player Shots,Lewis-Skelly,NA,3.5,81,Pointsbet,NA,2603355,103867515,178
Tottenham Hotspur v Arsenal,Tottenham Hotspur,Arsenal,Player Shots,Max Dowman,Arsenal,0.5,1.04,Pointsbet,Tottenham Hotspur,2603355,103867515,187
Tottenham Hotspur v Arsenal,Tottenham Hotspur,Arsenal,Player Shots,Max Dowman,Arsenal,1.5,1.25,Pointsbet,Tottenham Hotspur,2603355,103867515,188
Tottenham Hotspur v Arsenal,Tottenham Hotspur,Arsenal,Player Shots,Max Dowman,Arsenal,2.5,1.8,Pointsbet,Tottenham Hotspur,2603355,103867515,189
Tottenham Hotspur v Arsenal,Tottenham Hotspur,Arsenal,Player Shots,Max Dowman,Arsenal,3.5,2.9,Pointsbet,Tottenham Hotspur,2603355,103867515,190
Tottenham Hotspur v Arsenal,Tottenham Hotspur,Arsenal,Player Shots,Max Dowman,Arsenal,4.5,5.25,Pointsbet,Tottenham Hotspur,2603355,103867515,191
Tottenham Hotspur v Arsenal,Tottenham Hotspur,Arsenal,Player Shots,Max Dowman,Arsenal,5.5,11,Pointsbet,Tottenham Hotspur,2603355,103867515,192
