match,home_team,away_team,market_name,player_name,player_team,opposition_team,line,over_price,agency,class_external_id,competition_external_id,event_external_id,market_id,player_id
Manchester United v Tottenham Hotspur,Manchester United,Tottenham Hotspur,Player Shots,Ayden Heaven,Manchester United,Tottenham Hotspur,0.5,1.62,Sportsbet,49,289,15114821,554661633,2646756069
Manchester United v Tottenham Hotspur,Manchester United,Tottenham Hotspur,Player Shots,Casemiro,Manchester United,Tottenham Hotspur,0.5,1.07,Sportsbet,49,289,15114821,554661633,2646756054
Manchester United v Tottenham Hotspur,Manchester United,Tottenham Hotspur,Player Shots,Diogo Dalot,Manchester United,Tottenham Hotspur,0.5,1.5,Sportsbet,49,289,15114821,554661633,2646756057
Manchester United v Tottenham Hotspur,Manchester United,Tottenham Hotspur,Player Shots,Harry Maguire,Manchester United,Tottenham Hotspur,0.5,1.57,Sportsbet,49,289,15114821,554661633,2646756052
Manchester United v Tottenham Hotspur,Manchester United,Tottenham Hotspur,Player Shots,Kobbie Mainoo,Manchester United,Tottenham Hotspur,0.5,1.08,Sportsbet,49,289,15114821,554661633,2646756067
Manchester United v Tottenham Hotspur,Manchester United,Tottenham Hotspur,Player Shots,Leny Yoro,Manchester United,Tottenham Hotspur,0.5,1.72,Sportsbet,49,289,15114821,554661633,2646756068
Manchester United v Tottenham Hotspur,Manchester United,Tottenham Hotspur,Player Shots,Lisandro Mart<c3><ad>nez,NA,NA,0.5,1.53,Sportsbet,49,289,15114821,554661633,2646756062
Manchester United v Tottenham Hotspur,Manchester United,Tottenham Hotspur,Player Shots,Luke Shaw,Manchester United,Tottenham Hotspur,0.5,1.53,Sportsbet,49,289,15114821,554661633,2646756053
Manchester United v Tottenham Hotspur,Manchester United,Tottenham Hotspur,Player Shots,Manuel Ugarte,Manchester United,Tottenham Hotspur,0.5,1.28,Sportsbet,49,289,15114821,554661633,2646756066
Manchester United v Tottenham Hotspur,Manchester United,Tottenham Hotspur,Player Shots,Noussair Mazraoui,Manchester United,Tottenham Hotspur,0.5,1.45,Sportsbet,49,289,15114821,554661633,2646756059
Manchester United v Tottenham Hotspur,Manchester United,Tottenham Hotspur,Player Shots,Tyrell Malacia,Manchester United,Tottenham Hotspur,0.5,1.4,Sportsbet,49,289,15114821,554661633,2646756058
Manchester United v Tottenham Hotspur,Manchester United,Tottenham Hotspur,Player Shots,Callum Olusesi,Tottenham Hotspur,Manchester United,0.5,1.12,Sportsbet,49,289,15114821,554661633,2646756430
Manchester United v Tottenham Hotspur,Manchester United,Tottenham Hotspur,Player Shots,Conor Gallagher,Tottenham Hotspur,Manchester United,0.5,1.25,Sportsbet,49,289,15114821,554661633,2646756079
Manchester United v Tottenham Hotspur,Manchester United,Tottenham Hotspur,Player Shots,Cristian Romero,Tottenham Hotspur,Manchester United,0.5,1.5,Sportsbet,49,289,15114821,554661633,2646756077
Manchester United v Tottenham Hotspur,Manchester United,Tottenham Hotspur,Player Shots,Djed Spence,Tottenham Hotspur,Manchester United,0.5,1.72,Sportsbet,49,289,15114821,554661633,2646756078
Manchester United v Tottenham Hotspur,Manchester United,Tottenham Hotspur,Player Shots,Joao Palhinha,NA,NA,0.5,1.22,Sportsbet,49,289,15114821,554661633,2646756073
Manchester United v Tottenham Hotspur,Manchester United,Tottenham Hotspur,Player Shots,Kevin Danso,Tottenham Hotspur,Manchester United,0.5,1.8,Sportsbet,49,289,15114821,554661633,2646756075
Manchester United v Tottenham Hotspur,Manchester United,Tottenham Hotspur,Player Shots,Luca Williams-Barnett,NA,NA,0.5,1.12,Sportsbet,49,289,15114821,554661633,2646756431
Manchester United v Tottenham Hotspur,Manchester United,Tottenham Hotspur,Player Shots,Mathys Tel,Tottenham Hotspur,Manchester United,0.5,1.08,Sportsbet,49,289,15114821,554661633,2646756425
Manchester United v Tottenham Hotspur,Manchester United,Tottenham Hotspur,Player Shots,Micky van de Ven,Tottenham Hotspur,Manchester United,0.5,1.67,Sportsbet,49,289,15114821,554661633,2646756424
Manchester United v Tottenham Hotspur,Manchester United,Tottenham Hotspur,Player Shots,Pape Matar Sarr,Tottenham Hotspur,Manchester United,0.5,1.25,Sportsbet,49,289,15114821,554661633,2646756422
Manchester United v Tottenham Hotspur,Manchester United,Tottenham Hotspur,Player Shots,Randal Kolo Muani,Tottenham Hotspur,Manchester United,0.5,1.07,Sportsbet,49,289,15114821,554661633,2646756076
Manchester United v Tottenham Hotspur,Manchester United,Tottenham Hotspur,Player Shots,Rio Kyerematen,Tottenham Hotspur,Manchester United,0.5,1.57,Sportsbet,49,289,15114821,554661633,2646756428
Manchester United v Tottenham Hotspur,Manchester United,Tottenham Hotspur,Player Shots,Souza,Tottenham Hotspur,Manchester United,0.5,1.4,Sportsbet,49,289,15114821,554661633,2646756429
Manchester United v Tottenham Hotspur,Manchester United,Tottenham Hotspur,Player Shots,Wilson Odobert,Tottenham Hotspur,Manchester United,0.5,1.14,Sportsbet,49,289,15114821,554661633,2646756427
Manchester United v Tottenham Hotspur,Manchester United,Tottenham Hotspur,Player Shots,Xavi Simons,Tottenham Hotspur,Manchester United,0.5,1.08,Sportsbet,49,289,15114821,554661633,2646756420
Manchester United v Tottenham Hotspur,Manchester United,Tottenham Hotspur,Player Shots,Yves Bissouma,Tottenham Hotspur,Manchester United,0.5,1.45,Sportsbet,49,289,15114821,554661633,2646756074
Manchester United v Tottenham Hotspur,Manchester United,Tottenham Hotspur,Player Shots,Archie Gray,Tottenham Hotspur,Manchester United,0.5,2,Sportsbet,49,289,15114821,554661633,2646756426
Manchester United v Tottenham Hotspur,Manchester United,Tottenham Hotspur,Player Shots,Destiny Udogie,Tottenham Hotspur,Manchester United,0.5,2.37,Sportsbet,49,289,15114821,554661633,2646756421
Manchester United v Tottenham Hotspur,Manchester United,Tottenham Hotspur,Player Shots,Jun'ai Byfield,Tottenham Hotspur,Manchester United,0.5,2.37,Sportsbet,49,289,15114821,554661633,2646756432
Manchester United v Tottenham Hotspur,Manchester United,Tottenham Hotspur,Player Shots,Radu Dr<c4><83>gu<c8><99>in,NA,NA,0.5,2.1,Sportsbet,49,289,15114821,554661633,2646756423
Manchester United v Tottenham Hotspur,Manchester United,Tottenham Hotspur,Player Shots,Amad Diallo,Manchester United,Tottenham Hotspur,1.5,1.3,Sportsbet,49,289,15114821,554661639,2646756107
Manchester United v Tottenham Hotspur,Manchester United,Tottenham Hotspur,Player Shots,Benjamin Sesko,Manchester United,Tottenham Hotspur,1.5,1.06,Sportsbet,49,289,15114821,554661639,2646756105
Manchester United v Tottenham Hotspur,Manchester United,Tottenham Hotspur,Player Shots,Bruno Fernandes,Manchester United,Tottenham Hotspur,1.5,1.22,Sportsbet,49,289,15114821,554661639,2646756097
Manchester United v Tottenham Hotspur,Manchester United,Tottenham Hotspur,Player Shots,Bryan Mbeumo,Manchester United,Tottenham Hotspur,1.5,1.08,Sportsbet,49,289,15114821,554661639,2646756102
Manchester United v Tottenham Hotspur,Manchester United,Tottenham Hotspur,Player Shots,Casemiro,Manchester United,Tottenham Hotspur,1.5,1.45,Sportsbet,49,289,15114821,554661639,2646756096
Manchester United v Tottenham Hotspur,Manchester United,Tottenham Hotspur,Player Shots,Jack Fletcher,Manchester United,Tottenham Hotspur,1.5,1.36,Sportsbet,49,289,15114821,554661639,2646756113
Manchester United v Tottenham Hotspur,Manchester United,Tottenham Hotspur,Player Shots,Joshua Zirkzee,Manchester United,Tottenham Hotspur,1.5,1.17,Sportsbet,49,289,15114821,554661639,2646756106
Manchester United v Tottenham Hotspur,Manchester United,Tottenham Hotspur,Player Shots,Kobbie Mainoo,Manchester United,Tottenham Hotspur,1.5,1.53,Sportsbet,49,289,15114821,554661639,2646756109
Manchester United v Tottenham Hotspur,Manchester United,Tottenham Hotspur,Player Shots,Matheus Cunha,Manchester United,Tottenham Hotspur,1.5,1.08,Sportsbet,49,289,15114821,554661639,2646756103
Manchester United v Tottenham Hotspur,Manchester United,Tottenham Hotspur,Player Shots,Shea Lacey,Manchester United,Tottenham Hotspur,1.5,1.14,Sportsbet,49,289,15114821,554661639,2646756112
Manchester United v Tottenham Hotspur,Manchester United,Tottenham Hotspur,Player Shots,Manuel Ugarte,Manchester United,Tottenham Hotspur,1.5,2.5,Sportsbet,49,289,15114821,554661639,2646756108
Manchester United v Tottenham Hotspur,Manchester United,Tottenham Hotspur,Player Shots,Diogo Dalot,Manchester United,Tottenham Hotspur,1.5,3.75,Sportsbet,49,289,15114821,554661639,2646756099
Manchester United v Tottenham Hotspur,Manchester United,Tottenham Hotspur,Player Shots,Lisandro Mart<c3><ad>nez,NA,NA,1.5,3.75,Sportsbet,49,289,15114821,554661639,2646756104
Manchester United v Tottenham Hotspur,Manchester United,Tottenham Hotspur,Player Shots,Luke Shaw,Manchester United,Tottenham Hotspur,1.5,3.75,Sportsbet,49,289,15114821,554661639,2646756095
Manchester United v Tottenham Hotspur,Manchester United,Tottenham Hotspur,Player Shots,Noussair Mazraoui,Manchester United,Tottenham Hotspur,1.5,3.6,Sportsbet,49,289,15114821,554661639,2646756101
Manchester United v Tottenham Hotspur,Manchester United,Tottenham Hotspur,Player Shots,Tyrell Malacia,Manchester United,Tottenham Hotspur,1.5,3.3,Sportsbet,49,289,15114821,554661639,2646756100
Manchester United v Tottenham Hotspur,Manchester United,Tottenham Hotspur,Player Shots,Ayden Heaven,Manchester United,Tottenham Hotspur,1.5,4.33,Sportsbet,49,289,15114821,554661639,2646756111
Manchester United v Tottenham Hotspur,Manchester United,Tottenham Hotspur,Player Shots,Harry Maguire,Manchester United,Tottenham Hotspur,1.5,4,Sportsbet,49,289,15114821,554661639,2646756094
Manchester United v Tottenham Hotspur,Manchester United,Tottenham Hotspur,Player Shots,Leny Yoro,Manchester United,Tottenham Hotspur,1.5,4.5,Sportsbet,49,289,15114821,554661639,2646756110
Manchester United v Tottenham Hotspur,Manchester United,Tottenham Hotspur,Player Shots,Callum Olusesi,Tottenham Hotspur,Manchester United,1.5,1.72,Sportsbet,49,289,15114821,554661639,2646756132
Manchester United v Tottenham Hotspur,Manchester United,Tottenham Hotspur,Player Shots,Dominic Solanke,Tottenham Hotspur,Manchester United,1.5,1.3,Sportsbet,49,289,15114821,554661639,2646756114
Manchester United v Tottenham Hotspur,Manchester United,Tottenham Hotspur,Player Shots,Luca Williams-Barnett,NA,NA,1.5,1.72,Sportsbet,49,289,15114821,554661639,2646756133
Manchester United v Tottenham Hotspur,Manchester United,Tottenham Hotspur,Player Shots,Mathys Tel,Tottenham Hotspur,Manchester United,1.5,1.5,Sportsbet,49,289,15114821,554661639,2646756127
Manchester United v Tottenham Hotspur,Manchester United,Tottenham Hotspur,Player Shots,Randal Kolo Muani,Tottenham Hotspur,Manchester United,1.5,1.45,Sportsbet,49,289,15114821,554661639,2646756118
Manchester United v Tottenham Hotspur,Manchester United,Tottenham Hotspur,Player Shots,Wilson Odobert,Tottenham Hotspur,Manchester United,1.5,1.91,Sportsbet,49,289,15114821,554661639,2646756129
Manchester United v Tottenham Hotspur,Manchester United,Tottenham Hotspur,Player Shots,Xavi Simons,Tottenham Hotspur,Manchester United,1.5,1.57,Sportsbet,49,289,15114821,554661639,2646756122
Manchester United v Tottenham Hotspur,Manchester United,Tottenham Hotspur,Player Shots,Conor Gallagher,Tottenham Hotspur,Manchester United,1.5,2.4,Sportsbet,49,289,15114821,554661639,2646756121
Manchester United v Tottenham Hotspur,Manchester United,Tottenham Hotspur,Player Shots,Joao Palhinha,NA,NA,1.5,2.2,Sportsbet,49,289,15114821,554661639,2646756115
Manchester United v Tottenham Hotspur,Manchester United,Tottenham Hotspur,Player Shots,Pape Matar Sarr,Tottenham Hotspur,Manchester United,1.5,2.4,Sportsbet,49,289,15114821,554661639,2646756124
Manchester United v Tottenham Hotspur,Manchester United,Tottenham Hotspur,Player Shots,Cristian Romero,Tottenham Hotspur,Manchester United,1.5,3.6,Sportsbet,49,289,15114821,554661639,2646756119
Manchester United v Tottenham Hotspur,Manchester United,Tottenham Hotspur,Player Shots,Souza,Tottenham Hotspur,Manchester United,1.5,3.3,Sportsbet,49,289,15114821,554661639,2646756131
Manchester United v Tottenham Hotspur,Manchester United,Tottenham Hotspur,Player Shots,Yves Bissouma,Tottenham Hotspur,Manchester United,1.5,3.5,Sportsbet,49,289,15114821,554661639,2646756116
Manchester United v Tottenham Hotspur,Manchester United,Tottenham Hotspur,Player Shots,Micky van de Ven,Tottenham Hotspur,Manchester United,1.5,4.5,Sportsbet,49,289,15114821,554661639,2646756126
Manchester United v Tottenham Hotspur,Manchester United,Tottenham Hotspur,Player Shots,Rio Kyerematen,Tottenham Hotspur,Manchester United,1.5,4,Sportsbet,49,289,15114821,554661639,2646756130
Manchester United v Tottenham Hotspur,Manchester United,Tottenham Hotspur,Player Shots,Djed Spence,Tottenham Hotspur,Manchester United,1.5,5,Sportsbet,49,289,15114821,554661639,2646756120
Manchester United v Tottenham Hotspur,Manchester United,Tottenham Hotspur,Player Shots,Kevin Danso,Tottenham Hotspur,Manchester United,1.5,5,Sportsbet,49,289,15114821,554661639,2646756117
Manchester United v Tottenham Hotspur,Manchester United,Tottenham Hotspur,Player Shots,Archie Gray,Tottenham Hotspur,Manchester United,1.5,6,Sportsbet,49,289,15114821,554661639,2646756128
Manchester United v Tottenham Hotspur,Manchester United,Tottenham Hotspur,Player Shots,Radu Dr<c4><83>gu<c8><99>in,NA,NA,1.5,7,Sportsbet,49,289,15114821,554661639,2646756125
Manchester United v Tottenham Hotspur,Manchester United,Tottenham Hotspur,Player Shots,Destiny Udogie,Tottenham Hotspur,Manchester United,1.5,8,Sportsbet,49,289,15114821,554661639,2646756123
Manchester United v Tottenham Hotspur,Manchester United,Tottenham Hotspur,Player Shots,Jun'ai Byfield,Tottenham Hotspur,Manchester United,1.5,8.5,Sportsbet,49,289,15114821,554661639,2646756134
Manchester United v Tottenham Hotspur,Manchester United,Tottenham Hotspur,Player Shots,Benjamin Sesko,Manchester United,Tottenham Hotspur,2.5,1.25,Sportsbet,49,289,15114821,554661644,2646756647
Manchester United v Tottenham Hotspur,Manchester United,Tottenham Hotspur,Player Shots,Bruno Fernandes,Manchester United,Tottenham Hotspur,2.5,1.72,Sportsbet,49,289,15114821,554661644,2646756639
Manchester United v Tottenham Hotspur,Manchester United,Tottenham Hotspur,Player Shots,Bryan Mbeumo,Manchester United,Tottenham Hotspur,2.5,1.33,Sportsbet,49,289,15114821,554661644,2646756644
Manchester United v Tottenham Hotspur,Manchester United,Tottenham Hotspur,Player Shots,Joshua Zirkzee,Manchester United,Tottenham Hotspur,2.5,1.62,Sportsbet,49,289,15114821,554661644,2646756648
Manchester United v Tottenham Hotspur,Manchester United,Tottenham Hotspur,Player Shots,Matheus Cunha,Manchester United,Tottenham Hotspur,2.5,1.33,Sportsbet,49,289,15114821,554661644,2646756645
Manchester United v Tottenham Hotspur,Manchester United,Tottenham Hotspur,Player Shots,Shea Lacey,Manchester United,Tottenham Hotspur,2.5,1.53,Sportsbet,49,289,15114821,554661644,2646756654
Manchester United v Tottenham Hotspur,Manchester United,Tottenham Hotspur,Player Shots,Amad Diallo,Manchester United,Tottenham Hotspur,2.5,2.1,Sportsbet,49,289,15114821,554661644,2646756649
Manchester United v Tottenham Hotspur,Manchester United,Tottenham Hotspur,Player Shots,Casemiro,Manchester United,Tottenham Hotspur,2.5,2.5,Sportsbet,49,289,15114821,554661644,2646756638
Manchester United v Tottenham Hotspur,Manchester United,Tottenham Hotspur,Player Shots,Jack Fletcher,Manchester United,Tottenham Hotspur,2.5,2.3,Sportsbet,49,289,15114821,554661644,2646756655
Manchester United v Tottenham Hotspur,Manchester United,Tottenham Hotspur,Player Shots,Kobbie Mainoo,Manchester United,Tottenham Hotspur,2.5,2.75,Sportsbet,49,289,15114821,554661644,2646756651
Manchester United v Tottenham Hotspur,Manchester United,Tottenham Hotspur,Player Shots,Manuel Ugarte,Manchester United,Tottenham Hotspur,2.5,6,Sportsbet,49,289,15114821,554661644,2646756650
Manchester United v Tottenham Hotspur,Manchester United,Tottenham Hotspur,Player Shots,Tyrell Malacia,Manchester United,Tottenham Hotspur,2.5,8.5,Sportsbet,49,289,15114821,554661644,2646756642
Manchester United v Tottenham Hotspur,Manchester United,Tottenham Hotspur,Player Shots,Noussair Mazraoui,Manchester United,Tottenham Hotspur,2.5,9.5,Sportsbet,49,289,15114821,554661644,2646756643
Manchester United v Tottenham Hotspur,Manchester United,Tottenham Hotspur,Player Shots,Diogo Dalot,Manchester United,Tottenham Hotspur,2.5,10,Sportsbet,49,289,15114821,554661644,2646756641
Manchester United v Tottenham Hotspur,Manchester United,Tottenham Hotspur,Player Shots,Lisandro Mart<c3><ad>nez,NA,NA,2.5,10,Sportsbet,49,289,15114821,554661644,2646756646
Manchester United v Tottenham Hotspur,Manchester United,Tottenham Hotspur,Player Shots,Luke Shaw,Manchester United,Tottenham Hotspur,2.5,10,Sportsbet,49,289,15114821,554661644,2646756637
Manchester United v Tottenham Hotspur,Manchester United,Tottenham Hotspur,Player Shots,Harry Maguire,Manchester United,Tottenham Hotspur,2.5,12,Sportsbet,49,289,15114821,554661644,2646756636
Manchester United v Tottenham Hotspur,Manchester United,Tottenham Hotspur,Player Shots,Dominic Solanke,Tottenham Hotspur,Manchester United,2.5,2,Sportsbet,49,289,15114821,554661644,2646756656
Manchester United v Tottenham Hotspur,Manchester United,Tottenham Hotspur,Player Shots,Mathys Tel,Tottenham Hotspur,Manchester United,2.5,2.7,Sportsbet,49,289,15114821,554661644,2646756669
Manchester United v Tottenham Hotspur,Manchester United,Tottenham Hotspur,Player Shots,Randal Kolo Muani,Tottenham Hotspur,Manchester United,2.5,2.5,Sportsbet,49,289,15114821,554661644,2646756660
Manchester United v Tottenham Hotspur,Manchester United,Tottenham Hotspur,Player Shots,Xavi Simons,Tottenham Hotspur,Manchester United,2.5,2.88,Sportsbet,49,289,15114821,554661644,2646756664
Manchester United v Tottenham Hotspur,Manchester United,Tottenham Hotspur,Player Shots,Callum Olusesi,Tottenham Hotspur,Manchester United,2.5,3.4,Sportsbet,49,289,15114821,554661644,2646756674
Manchester United v Tottenham Hotspur,Manchester United,Tottenham Hotspur,Player Shots,Luca Williams-Barnett,NA,NA,2.5,3.4,Sportsbet,49,289,15114821,554661644,2646756675
Manchester United v Tottenham Hotspur,Manchester United,Tottenham Hotspur,Player Shots,Wilson Odobert,Tottenham Hotspur,Manchester United,2.5,3.75,Sportsbet,49,289,15114821,554661644,2646756671
Manchester United v Tottenham Hotspur,Manchester United,Tottenham Hotspur,Player Shots,Joao Palhinha,NA,NA,2.5,4.5,Sportsbet,49,289,15114821,554661644,2646756657
Manchester United v Tottenham Hotspur,Manchester United,Tottenham Hotspur,Player Shots,Conor Gallagher,Tottenham Hotspur,Manchester United,2.5,5.5,Sportsbet,49,289,15114821,554661644,2646756663
Manchester United v Tottenham Hotspur,Manchester United,Tottenham Hotspur,Player Shots,Pape Matar Sarr,Tottenham Hotspur,Manchester United,2.5,5,Sportsbet,49,289,15114821,554661644,2646756666
Manchester United v Tottenham Hotspur,Manchester United,Tottenham Hotspur,Player Shots,Souza,Tottenham Hotspur,Manchester United,2.5,8.5,Sportsbet,49,289,15114821,554661644,2646756673
Manchester United v Tottenham Hotspur,Manchester United,Tottenham Hotspur,Player Shots,Cristian Romero,Tottenham Hotspur,Manchester United,2.5,9.5,Sportsbet,49,289,15114821,554661644,2646756661
Manchester United v Tottenham Hotspur,Manchester United,Tottenham Hotspur,Player Shots,Yves Bissouma,Tottenham Hotspur,Manchester United,2.5,9.5,Sportsbet,49,289,15114821,554661644,2646756658
Manchester United v Tottenham Hotspur,Manchester United,Tottenham Hotspur,Player Shots,Rio Kyerematen,Tottenham Hotspur,Manchester United,2.5,11,Sportsbet,49,289,15114821,554661644,2646756672
Manchester United v Tottenham Hotspur,Manchester United,Tottenham Hotspur,Player Shots,Benjamin Sesko,Manchester United,Tottenham Hotspur,3.5,1.72,Sportsbet,49,289,15114821,554661647,2646756768
Manchester United v Tottenham Hotspur,Manchester United,Tottenham Hotspur,Player Shots,Bryan Mbeumo,Manchester United,Tottenham Hotspur,3.5,1.91,Sportsbet,49,289,15114821,554661647,2646756765
Manchester United v Tottenham Hotspur,Manchester United,Tottenham Hotspur,Player Shots,Matheus Cunha,Manchester United,Tottenham Hotspur,3.5,1.91,Sportsbet,49,289,15114821,554661647,2646756766
Manchester United v Tottenham Hotspur,Manchester United,Tottenham Hotspur,Player Shots,Joshua Zirkzee,Manchester United,Tottenham Hotspur,3.5,2.75,Sportsbet,49,289,15114821,554661647,2646756769
Manchester United v Tottenham Hotspur,Manchester United,Tottenham Hotspur,Player Shots,Shea Lacey,Manchester United,Tottenham Hotspur,3.5,2.5,Sportsbet,49,289,15114821,554661647,2646756775
Manchester United v Tottenham Hotspur,Manchester United,Tottenham Hotspur,Player Shots,Amad Diallo,Manchester United,Tottenham Hotspur,3.5,3.75,Sportsbet,49,289,15114821,554661647,2646756770
Manchester United v Tottenham Hotspur,Manchester United,Tottenham Hotspur,Player Shots,Bruno Fernandes,Manchester United,Tottenham Hotspur,3.5,3,Sportsbet,49,289,15114821,554661647,2646756760
Manchester United v Tottenham Hotspur,Manchester United,Tottenham Hotspur,Player Shots,Jack Fletcher,Manchester United,Tottenham Hotspur,3.5,4.33,Sportsbet,49,289,15114821,554661647,2646756776
Manchester United v Tottenham Hotspur,Manchester United,Tottenham Hotspur,Player Shots,Casemiro,Manchester United,Tottenham Hotspur,3.5,5,Sportsbet,49,289,15114821,554661647,2646756759
Manchester United v Tottenham Hotspur,Manchester United,Tottenham Hotspur,Player Shots,Kobbie Mainoo,Manchester United,Tottenham Hotspur,3.5,5,Sportsbet,49,289,15114821,554661647,2646756772
Manchester United v Tottenham Hotspur,Manchester United,Tottenham Hotspur,Player Shots,Manuel Ugarte,Manchester United,Tottenham Hotspur,3.5,15,Sportsbet,49,289,15114821,554661647,2646756771
Manchester United v Tottenham Hotspur,Manchester United,Tottenham Hotspur,Player Shots,Tyrell Malacia,Manchester United,Tottenham Hotspur,3.5,26,Sportsbet,49,289,15114821,554661647,2646756763
Manchester United v Tottenham Hotspur,Manchester United,Tottenham Hotspur,Player Shots,Noussair Mazraoui,Manchester United,Tottenham Hotspur,3.5,36,Sportsbet,49,289,15114821,554661647,2646756764
Manchester United v Tottenham Hotspur,Manchester United,Tottenham Hotspur,Player Shots,Diogo Dalot,Manchester United,Tottenham Hotspur,3.5,41,Sportsbet,49,289,15114821,554661647,2646756762
Manchester United v Tottenham Hotspur,Manchester United,Tottenham Hotspur,Player Shots,Lisandro Mart<c3><ad>nez,NA,NA,3.5,41,Sportsbet,49,289,15114821,554661647,2646756767
Manchester United v Tottenham Hotspur,Manchester United,Tottenham Hotspur,Player Shots,Luke Shaw,Manchester United,Tottenham Hotspur,3.5,41,Sportsbet,49,289,15114821,554661647,2646756758
Manchester United v Tottenham Hotspur,Manchester United,Tottenham Hotspur,Player Shots,Dominic Solanke,Tottenham Hotspur,Manchester United,3.5,3.6,Sportsbet,49,289,15114821,554661647,2646756777
Manchester United v Tottenham Hotspur,Manchester United,Tottenham Hotspur,Player Shots,Randal Kolo Muani,Tottenham Hotspur,Manchester United,3.5,4.5,Sportsbet,49,289,15114821,554661647,2646756781
Manchester United v Tottenham Hotspur,Manchester United,Tottenham Hotspur,Player Shots,Mathys Tel,Tottenham Hotspur,Manchester United,3.5,5,Sportsbet,49,289,15114821,554661647,2646756790
Manchester United v Tottenham Hotspur,Manchester United,Tottenham Hotspur,Player Shots,Xavi Simons,Tottenham Hotspur,Manchester United,3.5,5.5,Sportsbet,49,289,15114821,554661647,2646756785
Manchester United v Tottenham Hotspur,Manchester United,Tottenham Hotspur,Player Shots,Callum Olusesi,Tottenham Hotspur,Manchester United,3.5,7,Sportsbet,49,289,15114821,554661647,2646756795
Manchester United v Tottenham Hotspur,Manchester United,Tottenham Hotspur,Player Shots,Luca Williams-Barnett,NA,NA,3.5,7,Sportsbet,49,289,15114821,554661647,2646756796
Manchester United v Tottenham Hotspur,Manchester United,Tottenham Hotspur,Player Shots,Wilson Odobert,Tottenham Hotspur,Manchester United,3.5,8,Sportsbet,49,289,15114821,554661647,2646756792
Manchester United v Tottenham Hotspur,Manchester United,Tottenham Hotspur,Player Shots,Joao Palhinha,NA,NA,3.5,11,Sportsbet,49,289,15114821,554661647,2646756778
Manchester United v Tottenham Hotspur,Manchester United,Tottenham Hotspur,Player Shots,Pape Matar Sarr,Tottenham Hotspur,Manchester United,3.5,13,Sportsbet,49,289,15114821,554661647,2646756787
Manchester United v Tottenham Hotspur,Manchester United,Tottenham Hotspur,Player Shots,Conor Gallagher,Tottenham Hotspur,Manchester United,3.5,14,Sportsbet,49,289,15114821,554661647,2646756784
Manchester United v Tottenham Hotspur,Manchester United,Tottenham Hotspur,Player Shots,Souza,Tottenham Hotspur,Manchester United,3.5,26,Sportsbet,49,289,15114821,554661647,2646756794
Manchester United v Tottenham Hotspur,Manchester United,Tottenham Hotspur,Player Shots,Cristian Romero,Tottenham Hotspur,Manchester United,3.5,34,Sportsbet,49,289,15114821,554661647,2646756782
Manchester United v Tottenham Hotspur,Manchester United,Tottenham Hotspur,Player Shots,Yves Bissouma,Tottenham Hotspur,Manchester United,3.5,34,Sportsbet,49,289,15114821,554661647,2646756779
Manchester United v Tottenham Hotspur,Manchester United,Tottenham Hotspur,Player Shots,Rio Kyerematen,Tottenham Hotspur,Manchester United,3.5,46,Sportsbet,49,289,15114821,554661647,2646756793
Manchester United v Tottenham Hotspur,Manchester United,Tottenham Hotspur,Player Shots,Benjamin Sesko,Manchester United,Tottenham Hotspur,4.5,2.63,Sportsbet,49,289,15114821,554661650,2646756349
Manchester United v Tottenham Hotspur,Manchester United,Tottenham Hotspur,Player Shots,Bryan Mbeumo,Manchester United,Tottenham Hotspur,4.5,3.1,Sportsbet,49,289,15114821,554661650,2646756346
Manchester United v Tottenham Hotspur,Manchester United,Tottenham Hotspur,Player Shots,Matheus Cunha,Manchester United,Tottenham Hotspur,4.5,3.2,Sportsbet,49,289,15114821,554661650,2646756347
Manchester United v Tottenham Hotspur,Manchester United,Tottenham Hotspur,Player Shots,Joshua Zirkzee,Manchester United,Tottenham Hotspur,4.5,4.5,Sportsbet,49,289,15114821,554661650,2646756350
Manchester United v Tottenham Hotspur,Manchester United,Tottenham Hotspur,Player Shots,Shea Lacey,Manchester United,Tottenham Hotspur,4.5,4.2,Sportsbet,49,289,15114821,554661650,2646756356
Manchester United v Tottenham Hotspur,Manchester United,Tottenham Hotspur,Player Shots,Bruno Fernandes,Manchester United,Tottenham Hotspur,4.5,5.5,Sportsbet,49,289,15114821,554661650,2646756341
Manchester United v Tottenham Hotspur,Manchester United,Tottenham Hotspur,Player Shots,Amad Diallo,Manchester United,Tottenham Hotspur,4.5,7,Sportsbet,49,289,15114821,554661650,2646756351
Manchester United v Tottenham Hotspur,Manchester United,Tottenham Hotspur,Player Shots,Jack Fletcher,Manchester United,Tottenham Hotspur,4.5,8.5,Sportsbet,49,289,15114821,554661650,2646756357
Manchester United v Tottenham Hotspur,Manchester United,Tottenham Hotspur,Player Shots,Casemiro,Manchester United,Tottenham Hotspur,4.5,10,Sportsbet,49,289,15114821,554661650,2646756340
Manchester United v Tottenham Hotspur,Manchester United,Tottenham Hotspur,Player Shots,Kobbie Mainoo,Manchester United,Tottenham Hotspur,4.5,11,Sportsbet,49,289,15114821,554661650,2646756353
Manchester United v Tottenham Hotspur,Manchester United,Tottenham Hotspur,Player Shots,Dominic Solanke,Tottenham Hotspur,Manchester United,4.5,6.5,Sportsbet,49,289,15114821,554661650,2646756358
Manchester United v Tottenham Hotspur,Manchester United,Tottenham Hotspur,Player Shots,Randal Kolo Muani,Tottenham Hotspur,Manchester United,4.5,9.5,Sportsbet,49,289,15114821,554661650,2646756362
Manchester United v Tottenham Hotspur,Manchester United,Tottenham Hotspur,Player Shots,Mathys Tel,Tottenham Hotspur,Manchester United,4.5,11,Sportsbet,49,289,15114821,554661650,2646756371
Manchester United v Tottenham Hotspur,Manchester United,Tottenham Hotspur,Player Shots,Xavi Simons,Tottenham Hotspur,Manchester United,4.5,12,Sportsbet,49,289,15114821,554661650,2646756366
Manchester United v Tottenham Hotspur,Manchester United,Tottenham Hotspur,Player Shots,Luca Williams-Barnett,NA,NA,4.5,15,Sportsbet,49,289,15114821,554661650,2646756377
Manchester United v Tottenham Hotspur,Manchester United,Tottenham Hotspur,Player Shots,Callum Olusesi,Tottenham Hotspur,Manchester United,4.5,17,Sportsbet,49,289,15114821,554661650,2646756376
Manchester United v Tottenham Hotspur,Manchester United,Tottenham Hotspur,Player Shots,Wilson Odobert,Tottenham Hotspur,Manchester United,4.5,21,Sportsbet,49,289,15114821,554661650,2646756373
Manchester United v Tottenham Hotspur,Manchester United,Tottenham Hotspur,Player Shots,Joao Palhinha,NA,NA,4.5,31,Sportsbet,49,289,15114821,554661650,2646756359
Manchester United v Tottenham Hotspur,Manchester United,Tottenham Hotspur,Player Shots,Pape Matar Sarr,Tottenham Hotspur,Manchester United,4.5,36,Sportsbet,49,289,15114821,554661650,2646756368
Manchester United v Tottenham Hotspur,Manchester United,Tottenham Hotspur,Player Shots,Conor Gallagher,Tottenham Hotspur,Manchester United,4.5,46,Sportsbet,49,289,15114821,554661650,2646756365
Manchester United v Tottenham Hotspur,Manchester United,Tottenham Hotspur,Player Shots,Benjamin Sesko,Manchester United,Tottenham Hotspur,5.5,4.33,Sportsbet,49,289,15114821,554661651,2646756390
Manchester United v Tottenham Hotspur,Manchester United,Tottenham Hotspur,Player Shots,Bryan Mbeumo,Manchester United,Tottenham Hotspur,5.5,5,Sportsbet,49,289,15114821,554661651,2646756387
Manchester United v Tottenham Hotspur,Manchester United,Tottenham Hotspur,Player Shots,Matheus Cunha,Manchester United,Tottenham Hotspur,5.5,5,Sportsbet,49,289,15114821,554661651,2646756388
Manchester United v Tottenham Hotspur,Manchester United,Tottenham Hotspur,Player Shots,Shea Lacey,Manchester United,Tottenham Hotspur,5.5,7.5,Sportsbet,49,289,15114821,554661651,2646756397
Manchester United v Tottenham Hotspur,Manchester United,Tottenham Hotspur,Player Shots,Joshua Zirkzee,Manchester United,Tottenham Hotspur,5.5,9,Sportsbet,49,289,15114821,554661651,2646756391
Manchester United v Tottenham Hotspur,Manchester United,Tottenham Hotspur,Player Shots,Bruno Fernandes,Manchester United,Tottenham Hotspur,5.5,10,Sportsbet,49,289,15114821,554661651,2646756382
Manchester United v Tottenham Hotspur,Manchester United,Tottenham Hotspur,Player Shots,Amad Diallo,Manchester United,Tottenham Hotspur,5.5,15,Sportsbet,49,289,15114821,554661651,2646756392
Manchester United v Tottenham Hotspur,Manchester United,Tottenham Hotspur,Player Shots,Jack Fletcher,Manchester United,Tottenham Hotspur,5.5,20,Sportsbet,49,289,15114821,554661651,2646756398
Manchester United v Tottenham Hotspur,Manchester United,Tottenham Hotspur,Player Shots,Casemiro,Manchester United,Tottenham Hotspur,5.5,23,Sportsbet,49,289,15114821,554661651,2646756381
Manchester United v Tottenham Hotspur,Manchester United,Tottenham Hotspur,Player Shots,Kobbie Mainoo,Manchester United,Tottenham Hotspur,5.5,31,Sportsbet,49,289,15114821,554661651,2646756394
Manchester United v Tottenham Hotspur,Manchester United,Tottenham Hotspur,Player Shots,Dominic Solanke,Tottenham Hotspur,Manchester United,5.5,14,Sportsbet,49,289,15114821,554661651,2646756399
Manchester United v Tottenham Hotspur,Manchester United,Tottenham Hotspur,Player Shots,Randal Kolo Muani,Tottenham Hotspur,Manchester United,5.5,23,Sportsbet,49,289,15114821,554661651,2646756403
Manchester United v Tottenham Hotspur,Manchester United,Tottenham Hotspur,Player Shots,Mathys Tel,Tottenham Hotspur,Manchester United,5.5,26,Sportsbet,49,289,15114821,554661651,2646756412
Manchester United v Tottenham Hotspur,Manchester United,Tottenham Hotspur,Player Shots,Xavi Simons,Tottenham Hotspur,Manchester United,5.5,31,Sportsbet,49,289,15114821,554661651,2646756407
Manchester United v Tottenham Hotspur,Manchester United,Tottenham Hotspur,Player Shots,Luca Williams-Barnett,NA,NA,5.5,46,Sportsbet,49,289,15114821,554661651,2646756418
Burnley v West Ham United,Burnley,West Ham United,Player Shots,Bashir Humphreys,NA,NA,0.5,1.53,Sportsbet,49,289,15114820,554687922,2646905419
Burnley v West Ham United,Burnley,West Ham United,Player Shots,Florentino,NA,NA,0.5,1.57,Sportsbet,49,289,15114820,554687922,2646905410
Burnley v West Ham United,Burnley,West Ham United,Player Shots,Hannibal Mejbri,NA,NA,0.5,1.14,Sportsbet,49,289,15114820,554687922,2646905414
Burnley v West Ham United,Burnley,West Ham United,Player Shots,Joe Worrall,NA,NA,0.5,1.8,Sportsbet,49,289,15114820,554687922,2646905406
Burnley v West Ham United,Burnley,West Ham United,Player Shots,Josh Laurent,NA,NA,0.5,1.28,Sportsbet,49,289,15114820,554687922,2646905404
Burnley v West Ham United,Burnley,West Ham United,Player Shots,Lesley Ugochukwu,NA,NA,0.5,1.12,Sportsbet,49,289,15114820,554687922,2646905416
Burnley v West Ham United,Burnley,West Ham United,Player Shots,Lucas Pires,NA,NA,0.5,1.4,Sportsbet,49,289,15114820,554687922,2646905418
Burnley v West Ham United,Burnley,West Ham United,Player Shots,Quilindschy Hartman,NA,NA,0.5,1.72,Sportsbet,49,289,15114820,554687922,2646905421
Burnley v West Ham United,Burnley,West Ham United,Player Shots,Axel Tuanzebe,NA,NA,0.5,2.3,Sportsbet,49,289,15114820,554687922,2646905405
Burnley v West Ham United,Burnley,West Ham United,Player Shots,Hjalmar Ekdal,NA,NA,0.5,2.3,Sportsbet,49,289,15114820,554687922,2646905412
Burnley v West Ham United,Burnley,West Ham United,Player Shots,Kyle Walker,NA,NA,0.5,2.1,Sportsbet,49,289,15114820,554687922,2646905402
Burnley v West Ham United,Burnley,West Ham United,Player Shots,Maxime Esteve,NA,NA,0.5,2.6,Sportsbet,49,289,15114820,554687922,2646905417
Burnley v West Ham United,Burnley,West Ham United,Player Shots,Aaron Wan-Bissaka,West Ham United,Burnley,0.5,1.91,Sportsbet,49,289,15114820,554687922,2646905430
Burnley v West Ham United,Burnley,West Ham United,Player Shots,Adama Traor<c3><a9>,NA,NA,0.5,1.06,Sportsbet,49,289,15114820,554687922,2646905423
Burnley v West Ham United,Burnley,West Ham United,Player Shots,Axel Disasi,Chelsea,Burnley,0.5,1.62,Sportsbet,49,289,15114820,554687922,2646905427
Burnley v West Ham United,Burnley,West Ham United,Player Shots,El Hadji Malick Diouf,West Ham United,Burnley,0.5,1.62,Sportsbet,49,289,15114820,554687922,2646905438
Burnley v West Ham United,Burnley,West Ham United,Player Shots,Ezra Mayers,West Ham United,Burnley,0.5,1.83,Sportsbet,49,289,15114820,554687922,2646905440
Burnley v West Ham United,Burnley,West Ham United,Player Shots,Freddie Potts,West Ham United,Burnley,0.5,1.67,Sportsbet,49,289,15114820,554687922,2646905433
Burnley v West Ham United,Burnley,West Ham United,Player Shots,Konstantinos Mavropanos,West Ham United,Burnley,0.5,1.36,Sportsbet,49,289,15114820,554687922,2646905428
Burnley v West Ham United,Burnley,West Ham United,Player Shots,Kyle Walker-Peters,West Ham United,Burnley,0.5,1.36,Sportsbet,49,289,15114820,554687922,2646905426
Burnley v West Ham United,Burnley,West Ham United,Player Shots,Mateus Fernandes,West Ham United,Burnley,0.5,1.28,Sportsbet,49,289,15114820,554687922,2646905436
Burnley v West Ham United,Burnley,West Ham United,Player Shots,Mateus Fernandes,Southampton,Burnley,0.5,1.28,Sportsbet,49,289,15114820,554687922,2646905436
Burnley v West Ham United,Burnley,West Ham United,Player Shots,Max Kilman,NA,NA,0.5,1.72,Sportsbet,49,289,15114820,554687922,2646905425
Burnley v West Ham United,Burnley,West Ham United,Player Shots,Mohamadou Kante,NA,NA,0.5,1.17,Sportsbet,49,289,15114820,554687922,2646905439
Burnley v West Ham United,Burnley,West Ham United,Player Shots,Ollie Scarles,NA,NA,0.5,1.36,Sportsbet,49,289,15114820,554687922,2646905437
Burnley v West Ham United,Burnley,West Ham United,Player Shots,Soungoutou Magassa,West Ham United,Burnley,0.5,1.36,Sportsbet,49,289,15114820,554687922,2646905435
Burnley v West Ham United,Burnley,West Ham United,Player Shots,Tomas Soucek,NA,NA,0.5,1.17,Sportsbet,49,289,15114820,554687922,2646905429
Burnley v West Ham United,Burnley,West Ham United,Player Shots,Armando Broja,NA,NA,1.5,1.25,Sportsbet,49,289,15114820,554687928,2646906060
Burnley v West Ham United,Burnley,West Ham United,Player Shots,Ashley Barnes,NA,NA,1.5,1.36,Sportsbet,49,289,15114820,554687928,2646906050
Burnley v West Ham United,Burnley,West Ham United,Player Shots,Hannibal Mejbri,NA,NA,1.5,1.83,Sportsbet,49,289,15114820,554687928,2646906061
Burnley v West Ham United,Burnley,West Ham United,Player Shots,Jacob Bruun Larsen,NA,NA,1.5,1.25,Sportsbet,49,289,15114820,554687928,2646906055
Burnley v West Ham United,Burnley,West Ham United,Player Shots,Jaidon Anthony,NA,NA,1.5,1.3,Sportsbet,49,289,15114820,554687928,2646906062
Burnley v West Ham United,Burnley,West Ham United,Player Shots,Lesley Ugochukwu,NA,NA,1.5,1.72,Sportsbet,49,289,15114820,554687928,2646906063
Burnley v West Ham United,Burnley,West Ham United,Player Shots,Loum Tchaouna,NA,NA,1.5,1.33,Sportsbet,49,289,15114820,554687928,2646906067
Burnley v West Ham United,Burnley,West Ham United,Player Shots,Lyle Foster,NA,NA,1.5,1.22,Sportsbet,49,289,15114820,554687928,2646906058
Burnley v West Ham United,Burnley,West Ham United,Player Shots,Marcus Edwards,NA,NA,1.5,1.4,Sportsbet,49,289,15114820,554687928,2646906054
Burnley v West Ham United,Burnley,West Ham United,Player Shots,Zian Flemming,NA,NA,1.5,1.11,Sportsbet,49,289,15114820,554687928,2646906056
Burnley v West Ham United,Burnley,West Ham United,Player Shots,Josh Laurent,NA,NA,1.5,2.6,Sportsbet,49,289,15114820,554687928,2646906051
Burnley v West Ham United,Burnley,West Ham United,Player Shots,Bashir Humphreys,NA,NA,1.5,3.75,Sportsbet,49,289,15114820,554687928,2646906066
Burnley v West Ham United,Burnley,West Ham United,Player Shots,Lucas Pires,NA,NA,1.5,3.2,Sportsbet,49,289,15114820,554687928,2646906065
Burnley v West Ham United,Burnley,West Ham United,Player Shots,Florentino,NA,NA,1.5,4,Sportsbet,49,289,15114820,554687928,2646906057
Burnley v West Ham United,Burnley,West Ham United,Player Shots,Joe Worrall,NA,NA,1.5,5,Sportsbet,49,289,15114820,554687928,2646906053
Burnley v West Ham United,Burnley,West Ham United,Player Shots,Quilindschy Hartman,NA,NA,1.5,5,Sportsbet,49,289,15114820,554687928,2646906068
Burnley v West Ham United,Burnley,West Ham United,Player Shots,Kyle Walker,NA,NA,1.5,6.5,Sportsbet,49,289,15114820,554687928,2646906049
Burnley v West Ham United,Burnley,West Ham United,Player Shots,Axel Tuanzebe,NA,NA,1.5,8,Sportsbet,49,289,15114820,554687928,2646906052
Burnley v West Ham United,Burnley,West Ham United,Player Shots,Hjalmar Ekdal,NA,NA,1.5,8,Sportsbet,49,289,15114820,554687928,2646906059
Burnley v West Ham United,Burnley,West Ham United,Player Shots,Maxime Esteve,NA,NA,1.5,10,Sportsbet,49,289,15114820,554687928,2646906064
Burnley v West Ham United,Burnley,West Ham United,Player Shots,Adama Traor<c3><a9>,NA,NA,1.5,1.4,Sportsbet,49,289,15114820,554687928,2646906070
Burnley v West Ham United,Burnley,West Ham United,Player Shots,Callum Wilson,West Ham United,Burnley,1.5,1.11,Sportsbet,49,289,15114820,554687928,2646906069
Burnley v West Ham United,Burnley,West Ham United,Player Shots,Crysencio Summerville,West Ham United,Burnley,1.5,1.33,Sportsbet,49,289,15114820,554687928,2646906079
Burnley v West Ham United,Burnley,West Ham United,Player Shots,Jarrod Bowen,West Ham United,Burnley,1.5,1.17,Sportsbet,49,289,15114820,554687928,2646906071
Burnley v West Ham United,Burnley,West Ham United,Player Shots,Pablo,West Ham United,Burnley,1.5,1.33,Sportsbet,49,289,15114820,554687928,2646906081
Burnley v West Ham United,Burnley,West Ham United,Player Shots,Valentin Castellanos,NA,NA,1.5,1.17,Sportsbet,49,289,15114820,554687928,2646906078
Burnley v West Ham United,Burnley,West Ham United,Player Shots,Mateus Fernandes,West Ham United,Burnley,1.5,2.63,Sportsbet,49,289,15114820,554687928,2646906083
Burnley v West Ham United,Burnley,West Ham United,Player Shots,Mateus Fernandes,Southampton,Burnley,1.5,2.63,Sportsbet,49,289,15114820,554687928,2646906083
Burnley v West Ham United,Burnley,West Ham United,Player Shots,Mohamadou Kante,NA,NA,1.5,2,Sportsbet,49,289,15114820,554687928,2646906086
Burnley v West Ham United,Burnley,West Ham United,Player Shots,Tomas Soucek,NA,NA,1.5,2,Sportsbet,49,289,15114820,554687928,2646906076
Burnley v West Ham United,Burnley,West Ham United,Player Shots,Konstantinos Mavropanos,West Ham United,Burnley,1.5,3,Sportsbet,49,289,15114820,554687928,2646906075
Burnley v West Ham United,Burnley,West Ham United,Player Shots,Kyle Walker-Peters,West Ham United,Burnley,1.5,3,Sportsbet,49,289,15114820,554687928,2646906073
Burnley v West Ham United,Burnley,West Ham United,Player Shots,Ollie Scarles,NA,NA,1.5,3,Sportsbet,49,289,15114820,554687928,2646906084
Burnley v West Ham United,Burnley,West Ham United,Player Shots,Soungoutou Magassa,West Ham United,Burnley,1.5,3,Sportsbet,49,289,15114820,554687928,2646906082
Burnley v West Ham United,Burnley,West Ham United,Player Shots,Axel Disasi,Chelsea,Burnley,1.5,4.33,Sportsbet,49,289,15114820,554687928,2646906074
Burnley v West Ham United,Burnley,West Ham United,Player Shots,El Hadji Malick Diouf,West Ham United,Burnley,1.5,4.33,Sportsbet,49,289,15114820,554687928,2646906085
Burnley v West Ham United,Burnley,West Ham United,Player Shots,Freddie Potts,West Ham United,Burnley,1.5,4.5,Sportsbet,49,289,15114820,554687928,2646906080
Burnley v West Ham United,Burnley,West Ham United,Player Shots,Aaron Wan-Bissaka,West Ham United,Burnley,1.5,5.5,Sportsbet,49,289,15114820,554687928,2646906077
Burnley v West Ham United,Burnley,West Ham United,Player Shots,Ezra Mayers,West Ham United,Burnley,1.5,5,Sportsbet,49,289,15114820,554687928,2646906087
Burnley v West Ham United,Burnley,West Ham United,Player Shots,Max Kilman,NA,NA,1.5,5,Sportsbet,49,289,15114820,554687928,2646906072
Burnley v West Ham United,Burnley,West Ham United,Player Shots,Armando Broja,NA,NA,2.5,1.83,Sportsbet,49,289,15114820,554687904,2646905607
Burnley v West Ham United,Burnley,West Ham United,Player Shots,Jacob Bruun Larsen,NA,NA,2.5,1.91,Sportsbet,49,289,15114820,554687904,2646905602
Burnley v West Ham United,Burnley,West Ham United,Player Shots,Lyle Foster,NA,NA,2.5,1.8,Sportsbet,49,289,15114820,554687904,2646905605
Burnley v West Ham United,Burnley,West Ham United,Player Shots,Zian Flemming,NA,NA,2.5,1.45,Sportsbet,49,289,15114820,554687904,2646905603
Burnley v West Ham United,Burnley,West Ham United,Player Shots,Ashley Barnes,NA,NA,2.5,2.3,Sportsbet,49,289,15114820,554687904,2646905597
Burnley v West Ham United,Burnley,West Ham United,Player Shots,Jaidon Anthony,NA,NA,2.5,2,Sportsbet,49,289,15114820,554687904,2646905609
Burnley v West Ham United,Burnley,West Ham United,Player Shots,Loum Tchaouna,NA,NA,2.5,2.1,Sportsbet,49,289,15114820,554687904,2646905614
Burnley v West Ham United,Burnley,West Ham United,Player Shots,Marcus Edwards,NA,NA,2.5,2.3,Sportsbet,49,289,15114820,554687904,2646905601
Burnley v West Ham United,Burnley,West Ham United,Player Shots,Hannibal Mejbri,NA,NA,2.5,3.6,Sportsbet,49,289,15114820,554687904,2646905608
Burnley v West Ham United,Burnley,West Ham United,Player Shots,Lesley Ugochukwu,NA,NA,2.5,3.5,Sportsbet,49,289,15114820,554687904,2646905610
Burnley v West Ham United,Burnley,West Ham United,Player Shots,Josh Laurent,NA,NA,2.5,6,Sportsbet,49,289,15114820,554687904,2646905598
Burnley v West Ham United,Burnley,West Ham United,Player Shots,Lucas Pires,NA,NA,2.5,8,Sportsbet,49,289,15114820,554687904,2646905612
Burnley v West Ham United,Burnley,West Ham United,Player Shots,Bashir Humphreys,NA,NA,2.5,10,Sportsbet,49,289,15114820,554687904,2646905613
Burnley v West Ham United,Burnley,West Ham United,Player Shots,Florentino,NA,NA,2.5,12,Sportsbet,49,289,15114820,554687904,2646905604
Burnley v West Ham United,Burnley,West Ham United,Player Shots,Callum Wilson,West Ham United,Burnley,2.5,1.45,Sportsbet,49,289,15114820,554687904,2646905616
Burnley v West Ham United,Burnley,West Ham United,Player Shots,Jarrod Bowen,West Ham United,Burnley,2.5,1.62,Sportsbet,49,289,15114820,554687904,2646905618
Burnley v West Ham United,Burnley,West Ham United,Player Shots,Valentin Castellanos,NA,NA,2.5,1.62,Sportsbet,49,289,15114820,554687904,2646905625
Burnley v West Ham United,Burnley,West Ham United,Player Shots,Adama Traor<c3><a9>,NA,NA,2.5,2.5,Sportsbet,49,289,15114820,554687904,2646905617
Burnley v West Ham United,Burnley,West Ham United,Player Shots,Crysencio Summerville,West Ham United,Burnley,2.5,2.1,Sportsbet,49,289,15114820,554687904,2646905626
Burnley v West Ham United,Burnley,West Ham United,Player Shots,Pablo,West Ham United,Burnley,2.5,2.1,Sportsbet,49,289,15114820,554687904,2646905628
Burnley v West Ham United,Burnley,West Ham United,Player Shots,Mohamadou Kante,NA,NA,2.5,4,Sportsbet,49,289,15114820,554687904,2646905633
Burnley v West Ham United,Burnley,West Ham United,Player Shots,Tomas Soucek,NA,NA,2.5,4.2,Sportsbet,49,289,15114820,554687904,2646905623
Burnley v West Ham United,Burnley,West Ham United,Player Shots,Mateus Fernandes,West Ham United,Burnley,2.5,6,Sportsbet,49,289,15114820,554687904,2646905630
Burnley v West Ham United,Burnley,West Ham United,Player Shots,Mateus Fernandes,Southampton,Burnley,2.5,6,Sportsbet,49,289,15114820,554687904,2646905630
Burnley v West Ham United,Burnley,West Ham United,Player Shots,Konstantinos Mavropanos,West Ham United,Burnley,2.5,7.5,Sportsbet,49,289,15114820,554687904,2646905622
Burnley v West Ham United,Burnley,West Ham United,Player Shots,Kyle Walker-Peters,West Ham United,Burnley,2.5,7.5,Sportsbet,49,289,15114820,554687904,2646905620
Burnley v West Ham United,Burnley,West Ham United,Player Shots,Ollie Scarles,NA,NA,2.5,7.5,Sportsbet,49,289,15114820,554687904,2646905631
Burnley v West Ham United,Burnley,West Ham United,Player Shots,Soungoutou Magassa,West Ham United,Burnley,2.5,7.5,Sportsbet,49,289,15114820,554687904,2646905629
Burnley v West Ham United,Burnley,West Ham United,Player Shots,Zian Flemming,NA,NA,3.5,2.2,Sportsbet,49,289,15114820,554687907,2646905710
Burnley v West Ham United,Burnley,West Ham United,Player Shots,Armando Broja,NA,NA,3.5,3.3,Sportsbet,49,289,15114820,554687907,2646905714
Burnley v West Ham United,Burnley,West Ham United,Player Shots,Jacob Bruun Larsen,NA,NA,3.5,3.3,Sportsbet,49,289,15114820,554687907,2646905709
Burnley v West Ham United,Burnley,West Ham United,Player Shots,Jaidon Anthony,NA,NA,3.5,3.6,Sportsbet,49,289,15114820,554687907,2646905716
Burnley v West Ham United,Burnley,West Ham United,Player Shots,Loum Tchaouna,NA,NA,3.5,3.75,Sportsbet,49,289,15114820,554687907,2646905721
Burnley v West Ham United,Burnley,West Ham United,Player Shots,Lyle Foster,NA,NA,3.5,3.1,Sportsbet,49,289,15114820,554687907,2646905712
Burnley v West Ham United,Burnley,West Ham United,Player Shots,Ashley Barnes,NA,NA,3.5,4.33,Sportsbet,49,289,15114820,554687907,2646905704
Burnley v West Ham United,Burnley,West Ham United,Player Shots,Marcus Edwards,NA,NA,3.5,4.33,Sportsbet,49,289,15114820,554687907,2646905708
Burnley v West Ham United,Burnley,West Ham United,Player Shots,Hannibal Mejbri,NA,NA,3.5,7.5,Sportsbet,49,289,15114820,554687907,2646905715
Burnley v West Ham United,Burnley,West Ham United,Player Shots,Lesley Ugochukwu,NA,NA,3.5,7,Sportsbet,49,289,15114820,554687907,2646905717
Burnley v West Ham United,Burnley,West Ham United,Player Shots,Josh Laurent,NA,NA,3.5,15,Sportsbet,49,289,15114820,554687907,2646905705
Burnley v West Ham United,Burnley,West Ham United,Player Shots,Lucas Pires,NA,NA,3.5,23,Sportsbet,49,289,15114820,554687907,2646905719
Burnley v West Ham United,Burnley,West Ham United,Player Shots,Bashir Humphreys,NA,NA,3.5,36,Sportsbet,49,289,15114820,554687907,2646905720
Burnley v West Ham United,Burnley,West Ham United,Player Shots,Florentino,NA,NA,3.5,46,Sportsbet,49,289,15114820,554687907,2646905711
Burnley v West Ham United,Burnley,West Ham United,Player Shots,Callum Wilson,West Ham United,Burnley,3.5,2.2,Sportsbet,49,289,15114820,554687907,2646905723
Burnley v West Ham United,Burnley,West Ham United,Player Shots,Jarrod Bowen,West Ham United,Burnley,3.5,2.7,Sportsbet,49,289,15114820,554687907,2646905725
Burnley v West Ham United,Burnley,West Ham United,Player Shots,Valentin Castellanos,NA,NA,3.5,2.63,Sportsbet,49,289,15114820,554687907,2646905732
Burnley v West Ham United,Burnley,West Ham United,Player Shots,Crysencio Summerville,West Ham United,Burnley,3.5,3.75,Sportsbet,49,289,15114820,554687907,2646905733
Burnley v West Ham United,Burnley,West Ham United,Player Shots,Pablo,West Ham United,Burnley,3.5,3.75,Sportsbet,49,289,15114820,554687907,2646905735
Burnley v West Ham United,Burnley,West Ham United,Player Shots,Adama Traor<c3><a9>,NA,NA,3.5,4.5,Sportsbet,49,289,15114820,554687907,2646905724
Burnley v West Ham United,Burnley,West Ham United,Player Shots,Mohamadou Kante,NA,NA,3.5,9,Sportsbet,49,289,15114820,554687907,2646905740
Burnley v West Ham United,Burnley,West Ham United,Player Shots,Tomas Soucek,NA,NA,3.5,9.5,Sportsbet,49,289,15114820,554687907,2646905730
Burnley v West Ham United,Burnley,West Ham United,Player Shots,Mateus Fernandes,West Ham United,Burnley,3.5,15,Sportsbet,49,289,15114820,554687907,2646905737
Burnley v West Ham United,Burnley,West Ham United,Player Shots,Mateus Fernandes,Southampton,Burnley,3.5,15,Sportsbet,49,289,15114820,554687907,2646905737
Burnley v West Ham United,Burnley,West Ham United,Player Shots,Kyle Walker-Peters,West Ham United,Burnley,3.5,21,Sportsbet,49,289,15114820,554687907,2646905727
Burnley v West Ham United,Burnley,West Ham United,Player Shots,Konstantinos Mavropanos,West Ham United,Burnley,3.5,23,Sportsbet,49,289,15114820,554687907,2646905729
Burnley v West Ham United,Burnley,West Ham United,Player Shots,Ollie Scarles,NA,NA,3.5,23,Sportsbet,49,289,15114820,554687907,2646905738
Burnley v West Ham United,Burnley,West Ham United,Player Shots,Soungoutou Magassa,West Ham United,Burnley,3.5,23,Sportsbet,49,289,15114820,554687907,2646905736
Burnley v West Ham United,Burnley,West Ham United,Player Shots,Zian Flemming,NA,NA,4.5,3.6,Sportsbet,49,289,15114820,554687910,2646905817
Burnley v West Ham United,Burnley,West Ham United,Player Shots,Lyle Foster,NA,NA,4.5,5.5,Sportsbet,49,289,15114820,554687910,2646905819
Burnley v West Ham United,Burnley,West Ham United,Player Shots,Armando Broja,NA,NA,4.5,6,Sportsbet,49,289,15114820,554687910,2646905821
Burnley v West Ham United,Burnley,West Ham United,Player Shots,Jacob Bruun Larsen,NA,NA,4.5,6,Sportsbet,49,289,15114820,554687910,2646905816
Burnley v West Ham United,Burnley,West Ham United,Player Shots,Jaidon Anthony,NA,NA,4.5,6.5,Sportsbet,49,289,15114820,554687910,2646905823
Burnley v West Ham United,Burnley,West Ham United,Player Shots,Loum Tchaouna,NA,NA,4.5,7,Sportsbet,49,289,15114820,554687910,2646905828
Burnley v West Ham United,Burnley,West Ham United,Player Shots,Ashley Barnes,NA,NA,4.5,8.5,Sportsbet,49,289,15114820,554687910,2646905811
Burnley v West Ham United,Burnley,West Ham United,Player Shots,Marcus Edwards,NA,NA,4.5,8.5,Sportsbet,49,289,15114820,554687910,2646905815
Burnley v West Ham United,Burnley,West Ham United,Player Shots,Lesley Ugochukwu,NA,NA,4.5,18,Sportsbet,49,289,15114820,554687910,2646905824
Burnley v West Ham United,Burnley,West Ham United,Player Shots,Hannibal Mejbri,NA,NA,4.5,20,Sportsbet,49,289,15114820,554687910,2646905822
Burnley v West Ham United,Burnley,West Ham United,Player Shots,Callum Wilson,West Ham United,Burnley,4.5,3.6,Sportsbet,49,289,15114820,554687910,2646905830
Burnley v West Ham United,Burnley,West Ham United,Player Shots,Jarrod Bowen,West Ham United,Burnley,4.5,4.5,Sportsbet,49,289,15114820,554687910,2646905832
Burnley v West Ham United,Burnley,West Ham United,Player Shots,Valentin Castellanos,NA,NA,4.5,4.5,Sportsbet,49,289,15114820,554687910,2646905839
Burnley v West Ham United,Burnley,West Ham United,Player Shots,Crysencio Summerville,West Ham United,Burnley,4.5,7,Sportsbet,49,289,15114820,554687910,2646905840
Burnley v West Ham United,Burnley,West Ham United,Player Shots,Pablo,West Ham United,Burnley,4.5,7.5,Sportsbet,49,289,15114820,554687910,2646905842
Burnley v West Ham United,Burnley,West Ham United,Player Shots,Adama Traor<c3><a9>,NA,NA,4.5,9,Sportsbet,49,289,15114820,554687910,2646905831
Burnley v West Ham United,Burnley,West Ham United,Player Shots,Mohamadou Kante,NA,NA,4.5,23,Sportsbet,49,289,15114820,554687910,2646905847
Burnley v West Ham United,Burnley,West Ham United,Player Shots,Tomas Soucek,NA,NA,4.5,26,Sportsbet,49,289,15114820,554687910,2646905837
Burnley v West Ham United,Burnley,West Ham United,Player Shots,Zian Flemming,NA,NA,5.5,6,Sportsbet,49,289,15114820,554687911,2646905856
Burnley v West Ham United,Burnley,West Ham United,Player Shots,Lyle Foster,NA,NA,5.5,11,Sportsbet,49,289,15114820,554687911,2646905858
Burnley v West Ham United,Burnley,West Ham United,Player Shots,Armando Broja,NA,NA,5.5,12,Sportsbet,49,289,15114820,554687911,2646905860
Burnley v West Ham United,Burnley,West Ham United,Player Shots,Jacob Bruun Larsen,NA,NA,5.5,12,Sportsbet,49,289,15114820,554687911,2646905855
Burnley v West Ham United,Burnley,West Ham United,Player Shots,Jaidon Anthony,NA,NA,5.5,14,Sportsbet,49,289,15114820,554687911,2646905862
Burnley v West Ham United,Burnley,West Ham United,Player Shots,Loum Tchaouna,NA,NA,5.5,15,Sportsbet,49,289,15114820,554687911,2646905867
Burnley v West Ham United,Burnley,West Ham United,Player Shots,Ashley Barnes,NA,NA,5.5,20,Sportsbet,49,289,15114820,554687911,2646905850
Burnley v West Ham United,Burnley,West Ham United,Player Shots,Marcus Edwards,NA,NA,5.5,20,Sportsbet,49,289,15114820,554687911,2646905854
Burnley v West Ham United,Burnley,West Ham United,Player Shots,Callum Wilson,West Ham United,Burnley,5.5,6,Sportsbet,49,289,15114820,554687911,2646905869
Burnley v West Ham United,Burnley,West Ham United,Player Shots,Jarrod Bowen,West Ham United,Burnley,5.5,8.5,Sportsbet,49,289,15114820,554687911,2646905871
Burnley v West Ham United,Burnley,West Ham United,Player Shots,Valentin Castellanos,NA,NA,5.5,8.5,Sportsbet,49,289,15114820,554687911,2646905878
Burnley v West Ham United,Burnley,West Ham United,Player Shots,Crysencio Summerville,West Ham United,Burnley,5.5,15,Sportsbet,49,289,15114820,554687911,2646905879
Burnley v West Ham United,Burnley,West Ham United,Player Shots,Pablo,West Ham United,Burnley,5.5,15,Sportsbet,49,289,15114820,554687911,2646905881
Burnley v West Ham United,Burnley,West Ham United,Player Shots,Adama Traor<c3><a9>,NA,NA,5.5,21,Sportsbet,49,289,15114820,554687911,2646905870
Wolverhampton Wanderers v Chelsea,Wolverhampton Wanderers,Chelsea,Player Shots,Andre,NA,NA,0.5,1.83,Sportsbet,49,289,15114825,554681893,2646874202
Wolverhampton Wanderers v Chelsea,Wolverhampton Wanderers,Chelsea,Player Shots,Angel Gomes,NA,NA,0.5,1.4,Sportsbet,49,289,15114825,554681893,2646874200
Wolverhampton Wanderers v Chelsea,Wolverhampton Wanderers,Chelsea,Player Shots,David Moller Wolfe,NA,NA,0.5,1.57,Sportsbet,49,289,15114825,554681893,2646874211
Wolverhampton Wanderers v Chelsea,Wolverhampton Wanderers,Chelsea,Player Shots,Hee-chan Hwang,Wolverhampton Wanderers,Chelsea,0.5,1.1,Sportsbet,49,289,15114825,554681893,2646874198
Wolverhampton Wanderers v Chelsea,Wolverhampton Wanderers,Chelsea,Player Shots,Jean-Ricner Bellegarde,Wolverhampton Wanderers,Chelsea,0.5,1.14,Sportsbet,49,289,15114825,554681893,2646874199
Wolverhampton Wanderers v Chelsea,Wolverhampton Wanderers,Chelsea,Player Shots,Jhon Arias,Wolverhampton Wanderers,Chelsea,0.5,1.08,Sportsbet,49,289,15114825,554681893,2646874209
Wolverhampton Wanderers v Chelsea,Wolverhampton Wanderers,Chelsea,Player Shots,Jo<c3><a3>o Gomes,NA,NA,0.5,1.53,Sportsbet,49,289,15114825,554681893,2646874205
Wolverhampton Wanderers v Chelsea,Wolverhampton Wanderers,Chelsea,Player Shots,Ladislav Krejci,Wolverhampton Wanderers,Chelsea,0.5,1.45,Sportsbet,49,289,15114825,554681893,2646874203
Wolverhampton Wanderers v Chelsea,Wolverhampton Wanderers,Chelsea,Player Shots,Rodrigo Gomes,Wolverhampton Wanderers,Chelsea,0.5,1.11,Sportsbet,49,289,15114825,554681893,2646874208
Wolverhampton Wanderers v Chelsea,Wolverhampton Wanderers,Chelsea,Player Shots,Yerson Mosquera,Wolverhampton Wanderers,Chelsea,0.5,1.33,Sportsbet,49,289,15114825,554681893,2646874212
Wolverhampton Wanderers v Chelsea,Wolverhampton Wanderers,Chelsea,Player Shots,Hugo Bueno,Wolverhampton Wanderers,Chelsea,0.5,2,Sportsbet,49,289,15114825,554681893,2646874206
Wolverhampton Wanderers v Chelsea,Wolverhampton Wanderers,Chelsea,Player Shots,Jackson Tchatchoua,Wolverhampton Wanderers,Chelsea,0.5,2,Sportsbet,49,289,15114825,554681893,2646874210
Wolverhampton Wanderers v Chelsea,Wolverhampton Wanderers,Chelsea,Player Shots,Matt Doherty,Wolverhampton Wanderers,Chelsea,0.5,2.37,Sportsbet,49,289,15114825,554681893,2646874196
Wolverhampton Wanderers v Chelsea,Wolverhampton Wanderers,Chelsea,Player Shots,Pedro Lima,Wolverhampton Wanderers,Chelsea,0.5,2.25,Sportsbet,49,289,15114825,554681893,2646874214
Wolverhampton Wanderers v Chelsea,Wolverhampton Wanderers,Chelsea,Player Shots,Santiago Bueno,Wolverhampton Wanderers,Chelsea,0.5,2.37,Sportsbet,49,289,15114825,554681893,2646874201
Wolverhampton Wanderers v Chelsea,Wolverhampton Wanderers,Chelsea,Player Shots,Andrey Santos,Chelsea,Wolverhampton Wanderers,0.5,1.07,Sportsbet,49,289,15114825,554681893,2646874227
Wolverhampton Wanderers v Chelsea,Wolverhampton Wanderers,Chelsea,Player Shots,Beno<c3><ae>t Badiashile,NA,NA,0.5,1.72,Sportsbet,49,289,15114825,554681893,2646874220
Wolverhampton Wanderers v Chelsea,Wolverhampton Wanderers,Chelsea,Player Shots,Jorrel Hato,Chelsea,Wolverhampton Wanderers,0.5,1.72,Sportsbet,49,289,15114825,554681893,2646874230
Wolverhampton Wanderers v Chelsea,Wolverhampton Wanderers,Chelsea,Player Shots,Josh Acheampong,Chelsea,Wolverhampton Wanderers,0.5,1.53,Sportsbet,49,289,15114825,554681893,2646874233
Wolverhampton Wanderers v Chelsea,Wolverhampton Wanderers,Chelsea,Player Shots,Malo Gusto,Chelsea,Wolverhampton Wanderers,0.5,1.45,Sportsbet,49,289,15114825,554681893,2646874225
Wolverhampton Wanderers v Chelsea,Wolverhampton Wanderers,Chelsea,Player Shots,Marc Cucurella,Chelsea,Wolverhampton Wanderers,0.5,1.53,Sportsbet,49,289,15114825,554681893,2646874218
Wolverhampton Wanderers v Chelsea,Wolverhampton Wanderers,Chelsea,Player Shots,Mois<c3><a9>s Caicedo,NA,NA,0.5,1.33,Sportsbet,49,289,15114825,554681893,2646874224
Wolverhampton Wanderers v Chelsea,Wolverhampton Wanderers,Chelsea,Player Shots,Pedro Neto,Chelsea,Wolverhampton Wanderers,0.5,1.06,Sportsbet,49,289,15114825,554681893,2646874217
Wolverhampton Wanderers v Chelsea,Wolverhampton Wanderers,Chelsea,Player Shots,Reece James,Chelsea,Wolverhampton Wanderers,0.5,1.22,Sportsbet,49,289,15114825,554681893,2646874216
Wolverhampton Wanderers v Chelsea,Wolverhampton Wanderers,Chelsea,Player Shots,Trevoh Chalobah,Chelsea,Wolverhampton Wanderers,0.5,1.62,Sportsbet,49,289,15114825,554681893,2646874215
Wolverhampton Wanderers v Chelsea,Wolverhampton Wanderers,Chelsea,Player Shots,Wesley Fofana,Chelsea,Wolverhampton Wanderers,0.5,1.72,Sportsbet,49,289,15114825,554681893,2646874219
Wolverhampton Wanderers v Chelsea,Wolverhampton Wanderers,Chelsea,Player Shots,Mamadou Sarr,NA,NA,0.5,2.25,Sportsbet,49,289,15114825,554681893,2646874231
Wolverhampton Wanderers v Chelsea,Wolverhampton Wanderers,Chelsea,Player Shots,Adam Armstrong,Southampton,Wolverhampton Wanderers,1.5,1.25,Sportsbet,49,289,15114825,554681899,2646873827
Wolverhampton Wanderers v Chelsea,Wolverhampton Wanderers,Chelsea,Player Shots,Hee-chan Hwang,Wolverhampton Wanderers,Chelsea,1.5,1.62,Sportsbet,49,289,15114825,554681899,2646873828
Wolverhampton Wanderers v Chelsea,Wolverhampton Wanderers,Chelsea,Player Shots,Jean-Ricner Bellegarde,Wolverhampton Wanderers,Chelsea,1.5,1.91,Sportsbet,49,289,15114825,554681899,2646873829
Wolverhampton Wanderers v Chelsea,Wolverhampton Wanderers,Chelsea,Player Shots,Jhon Arias,Wolverhampton Wanderers,Chelsea,1.5,1.57,Sportsbet,49,289,15114825,554681899,2646873839
Wolverhampton Wanderers v Chelsea,Wolverhampton Wanderers,Chelsea,Player Shots,Mateus Mane,NA,NA,1.5,1.4,Sportsbet,49,289,15114825,554681899,2646874243
Wolverhampton Wanderers v Chelsea,Wolverhampton Wanderers,Chelsea,Player Shots,Rodrigo Gomes,Wolverhampton Wanderers,Chelsea,1.5,1.62,Sportsbet,49,289,15114825,554681899,2646873838
Wolverhampton Wanderers v Chelsea,Wolverhampton Wanderers,Chelsea,Player Shots,Tolu Arokodare,Wolverhampton Wanderers,Chelsea,1.5,1.28,Sportsbet,49,289,15114825,554681899,2646873834
Wolverhampton Wanderers v Chelsea,Wolverhampton Wanderers,Chelsea,Player Shots,Yerson Mosquera,Wolverhampton Wanderers,Chelsea,1.5,2.8,Sportsbet,49,289,15114825,554681899,2646874242
Wolverhampton Wanderers v Chelsea,Wolverhampton Wanderers,Chelsea,Player Shots,Angel Gomes,NA,NA,1.5,3.1,Sportsbet,49,289,15114825,554681899,2646873830
Wolverhampton Wanderers v Chelsea,Wolverhampton Wanderers,Chelsea,Player Shots,Jo<c3><a3>o Gomes,NA,NA,1.5,3.75,Sportsbet,49,289,15114825,554681899,2646873835
Wolverhampton Wanderers v Chelsea,Wolverhampton Wanderers,Chelsea,Player Shots,Ladislav Krejci,Wolverhampton Wanderers,Chelsea,1.5,3.5,Sportsbet,49,289,15114825,554681899,2646873833
Wolverhampton Wanderers v Chelsea,Wolverhampton Wanderers,Chelsea,Player Shots,David Moller Wolfe,NA,NA,1.5,4.2,Sportsbet,49,289,15114825,554681899,2646873841
Wolverhampton Wanderers v Chelsea,Wolverhampton Wanderers,Chelsea,Player Shots,Andre,NA,NA,1.5,5.5,Sportsbet,49,289,15114825,554681899,2646873832
Wolverhampton Wanderers v Chelsea,Wolverhampton Wanderers,Chelsea,Player Shots,Hugo Bueno,Wolverhampton Wanderers,Chelsea,1.5,6,Sportsbet,49,289,15114825,554681899,2646873836
Wolverhampton Wanderers v Chelsea,Wolverhampton Wanderers,Chelsea,Player Shots,Jackson Tchatchoua,Wolverhampton Wanderers,Chelsea,1.5,6,Sportsbet,49,289,15114825,554681899,2646873840
Wolverhampton Wanderers v Chelsea,Wolverhampton Wanderers,Chelsea,Player Shots,Pedro Lima,Wolverhampton Wanderers,Chelsea,1.5,7.5,Sportsbet,49,289,15114825,554681899,2646874244
Wolverhampton Wanderers v Chelsea,Wolverhampton Wanderers,Chelsea,Player Shots,Matt Doherty,Wolverhampton Wanderers,Chelsea,1.5,8.5,Sportsbet,49,289,15114825,554681899,2646873826
Wolverhampton Wanderers v Chelsea,Wolverhampton Wanderers,Chelsea,Player Shots,Santiago Bueno,Wolverhampton Wanderers,Chelsea,1.5,8.5,Sportsbet,49,289,15114825,554681899,2646873831
Wolverhampton Wanderers v Chelsea,Wolverhampton Wanderers,Chelsea,Player Shots,Alejandro Garnacho,Chelsea,Wolverhampton Wanderers,1.5,1.2,Sportsbet,49,289,15114825,554681899,2646874258
Wolverhampton Wanderers v Chelsea,Wolverhampton Wanderers,Chelsea,Player Shots,Andrey Santos,Chelsea,Wolverhampton Wanderers,1.5,1.5,Sportsbet,49,289,15114825,554681899,2646874257
Wolverhampton Wanderers v Chelsea,Wolverhampton Wanderers,Chelsea,Player Shots,Cole Palmer,Chelsea,Wolverhampton Wanderers,1.5,1.12,Sportsbet,49,289,15114825,554681899,2646874252
Wolverhampton Wanderers v Chelsea,Wolverhampton Wanderers,Chelsea,Player Shots,Enzo Fern<c3><a1>ndez,NA,NA,1.5,1.33,Sportsbet,49,289,15114825,554681899,2646874256
Wolverhampton Wanderers v Chelsea,Wolverhampton Wanderers,Chelsea,Player Shots,Estevao,NA,NA,1.5,1.1,Sportsbet,49,289,15114825,554681899,2646874264
Wolverhampton Wanderers v Chelsea,Wolverhampton Wanderers,Chelsea,Player Shots,Jo<c3><a3>o Pedro,NA,NA,1.5,1.2,Sportsbet,49,289,15114825,554681899,2646874251
Wolverhampton Wanderers v Chelsea,Wolverhampton Wanderers,Chelsea,Player Shots,Liam Delap,Chelsea,Wolverhampton Wanderers,1.5,1.11,Sportsbet,49,289,15114825,554681899,2646874253
Wolverhampton Wanderers v Chelsea,Wolverhampton Wanderers,Chelsea,Player Shots,Marc Guiu,Chelsea,Wolverhampton Wanderers,1.5,1.08,Sportsbet,49,289,15114825,554681899,2646874262
Wolverhampton Wanderers v Chelsea,Wolverhampton Wanderers,Chelsea,Player Shots,Pedro Neto,Chelsea,Wolverhampton Wanderers,1.5,1.4,Sportsbet,49,289,15114825,554681899,2646874247
Wolverhampton Wanderers v Chelsea,Wolverhampton Wanderers,Chelsea,Player Shots,Mois<c3><a9>s Caicedo,NA,NA,1.5,2.8,Sportsbet,49,289,15114825,554681899,2646874254
Wolverhampton Wanderers v Chelsea,Wolverhampton Wanderers,Chelsea,Player Shots,Reece James,Chelsea,Wolverhampton Wanderers,1.5,2.25,Sportsbet,49,289,15114825,554681899,2646874246
Wolverhampton Wanderers v Chelsea,Wolverhampton Wanderers,Chelsea,Player Shots,Josh Acheampong,Chelsea,Wolverhampton Wanderers,1.5,3.75,Sportsbet,49,289,15114825,554681899,2646874263
Wolverhampton Wanderers v Chelsea,Wolverhampton Wanderers,Chelsea,Player Shots,Malo Gusto,Chelsea,Wolverhampton Wanderers,1.5,3.4,Sportsbet,49,289,15114825,554681899,2646874255
Wolverhampton Wanderers v Chelsea,Wolverhampton Wanderers,Chelsea,Player Shots,Marc Cucurella,Chelsea,Wolverhampton Wanderers,1.5,3.75,Sportsbet,49,289,15114825,554681899,2646874248
Wolverhampton Wanderers v Chelsea,Wolverhampton Wanderers,Chelsea,Player Shots,Trevoh Chalobah,Chelsea,Wolverhampton Wanderers,1.5,4.33,Sportsbet,49,289,15114825,554681899,2646874245
Wolverhampton Wanderers v Chelsea,Wolverhampton Wanderers,Chelsea,Player Shots,Beno<c3><ae>t Badiashile,NA,NA,1.5,5,Sportsbet,49,289,15114825,554681899,2646874250
Wolverhampton Wanderers v Chelsea,Wolverhampton Wanderers,Chelsea,Player Shots,Jorrel Hato,Chelsea,Wolverhampton Wanderers,1.5,5,Sportsbet,49,289,15114825,554681899,2646874260
Wolverhampton Wanderers v Chelsea,Wolverhampton Wanderers,Chelsea,Player Shots,Wesley Fofana,Chelsea,Wolverhampton Wanderers,1.5,5,Sportsbet,49,289,15114825,554681899,2646874249
Wolverhampton Wanderers v Chelsea,Wolverhampton Wanderers,Chelsea,Player Shots,Mamadou Sarr,NA,NA,1.5,7.5,Sportsbet,49,289,15114825,554681899,2646874261
Wolverhampton Wanderers v Chelsea,Wolverhampton Wanderers,Chelsea,Player Shots,Adam Armstrong,Southampton,Wolverhampton Wanderers,2.5,1.83,Sportsbet,49,289,15114825,554681904,2646874419
Wolverhampton Wanderers v Chelsea,Wolverhampton Wanderers,Chelsea,Player Shots,Tolu Arokodare,Wolverhampton Wanderers,Chelsea,2.5,1.91,Sportsbet,49,289,15114825,554681904,2646874426
Wolverhampton Wanderers v Chelsea,Wolverhampton Wanderers,Chelsea,Player Shots,Jhon Arias,Wolverhampton Wanderers,Chelsea,2.5,2.88,Sportsbet,49,289,15114825,554681904,2646874431
Wolverhampton Wanderers v Chelsea,Wolverhampton Wanderers,Chelsea,Player Shots,Mateus Mane,NA,NA,2.5,2.3,Sportsbet,49,289,15114825,554681904,2646874435
Wolverhampton Wanderers v Chelsea,Wolverhampton Wanderers,Chelsea,Player Shots,Hee-chan Hwang,Wolverhampton Wanderers,Chelsea,2.5,3,Sportsbet,49,289,15114825,554681904,2646874420
Wolverhampton Wanderers v Chelsea,Wolverhampton Wanderers,Chelsea,Player Shots,Jean-Ricner Bellegarde,Wolverhampton Wanderers,Chelsea,2.5,3.75,Sportsbet,49,289,15114825,554681904,2646874421
Wolverhampton Wanderers v Chelsea,Wolverhampton Wanderers,Chelsea,Player Shots,Rodrigo Gomes,Wolverhampton Wanderers,Chelsea,2.5,3.2,Sportsbet,49,289,15114825,554681904,2646874430
Wolverhampton Wanderers v Chelsea,Wolverhampton Wanderers,Chelsea,Player Shots,Yerson Mosquera,Wolverhampton Wanderers,Chelsea,2.5,6.5,Sportsbet,49,289,15114825,554681904,2646874434
Wolverhampton Wanderers v Chelsea,Wolverhampton Wanderers,Chelsea,Player Shots,Angel Gomes,NA,NA,2.5,7.5,Sportsbet,49,289,15114825,554681904,2646874422
Wolverhampton Wanderers v Chelsea,Wolverhampton Wanderers,Chelsea,Player Shots,Ladislav Krejci,Wolverhampton Wanderers,Chelsea,2.5,9.5,Sportsbet,49,289,15114825,554681904,2646874425
Wolverhampton Wanderers v Chelsea,Wolverhampton Wanderers,Chelsea,Player Shots,Jo<c3><a3>o Gomes,NA,NA,2.5,10,Sportsbet,49,289,15114825,554681904,2646874427
Wolverhampton Wanderers v Chelsea,Wolverhampton Wanderers,Chelsea,Player Shots,David Moller Wolfe,NA,NA,2.5,12,Sportsbet,49,289,15114825,554681904,2646874433
Wolverhampton Wanderers v Chelsea,Wolverhampton Wanderers,Chelsea,Player Shots,Alejandro Garnacho,Chelsea,Wolverhampton Wanderers,2.5,1.72,Sportsbet,49,289,15114825,554681904,2646873850
Wolverhampton Wanderers v Chelsea,Wolverhampton Wanderers,Chelsea,Player Shots,Cole Palmer,Chelsea,Wolverhampton Wanderers,2.5,1.45,Sportsbet,49,289,15114825,554681904,2646873844
Wolverhampton Wanderers v Chelsea,Wolverhampton Wanderers,Chelsea,Player Shots,Estevao,NA,NA,2.5,1.36,Sportsbet,49,289,15114825,554681904,2646873856
Wolverhampton Wanderers v Chelsea,Wolverhampton Wanderers,Chelsea,Player Shots,Jo<c3><a3>o Pedro,NA,NA,2.5,1.72,Sportsbet,49,289,15114825,554681904,2646873843
Wolverhampton Wanderers v Chelsea,Wolverhampton Wanderers,Chelsea,Player Shots,Liam Delap,Chelsea,Wolverhampton Wanderers,2.5,1.4,Sportsbet,49,289,15114825,554681904,2646873845
Wolverhampton Wanderers v Chelsea,Wolverhampton Wanderers,Chelsea,Player Shots,Marc Guiu,Chelsea,Wolverhampton Wanderers,2.5,1.36,Sportsbet,49,289,15114825,554681904,2646873854
Wolverhampton Wanderers v Chelsea,Wolverhampton Wanderers,Chelsea,Player Shots,Andrey Santos,Chelsea,Wolverhampton Wanderers,2.5,2.7,Sportsbet,49,289,15114825,554681904,2646873849
Wolverhampton Wanderers v Chelsea,Wolverhampton Wanderers,Chelsea,Player Shots,Enzo Fern<c3><a1>ndez,NA,NA,2.5,2.1,Sportsbet,49,289,15114825,554681904,2646873848
Wolverhampton Wanderers v Chelsea,Wolverhampton Wanderers,Chelsea,Player Shots,Pedro Neto,Chelsea,Wolverhampton Wanderers,2.5,2.4,Sportsbet,49,289,15114825,554681904,2646874439
Wolverhampton Wanderers v Chelsea,Wolverhampton Wanderers,Chelsea,Player Shots,Reece James,Chelsea,Wolverhampton Wanderers,2.5,5,Sportsbet,49,289,15114825,554681904,2646874438
Wolverhampton Wanderers v Chelsea,Wolverhampton Wanderers,Chelsea,Player Shots,Mois<c3><a9>s Caicedo,NA,NA,2.5,6.5,Sportsbet,49,289,15114825,554681904,2646873846
Wolverhampton Wanderers v Chelsea,Wolverhampton Wanderers,Chelsea,Player Shots,Malo Gusto,Chelsea,Wolverhampton Wanderers,2.5,9.5,Sportsbet,49,289,15114825,554681904,2646873847
Wolverhampton Wanderers v Chelsea,Wolverhampton Wanderers,Chelsea,Player Shots,Josh Acheampong,Chelsea,Wolverhampton Wanderers,2.5,11,Sportsbet,49,289,15114825,554681904,2646873855
Wolverhampton Wanderers v Chelsea,Wolverhampton Wanderers,Chelsea,Player Shots,Marc Cucurella,Chelsea,Wolverhampton Wanderers,2.5,11,Sportsbet,49,289,15114825,554681904,2646874440
Wolverhampton Wanderers v Chelsea,Wolverhampton Wanderers,Chelsea,Player Shots,Adam Armstrong,Southampton,Wolverhampton Wanderers,3.5,3.2,Sportsbet,49,289,15114825,554681907,2646873934
Wolverhampton Wanderers v Chelsea,Wolverhampton Wanderers,Chelsea,Player Shots,Tolu Arokodare,Wolverhampton Wanderers,Chelsea,3.5,3.4,Sportsbet,49,289,15114825,554681907,2646873941
Wolverhampton Wanderers v Chelsea,Wolverhampton Wanderers,Chelsea,Player Shots,Mateus Mane,NA,NA,3.5,4.33,Sportsbet,49,289,15114825,554681907,2646873950
Wolverhampton Wanderers v Chelsea,Wolverhampton Wanderers,Chelsea,Player Shots,Jhon Arias,Wolverhampton Wanderers,Chelsea,3.5,5.5,Sportsbet,49,289,15114825,554681907,2646873946
Wolverhampton Wanderers v Chelsea,Wolverhampton Wanderers,Chelsea,Player Shots,Hee-chan Hwang,Wolverhampton Wanderers,Chelsea,3.5,6,Sportsbet,49,289,15114825,554681907,2646873935
Wolverhampton Wanderers v Chelsea,Wolverhampton Wanderers,Chelsea,Player Shots,Rodrigo Gomes,Wolverhampton Wanderers,Chelsea,3.5,6,Sportsbet,49,289,15114825,554681907,2646873945
Wolverhampton Wanderers v Chelsea,Wolverhampton Wanderers,Chelsea,Player Shots,Jean-Ricner Bellegarde,Wolverhampton Wanderers,Chelsea,3.5,8,Sportsbet,49,289,15114825,554681907,2646873936
Wolverhampton Wanderers v Chelsea,Wolverhampton Wanderers,Chelsea,Player Shots,Yerson Mosquera,Wolverhampton Wanderers,Chelsea,3.5,19,Sportsbet,49,289,15114825,554681907,2646873949
Wolverhampton Wanderers v Chelsea,Wolverhampton Wanderers,Chelsea,Player Shots,Angel Gomes,NA,NA,3.5,23,Sportsbet,49,289,15114825,554681907,2646873937
Wolverhampton Wanderers v Chelsea,Wolverhampton Wanderers,Chelsea,Player Shots,Ladislav Krejci,Wolverhampton Wanderers,Chelsea,3.5,34,Sportsbet,49,289,15114825,554681907,2646873940
Wolverhampton Wanderers v Chelsea,Wolverhampton Wanderers,Chelsea,Player Shots,Jo<c3><a3>o Gomes,NA,NA,3.5,36,Sportsbet,49,289,15114825,554681907,2646873942
Wolverhampton Wanderers v Chelsea,Wolverhampton Wanderers,Chelsea,Player Shots,David Moller Wolfe,NA,NA,3.5,46,Sportsbet,49,289,15114825,554681907,2646873948
Wolverhampton Wanderers v Chelsea,Wolverhampton Wanderers,Chelsea,Player Shots,Alejandro Garnacho,Chelsea,Wolverhampton Wanderers,3.5,2.88,Sportsbet,49,289,15114825,554681907,2646873965
Wolverhampton Wanderers v Chelsea,Wolverhampton Wanderers,Chelsea,Player Shots,Cole Palmer,Chelsea,Wolverhampton Wanderers,3.5,2.2,Sportsbet,49,289,15114825,554681907,2646873959
Wolverhampton Wanderers v Chelsea,Wolverhampton Wanderers,Chelsea,Player Shots,Estevao,NA,NA,3.5,2,Sportsbet,49,289,15114825,554681907,2646873971
Wolverhampton Wanderers v Chelsea,Wolverhampton Wanderers,Chelsea,Player Shots,Jo<c3><a3>o Pedro,NA,NA,3.5,2.88,Sportsbet,49,289,15114825,554681907,2646873958
Wolverhampton Wanderers v Chelsea,Wolverhampton Wanderers,Chelsea,Player Shots,Liam Delap,Chelsea,Wolverhampton Wanderers,3.5,2.1,Sportsbet,49,289,15114825,554681907,2646873960
Wolverhampton Wanderers v Chelsea,Wolverhampton Wanderers,Chelsea,Player Shots,Marc Guiu,Chelsea,Wolverhampton Wanderers,3.5,2,Sportsbet,49,289,15114825,554681907,2646873969
Wolverhampton Wanderers v Chelsea,Wolverhampton Wanderers,Chelsea,Player Shots,Enzo Fern<c3><a1>ndez,NA,NA,3.5,4,Sportsbet,49,289,15114825,554681907,2646873963
Wolverhampton Wanderers v Chelsea,Wolverhampton Wanderers,Chelsea,Player Shots,Pedro Neto,Chelsea,Wolverhampton Wanderers,3.5,4.5,Sportsbet,49,289,15114825,554681907,2646873954
Wolverhampton Wanderers v Chelsea,Wolverhampton Wanderers,Chelsea,Player Shots,Andrey Santos,Chelsea,Wolverhampton Wanderers,3.5,5,Sportsbet,49,289,15114825,554681907,2646873964
Wolverhampton Wanderers v Chelsea,Wolverhampton Wanderers,Chelsea,Player Shots,Reece James,Chelsea,Wolverhampton Wanderers,3.5,12,Sportsbet,49,289,15114825,554681907,2646873953
Wolverhampton Wanderers v Chelsea,Wolverhampton Wanderers,Chelsea,Player Shots,Mois<c3><a9>s Caicedo,NA,NA,3.5,20,Sportsbet,49,289,15114825,554681907,2646873961
Wolverhampton Wanderers v Chelsea,Wolverhampton Wanderers,Chelsea,Player Shots,Malo Gusto,Chelsea,Wolverhampton Wanderers,3.5,34,Sportsbet,49,289,15114825,554681907,2646873962
Wolverhampton Wanderers v Chelsea,Wolverhampton Wanderers,Chelsea,Player Shots,Marc Cucurella,Chelsea,Wolverhampton Wanderers,3.5,41,Sportsbet,49,289,15114825,554681907,2646873955
Wolverhampton Wanderers v Chelsea,Wolverhampton Wanderers,Chelsea,Player Shots,Josh Acheampong,Chelsea,Wolverhampton Wanderers,3.5,46,Sportsbet,49,289,15114825,554681907,2646873970
Wolverhampton Wanderers v Chelsea,Wolverhampton Wanderers,Chelsea,Player Shots,Adam Armstrong,Southampton,Wolverhampton Wanderers,4.5,5.5,Sportsbet,49,289,15114825,554681910,2646873565
Wolverhampton Wanderers v Chelsea,Wolverhampton Wanderers,Chelsea,Player Shots,Tolu Arokodare,Wolverhampton Wanderers,Chelsea,4.5,6,Sportsbet,49,289,15114825,554681910,2646873572
Wolverhampton Wanderers v Chelsea,Wolverhampton Wanderers,Chelsea,Player Shots,Mateus Mane,NA,NA,4.5,8,Sportsbet,49,289,15114825,554681910,2646873581
Wolverhampton Wanderers v Chelsea,Wolverhampton Wanderers,Chelsea,Player Shots,Jhon Arias,Wolverhampton Wanderers,Chelsea,4.5,13,Sportsbet,49,289,15114825,554681910,2646873577
Wolverhampton Wanderers v Chelsea,Wolverhampton Wanderers,Chelsea,Player Shots,Hee-chan Hwang,Wolverhampton Wanderers,Chelsea,4.5,14,Sportsbet,49,289,15114825,554681910,2646873566
Wolverhampton Wanderers v Chelsea,Wolverhampton Wanderers,Chelsea,Player Shots,Rodrigo Gomes,Wolverhampton Wanderers,Chelsea,4.5,14,Sportsbet,49,289,15114825,554681910,2646873576
Wolverhampton Wanderers v Chelsea,Wolverhampton Wanderers,Chelsea,Player Shots,Jean-Ricner Bellegarde,Wolverhampton Wanderers,Chelsea,4.5,21,Sportsbet,49,289,15114825,554681910,2646873567
Wolverhampton Wanderers v Chelsea,Wolverhampton Wanderers,Chelsea,Player Shots,Cole Palmer,Chelsea,Wolverhampton Wanderers,4.5,3.6,Sportsbet,49,289,15114825,554681910,2646873590
Wolverhampton Wanderers v Chelsea,Wolverhampton Wanderers,Chelsea,Player Shots,Estevao,NA,NA,4.5,3.3,Sportsbet,49,289,15114825,554681910,2646873602
Wolverhampton Wanderers v Chelsea,Wolverhampton Wanderers,Chelsea,Player Shots,Liam Delap,Chelsea,Wolverhampton Wanderers,4.5,3.6,Sportsbet,49,289,15114825,554681910,2646873591
Wolverhampton Wanderers v Chelsea,Wolverhampton Wanderers,Chelsea,Player Shots,Marc Guiu,Chelsea,Wolverhampton Wanderers,4.5,3.3,Sportsbet,49,289,15114825,554681910,2646873600
Wolverhampton Wanderers v Chelsea,Wolverhampton Wanderers,Chelsea,Player Shots,Alejandro Garnacho,Chelsea,Wolverhampton Wanderers,4.5,5,Sportsbet,49,289,15114825,554681910,2646873596
Wolverhampton Wanderers v Chelsea,Wolverhampton Wanderers,Chelsea,Player Shots,Jo<c3><a3>o Pedro,NA,NA,4.5,5,Sportsbet,49,289,15114825,554681910,2646873589
Wolverhampton Wanderers v Chelsea,Wolverhampton Wanderers,Chelsea,Player Shots,Enzo Fern<c3><a1>ndez,NA,NA,4.5,7.5,Sportsbet,49,289,15114825,554681910,2646873594
Wolverhampton Wanderers v Chelsea,Wolverhampton Wanderers,Chelsea,Player Shots,Pedro Neto,Chelsea,Wolverhampton Wanderers,4.5,9,Sportsbet,49,289,15114825,554681910,2646873585
Wolverhampton Wanderers v Chelsea,Wolverhampton Wanderers,Chelsea,Player Shots,Andrey Santos,Chelsea,Wolverhampton Wanderers,4.5,11,Sportsbet,49,289,15114825,554681910,2646873595
Wolverhampton Wanderers v Chelsea,Wolverhampton Wanderers,Chelsea,Player Shots,Reece James,Chelsea,Wolverhampton Wanderers,4.5,36,Sportsbet,49,289,15114825,554681910,2646873584
Wolverhampton Wanderers v Chelsea,Wolverhampton Wanderers,Chelsea,Player Shots,Adam Armstrong,Southampton,Wolverhampton Wanderers,5.5,11,Sportsbet,49,289,15114825,554681911,2646873604
Wolverhampton Wanderers v Chelsea,Wolverhampton Wanderers,Chelsea,Player Shots,Tolu Arokodare,Wolverhampton Wanderers,Chelsea,5.5,12,Sportsbet,49,289,15114825,554681911,2646873611
Wolverhampton Wanderers v Chelsea,Wolverhampton Wanderers,Chelsea,Player Shots,Mateus Mane,NA,NA,5.5,18,Sportsbet,49,289,15114825,554681911,2646873620
Wolverhampton Wanderers v Chelsea,Wolverhampton Wanderers,Chelsea,Player Shots,Jhon Arias,Wolverhampton Wanderers,Chelsea,5.5,31,Sportsbet,49,289,15114825,554681911,2646873616
Wolverhampton Wanderers v Chelsea,Wolverhampton Wanderers,Chelsea,Player Shots,Hee-chan Hwang,Wolverhampton Wanderers,Chelsea,5.5,36,Sportsbet,49,289,15114825,554681911,2646873605
Wolverhampton Wanderers v Chelsea,Wolverhampton Wanderers,Chelsea,Player Shots,Rodrigo Gomes,Wolverhampton Wanderers,Chelsea,5.5,41,Sportsbet,49,289,15114825,554681911,2646873615
Wolverhampton Wanderers v Chelsea,Wolverhampton Wanderers,Chelsea,Player Shots,Estevao,NA,NA,5.5,5.5,Sportsbet,49,289,15114825,554681911,2646873641
Wolverhampton Wanderers v Chelsea,Wolverhampton Wanderers,Chelsea,Player Shots,Marc Guiu,Chelsea,Wolverhampton Wanderers,5.5,5.5,Sportsbet,49,289,15114825,554681911,2646873639
Wolverhampton Wanderers v Chelsea,Wolverhampton Wanderers,Chelsea,Player Shots,Cole Palmer,Chelsea,Wolverhampton Wanderers,5.5,6,Sportsbet,49,289,15114825,554681911,2646873629
Wolverhampton Wanderers v Chelsea,Wolverhampton Wanderers,Chelsea,Player Shots,Liam Delap,Chelsea,Wolverhampton Wanderers,5.5,6,Sportsbet,49,289,15114825,554681911,2646873630
Wolverhampton Wanderers v Chelsea,Wolverhampton Wanderers,Chelsea,Player Shots,Alejandro Garnacho,Chelsea,Wolverhampton Wanderers,5.5,9.5,Sportsbet,49,289,15114825,554681911,2646873635
Wolverhampton Wanderers v Chelsea,Wolverhampton Wanderers,Chelsea,Player Shots,Jo<c3><a3>o Pedro,NA,NA,5.5,10,Sportsbet,49,289,15114825,554681911,2646873628
Wolverhampton Wanderers v Chelsea,Wolverhampton Wanderers,Chelsea,Player Shots,Enzo Fern<c3><a1>ndez,NA,NA,5.5,17,Sportsbet,49,289,15114825,554681911,2646873633
Wolverhampton Wanderers v Chelsea,Wolverhampton Wanderers,Chelsea,Player Shots,Pedro Neto,Chelsea,Wolverhampton Wanderers,5.5,20,Sportsbet,49,289,15114825,554681911,2646873624
Wolverhampton Wanderers v Chelsea,Wolverhampton Wanderers,Chelsea,Player Shots,Andrey Santos,Chelsea,Wolverhampton Wanderers,5.5,26,Sportsbet,49,289,15114825,554681911,2646873634
Bournemouth v Aston Villa,Bournemouth,Aston Villa,Player Shots,Adrien Truffert,Bournemouth,Aston Villa,0.5,1.83,Sportsbet,49,289,15114827,554692133,2646928259
Bournemouth v Aston Villa,Bournemouth,Aston Villa,Player Shots,Alex Scott,Bournemouth,Aston Villa,0.5,1.14,Sportsbet,49,289,15114827,554692133,2646928260
Bournemouth v Aston Villa,Bournemouth,Aston Villa,Player Shots,Bafode Diakite,NA,NA,0.5,1.91,Sportsbet,49,289,15114827,554692133,2646928256
Bournemouth v Aston Villa,Bournemouth,Aston Villa,Player Shots,Dominic Sadi,Bournemouth,Aston Villa,0.5,1.07,Sportsbet,49,289,15114827,554692133,2646928261
Bournemouth v Aston Villa,Bournemouth,Aston Villa,Player Shots,James Hill,Bournemouth,Aston Villa,0.5,1.5,Sportsbet,49,289,15114827,554692133,2646928255
Bournemouth v Aston Villa,Bournemouth,Aston Villa,Player Shots,Lewis Cook,Bournemouth,Aston Villa,0.5,1.67,Sportsbet,49,289,15114827,554692133,2646928252
Bournemouth v Aston Villa,Bournemouth,Aston Villa,Player Shots,Ryan Christie,Bournemouth,Aston Villa,0.5,1.14,Sportsbet,49,289,15114827,554692133,2646928250
Bournemouth v Aston Villa,Bournemouth,Aston Villa,Player Shots,Veljko Milosavljevic,Bournemouth,Aston Villa,0.5,1.72,Sportsbet,49,289,15114827,554692133,2646928267
Bournemouth v Aston Villa,Bournemouth,Aston Villa,Player Shots,Adam Smith,Bournemouth,Aston Villa,0.5,2.88,Sportsbet,49,289,15114827,554692133,2646928249
Bournemouth v Aston Villa,Bournemouth,Aston Villa,Player Shots,Marcos Senesi,Bournemouth,Aston Villa,0.5,2.25,Sportsbet,49,289,15114827,554692133,2646928257
Bournemouth v Aston Villa,Bournemouth,Aston Villa,Player Shots,Amadou Onana,Aston Villa,Bournemouth,0.5,1.4,Sportsbet,49,289,15114827,554692133,2646928284
Bournemouth v Aston Villa,Bournemouth,Aston Villa,Player Shots,Douglas Luiz,Nottingham Forest,Bournemouth,0.5,1.17,Sportsbet,49,289,15114827,554692133,2646928279
Bournemouth v Aston Villa,Bournemouth,Aston Villa,Player Shots,George Hemmings,Aston Villa,Bournemouth,0.5,1.12,Sportsbet,49,289,15114827,554692133,2646928286
Bournemouth v Aston Villa,Bournemouth,Aston Villa,Player Shots,Ian Maatsen,Aston Villa,Bournemouth,0.5,1.2,Sportsbet,49,289,15114827,554692133,2646928282
Bournemouth v Aston Villa,Bournemouth,Aston Villa,Player Shots,Jadon Sancho,Aston Villa,Bournemouth,0.5,1.1,Sportsbet,49,289,15114827,554692133,2646928280
Bournemouth v Aston Villa,Bournemouth,Aston Villa,Player Shots,Lamare Bogarde,Aston Villa,Bournemouth,0.5,1.62,Sportsbet,49,289,15114827,554692133,2646928285
Bournemouth v Aston Villa,Bournemouth,Aston Villa,Player Shots,Leon Bailey,Aston Villa,Bournemouth,0.5,1.08,Sportsbet,49,289,15114827,554692133,2646928277
Bournemouth v Aston Villa,Bournemouth,Aston Villa,Player Shots,Lucas Digne,Aston Villa,Bournemouth,0.5,1.45,Sportsbet,49,289,15114827,554692133,2646928269
Bournemouth v Aston Villa,Bournemouth,Aston Villa,Player Shots,Matty Cash,Aston Villa,Bournemouth,0.5,1.45,Sportsbet,49,289,15114827,554692133,2646928275
Bournemouth v Aston Villa,Bournemouth,Aston Villa,Player Shots,Ross Barkley,Aston Villa,Bournemouth,0.5,1.08,Sportsbet,49,289,15114827,554692133,2646928268
Bournemouth v Aston Villa,Bournemouth,Aston Villa,Player Shots,Ezri Konsa,Aston Villa,Bournemouth,0.5,2.25,Sportsbet,49,289,15114827,554692133,2646928274
Bournemouth v Aston Villa,Bournemouth,Aston Villa,Player Shots,Pau Torres,Aston Villa,Bournemouth,0.5,2.2,Sportsbet,49,289,15114827,554692133,2646928278
Bournemouth v Aston Villa,Bournemouth,Aston Villa,Player Shots,Tyrone Mings,Aston Villa,Bournemouth,0.5,2,Sportsbet,49,289,15114827,554692133,2646928270
Bournemouth v Aston Villa,Bournemouth,Aston Villa,Player Shots,Victor Lindelof,NA,NA,0.5,2.5,Sportsbet,49,289,15114827,554692133,2646928272
Bournemouth v Aston Villa,Bournemouth,Aston Villa,Player Shots,Alex Jimenez,NA,NA,1.5,1.4,Sportsbet,49,289,15114827,554692139,2646928693
Bournemouth v Aston Villa,Bournemouth,Aston Villa,Player Shots,Alex Scott,Bournemouth,Aston Villa,1.5,1.83,Sportsbet,49,289,15114827,554692139,2646928688
Bournemouth v Aston Villa,Bournemouth,Aston Villa,Player Shots,Alex Toth,NA,NA,1.5,1.3,Sportsbet,49,289,15114827,554692139,2646928691
Bournemouth v Aston Villa,Bournemouth,Aston Villa,Player Shots,Amine Adli,Bournemouth,Aston Villa,1.5,1.33,Sportsbet,49,289,15114827,554692139,2646928686
Bournemouth v Aston Villa,Bournemouth,Aston Villa,Player Shots,David Brooks,Bournemouth,Aston Villa,1.5,1.2,Sportsbet,49,289,15114827,554692139,2646928681
Bournemouth v Aston Villa,Bournemouth,Aston Villa,Player Shots,Dominic Sadi,Bournemouth,Aston Villa,1.5,1.45,Sportsbet,49,289,15114827,554692139,2646928689
Bournemouth v Aston Villa,Bournemouth,Aston Villa,Player Shots,Enes Unal,NA,NA,1.5,1.12,Sportsbet,49,289,15114827,554692139,2646928679
Bournemouth v Aston Villa,Bournemouth,Aston Villa,Player Shots,Evanilson,Bournemouth,Aston Villa,1.5,1.17,Sportsbet,49,289,15114827,554692139,2646928682
Bournemouth v Aston Villa,Bournemouth,Aston Villa,Player Shots,Junior Kroupi,NA,NA,1.5,1.06,Sportsbet,49,289,15114827,554692139,2646928692
Bournemouth v Aston Villa,Bournemouth,Aston Villa,Player Shots,Rayan,NA,NA,1.5,1.14,Sportsbet,49,289,15114827,554692139,2646928690
Bournemouth v Aston Villa,Bournemouth,Aston Villa,Player Shots,Remy Rees-Dottin,Bournemouth,Aston Villa,1.5,1.25,Sportsbet,49,289,15114827,554692139,2646928694
Bournemouth v Aston Villa,Bournemouth,Aston Villa,Player Shots,Ryan Christie,Bournemouth,Aston Villa,1.5,1.83,Sportsbet,49,289,15114827,554692139,2646928678
Bournemouth v Aston Villa,Bournemouth,Aston Villa,Player Shots,James Hill,Bournemouth,Aston Villa,1.5,3.75,Sportsbet,49,289,15114827,554692139,2646928683
Bournemouth v Aston Villa,Bournemouth,Aston Villa,Player Shots,Lewis Cook,Bournemouth,Aston Villa,1.5,4.5,Sportsbet,49,289,15114827,554692139,2646928680
Bournemouth v Aston Villa,Bournemouth,Aston Villa,Player Shots,Veljko Milosavljevic,Bournemouth,Aston Villa,1.5,4.5,Sportsbet,49,289,15114827,554692139,2646928695
Bournemouth v Aston Villa,Bournemouth,Aston Villa,Player Shots,Adrien Truffert,Bournemouth,Aston Villa,1.5,5,Sportsbet,49,289,15114827,554692139,2646928687
Bournemouth v Aston Villa,Bournemouth,Aston Villa,Player Shots,Bafode Diakite,NA,NA,1.5,6,Sportsbet,49,289,15114827,554692139,2646928684
Bournemouth v Aston Villa,Bournemouth,Aston Villa,Player Shots,Marcos Senesi,Bournemouth,Aston Villa,1.5,8,Sportsbet,49,289,15114827,554692139,2646928685
Bournemouth v Aston Villa,Bournemouth,Aston Villa,Player Shots,Emiliano Buend<c3><ad>a,NA,NA,1.5,1.28,Sportsbet,49,289,15114827,554692139,2646928701
Bournemouth v Aston Villa,Bournemouth,Aston Villa,Player Shots,George Hemmings,Aston Villa,Bournemouth,1.5,1.67,Sportsbet,49,289,15114827,554692139,2646928314
Bournemouth v Aston Villa,Bournemouth,Aston Villa,Player Shots,Harvey Elliott,Liverpool,Bournemouth,1.5,1.33,Sportsbet,49,289,15114827,554692139,2646928311
Bournemouth v Aston Villa,Bournemouth,Aston Villa,Player Shots,Harvey Elliott,Aston Villa,Bournemouth,1.5,1.33,Sportsbet,49,289,15114827,554692139,2646928311
Bournemouth v Aston Villa,Bournemouth,Aston Villa,Player Shots,Jadon Sancho,Aston Villa,Bournemouth,1.5,1.62,Sportsbet,49,289,15114827,554692139,2646928708
Bournemouth v Aston Villa,Bournemouth,Aston Villa,Player Shots,Leon Bailey,Aston Villa,Bournemouth,1.5,1.53,Sportsbet,49,289,15114827,554692139,2646928705
Bournemouth v Aston Villa,Bournemouth,Aston Villa,Player Shots,Morgan Rogers,Aston Villa,Bournemouth,1.5,1.2,Sportsbet,49,289,15114827,554692139,2646928709
Bournemouth v Aston Villa,Bournemouth,Aston Villa,Player Shots,Ollie Watkins,Aston Villa,Bournemouth,1.5,1.12,Sportsbet,49,289,15114827,554692139,2646928699
Bournemouth v Aston Villa,Bournemouth,Aston Villa,Player Shots,Ross Barkley,Aston Villa,Bournemouth,1.5,1.53,Sportsbet,49,289,15114827,554692139,2646928696
Bournemouth v Aston Villa,Bournemouth,Aston Villa,Player Shots,Tammy Abraham,NA,NA,1.5,1.28,Sportsbet,49,289,15114827,554692139,2646928704
Bournemouth v Aston Villa,Bournemouth,Aston Villa,Player Shots,Douglas Luiz,Nottingham Forest,Bournemouth,1.5,2,Sportsbet,49,289,15114827,554692139,2646928707
Bournemouth v Aston Villa,Bournemouth,Aston Villa,Player Shots,Ian Maatsen,Aston Villa,Bournemouth,1.5,2.1,Sportsbet,49,289,15114827,554692139,2646928710
Bournemouth v Aston Villa,Bournemouth,Aston Villa,Player Shots,Amadou Onana,Aston Villa,Bournemouth,1.5,3.3,Sportsbet,49,289,15114827,554692139,2646928312
Bournemouth v Aston Villa,Bournemouth,Aston Villa,Player Shots,Lucas Digne,Aston Villa,Bournemouth,1.5,3.5,Sportsbet,49,289,15114827,554692139,2646928697
Bournemouth v Aston Villa,Bournemouth,Aston Villa,Player Shots,Matty Cash,Aston Villa,Bournemouth,1.5,3.5,Sportsbet,49,289,15114827,554692139,2646928703
Bournemouth v Aston Villa,Bournemouth,Aston Villa,Player Shots,Lamare Bogarde,Aston Villa,Bournemouth,1.5,4.5,Sportsbet,49,289,15114827,554692139,2646928313
Bournemouth v Aston Villa,Bournemouth,Aston Villa,Player Shots,Tyrone Mings,Aston Villa,Bournemouth,1.5,6,Sportsbet,49,289,15114827,554692139,2646928698
Bournemouth v Aston Villa,Bournemouth,Aston Villa,Player Shots,Pau Torres,Aston Villa,Bournemouth,1.5,7.5,Sportsbet,49,289,15114827,554692139,2646928706
Bournemouth v Aston Villa,Bournemouth,Aston Villa,Player Shots,Ezri Konsa,Aston Villa,Bournemouth,1.5,8,Sportsbet,49,289,15114827,554692139,2646928702
Bournemouth v Aston Villa,Bournemouth,Aston Villa,Player Shots,Victor Lindelof,NA,NA,1.5,9.5,Sportsbet,49,289,15114827,554692139,2646928700
Bournemouth v Aston Villa,Bournemouth,Aston Villa,Player Shots,David Brooks,Bournemouth,Aston Villa,2.5,1.67,Sportsbet,49,289,15114827,554692115,2646928471
Bournemouth v Aston Villa,Bournemouth,Aston Villa,Player Shots,Enes Unal,NA,NA,2.5,1.45,Sportsbet,49,289,15114827,554692115,2646928469
Bournemouth v Aston Villa,Bournemouth,Aston Villa,Player Shots,Evanilson,Bournemouth,Aston Villa,2.5,1.62,Sportsbet,49,289,15114827,554692115,2646928472
Bournemouth v Aston Villa,Bournemouth,Aston Villa,Player Shots,Junior Kroupi,NA,NA,2.5,1.25,Sportsbet,49,289,15114827,554692115,2646928482
Bournemouth v Aston Villa,Bournemouth,Aston Villa,Player Shots,Rayan,NA,NA,2.5,1.5,Sportsbet,49,289,15114827,554692115,2646928480
Bournemouth v Aston Villa,Bournemouth,Aston Villa,Player Shots,Remy Rees-Dottin,Bournemouth,Aston Villa,2.5,1.91,Sportsbet,49,289,15114827,554692115,2646928484
Bournemouth v Aston Villa,Bournemouth,Aston Villa,Player Shots,Alex Jimenez,NA,NA,2.5,2.3,Sportsbet,49,289,15114827,554692115,2646928483
Bournemouth v Aston Villa,Bournemouth,Aston Villa,Player Shots,Alex Toth,NA,NA,2.5,2,Sportsbet,49,289,15114827,554692115,2646928481
Bournemouth v Aston Villa,Bournemouth,Aston Villa,Player Shots,Amine Adli,Bournemouth,Aston Villa,2.5,2.1,Sportsbet,49,289,15114827,554692115,2646928476
Bournemouth v Aston Villa,Bournemouth,Aston Villa,Player Shots,Dominic Sadi,Bournemouth,Aston Villa,2.5,2.6,Sportsbet,49,289,15114827,554692115,2646928479
Bournemouth v Aston Villa,Bournemouth,Aston Villa,Player Shots,Alex Scott,Bournemouth,Aston Villa,2.5,3.75,Sportsbet,49,289,15114827,554692115,2646928478
Bournemouth v Aston Villa,Bournemouth,Aston Villa,Player Shots,Ryan Christie,Bournemouth,Aston Villa,2.5,3.75,Sportsbet,49,289,15114827,554692115,2646928468
Bournemouth v Aston Villa,Bournemouth,Aston Villa,Player Shots,James Hill,Bournemouth,Aston Villa,2.5,10,Sportsbet,49,289,15114827,554692115,2646928473
Bournemouth v Aston Villa,Bournemouth,Aston Villa,Player Shots,Emiliano Buend<c3><ad>a,NA,NA,2.5,1.91,Sportsbet,49,289,15114827,554692115,2646928491
Bournemouth v Aston Villa,Bournemouth,Aston Villa,Player Shots,Morgan Rogers,Aston Villa,Bournemouth,2.5,1.72,Sportsbet,49,289,15114827,554692115,2646928499
Bournemouth v Aston Villa,Bournemouth,Aston Villa,Player Shots,Ollie Watkins,Aston Villa,Bournemouth,2.5,1.45,Sportsbet,49,289,15114827,554692115,2646928489
Bournemouth v Aston Villa,Bournemouth,Aston Villa,Player Shots,Harvey Elliott,Liverpool,Bournemouth,2.5,2.2,Sportsbet,49,289,15114827,554692115,2646928501
Bournemouth v Aston Villa,Bournemouth,Aston Villa,Player Shots,Harvey Elliott,Aston Villa,Bournemouth,2.5,2.2,Sportsbet,49,289,15114827,554692115,2646928501
Bournemouth v Aston Villa,Bournemouth,Aston Villa,Player Shots,Leon Bailey,Aston Villa,Bournemouth,2.5,2.75,Sportsbet,49,289,15114827,554692115,2646928495
Bournemouth v Aston Villa,Bournemouth,Aston Villa,Player Shots,Ross Barkley,Aston Villa,Bournemouth,2.5,2.8,Sportsbet,49,289,15114827,554692115,2646928486
Bournemouth v Aston Villa,Bournemouth,Aston Villa,Player Shots,Tammy Abraham,NA,NA,2.5,2,Sportsbet,49,289,15114827,554692115,2646928494
Bournemouth v Aston Villa,Bournemouth,Aston Villa,Player Shots,George Hemmings,Aston Villa,Bournemouth,2.5,3.25,Sportsbet,49,289,15114827,554692115,2646928504
Bournemouth v Aston Villa,Bournemouth,Aston Villa,Player Shots,Jadon Sancho,Aston Villa,Bournemouth,2.5,3.1,Sportsbet,49,289,15114827,554692115,2646928498
Bournemouth v Aston Villa,Bournemouth,Aston Villa,Player Shots,Douglas Luiz,Nottingham Forest,Bournemouth,2.5,4.2,Sportsbet,49,289,15114827,554692115,2646928497
Bournemouth v Aston Villa,Bournemouth,Aston Villa,Player Shots,Ian Maatsen,Aston Villa,Bournemouth,2.5,4.5,Sportsbet,49,289,15114827,554692115,2646928500
Bournemouth v Aston Villa,Bournemouth,Aston Villa,Player Shots,Amadou Onana,Aston Villa,Bournemouth,2.5,8.5,Sportsbet,49,289,15114827,554692115,2646928502
Bournemouth v Aston Villa,Bournemouth,Aston Villa,Player Shots,Lucas Digne,Aston Villa,Bournemouth,2.5,9,Sportsbet,49,289,15114827,554692115,2646928487
Bournemouth v Aston Villa,Bournemouth,Aston Villa,Player Shots,Matty Cash,Aston Villa,Bournemouth,2.5,9.5,Sportsbet,49,289,15114827,554692115,2646928493
Bournemouth v Aston Villa,Bournemouth,Aston Villa,Player Shots,Junior Kroupi,NA,NA,3.5,1.72,Sportsbet,49,289,15114827,554692118,2646927996
Bournemouth v Aston Villa,Bournemouth,Aston Villa,Player Shots,David Brooks,Bournemouth,Aston Villa,3.5,2.8,Sportsbet,49,289,15114827,554692118,2646927985
Bournemouth v Aston Villa,Bournemouth,Aston Villa,Player Shots,Enes Unal,NA,NA,3.5,2.2,Sportsbet,49,289,15114827,554692118,2646927983
Bournemouth v Aston Villa,Bournemouth,Aston Villa,Player Shots,Evanilson,Bournemouth,Aston Villa,3.5,2.63,Sportsbet,49,289,15114827,554692118,2646927986
Bournemouth v Aston Villa,Bournemouth,Aston Villa,Player Shots,Rayan,NA,NA,3.5,2.4,Sportsbet,49,289,15114827,554692118,2646927994
Bournemouth v Aston Villa,Bournemouth,Aston Villa,Player Shots,Alex Toth,NA,NA,3.5,3.6,Sportsbet,49,289,15114827,554692118,2646927995
Bournemouth v Aston Villa,Bournemouth,Aston Villa,Player Shots,Amine Adli,Bournemouth,Aston Villa,3.5,3.75,Sportsbet,49,289,15114827,554692118,2646927990
Bournemouth v Aston Villa,Bournemouth,Aston Villa,Player Shots,Remy Rees-Dottin,Bournemouth,Aston Villa,3.5,3.3,Sportsbet,49,289,15114827,554692118,2646927998
Bournemouth v Aston Villa,Bournemouth,Aston Villa,Player Shots,Alex Jimenez,NA,NA,3.5,4.33,Sportsbet,49,289,15114827,554692118,2646927997
Bournemouth v Aston Villa,Bournemouth,Aston Villa,Player Shots,Dominic Sadi,Bournemouth,Aston Villa,3.5,4.5,Sportsbet,49,289,15114827,554692118,2646927993
Bournemouth v Aston Villa,Bournemouth,Aston Villa,Player Shots,Alex Scott,Bournemouth,Aston Villa,3.5,8,Sportsbet,49,289,15114827,554692118,2646927992
Bournemouth v Aston Villa,Bournemouth,Aston Villa,Player Shots,Ryan Christie,Bournemouth,Aston Villa,3.5,8,Sportsbet,49,289,15114827,554692118,2646927982
Bournemouth v Aston Villa,Bournemouth,Aston Villa,Player Shots,James Hill,Bournemouth,Aston Villa,3.5,36,Sportsbet,49,289,15114827,554692118,2646927987
Bournemouth v Aston Villa,Bournemouth,Aston Villa,Player Shots,Morgan Rogers,Aston Villa,Bournemouth,3.5,2.88,Sportsbet,49,289,15114827,554692118,2646928013
Bournemouth v Aston Villa,Bournemouth,Aston Villa,Player Shots,Ollie Watkins,Aston Villa,Bournemouth,3.5,2.3,Sportsbet,49,289,15114827,554692118,2646928003
Bournemouth v Aston Villa,Bournemouth,Aston Villa,Player Shots,Emiliano Buend<c3><ad>a,NA,NA,3.5,3.5,Sportsbet,49,289,15114827,554692118,2646928005
Bournemouth v Aston Villa,Bournemouth,Aston Villa,Player Shots,Tammy Abraham,NA,NA,3.5,3.6,Sportsbet,49,289,15114827,554692118,2646928008
Bournemouth v Aston Villa,Bournemouth,Aston Villa,Player Shots,Harvey Elliott,Liverpool,Bournemouth,3.5,4,Sportsbet,49,289,15114827,554692118,2646928015
Bournemouth v Aston Villa,Bournemouth,Aston Villa,Player Shots,Harvey Elliott,Aston Villa,Bournemouth,3.5,4,Sportsbet,49,289,15114827,554692118,2646928015
Bournemouth v Aston Villa,Bournemouth,Aston Villa,Player Shots,Leon Bailey,Aston Villa,Bournemouth,3.5,5,Sportsbet,49,289,15114827,554692118,2646928009
Bournemouth v Aston Villa,Bournemouth,Aston Villa,Player Shots,Ross Barkley,Aston Villa,Bournemouth,3.5,5.5,Sportsbet,49,289,15114827,554692118,2646928000
Bournemouth v Aston Villa,Bournemouth,Aston Villa,Player Shots,George Hemmings,Aston Villa,Bournemouth,3.5,6.5,Sportsbet,49,289,15114827,554692118,2646928018
Bournemouth v Aston Villa,Bournemouth,Aston Villa,Player Shots,Jadon Sancho,Aston Villa,Bournemouth,3.5,6,Sportsbet,49,289,15114827,554692118,2646928012
Bournemouth v Aston Villa,Bournemouth,Aston Villa,Player Shots,Douglas Luiz,Nottingham Forest,Bournemouth,3.5,10,Sportsbet,49,289,15114827,554692118,2646928011
Bournemouth v Aston Villa,Bournemouth,Aston Villa,Player Shots,Ian Maatsen,Aston Villa,Bournemouth,3.5,10,Sportsbet,49,289,15114827,554692118,2646928014
Bournemouth v Aston Villa,Bournemouth,Aston Villa,Player Shots,Amadou Onana,Aston Villa,Bournemouth,3.5,26,Sportsbet,49,289,15114827,554692118,2646928016
Bournemouth v Aston Villa,Bournemouth,Aston Villa,Player Shots,Lucas Digne,Aston Villa,Bournemouth,3.5,31,Sportsbet,49,289,15114827,554692118,2646928001
Bournemouth v Aston Villa,Bournemouth,Aston Villa,Player Shots,Matty Cash,Aston Villa,Bournemouth,3.5,34,Sportsbet,49,289,15114827,554692118,2646928007
Bournemouth v Aston Villa,Bournemouth,Aston Villa,Player Shots,Junior Kroupi,NA,NA,4.5,2.7,Sportsbet,49,289,15114827,554692121,2646928110
Bournemouth v Aston Villa,Bournemouth,Aston Villa,Player Shots,Enes Unal,NA,NA,4.5,3.6,Sportsbet,49,289,15114827,554692121,2646928097
Bournemouth v Aston Villa,Bournemouth,Aston Villa,Player Shots,Evanilson,Bournemouth,Aston Villa,4.5,4.5,Sportsbet,49,289,15114827,554692121,2646928100
Bournemouth v Aston Villa,Bournemouth,Aston Villa,Player Shots,Rayan,NA,NA,4.5,4,Sportsbet,49,289,15114827,554692121,2646928108
Bournemouth v Aston Villa,Bournemouth,Aston Villa,Player Shots,David Brooks,Bournemouth,Aston Villa,4.5,5,Sportsbet,49,289,15114827,554692121,2646928099
Bournemouth v Aston Villa,Bournemouth,Aston Villa,Player Shots,Alex Toth,NA,NA,4.5,6.5,Sportsbet,49,289,15114827,554692121,2646928109
Bournemouth v Aston Villa,Bournemouth,Aston Villa,Player Shots,Remy Rees-Dottin,Bournemouth,Aston Villa,4.5,6,Sportsbet,49,289,15114827,554692121,2646927852
Bournemouth v Aston Villa,Bournemouth,Aston Villa,Player Shots,Amine Adli,Bournemouth,Aston Villa,4.5,7,Sportsbet,49,289,15114827,554692121,2646928104
Bournemouth v Aston Villa,Bournemouth,Aston Villa,Player Shots,Alex Jimenez,NA,NA,4.5,8.5,Sportsbet,49,289,15114827,554692121,2646927851
Bournemouth v Aston Villa,Bournemouth,Aston Villa,Player Shots,Dominic Sadi,Bournemouth,Aston Villa,4.5,10,Sportsbet,49,289,15114827,554692121,2646928107
Bournemouth v Aston Villa,Bournemouth,Aston Villa,Player Shots,Alex Scott,Bournemouth,Aston Villa,4.5,21,Sportsbet,49,289,15114827,554692121,2646928106
Bournemouth v Aston Villa,Bournemouth,Aston Villa,Player Shots,Ryan Christie,Bournemouth,Aston Villa,4.5,21,Sportsbet,49,289,15114827,554692121,2646928096
Bournemouth v Aston Villa,Bournemouth,Aston Villa,Player Shots,Ollie Watkins,Aston Villa,Bournemouth,4.5,3.75,Sportsbet,49,289,15114827,554692121,2646927857
Bournemouth v Aston Villa,Bournemouth,Aston Villa,Player Shots,Morgan Rogers,Aston Villa,Bournemouth,4.5,5,Sportsbet,49,289,15114827,554692121,2646927867
Bournemouth v Aston Villa,Bournemouth,Aston Villa,Player Shots,Emiliano Buend<c3><ad>a,NA,NA,4.5,6,Sportsbet,49,289,15114827,554692121,2646927859
Bournemouth v Aston Villa,Bournemouth,Aston Villa,Player Shots,Tammy Abraham,NA,NA,4.5,6.5,Sportsbet,49,289,15114827,554692121,2646927862
Bournemouth v Aston Villa,Bournemouth,Aston Villa,Player Shots,Harvey Elliott,Liverpool,Bournemouth,4.5,7.5,Sportsbet,49,289,15114827,554692121,2646927869
Bournemouth v Aston Villa,Bournemouth,Aston Villa,Player Shots,Harvey Elliott,Aston Villa,Bournemouth,4.5,7.5,Sportsbet,49,289,15114827,554692121,2646927869
Bournemouth v Aston Villa,Bournemouth,Aston Villa,Player Shots,Leon Bailey,Aston Villa,Bournemouth,4.5,11,Sportsbet,49,289,15114827,554692121,2646927863
Bournemouth v Aston Villa,Bournemouth,Aston Villa,Player Shots,Ross Barkley,Aston Villa,Bournemouth,4.5,12,Sportsbet,49,289,15114827,554692121,2646927854
Bournemouth v Aston Villa,Bournemouth,Aston Villa,Player Shots,George Hemmings,Aston Villa,Bournemouth,4.5,15,Sportsbet,49,289,15114827,554692121,2646927872
Bournemouth v Aston Villa,Bournemouth,Aston Villa,Player Shots,Jadon Sancho,Aston Villa,Bournemouth,4.5,15,Sportsbet,49,289,15114827,554692121,2646927866
Bournemouth v Aston Villa,Bournemouth,Aston Villa,Player Shots,Douglas Luiz,Nottingham Forest,Bournemouth,4.5,26,Sportsbet,49,289,15114827,554692121,2646927865
Bournemouth v Aston Villa,Bournemouth,Aston Villa,Player Shots,Ian Maatsen,Aston Villa,Bournemouth,4.5,26,Sportsbet,49,289,15114827,554692121,2646927868
Bournemouth v Aston Villa,Bournemouth,Aston Villa,Player Shots,Junior Kroupi,NA,NA,5.5,4.2,Sportsbet,49,289,15114827,554692122,2646927888
Bournemouth v Aston Villa,Bournemouth,Aston Villa,Player Shots,Enes Unal,NA,NA,5.5,6,Sportsbet,49,289,15114827,554692122,2646927875
Bournemouth v Aston Villa,Bournemouth,Aston Villa,Player Shots,Rayan,NA,NA,5.5,7,Sportsbet,49,289,15114827,554692122,2646927886
Bournemouth v Aston Villa,Bournemouth,Aston Villa,Player Shots,Evanilson,Bournemouth,Aston Villa,5.5,8.5,Sportsbet,49,289,15114827,554692122,2646927878
Bournemouth v Aston Villa,Bournemouth,Aston Villa,Player Shots,David Brooks,Bournemouth,Aston Villa,5.5,9,Sportsbet,49,289,15114827,554692122,2646927877
Bournemouth v Aston Villa,Bournemouth,Aston Villa,Player Shots,Remy Rees-Dottin,Bournemouth,Aston Villa,5.5,12,Sportsbet,49,289,15114827,554692122,2646927890
Bournemouth v Aston Villa,Bournemouth,Aston Villa,Player Shots,Alex Toth,NA,NA,5.5,13,Sportsbet,49,289,15114827,554692122,2646927887
Bournemouth v Aston Villa,Bournemouth,Aston Villa,Player Shots,Amine Adli,Bournemouth,Aston Villa,5.5,15,Sportsbet,49,289,15114827,554692122,2646927882
Bournemouth v Aston Villa,Bournemouth,Aston Villa,Player Shots,Alex Jimenez,NA,NA,5.5,20,Sportsbet,49,289,15114827,554692122,2646927889
Bournemouth v Aston Villa,Bournemouth,Aston Villa,Player Shots,Dominic Sadi,Bournemouth,Aston Villa,5.5,26,Sportsbet,49,289,15114827,554692122,2646927885
Bournemouth v Aston Villa,Bournemouth,Aston Villa,Player Shots,Ollie Watkins,Aston Villa,Bournemouth,5.5,6.5,Sportsbet,49,289,15114827,554692122,2646927895
Bournemouth v Aston Villa,Bournemouth,Aston Villa,Player Shots,Morgan Rogers,Aston Villa,Bournemouth,5.5,9.5,Sportsbet,49,289,15114827,554692122,2646927905
Bournemouth v Aston Villa,Bournemouth,Aston Villa,Player Shots,Emiliano Buend<c3><ad>a,NA,NA,5.5,13,Sportsbet,49,289,15114827,554692122,2646927897
Bournemouth v Aston Villa,Bournemouth,Aston Villa,Player Shots,Tammy Abraham,NA,NA,5.5,14,Sportsbet,49,289,15114827,554692122,2646927900
Bournemouth v Aston Villa,Bournemouth,Aston Villa,Player Shots,Harvey Elliott,Liverpool,Bournemouth,5.5,17,Sportsbet,49,289,15114827,554692122,2646927907
Bournemouth v Aston Villa,Bournemouth,Aston Villa,Player Shots,Harvey Elliott,Aston Villa,Bournemouth,5.5,17,Sportsbet,49,289,15114827,554692122,2646927907
Bournemouth v Aston Villa,Bournemouth,Aston Villa,Player Shots,Leon Bailey,Aston Villa,Bournemouth,5.5,31,Sportsbet,49,289,15114827,554692122,2646927901
Bournemouth v Aston Villa,Bournemouth,Aston Villa,Player Shots,Ross Barkley,Aston Villa,Bournemouth,5.5,31,Sportsbet,49,289,15114827,554692122,2646927892
Bournemouth v Aston Villa,Bournemouth,Aston Villa,Player Shots,George Hemmings,Aston Villa,Bournemouth,5.5,41,Sportsbet,49,289,15114827,554692122,2646927910
Bournemouth v Aston Villa,Bournemouth,Aston Villa,Player Shots,Jadon Sancho,Aston Villa,Bournemouth,5.5,41,Sportsbet,49,289,15114827,554692122,2646927904
Fulham v Everton,Fulham,Everton,Player Shots,Alex Iwobi,Fulham,Everton,0.5,1.2,Sportsbet,49,289,15114833,554685167,2646892189
Fulham v Everton,Fulham,Everton,Player Shots,Antonee Robinson,Fulham,Everton,0.5,1.91,Sportsbet,49,289,15114833,554685167,2646892194
Fulham v Everton,Fulham,Everton,Player Shots,Emile Smith Rowe,Fulham,Everton,0.5,1.08,Sportsbet,49,289,15114833,554685167,2646892197
Fulham v Everton,Fulham,Everton,Player Shots,Harrison Reed,Fulham,Everton,0.5,1.3,Sportsbet,49,289,15114833,554685167,2646892187
Fulham v Everton,Fulham,Everton,Player Shots,Joachim Andersen,Fulham,Everton,0.5,1.62,Sportsbet,49,289,15114833,554685167,2646892190
Fulham v Everton,Fulham,Everton,Player Shots,Jorge Cuenca,Fulham,Everton,0.5,1.53,Sportsbet,49,289,15114833,554685167,2646892196
Fulham v Everton,Fulham,Everton,Player Shots,Kenny Tete,Fulham,Everton,0.5,1.36,Sportsbet,49,289,15114833,554685167,2646892186
Fulham v Everton,Fulham,Everton,Player Shots,Ryan Sessegnon,Fulham,Everton,0.5,1.07,Sportsbet,49,289,15114833,554685167,2646892193
Fulham v Everton,Fulham,Everton,Player Shots,Sander Berge,Fulham,Everton,0.5,1.72,Sportsbet,49,289,15114833,554685167,2646892195
Fulham v Everton,Fulham,Everton,Player Shots,Timothy Castagne,Fulham,Everton,0.5,1.5,Sportsbet,49,289,15114833,554685167,2646892188
Fulham v Everton,Fulham,Everton,Player Shots,Tom Cairney,Fulham,Everton,0.5,1.08,Sportsbet,49,289,15114833,554685167,2646892184
Fulham v Everton,Fulham,Everton,Player Shots,Calvin Bassey,Fulham,Everton,0.5,2.37,Sportsbet,49,289,15114833,554685167,2646892199
Fulham v Everton,Fulham,Everton,Player Shots,Issa Diop,Fulham,Everton,0.5,2,Sportsbet,49,289,15114833,554685167,2646892192
Fulham v Everton,Fulham,Everton,Player Shots,Adam Aznou,Everton,Fulham,0.5,1.57,Sportsbet,49,289,15114833,554685167,2646892824
Fulham v Everton,Fulham,Everton,Player Shots,Charly Alcaraz,NA,NA,0.5,1.07,Sportsbet,49,289,15114833,554685167,2646892818
Fulham v Everton,Fulham,Everton,Player Shots,Dwight McNeil,Everton,Fulham,0.5,1.1,Sportsbet,49,289,15114833,554685167,2646892212
Fulham v Everton,Fulham,Everton,Player Shots,Harrison Armstrong,Everton,Fulham,0.5,1.22,Sportsbet,49,289,15114833,554685167,2646892823
Fulham v Everton,Fulham,Everton,Player Shots,Idrissa Gueye,Everton,Fulham,0.5,1.45,Sportsbet,49,289,15114833,554685167,2646892208
Fulham v Everton,Fulham,Everton,Player Shots,Iliman Ndiaye,Everton,Fulham,0.5,1.08,Sportsbet,49,289,15114833,554685167,2646892211
Fulham v Everton,Fulham,Everton,Player Shots,Jake O'Brien,Everton,Fulham,0.5,1.91,Sportsbet,49,289,15114833,554685167,2646892820
Fulham v Everton,Fulham,Everton,Player Shots,James Garner,Everton,Fulham,0.5,1.25,Sportsbet,49,289,15114833,554685167,2646892213
Fulham v Everton,Fulham,Everton,Player Shots,James Tarkowski,Everton,Fulham,0.5,1.91,Sportsbet,49,289,15114833,554685167,2646892205
Fulham v Everton,Fulham,Everton,Player Shots,Kiernan Dewsbury-Hall,Everton,Fulham,0.5,1.22,Sportsbet,49,289,15114833,554685167,2646892209
Fulham v Everton,Fulham,Everton,Player Shots,Merlin Rohl,NA,NA,0.5,1.25,Sportsbet,49,289,15114833,554685167,2646892819
Fulham v Everton,Fulham,Everton,Player Shots,Michael Keane,Everton,Fulham,0.5,1.45,Sportsbet,49,289,15114833,554685167,2646892207
Fulham v Everton,Fulham,Everton,Player Shots,Tim Iroegbunam,Everton,Fulham,0.5,1.53,Sportsbet,49,289,15114833,554685167,2646892817
Fulham v Everton,Fulham,Everton,Player Shots,Tyler Dibling,Everton,Fulham,0.5,1.12,Sportsbet,49,289,15114833,554685167,2646892821
Fulham v Everton,Fulham,Everton,Player Shots,Tyler Dibling,Southampton,Fulham,0.5,1.12,Sportsbet,49,289,15114833,554685167,2646892821
Fulham v Everton,Fulham,Everton,Player Shots,Tyrique George,Chelsea,Fulham,0.5,1.11,Sportsbet,49,289,15114833,554685167,2646892822
Fulham v Everton,Fulham,Everton,Player Shots,Vitaliy Mykolenko,Everton,Fulham,0.5,1.91,Sportsbet,49,289,15114833,554685167,2646892210
Fulham v Everton,Fulham,Everton,Player Shots,Jarrad Branthwaite,Everton,Fulham,0.5,2.4,Sportsbet,49,289,15114833,554685167,2646892214
Fulham v Everton,Fulham,Everton,Player Shots,Nathan Patterson,Everton,Fulham,0.5,2.3,Sportsbet,49,289,15114833,554685167,2646892216
Fulham v Everton,Fulham,Everton,Player Shots,S<c3><a9>amus Coleman,NA,NA,0.5,2.3,Sportsbet,49,289,15114833,554685167,2646892206
Fulham v Everton,Fulham,Everton,Player Shots,Emile Smith Rowe,Fulham,Everton,1.5,1.5,Sportsbet,49,289,15114833,554685173,2646892241
Fulham v Everton,Fulham,Everton,Player Shots,Harry Wilson,Fulham,Everton,1.5,1.14,Sportsbet,49,289,15114833,554685173,2646892235
Fulham v Everton,Fulham,Everton,Player Shots,Jonah Kusi-Asare,Fulham,Everton,1.5,1.14,Sportsbet,49,289,15114833,554685173,2646892247
Fulham v Everton,Fulham,Everton,Player Shots,Joshua King,NA,NA,1.5,1.33,Sportsbet,49,289,15114833,554685173,2646892248
Fulham v Everton,Fulham,Everton,Player Shots,Kevin,Fulham,Everton,1.5,1.17,Sportsbet,49,289,15114833,554685173,2646892246
Fulham v Everton,Fulham,Everton,Player Shots,Oscar Bobb,Manchester City,Fulham,1.5,1.36,Sportsbet,49,289,15114833,554685173,2646892244
Fulham v Everton,Fulham,Everton,Player Shots,Ra<c3><ba>l Jim<c3><a9>nez,NA,NA,1.5,1.08,Sportsbet,49,289,15114833,554685173,2646892229
Fulham v Everton,Fulham,Everton,Player Shots,Rodrigo Muniz,Fulham,Everton,1.5,1.08,Sportsbet,49,289,15114833,554685173,2646892245
Fulham v Everton,Fulham,Everton,Player Shots,Ryan Sessegnon,Fulham,Everton,1.5,1.45,Sportsbet,49,289,15114833,554685173,2646892237
Fulham v Everton,Fulham,Everton,Player Shots,Samuel Chukwueze,Fulham,Everton,1.5,1.3,Sportsbet,49,289,15114833,554685173,2646892242
Fulham v Everton,Fulham,Everton,Player Shots,Tom Cairney,Fulham,Everton,1.5,1.5,Sportsbet,49,289,15114833,554685173,2646892228
Fulham v Everton,Fulham,Everton,Player Shots,Alex Iwobi,Fulham,Everton,1.5,2.1,Sportsbet,49,289,15114833,554685173,2646892233
Fulham v Everton,Fulham,Everton,Player Shots,Harrison Reed,Fulham,Everton,1.5,2.63,Sportsbet,49,289,15114833,554685173,2646892231
Fulham v Everton,Fulham,Everton,Player Shots,Jorge Cuenca,Fulham,Everton,1.5,3.75,Sportsbet,49,289,15114833,554685173,2646892240
Fulham v Everton,Fulham,Everton,Player Shots,Kenny Tete,Fulham,Everton,1.5,3,Sportsbet,49,289,15114833,554685173,2646892230
Fulham v Everton,Fulham,Everton,Player Shots,Timothy Castagne,Fulham,Everton,1.5,3.6,Sportsbet,49,289,15114833,554685173,2646892232
Fulham v Everton,Fulham,Everton,Player Shots,Joachim Andersen,Fulham,Everton,1.5,4.2,Sportsbet,49,289,15114833,554685173,2646892234
Fulham v Everton,Fulham,Everton,Player Shots,Antonee Robinson,Fulham,Everton,1.5,5.5,Sportsbet,49,289,15114833,554685173,2646892238
Fulham v Everton,Fulham,Everton,Player Shots,Sander Berge,Fulham,Everton,1.5,5,Sportsbet,49,289,15114833,554685173,2646892239
Fulham v Everton,Fulham,Everton,Player Shots,Issa Diop,Fulham,Everton,1.5,6,Sportsbet,49,289,15114833,554685173,2646892236
Fulham v Everton,Fulham,Everton,Player Shots,Calvin Bassey,Fulham,Everton,1.5,8.5,Sportsbet,49,289,15114833,554685173,2646892243
Fulham v Everton,Fulham,Everton,Player Shots,Beto,Everton,Fulham,1.5,1.25,Sportsbet,49,289,15114833,554685173,2646892259
Fulham v Everton,Fulham,Everton,Player Shots,Charly Alcaraz,NA,NA,1.5,1.45,Sportsbet,49,289,15114833,554685173,2646892262
Fulham v Everton,Fulham,Everton,Player Shots,Dwight McNeil,Everton,Fulham,1.5,1.57,Sportsbet,49,289,15114833,554685173,2646892256
Fulham v Everton,Fulham,Everton,Player Shots,Iliman Ndiaye,Everton,Fulham,1.5,1.53,Sportsbet,49,289,15114833,554685173,2646892255
Fulham v Everton,Fulham,Everton,Player Shots,Thierno Barry,Everton,Fulham,1.5,1.36,Sportsbet,49,289,15114833,554685173,2646892269
Fulham v Everton,Fulham,Everton,Player Shots,Tyler Dibling,Everton,Fulham,1.5,1.72,Sportsbet,49,289,15114833,554685173,2646892265
Fulham v Everton,Fulham,Everton,Player Shots,Tyler Dibling,Southampton,Fulham,1.5,1.72,Sportsbet,49,289,15114833,554685173,2646892265
Fulham v Everton,Fulham,Everton,Player Shots,Tyrique George,Chelsea,Fulham,1.5,1.67,Sportsbet,49,289,15114833,554685173,2646892266
Fulham v Everton,Fulham,Everton,Player Shots,Harrison Armstrong,Everton,Fulham,1.5,2.2,Sportsbet,49,289,15114833,554685173,2646892267
Fulham v Everton,Fulham,Everton,Player Shots,James Garner,Everton,Fulham,1.5,2.4,Sportsbet,49,289,15114833,554685173,2646892257
Fulham v Everton,Fulham,Everton,Player Shots,Kiernan Dewsbury-Hall,Everton,Fulham,1.5,2.1,Sportsbet,49,289,15114833,554685173,2646892253
Fulham v Everton,Fulham,Everton,Player Shots,Merlin Rohl,NA,NA,1.5,2.37,Sportsbet,49,289,15114833,554685173,2646892263
Fulham v Everton,Fulham,Everton,Player Shots,Idrissa Gueye,Everton,Fulham,1.5,3.4,Sportsbet,49,289,15114833,554685173,2646892252
Fulham v Everton,Fulham,Everton,Player Shots,Michael Keane,Everton,Fulham,1.5,3.4,Sportsbet,49,289,15114833,554685173,2646892251
Fulham v Everton,Fulham,Everton,Player Shots,Tim Iroegbunam,Everton,Fulham,1.5,3.75,Sportsbet,49,289,15114833,554685173,2646892261
Fulham v Everton,Fulham,Everton,Player Shots,Adam Aznou,Everton,Fulham,1.5,4,Sportsbet,49,289,15114833,554685173,2646892268
Fulham v Everton,Fulham,Everton,Player Shots,Jake O'Brien,Everton,Fulham,1.5,6,Sportsbet,49,289,15114833,554685173,2646892264
Fulham v Everton,Fulham,Everton,Player Shots,James Tarkowski,Everton,Fulham,1.5,6,Sportsbet,49,289,15114833,554685173,2646892249
Fulham v Everton,Fulham,Everton,Player Shots,Vitaliy Mykolenko,Everton,Fulham,1.5,6,Sportsbet,49,289,15114833,554685173,2646892254
Fulham v Everton,Fulham,Everton,Player Shots,Jarrad Branthwaite,Everton,Fulham,1.5,8.5,Sportsbet,49,289,15114833,554685173,2646892258
Fulham v Everton,Fulham,Everton,Player Shots,Nathan Patterson,Everton,Fulham,1.5,8,Sportsbet,49,289,15114833,554685173,2646892260
Fulham v Everton,Fulham,Everton,Player Shots,S<c3><a9>amus Coleman,NA,NA,1.5,8,Sportsbet,49,289,15114833,554685173,2646892250
Fulham v Everton,Fulham,Everton,Player Shots,Harry Wilson,Fulham,Everton,2.5,1.57,Sportsbet,49,289,15114833,554685149,2646892639
Fulham v Everton,Fulham,Everton,Player Shots,Jonah Kusi-Asare,Fulham,Everton,2.5,1.57,Sportsbet,49,289,15114833,554685149,2646892651
Fulham v Everton,Fulham,Everton,Player Shots,Kevin,Fulham,Everton,2.5,1.62,Sportsbet,49,289,15114833,554685149,2646892650
Fulham v Everton,Fulham,Everton,Player Shots,Ra<c3><ba>l Jim<c3><a9>nez,NA,NA,2.5,1.33,Sportsbet,49,289,15114833,554685149,2646892633
Fulham v Everton,Fulham,Everton,Player Shots,Rodrigo Muniz,Fulham,Everton,2.5,1.33,Sportsbet,49,289,15114833,554685149,2646892649
Fulham v Everton,Fulham,Everton,Player Shots,Emile Smith Rowe,Fulham,Everton,2.5,2.75,Sportsbet,49,289,15114833,554685149,2646892645
Fulham v Everton,Fulham,Everton,Player Shots,Joshua King,NA,NA,2.5,2.1,Sportsbet,49,289,15114833,554685149,2646892652
Fulham v Everton,Fulham,Everton,Player Shots,Oscar Bobb,Manchester City,Fulham,2.5,2.3,Sportsbet,49,289,15114833,554685149,2646892648
Fulham v Everton,Fulham,Everton,Player Shots,Ryan Sessegnon,Fulham,Everton,2.5,2.5,Sportsbet,49,289,15114833,554685149,2646892641
Fulham v Everton,Fulham,Everton,Player Shots,Samuel Chukwueze,Fulham,Everton,2.5,2,Sportsbet,49,289,15114833,554685149,2646892646
Fulham v Everton,Fulham,Everton,Player Shots,Tom Cairney,Fulham,Everton,2.5,2.7,Sportsbet,49,289,15114833,554685149,2646892632
Fulham v Everton,Fulham,Everton,Player Shots,Alex Iwobi,Fulham,Everton,2.5,4.5,Sportsbet,49,289,15114833,554685149,2646892637
Fulham v Everton,Fulham,Everton,Player Shots,Harrison Reed,Fulham,Everton,2.5,6,Sportsbet,49,289,15114833,554685149,2646892635
Fulham v Everton,Fulham,Everton,Player Shots,Kenny Tete,Fulham,Everton,2.5,7,Sportsbet,49,289,15114833,554685149,2646892634
Fulham v Everton,Fulham,Everton,Player Shots,Jorge Cuenca,Fulham,Everton,2.5,10,Sportsbet,49,289,15114833,554685149,2646892644
Fulham v Everton,Fulham,Everton,Player Shots,Timothy Castagne,Fulham,Everton,2.5,10,Sportsbet,49,289,15114833,554685149,2646892636
Fulham v Everton,Fulham,Everton,Player Shots,Joachim Andersen,Fulham,Everton,2.5,12,Sportsbet,49,289,15114833,554685149,2646892638
Fulham v Everton,Fulham,Everton,Player Shots,Beto,Everton,Fulham,2.5,1.91,Sportsbet,49,289,15114833,554685149,2646892663
Fulham v Everton,Fulham,Everton,Player Shots,Charly Alcaraz,NA,NA,2.5,2.5,Sportsbet,49,289,15114833,554685149,2646892666
Fulham v Everton,Fulham,Everton,Player Shots,Iliman Ndiaye,Everton,Fulham,2.5,2.88,Sportsbet,49,289,15114833,554685149,2646892659
Fulham v Everton,Fulham,Everton,Player Shots,Thierno Barry,Everton,Fulham,2.5,2.3,Sportsbet,49,289,15114833,554685149,2646892673
Fulham v Everton,Fulham,Everton,Player Shots,Dwight McNeil,Everton,Fulham,2.5,3,Sportsbet,49,289,15114833,554685149,2646892660
Fulham v Everton,Fulham,Everton,Player Shots,Tyler Dibling,Everton,Fulham,2.5,3.3,Sportsbet,49,289,15114833,554685149,2646892669
Fulham v Everton,Fulham,Everton,Player Shots,Tyler Dibling,Southampton,Fulham,2.5,3.3,Sportsbet,49,289,15114833,554685149,2646892669
Fulham v Everton,Fulham,Everton,Player Shots,Tyrique George,Chelsea,Fulham,2.5,3.25,Sportsbet,49,289,15114833,554685149,2646892670
Fulham v Everton,Fulham,Everton,Player Shots,Harrison Armstrong,Everton,Fulham,2.5,4.5,Sportsbet,49,289,15114833,554685149,2646892671
Fulham v Everton,Fulham,Everton,Player Shots,Kiernan Dewsbury-Hall,Everton,Fulham,2.5,4.5,Sportsbet,49,289,15114833,554685149,2646892657
Fulham v Everton,Fulham,Everton,Player Shots,James Garner,Everton,Fulham,2.5,5,Sportsbet,49,289,15114833,554685149,2646892661
Fulham v Everton,Fulham,Everton,Player Shots,Merlin Rohl,NA,NA,2.5,5,Sportsbet,49,289,15114833,554685149,2646892667
Fulham v Everton,Fulham,Everton,Player Shots,Idrissa Gueye,Everton,Fulham,2.5,9,Sportsbet,49,289,15114833,554685149,2646892656
Fulham v Everton,Fulham,Everton,Player Shots,Michael Keane,Everton,Fulham,2.5,9,Sportsbet,49,289,15114833,554685149,2646892655
Fulham v Everton,Fulham,Everton,Player Shots,Tim Iroegbunam,Everton,Fulham,2.5,10,Sportsbet,49,289,15114833,554685149,2646892665
Fulham v Everton,Fulham,Everton,Player Shots,Adam Aznou,Everton,Fulham,2.5,11,Sportsbet,49,289,15114833,554685149,2646892672
Fulham v Everton,Fulham,Everton,Player Shots,Ra<c3><ba>l Jim<c3><a9>nez,NA,NA,3.5,1.91,Sportsbet,49,289,15114833,554685152,2646892755
Fulham v Everton,Fulham,Everton,Player Shots,Rodrigo Muniz,Fulham,Everton,3.5,1.91,Sportsbet,49,289,15114833,554685152,2646892771
Fulham v Everton,Fulham,Everton,Player Shots,Harry Wilson,Fulham,Everton,3.5,2.5,Sportsbet,49,289,15114833,554685152,2646892761
Fulham v Everton,Fulham,Everton,Player Shots,Jonah Kusi-Asare,Fulham,Everton,3.5,2.5,Sportsbet,49,289,15114833,554685152,2646892773
Fulham v Everton,Fulham,Everton,Player Shots,Kevin,Fulham,Everton,3.5,2.7,Sportsbet,49,289,15114833,554685152,2646892772
Fulham v Everton,Fulham,Everton,Player Shots,Joshua King,NA,NA,3.5,3.75,Sportsbet,49,289,15114833,554685152,2646892774
Fulham v Everton,Fulham,Everton,Player Shots,Samuel Chukwueze,Fulham,Everton,3.5,3.6,Sportsbet,49,289,15114833,554685152,2646892768
Fulham v Everton,Fulham,Everton,Player Shots,Oscar Bobb,Manchester City,Fulham,3.5,4.33,Sportsbet,49,289,15114833,554685152,2646892770
Fulham v Everton,Fulham,Everton,Player Shots,Emile Smith Rowe,Fulham,Everton,3.5,5,Sportsbet,49,289,15114833,554685152,2646892767
Fulham v Everton,Fulham,Everton,Player Shots,Ryan Sessegnon,Fulham,Everton,3.5,5,Sportsbet,49,289,15114833,554685152,2646892763
Fulham v Everton,Fulham,Everton,Player Shots,Tom Cairney,Fulham,Everton,3.5,5,Sportsbet,49,289,15114833,554685152,2646892754
Fulham v Everton,Fulham,Everton,Player Shots,Alex Iwobi,Fulham,Everton,3.5,10,Sportsbet,49,289,15114833,554685152,2646892759
Fulham v Everton,Fulham,Everton,Player Shots,Harrison Reed,Fulham,Everton,3.5,17,Sportsbet,49,289,15114833,554685152,2646892757
Fulham v Everton,Fulham,Everton,Player Shots,Kenny Tete,Fulham,Everton,3.5,21,Sportsbet,49,289,15114833,554685152,2646892756
Fulham v Everton,Fulham,Everton,Player Shots,Jorge Cuenca,Fulham,Everton,3.5,36,Sportsbet,49,289,15114833,554685152,2646892766
Fulham v Everton,Fulham,Everton,Player Shots,Timothy Castagne,Fulham,Everton,3.5,36,Sportsbet,49,289,15114833,554685152,2646892758
Fulham v Everton,Fulham,Everton,Player Shots,Beto,Everton,Fulham,3.5,3.3,Sportsbet,49,289,15114833,554685152,2646892785
Fulham v Everton,Fulham,Everton,Player Shots,Charly Alcaraz,NA,NA,3.5,4.5,Sportsbet,49,289,15114833,554685152,2646892788
Fulham v Everton,Fulham,Everton,Player Shots,Thierno Barry,Everton,Fulham,3.5,4.2,Sportsbet,49,289,15114833,554685152,2646892795
Fulham v Everton,Fulham,Everton,Player Shots,Dwight McNeil,Everton,Fulham,3.5,5.5,Sportsbet,49,289,15114833,554685152,2646892782
Fulham v Everton,Fulham,Everton,Player Shots,Iliman Ndiaye,Everton,Fulham,3.5,5.5,Sportsbet,49,289,15114833,554685152,2646892781
Fulham v Everton,Fulham,Everton,Player Shots,Tyler Dibling,Everton,Fulham,3.5,6.5,Sportsbet,49,289,15114833,554685152,2646892791
Fulham v Everton,Fulham,Everton,Player Shots,Tyler Dibling,Southampton,Fulham,3.5,6.5,Sportsbet,49,289,15114833,554685152,2646892791
Fulham v Everton,Fulham,Everton,Player Shots,Tyrique George,Chelsea,Fulham,3.5,6.5,Sportsbet,49,289,15114833,554685152,2646892792
Fulham v Everton,Fulham,Everton,Player Shots,Harrison Armstrong,Everton,Fulham,3.5,11,Sportsbet,49,289,15114833,554685152,2646892793
Fulham v Everton,Fulham,Everton,Player Shots,Kiernan Dewsbury-Hall,Everton,Fulham,3.5,11,Sportsbet,49,289,15114833,554685152,2646892779
Fulham v Everton,Fulham,Everton,Player Shots,James Garner,Everton,Fulham,3.5,13,Sportsbet,49,289,15114833,554685152,2646892783
Fulham v Everton,Fulham,Everton,Player Shots,Merlin Rohl,NA,NA,3.5,13,Sportsbet,49,289,15114833,554685152,2646892789
Fulham v Everton,Fulham,Everton,Player Shots,Idrissa Gueye,Everton,Fulham,3.5,31,Sportsbet,49,289,15114833,554685152,2646892778
Fulham v Everton,Fulham,Everton,Player Shots,Michael Keane,Everton,Fulham,3.5,34,Sportsbet,49,289,15114833,554685152,2646892777
Fulham v Everton,Fulham,Everton,Player Shots,Tim Iroegbunam,Everton,Fulham,3.5,36,Sportsbet,49,289,15114833,554685152,2646892787
Fulham v Everton,Fulham,Everton,Player Shots,Adam Aznou,Everton,Fulham,3.5,46,Sportsbet,49,289,15114833,554685152,2646892794
Fulham v Everton,Fulham,Everton,Player Shots,Ra<c3><ba>l Jim<c3><a9>nez,NA,NA,4.5,3,Sportsbet,49,289,15114833,554685155,2646893077
Fulham v Everton,Fulham,Everton,Player Shots,Rodrigo Muniz,Fulham,Everton,4.5,3.1,Sportsbet,49,289,15114833,554685155,2646893093
Fulham v Everton,Fulham,Everton,Player Shots,Harry Wilson,Fulham,Everton,4.5,4.2,Sportsbet,49,289,15114833,554685155,2646893083
Fulham v Everton,Fulham,Everton,Player Shots,Jonah Kusi-Asare,Fulham,Everton,4.5,4.2,Sportsbet,49,289,15114833,554685155,2646893095
Fulham v Everton,Fulham,Everton,Player Shots,Kevin,Fulham,Everton,4.5,4.5,Sportsbet,49,289,15114833,554685155,2646893094
Fulham v Everton,Fulham,Everton,Player Shots,Samuel Chukwueze,Fulham,Everton,4.5,6.5,Sportsbet,49,289,15114833,554685155,2646893090
Fulham v Everton,Fulham,Everton,Player Shots,Joshua King,NA,NA,4.5,7.5,Sportsbet,49,289,15114833,554685155,2646893096
Fulham v Everton,Fulham,Everton,Player Shots,Oscar Bobb,Manchester City,Fulham,4.5,8.5,Sportsbet,49,289,15114833,554685155,2646893092
Fulham v Everton,Fulham,Everton,Player Shots,Ryan Sessegnon,Fulham,Everton,4.5,10,Sportsbet,49,289,15114833,554685155,2646893085
Fulham v Everton,Fulham,Everton,Player Shots,Emile Smith Rowe,Fulham,Everton,4.5,11,Sportsbet,49,289,15114833,554685155,2646893089
Fulham v Everton,Fulham,Everton,Player Shots,Tom Cairney,Fulham,Everton,4.5,11,Sportsbet,49,289,15114833,554685155,2646893076
Fulham v Everton,Fulham,Everton,Player Shots,Alex Iwobi,Fulham,Everton,4.5,34,Sportsbet,49,289,15114833,554685155,2646893081
Fulham v Everton,Fulham,Everton,Player Shots,Beto,Everton,Fulham,4.5,6,Sportsbet,49,289,15114833,554685155,2646893107
Fulham v Everton,Fulham,Everton,Player Shots,Thierno Barry,Everton,Fulham,4.5,8,Sportsbet,49,289,15114833,554685155,2646893117
Fulham v Everton,Fulham,Everton,Player Shots,Charly Alcaraz,NA,NA,4.5,9,Sportsbet,49,289,15114833,554685155,2646893110
Fulham v Everton,Fulham,Everton,Player Shots,Iliman Ndiaye,Everton,Fulham,4.5,12,Sportsbet,49,289,15114833,554685155,2646893103
Fulham v Everton,Fulham,Everton,Player Shots,Dwight McNeil,Everton,Fulham,4.5,13,Sportsbet,49,289,15114833,554685155,2646893104
Fulham v Everton,Fulham,Everton,Player Shots,Tyler Dibling,Everton,Fulham,4.5,15,Sportsbet,49,289,15114833,554685155,2646893113
Fulham v Everton,Fulham,Everton,Player Shots,Tyler Dibling,Southampton,Fulham,4.5,15,Sportsbet,49,289,15114833,554685155,2646893113
Fulham v Everton,Fulham,Everton,Player Shots,Tyrique George,Chelsea,Fulham,4.5,15,Sportsbet,49,289,15114833,554685155,2646893114
Fulham v Everton,Fulham,Everton,Player Shots,Harrison Armstrong,Everton,Fulham,4.5,31,Sportsbet,49,289,15114833,554685155,2646893115
Fulham v Everton,Fulham,Everton,Player Shots,Kiernan Dewsbury-Hall,Everton,Fulham,4.5,31,Sportsbet,49,289,15114833,554685155,2646893101
Fulham v Everton,Fulham,Everton,Player Shots,James Garner,Everton,Fulham,4.5,41,Sportsbet,49,289,15114833,554685155,2646893105
Fulham v Everton,Fulham,Everton,Player Shots,Merlin Rohl,NA,NA,4.5,41,Sportsbet,49,289,15114833,554685155,2646893111
Fulham v Everton,Fulham,Everton,Player Shots,Ra<c3><ba>l Jim<c3><a9>nez,NA,NA,5.5,5,Sportsbet,49,289,15114833,554685156,2646893119
Fulham v Everton,Fulham,Everton,Player Shots,Rodrigo Muniz,Fulham,Everton,5.5,5,Sportsbet,49,289,15114833,554685156,2646893135
Fulham v Everton,Fulham,Everton,Player Shots,Harry Wilson,Fulham,Everton,5.5,7.5,Sportsbet,49,289,15114833,554685156,2646893125
Fulham v Everton,Fulham,Everton,Player Shots,Jonah Kusi-Asare,Fulham,Everton,5.5,7.5,Sportsbet,49,289,15114833,554685156,2646893137
Fulham v Everton,Fulham,Everton,Player Shots,Kevin,Fulham,Everton,5.5,8.5,Sportsbet,49,289,15114833,554685156,2646893136
Fulham v Everton,Fulham,Everton,Player Shots,Samuel Chukwueze,Fulham,Everton,5.5,14,Sportsbet,49,289,15114833,554685156,2646893132
Fulham v Everton,Fulham,Everton,Player Shots,Joshua King,NA,NA,5.5,15,Sportsbet,49,289,15114833,554685156,2646893138
Fulham v Everton,Fulham,Everton,Player Shots,Oscar Bobb,Manchester City,Fulham,5.5,20,Sportsbet,49,289,15114833,554685156,2646893134
Fulham v Everton,Fulham,Everton,Player Shots,Emile Smith Rowe,Fulham,Everton,5.5,26,Sportsbet,49,289,15114833,554685156,2646893131
Fulham v Everton,Fulham,Everton,Player Shots,Ryan Sessegnon,Fulham,Everton,5.5,26,Sportsbet,49,289,15114833,554685156,2646893127
Fulham v Everton,Fulham,Everton,Player Shots,Tom Cairney,Fulham,Everton,5.5,26,Sportsbet,49,289,15114833,554685156,2646893118
Fulham v Everton,Fulham,Everton,Player Shots,Beto,Everton,Fulham,5.5,12,Sportsbet,49,289,15114833,554685156,2646893149
Fulham v Everton,Fulham,Everton,Player Shots,Thierno Barry,Everton,Fulham,5.5,19,Sportsbet,49,289,15114833,554685156,2646893159
Fulham v Everton,Fulham,Everton,Player Shots,Charly Alcaraz,NA,NA,5.5,21,Sportsbet,49,289,15114833,554685156,2646893152
Fulham v Everton,Fulham,Everton,Player Shots,Iliman Ndiaye,Everton,Fulham,5.5,31,Sportsbet,49,289,15114833,554685156,2646893145
Fulham v Everton,Fulham,Everton,Player Shots,Dwight McNeil,Everton,Fulham,5.5,36,Sportsbet,49,289,15114833,554685156,2646893146
Fulham v Everton,Fulham,Everton,Player Shots,Tyler Dibling,Everton,Fulham,5.5,46,Sportsbet,49,289,15114833,554685156,2646893155
Fulham v Everton,Fulham,Everton,Player Shots,Tyler Dibling,Southampton,Fulham,5.5,46,Sportsbet,49,289,15114833,554685156,2646893155
Fulham v Everton,Fulham,Everton,Player Shots,Tyrique George,Chelsea,Fulham,5.5,46,Sportsbet,49,289,15114833,554685156,2646893156
Arsenal v Sunderland,Arsenal,Sunderland,Player Shots,Ben White,Arsenal,Sunderland,0.5,1.25,Sportsbet,49,289,15114839,554689818,2646918545
Arsenal v Sunderland,Arsenal,Sunderland,Player Shots,Christian N<c3><b8>rgaard,NA,NA,0.5,1.14,Sportsbet,49,289,15114839,554689818,2646918541
Arsenal v Sunderland,Arsenal,Sunderland,Player Shots,Cristhian Mosquera,Arsenal,Sunderland,0.5,1.83,Sportsbet,49,289,15114839,554689818,2646918559
Arsenal v Sunderland,Arsenal,Sunderland,Player Shots,Gabriel Magalh<c3><a3>es,NA,NA,0.5,1.17,Sportsbet,49,289,15114839,554689818,2646918549
Arsenal v Sunderland,Arsenal,Sunderland,Player Shots,Jurrien Timber,NA,NA,0.5,1.17,Sportsbet,49,289,15114839,554689818,2646918554
Arsenal v Sunderland,Arsenal,Sunderland,Player Shots,Martin Zubimendi,NA,NA,0.5,1.22,Sportsbet,49,289,15114839,554689818,2646918553
Arsenal v Sunderland,Arsenal,Sunderland,Player Shots,Myles Lewis-Skelly,Arsenal,Sunderland,0.5,1.45,Sportsbet,49,289,15114839,554689818,2646918560
Arsenal v Sunderland,Arsenal,Sunderland,Player Shots,Piero Hincapie,NA,NA,0.5,1.3,Sportsbet,49,289,15114839,554689818,2646918558
Arsenal v Sunderland,Arsenal,Sunderland,Player Shots,Riccardo Calafiori,Arsenal,Sunderland,0.5,1.06,Sportsbet,49,289,15114839,554689818,2646918556
Arsenal v Sunderland,Arsenal,Sunderland,Player Shots,William Saliba,Arsenal,Sunderland,0.5,1.72,Sportsbet,49,289,15114839,554689818,2646918550
Arsenal v Sunderland,Arsenal,Sunderland,Player Shots,Brian Brobbey,NA,NA,0.5,1.11,Sportsbet,49,289,15114839,554689818,2646918569
Arsenal v Sunderland,Arsenal,Sunderland,Player Shots,Chemsdine Talbi,NA,NA,0.5,1.17,Sportsbet,49,289,15114839,554689818,2646918577
Arsenal v Sunderland,Arsenal,Sunderland,Player Shots,Chris Rigg,NA,NA,0.5,1.28,Sportsbet,49,289,15114839,554689818,2646918576
Arsenal v Sunderland,Arsenal,Sunderland,Player Shots,Dan Ballard,NA,NA,0.5,1.4,Sportsbet,49,289,15114839,554689818,2646918567
Arsenal v Sunderland,Arsenal,Sunderland,Player Shots,Dennis Cirkin,NA,NA,0.5,1.72,Sportsbet,49,289,15114839,554689818,2646918571
Arsenal v Sunderland,Arsenal,Sunderland,Player Shots,Eliezer Mayenda,NA,NA,0.5,1.12,Sportsbet,49,289,15114839,554689818,2646918574
Arsenal v Sunderland,Arsenal,Sunderland,Player Shots,Enzo Le Fee,NA,NA,0.5,1.3,Sportsbet,49,289,15114839,554689818,2646918568
Arsenal v Sunderland,Arsenal,Sunderland,Player Shots,Habib Diarra,NA,NA,0.5,1.36,Sportsbet,49,289,15114839,554689818,2646918573
Arsenal v Sunderland,Arsenal,Sunderland,Player Shots,Omar Alderete,NA,NA,0.5,1.5,Sportsbet,49,289,15114839,554689818,2646918566
Arsenal v Sunderland,Arsenal,Sunderland,Player Shots,Romaine Mundle,NA,NA,0.5,1.22,Sportsbet,49,289,15114839,554689818,2646918572
Arsenal v Sunderland,Arsenal,Sunderland,Player Shots,Trai Hume,NA,NA,0.5,1.5,Sportsbet,49,289,15114839,554689818,2646918570
Arsenal v Sunderland,Arsenal,Sunderland,Player Shots,Wilson Isidor,NA,NA,0.5,1.07,Sportsbet,49,289,15114839,554689818,2646918565
Arsenal v Sunderland,Arsenal,Sunderland,Player Shots,Luke O'Nien,NA,NA,0.5,2.4,Sportsbet,49,289,15114839,554689818,2646918561
Arsenal v Sunderland,Arsenal,Sunderland,Player Shots,Lutsharel Geertruida,NA,NA,0.5,2.1,Sportsbet,49,289,15114839,554689818,2646918564
Arsenal v Sunderland,Arsenal,Sunderland,Player Shots,Noah Sadiki,NA,NA,0.5,2.1,Sportsbet,49,289,15114839,554689818,2646918575
Arsenal v Sunderland,Arsenal,Sunderland,Player Shots,Nordi Mukiele,NA,NA,0.5,2.1,Sportsbet,49,289,15114839,554689818,2646918562
Arsenal v Sunderland,Arsenal,Sunderland,Player Shots,Reinildo Mandava,NA,NA,0.5,3,Sportsbet,49,289,15114839,554689818,2646918563
Arsenal v Sunderland,Arsenal,Sunderland,Player Shots,Christian N<c3><b8>rgaard,NA,NA,1.5,1.83,Sportsbet,49,289,15114839,554689824,2646918755
Arsenal v Sunderland,Arsenal,Sunderland,Player Shots,Declan Rice,Arsenal,Sunderland,1.5,1.33,Sportsbet,49,289,15114839,554689824,2646918760
Arsenal v Sunderland,Arsenal,Sunderland,Player Shots,Eberechi Eze,Arsenal,Sunderland,1.5,1.06,Sportsbet,49,289,15114839,554689824,2646918762
Arsenal v Sunderland,Arsenal,Sunderland,Player Shots,Eberechi Eze,Crystal Palace,Arsenal,1.5,1.06,Sportsbet,49,289,15114839,554689824,2646918762
Arsenal v Sunderland,Arsenal,Sunderland,Player Shots,Martin <c3><98>degaard,NA,NA,1.5,1.17,Sportsbet,49,289,15114839,554689824,2646918757
Arsenal v Sunderland,Arsenal,Sunderland,Player Shots,Riccardo Calafiori,Arsenal,Sunderland,1.5,1.4,Sportsbet,49,289,15114839,554689824,2646918770
Arsenal v Sunderland,Arsenal,Sunderland,Player Shots,Ben White,Arsenal,Sunderland,1.5,2.5,Sportsbet,49,289,15114839,554689824,2646918759
Arsenal v Sunderland,Arsenal,Sunderland,Player Shots,Gabriel Magalh<c3><a3>es,NA,NA,1.5,2,Sportsbet,49,289,15114839,554689824,2646918763
Arsenal v Sunderland,Arsenal,Sunderland,Player Shots,Jurrien Timber,NA,NA,1.5,2,Sportsbet,49,289,15114839,554689824,2646918768
Arsenal v Sunderland,Arsenal,Sunderland,Player Shots,Martin Zubimendi,NA,NA,1.5,2.25,Sportsbet,49,289,15114839,554689824,2646918767
Arsenal v Sunderland,Arsenal,Sunderland,Player Shots,Piero Hincapie,NA,NA,1.5,2.8,Sportsbet,49,289,15114839,554689824,2646918772
Arsenal v Sunderland,Arsenal,Sunderland,Player Shots,Myles Lewis-Skelly,Arsenal,Sunderland,1.5,3.6,Sportsbet,49,289,15114839,554689824,2646918774
Arsenal v Sunderland,Arsenal,Sunderland,Player Shots,Cristhian Mosquera,Arsenal,Sunderland,1.5,5,Sportsbet,49,289,15114839,554689824,2646918773
Arsenal v Sunderland,Arsenal,Sunderland,Player Shots,William Saliba,Arsenal,Sunderland,1.5,5,Sportsbet,49,289,15114839,554689824,2646918764
Arsenal v Sunderland,Arsenal,Sunderland,Player Shots,Brian Brobbey,NA,NA,1.5,1.67,Sportsbet,49,289,15114839,554689824,2646918783
Arsenal v Sunderland,Arsenal,Sunderland,Player Shots,Eliezer Mayenda,NA,NA,1.5,1.72,Sportsbet,49,289,15114839,554689824,2646918788
Arsenal v Sunderland,Arsenal,Sunderland,Player Shots,Wilson Isidor,NA,NA,1.5,1.45,Sportsbet,49,289,15114839,554689824,2646918779
Arsenal v Sunderland,Arsenal,Sunderland,Player Shots,Chemsdine Talbi,NA,NA,1.5,2,Sportsbet,49,289,15114839,554689824,2646918791
Arsenal v Sunderland,Arsenal,Sunderland,Player Shots,Chris Rigg,NA,NA,1.5,2.5,Sportsbet,49,289,15114839,554689824,2646918790
Arsenal v Sunderland,Arsenal,Sunderland,Player Shots,Enzo Le Fee,NA,NA,1.5,2.7,Sportsbet,49,289,15114839,554689824,2646918782
Arsenal v Sunderland,Arsenal,Sunderland,Player Shots,Romaine Mundle,NA,NA,1.5,2.25,Sportsbet,49,289,15114839,554689824,2646918786
Arsenal v Sunderland,Arsenal,Sunderland,Player Shots,Dan Ballard,NA,NA,1.5,3.1,Sportsbet,49,289,15114839,554689824,2646918781
Arsenal v Sunderland,Arsenal,Sunderland,Player Shots,Habib Diarra,NA,NA,1.5,3.1,Sportsbet,49,289,15114839,554689824,2646918787
Arsenal v Sunderland,Arsenal,Sunderland,Player Shots,Omar Alderete,NA,NA,1.5,3.6,Sportsbet,49,289,15114839,554689824,2646918780
Arsenal v Sunderland,Arsenal,Sunderland,Player Shots,Trai Hume,NA,NA,1.5,3.6,Sportsbet,49,289,15114839,554689824,2646918784
Arsenal v Sunderland,Arsenal,Sunderland,Player Shots,Dennis Cirkin,NA,NA,1.5,4.5,Sportsbet,49,289,15114839,554689824,2646918785
Arsenal v Sunderland,Arsenal,Sunderland,Player Shots,Lutsharel Geertruida,NA,NA,1.5,6.5,Sportsbet,49,289,15114839,554689824,2646918778
Arsenal v Sunderland,Arsenal,Sunderland,Player Shots,Noah Sadiki,NA,NA,1.5,6.5,Sportsbet,49,289,15114839,554689824,2646918789
Arsenal v Sunderland,Arsenal,Sunderland,Player Shots,Nordi Mukiele,NA,NA,1.5,6.5,Sportsbet,49,289,15114839,554689824,2646918776
Arsenal v Sunderland,Arsenal,Sunderland,Player Shots,Luke O'Nien,NA,NA,1.5,8.5,Sportsbet,49,289,15114839,554689824,2646918775
Arsenal v Sunderland,Arsenal,Sunderland,Player Shots,Eberechi Eze,Arsenal,Sunderland,2.5,1.28,Sportsbet,49,289,15114839,554689829,2646918341
Arsenal v Sunderland,Arsenal,Sunderland,Player Shots,Eberechi Eze,Crystal Palace,Arsenal,2.5,1.28,Sportsbet,49,289,15114839,554689829,2646918341
Arsenal v Sunderland,Arsenal,Sunderland,Player Shots,Gabriel Jesus,Arsenal,Sunderland,2.5,1.12,Sportsbet,49,289,15114839,554689829,2646918337
Arsenal v Sunderland,Arsenal,Sunderland,Player Shots,Gabriel Martinelli,Arsenal,Sunderland,2.5,1.17,Sportsbet,49,289,15114839,554689829,2646918348
Arsenal v Sunderland,Arsenal,Sunderland,Player Shots,Kai Havertz,Arsenal,Sunderland,2.5,1.22,Sportsbet,49,289,15114839,554689829,2646918340
Arsenal v Sunderland,Arsenal,Sunderland,Player Shots,Leandro Trossard,Arsenal,Sunderland,2.5,1.22,Sportsbet,49,289,15114839,554689829,2646918335
Arsenal v Sunderland,Arsenal,Sunderland,Player Shots,Martin <c3><98>degaard,NA,NA,2.5,1.62,Sportsbet,49,289,15114839,554689829,2646918336
Arsenal v Sunderland,Arsenal,Sunderland,Player Shots,Noni Madueke,Arsenal,Sunderland,2.5,1.22,Sportsbet,49,289,15114839,554689829,2646918350
Arsenal v Sunderland,Arsenal,Sunderland,Player Shots,Viktor Gyokeres,NA,NA,2.5,1.14,Sportsbet,49,289,15114839,554689829,2646918344
Arsenal v Sunderland,Arsenal,Sunderland,Player Shots,Declan Rice,Arsenal,Sunderland,2.5,2.1,Sportsbet,49,289,15114839,554689829,2646918339
Arsenal v Sunderland,Arsenal,Sunderland,Player Shots,Riccardo Calafiori,Arsenal,Sunderland,2.5,2.4,Sportsbet,49,289,15114839,554689829,2646918349
Arsenal v Sunderland,Arsenal,Sunderland,Player Shots,Christian N<c3><b8>rgaard,NA,NA,2.5,3.75,Sportsbet,49,289,15114839,554689829,2646918334
Arsenal v Sunderland,Arsenal,Sunderland,Player Shots,Gabriel Magalh<c3><a3>es,NA,NA,2.5,4.33,Sportsbet,49,289,15114839,554689829,2646918342
Arsenal v Sunderland,Arsenal,Sunderland,Player Shots,Jurrien Timber,NA,NA,2.5,4.33,Sportsbet,49,289,15114839,554689829,2646918347
Arsenal v Sunderland,Arsenal,Sunderland,Player Shots,Ben White,Arsenal,Sunderland,2.5,5.5,Sportsbet,49,289,15114839,554689829,2646918338
Arsenal v Sunderland,Arsenal,Sunderland,Player Shots,Martin Zubimendi,NA,NA,2.5,5,Sportsbet,49,289,15114839,554689829,2646918346
Arsenal v Sunderland,Arsenal,Sunderland,Player Shots,Piero Hincapie,NA,NA,2.5,6.5,Sportsbet,49,289,15114839,554689829,2646918351
Arsenal v Sunderland,Arsenal,Sunderland,Player Shots,Myles Lewis-Skelly,Arsenal,Sunderland,2.5,10,Sportsbet,49,289,15114839,554689829,2646918353
Arsenal v Sunderland,Arsenal,Sunderland,Player Shots,Wilson Isidor,NA,NA,2.5,2.4,Sportsbet,49,289,15114839,554689829,2646918358
Arsenal v Sunderland,Arsenal,Sunderland,Player Shots,Brian Brobbey,NA,NA,2.5,3.1,Sportsbet,49,289,15114839,554689829,2646918362
Arsenal v Sunderland,Arsenal,Sunderland,Player Shots,Eliezer Mayenda,NA,NA,2.5,3.3,Sportsbet,49,289,15114839,554689829,2646918367
Arsenal v Sunderland,Arsenal,Sunderland,Player Shots,Chemsdine Talbi,NA,NA,2.5,4.2,Sportsbet,49,289,15114839,554689829,2646918370
Arsenal v Sunderland,Arsenal,Sunderland,Player Shots,Romaine Mundle,NA,NA,2.5,4.5,Sportsbet,49,289,15114839,554689829,2646918365
Arsenal v Sunderland,Arsenal,Sunderland,Player Shots,Chris Rigg,NA,NA,2.5,5.5,Sportsbet,49,289,15114839,554689829,2646918369
Arsenal v Sunderland,Arsenal,Sunderland,Player Shots,Enzo Le Fee,NA,NA,2.5,6,Sportsbet,49,289,15114839,554689829,2646918361
Arsenal v Sunderland,Arsenal,Sunderland,Player Shots,Dan Ballard,NA,NA,2.5,7.5,Sportsbet,49,289,15114839,554689829,2646918360
Arsenal v Sunderland,Arsenal,Sunderland,Player Shots,Habib Diarra,NA,NA,2.5,7.5,Sportsbet,49,289,15114839,554689829,2646918366
Arsenal v Sunderland,Arsenal,Sunderland,Player Shots,Omar Alderete,NA,NA,2.5,9.5,Sportsbet,49,289,15114839,554689829,2646918359
Arsenal v Sunderland,Arsenal,Sunderland,Player Shots,Trai Hume,NA,NA,2.5,9.5,Sportsbet,49,289,15114839,554689829,2646918363
Arsenal v Sunderland,Arsenal,Sunderland,Player Shots,Eberechi Eze,Arsenal,Sunderland,3.5,1.72,Sportsbet,49,289,15114839,554689832,2646918048
Arsenal v Sunderland,Arsenal,Sunderland,Player Shots,Eberechi Eze,Crystal Palace,Arsenal,3.5,1.72,Sportsbet,49,289,15114839,554689832,2646918048
Arsenal v Sunderland,Arsenal,Sunderland,Player Shots,Gabriel Jesus,Arsenal,Sunderland,3.5,1.36,Sportsbet,49,289,15114839,554689832,2646918044
Arsenal v Sunderland,Arsenal,Sunderland,Player Shots,Gabriel Martinelli,Arsenal,Sunderland,3.5,1.53,Sportsbet,49,289,15114839,554689832,2646918055
Arsenal v Sunderland,Arsenal,Sunderland,Player Shots,Kai Havertz,Arsenal,Sunderland,3.5,1.62,Sportsbet,49,289,15114839,554689832,2646918047
Arsenal v Sunderland,Arsenal,Sunderland,Player Shots,Leandro Trossard,Arsenal,Sunderland,3.5,1.62,Sportsbet,49,289,15114839,554689832,2646918042
Arsenal v Sunderland,Arsenal,Sunderland,Player Shots,Noni Madueke,Arsenal,Sunderland,3.5,1.62,Sportsbet,49,289,15114839,554689832,2646918057
Arsenal v Sunderland,Arsenal,Sunderland,Player Shots,Viktor Gyokeres,NA,NA,3.5,1.45,Sportsbet,49,289,15114839,554689832,2646918051
Arsenal v Sunderland,Arsenal,Sunderland,Player Shots,Martin <c3><98>degaard,NA,NA,3.5,2.75,Sportsbet,49,289,15114839,554689832,2646918043
Arsenal v Sunderland,Arsenal,Sunderland,Player Shots,Declan Rice,Arsenal,Sunderland,3.5,3.75,Sportsbet,49,289,15114839,554689832,2646918046
Arsenal v Sunderland,Arsenal,Sunderland,Player Shots,Riccardo Calafiori,Arsenal,Sunderland,3.5,4.5,Sportsbet,49,289,15114839,554689832,2646918056
Arsenal v Sunderland,Arsenal,Sunderland,Player Shots,Christian N<c3><b8>rgaard,NA,NA,3.5,8.5,Sportsbet,49,289,15114839,554689832,2646918041
Arsenal v Sunderland,Arsenal,Sunderland,Player Shots,Gabriel Magalh<c3><a3>es,NA,NA,3.5,10,Sportsbet,49,289,15114839,554689832,2646918049
Arsenal v Sunderland,Arsenal,Sunderland,Player Shots,Jurrien Timber,NA,NA,3.5,10,Sportsbet,49,289,15114839,554689832,2646918054
Arsenal v Sunderland,Arsenal,Sunderland,Player Shots,Martin Zubimendi,NA,NA,3.5,12,Sportsbet,49,289,15114839,554689832,2646918053
Arsenal v Sunderland,Arsenal,Sunderland,Player Shots,Ben White,Arsenal,Sunderland,3.5,15,Sportsbet,49,289,15114839,554689832,2646918045
Arsenal v Sunderland,Arsenal,Sunderland,Player Shots,Piero Hincapie,NA,NA,3.5,19,Sportsbet,49,289,15114839,554689832,2646918058
Arsenal v Sunderland,Arsenal,Sunderland,Player Shots,Myles Lewis-Skelly,Arsenal,Sunderland,3.5,41,Sportsbet,49,289,15114839,554689832,2646918060
Arsenal v Sunderland,Arsenal,Sunderland,Player Shots,Wilson Isidor,NA,NA,3.5,4.5,Sportsbet,49,289,15114839,554689832,2646918065
Arsenal v Sunderland,Arsenal,Sunderland,Player Shots,Brian Brobbey,NA,NA,3.5,6,Sportsbet,49,289,15114839,554689832,2646918069
Arsenal v Sunderland,Arsenal,Sunderland,Player Shots,Eliezer Mayenda,NA,NA,3.5,6.5,Sportsbet,49,289,15114839,554689832,2646918074
Arsenal v Sunderland,Arsenal,Sunderland,Player Shots,Chemsdine Talbi,NA,NA,3.5,9,Sportsbet,49,289,15114839,554689832,2646918077
Arsenal v Sunderland,Arsenal,Sunderland,Player Shots,Romaine Mundle,NA,NA,3.5,11,Sportsbet,49,289,15114839,554689832,2646918072
Arsenal v Sunderland,Arsenal,Sunderland,Player Shots,Chris Rigg,NA,NA,3.5,14,Sportsbet,49,289,15114839,554689832,2646918076
Arsenal v Sunderland,Arsenal,Sunderland,Player Shots,Enzo Le Fee,NA,NA,3.5,17,Sportsbet,49,289,15114839,554689832,2646918068
Arsenal v Sunderland,Arsenal,Sunderland,Player Shots,Dan Ballard,NA,NA,3.5,23,Sportsbet,49,289,15114839,554689832,2646918067
Arsenal v Sunderland,Arsenal,Sunderland,Player Shots,Habib Diarra,NA,NA,3.5,23,Sportsbet,49,289,15114839,554689832,2646918073
Arsenal v Sunderland,Arsenal,Sunderland,Player Shots,Omar Alderete,NA,NA,3.5,34,Sportsbet,49,289,15114839,554689832,2646918066
Arsenal v Sunderland,Arsenal,Sunderland,Player Shots,Trai Hume,NA,NA,3.5,34,Sportsbet,49,289,15114839,554689832,2646918070
Arsenal v Sunderland,Arsenal,Sunderland,Player Shots,Gabriel Jesus,Arsenal,Sunderland,4.5,1.91,Sportsbet,49,289,15114839,554689835,2646918151
Arsenal v Sunderland,Arsenal,Sunderland,Player Shots,Eberechi Eze,Arsenal,Sunderland,4.5,2.8,Sportsbet,49,289,15114839,554689835,2646918155
Arsenal v Sunderland,Arsenal,Sunderland,Player Shots,Eberechi Eze,Crystal Palace,Arsenal,4.5,2.8,Sportsbet,49,289,15114839,554689835,2646918155
Arsenal v Sunderland,Arsenal,Sunderland,Player Shots,Gabriel Martinelli,Arsenal,Sunderland,4.5,2.3,Sportsbet,49,289,15114839,554689835,2646918162
Arsenal v Sunderland,Arsenal,Sunderland,Player Shots,Kai Havertz,Arsenal,Sunderland,4.5,2.5,Sportsbet,49,289,15114839,554689835,2646918154
Arsenal v Sunderland,Arsenal,Sunderland,Player Shots,Leandro Trossard,Arsenal,Sunderland,4.5,2.5,Sportsbet,49,289,15114839,554689835,2646918149
Arsenal v Sunderland,Arsenal,Sunderland,Player Shots,Noni Madueke,Arsenal,Sunderland,4.5,2.5,Sportsbet,49,289,15114839,554689835,2646918164
Arsenal v Sunderland,Arsenal,Sunderland,Player Shots,Viktor Gyokeres,NA,NA,4.5,2.1,Sportsbet,49,289,15114839,554689835,2646918158
Arsenal v Sunderland,Arsenal,Sunderland,Player Shots,Martin <c3><98>degaard,NA,NA,4.5,4.5,Sportsbet,49,289,15114839,554689835,2646918150
Arsenal v Sunderland,Arsenal,Sunderland,Player Shots,Declan Rice,Arsenal,Sunderland,4.5,7.5,Sportsbet,49,289,15114839,554689835,2646918153
Arsenal v Sunderland,Arsenal,Sunderland,Player Shots,Riccardo Calafiori,Arsenal,Sunderland,4.5,9.5,Sportsbet,49,289,15114839,554689835,2646918163
Arsenal v Sunderland,Arsenal,Sunderland,Player Shots,Christian N<c3><b8>rgaard,NA,NA,4.5,23,Sportsbet,49,289,15114839,554689835,2646918148
Arsenal v Sunderland,Arsenal,Sunderland,Player Shots,Gabriel Magalh<c3><a3>es,NA,NA,4.5,26,Sportsbet,49,289,15114839,554689835,2646918156
Arsenal v Sunderland,Arsenal,Sunderland,Player Shots,Jurrien Timber,NA,NA,4.5,31,Sportsbet,49,289,15114839,554689835,2646918161
Arsenal v Sunderland,Arsenal,Sunderland,Player Shots,Martin Zubimendi,NA,NA,4.5,36,Sportsbet,49,289,15114839,554689835,2646918160
Arsenal v Sunderland,Arsenal,Sunderland,Player Shots,Wilson Isidor,NA,NA,4.5,8.5,Sportsbet,49,289,15114839,554689835,2646918172
Arsenal v Sunderland,Arsenal,Sunderland,Player Shots,Brian Brobbey,NA,NA,4.5,13,Sportsbet,49,289,15114839,554689835,2646918176
Arsenal v Sunderland,Arsenal,Sunderland,Player Shots,Eliezer Mayenda,NA,NA,4.5,15,Sportsbet,49,289,15114839,554689835,2646918181
Arsenal v Sunderland,Arsenal,Sunderland,Player Shots,Chemsdine Talbi,NA,NA,4.5,23,Sportsbet,49,289,15114839,554689835,2646918184
Arsenal v Sunderland,Arsenal,Sunderland,Player Shots,Romaine Mundle,NA,NA,4.5,34,Sportsbet,49,289,15114839,554689835,2646918179
Arsenal v Sunderland,Arsenal,Sunderland,Player Shots,Chris Rigg,NA,NA,4.5,46,Sportsbet,49,289,15114839,554689835,2646918183
Arsenal v Sunderland,Arsenal,Sunderland,Player Shots,Gabriel Jesus,Arsenal,Sunderland,5.5,2.88,Sportsbet,49,289,15114839,554689836,2646918188
Arsenal v Sunderland,Arsenal,Sunderland,Player Shots,Gabriel Martinelli,Arsenal,Sunderland,5.5,3.6,Sportsbet,49,289,15114839,554689836,2646918199
Arsenal v Sunderland,Arsenal,Sunderland,Player Shots,Viktor Gyokeres,NA,NA,5.5,3.3,Sportsbet,49,289,15114839,554689836,2646918195
Arsenal v Sunderland,Arsenal,Sunderland,Player Shots,Eberechi Eze,Arsenal,Sunderland,5.5,4.5,Sportsbet,49,289,15114839,554689836,2646918192
Arsenal v Sunderland,Arsenal,Sunderland,Player Shots,Eberechi Eze,Crystal Palace,Arsenal,5.5,4.5,Sportsbet,49,289,15114839,554689836,2646918192
Arsenal v Sunderland,Arsenal,Sunderland,Player Shots,Kai Havertz,Arsenal,Sunderland,5.5,4,Sportsbet,49,289,15114839,554689836,2646918191
Arsenal v Sunderland,Arsenal,Sunderland,Player Shots,Leandro Trossard,Arsenal,Sunderland,5.5,4,Sportsbet,49,289,15114839,554689836,2646918186
Arsenal v Sunderland,Arsenal,Sunderland,Player Shots,Noni Madueke,Arsenal,Sunderland,5.5,4,Sportsbet,49,289,15114839,554689836,2646918201
Arsenal v Sunderland,Arsenal,Sunderland,Player Shots,Martin <c3><98>degaard,NA,NA,5.5,9,Sportsbet,49,289,15114839,554689836,2646918187
Arsenal v Sunderland,Arsenal,Sunderland,Player Shots,Declan Rice,Arsenal,Sunderland,5.5,17,Sportsbet,49,289,15114839,554689836,2646918190
Arsenal v Sunderland,Arsenal,Sunderland,Player Shots,Riccardo Calafiori,Arsenal,Sunderland,5.5,21,Sportsbet,49,289,15114839,554689836,2646918200
Arsenal v Sunderland,Arsenal,Sunderland,Player Shots,Wilson Isidor,NA,NA,5.5,20,Sportsbet,49,289,15114839,554689836,2646917992
Arsenal v Sunderland,Arsenal,Sunderland,Player Shots,Brian Brobbey,NA,NA,5.5,36,Sportsbet,49,289,15114839,554689836,2646917996
Arsenal v Sunderland,Arsenal,Sunderland,Player Shots,Eliezer Mayenda,NA,NA,5.5,41,Sportsbet,49,289,15114839,554689836,2646918001
Newcastle United v Brentford,Newcastle United,Brentford,Player Shots,Alex Murphy,Newcastle United,Brentford,0.5,1.45,Sportsbet,49,289,15114828,554842757,2647732185
Newcastle United v Brentford,Newcastle United,Brentford,Player Shots,Bruno Guimar<c3><a3>es,NA,NA,0.5,1.1,Sportsbet,49,289,15114828,554842757,2647732176
Newcastle United v Brentford,Newcastle United,Brentford,Player Shots,Dan Burn,Newcastle United,Brentford,0.5,1.53,Sportsbet,49,289,15114828,554842757,2647732170
Newcastle United v Brentford,Newcastle United,Brentford,Player Shots,Emil Krafth,Newcastle United,Brentford,0.5,1.8,Sportsbet,49,289,15114828,554842757,2647732169
Newcastle United v Brentford,Newcastle United,Brentford,Player Shots,Jacob Ramsey,Newcastle United,Brentford,0.5,1.12,Sportsbet,49,289,15114828,554842757,2647732178
Newcastle United v Brentford,Newcastle United,Brentford,Player Shots,Joe Willock,Newcastle United,Brentford,0.5,1.07,Sportsbet,49,289,15114828,554842757,2647732174
Newcastle United v Brentford,Newcastle United,Brentford,Player Shots,Kieran Trippier,Newcastle United,Brentford,0.5,1.57,Sportsbet,49,289,15114828,554842757,2647732168
Newcastle United v Brentford,Newcastle United,Brentford,Player Shots,Leo Shahar,Newcastle United,Brentford,0.5,1.53,Sportsbet,49,289,15114828,554842757,2647732188
Newcastle United v Brentford,Newcastle United,Brentford,Player Shots,Lewis Hall,Newcastle United,Brentford,0.5,1.3,Sportsbet,49,289,15114828,554842757,2647732184
Newcastle United v Brentford,Newcastle United,Brentford,Player Shots,Lewis Miley,Newcastle United,Brentford,0.5,1.14,Sportsbet,49,289,15114828,554842757,2647732186
Newcastle United v Brentford,Newcastle United,Brentford,Player Shots,Malick Thiaw,Newcastle United,Brentford,0.5,1.33,Sportsbet,49,289,15114828,554842757,2647732182
Newcastle United v Brentford,Newcastle United,Brentford,Player Shots,Sandro Tonali,Newcastle United,Brentford,0.5,1.17,Sportsbet,49,289,15114828,554842757,2647732175
Newcastle United v Brentford,Newcastle United,Brentford,Player Shots,Sven Botman,Newcastle United,Brentford,0.5,1.45,Sportsbet,49,289,15114828,554842757,2647732179
Newcastle United v Brentford,Newcastle United,Brentford,Player Shots,Keane Lewis-Potter,Brentford,Newcastle United,0.5,1.11,Sportsbet,49,289,15114828,554842757,2647732199
Newcastle United v Brentford,Newcastle United,Brentford,Player Shots,Kristoffer Ajer,Brentford,Newcastle United,0.5,1.45,Sportsbet,49,289,15114828,554842757,2647732191
Newcastle United v Brentford,Newcastle United,Brentford,Player Shots,Mathias Jensen,Brentford,Newcastle United,0.5,1.17,Sportsbet,49,289,15114828,554842757,2647732194
Newcastle United v Brentford,Newcastle United,Brentford,Player Shots,Michael Kayode,Brentford,Newcastle United,0.5,1.72,Sportsbet,49,289,15114828,554842757,2647732204
Newcastle United v Brentford,Newcastle United,Brentford,Player Shots,Mikkel Damsgaard,Brentford,Newcastle United,0.5,1.22,Sportsbet,49,289,15114828,554842757,2647732201
Newcastle United v Brentford,Newcastle United,Brentford,Player Shots,Nathan Collins,Brentford,Newcastle United,0.5,1.83,Sportsbet,49,289,15114828,554842757,2647732197
Newcastle United v Brentford,Newcastle United,Brentford,Player Shots,Reiss Nelson,Brentford,Newcastle United,0.5,1.08,Sportsbet,49,289,15114828,554842757,2647732195
Newcastle United v Brentford,Newcastle United,Brentford,Player Shots,Rico Henry,Brentford,Newcastle United,0.5,1.83,Sportsbet,49,289,15114828,554842757,2647732190
Newcastle United v Brentford,Newcastle United,Brentford,Player Shots,Romelle Donovan,Brentford,Newcastle United,0.5,1.08,Sportsbet,49,289,15114828,554842757,2647732205
Newcastle United v Brentford,Newcastle United,Brentford,Player Shots,Sepp van den Berg,Brentford,Newcastle United,0.5,1.72,Sportsbet,49,289,15114828,554842757,2647732196
Newcastle United v Brentford,Newcastle United,Brentford,Player Shots,Vitaly Janelt,Brentford,Newcastle United,0.5,1.57,Sportsbet,49,289,15114828,554842757,2647732193
Newcastle United v Brentford,Newcastle United,Brentford,Player Shots,Yegor Yarmolyuk,Brentford,Newcastle United,0.5,1.53,Sportsbet,49,289,15114828,554842757,2647732200
Newcastle United v Brentford,Newcastle United,Brentford,Player Shots,Aaron Hickey,Brentford,Newcastle United,0.5,2,Sportsbet,49,289,15114828,554842757,2647732198
Newcastle United v Brentford,Newcastle United,Brentford,Player Shots,Ethan Pinnock,Brentford,Newcastle United,0.5,2.1,Sportsbet,49,289,15114828,554842757,2647732192
Newcastle United v Brentford,Newcastle United,Brentford,Player Shots,Jordan Henderson,Brentford,Newcastle United,0.5,2,Sportsbet,49,289,15114828,554842757,2647732189
Newcastle United v Brentford,Newcastle United,Brentford,Player Shots,Anthony Elanga,Newcastle United,Brentford,1.5,1.3,Sportsbet,49,289,15114828,554842763,2647732404
Newcastle United v Brentford,Newcastle United,Brentford,Player Shots,Bruno Guimar<c3><a3>es,NA,NA,1.5,1.62,Sportsbet,49,289,15114828,554842763,2647732400
Newcastle United v Brentford,Newcastle United,Brentford,Player Shots,Harvey Barnes,Newcastle United,Brentford,1.5,1.12,Sportsbet,49,289,15114828,554842763,2647732397
Newcastle United v Brentford,Newcastle United,Brentford,Player Shots,Jacob Murphy,Newcastle United,Brentford,1.5,1.25,Sportsbet,49,289,15114828,554842763,2647732395
Newcastle United v Brentford,Newcastle United,Brentford,Player Shots,Jacob Ramsey,Newcastle United,Brentford,1.5,1.8,Sportsbet,49,289,15114828,554842763,2647732402
Newcastle United v Brentford,Newcastle United,Brentford,Player Shots,Joe Willock,Newcastle United,Brentford,1.5,1.45,Sportsbet,49,289,15114828,554842763,2647732398
Newcastle United v Brentford,Newcastle United,Brentford,Player Shots,Lewis Miley,Newcastle United,Brentford,1.5,1.83,Sportsbet,49,289,15114828,554842763,2647732410
Newcastle United v Brentford,Newcastle United,Brentford,Player Shots,Nick Woltemade,Newcastle United,Brentford,1.5,1.17,Sportsbet,49,289,15114828,554842763,2647732405
Newcastle United v Brentford,Newcastle United,Brentford,Player Shots,Sean Neave,Newcastle United,Brentford,1.5,1.1,Sportsbet,49,289,15114828,554842763,2647732411
Newcastle United v Brentford,Newcastle United,Brentford,Player Shots,William Osula,Newcastle United,Brentford,1.5,1.14,Sportsbet,49,289,15114828,554842763,2647732407
Newcastle United v Brentford,Newcastle United,Brentford,Player Shots,Yoane Wissa,Newcastle United,Brentford,1.5,1.1,Sportsbet,49,289,15114828,554842763,2647732396
Newcastle United v Brentford,Newcastle United,Brentford,Player Shots,Lewis Hall,Newcastle United,Brentford,1.5,2.63,Sportsbet,49,289,15114828,554842763,2647732408
Newcastle United v Brentford,Newcastle United,Brentford,Player Shots,Malick Thiaw,Newcastle United,Brentford,1.5,2.88,Sportsbet,49,289,15114828,554842763,2647732406
Newcastle United v Brentford,Newcastle United,Brentford,Player Shots,Sandro Tonali,Newcastle United,Brentford,1.5,2,Sportsbet,49,289,15114828,554842763,2647732399
Newcastle United v Brentford,Newcastle United,Brentford,Player Shots,Alex Murphy,Newcastle United,Brentford,1.5,3.4,Sportsbet,49,289,15114828,554842763,2647732409
Newcastle United v Brentford,Newcastle United,Brentford,Player Shots,Dan Burn,Newcastle United,Brentford,1.5,3.75,Sportsbet,49,289,15114828,554842763,2647732394
Newcastle United v Brentford,Newcastle United,Brentford,Player Shots,Leo Shahar,Newcastle United,Brentford,1.5,3.75,Sportsbet,49,289,15114828,554842763,2647732412
Newcastle United v Brentford,Newcastle United,Brentford,Player Shots,Sven Botman,Newcastle United,Brentford,1.5,3.5,Sportsbet,49,289,15114828,554842763,2647732403
Newcastle United v Brentford,Newcastle United,Brentford,Player Shots,Kieran Trippier,Newcastle United,Brentford,1.5,4,Sportsbet,49,289,15114828,554842763,2647732392
Newcastle United v Brentford,Newcastle United,Brentford,Player Shots,Emil Krafth,Newcastle United,Brentford,1.5,5,Sportsbet,49,289,15114828,554842763,2647732393
Newcastle United v Brentford,Newcastle United,Brentford,Player Shots,Dango Ouattara,Brentford,Newcastle United,1.5,1.3,Sportsbet,49,289,15114828,554842763,2647732426
Newcastle United v Brentford,Newcastle United,Brentford,Player Shots,Igor Thiago,Brentford,Newcastle United,1.5,1.22,Sportsbet,49,289,15114828,554842763,2647732427
Newcastle United v Brentford,Newcastle United,Brentford,Player Shots,Keane Lewis-Potter,Brentford,Newcastle United,1.5,1.62,Sportsbet,49,289,15114828,554842763,2647732423
Newcastle United v Brentford,Newcastle United,Brentford,Player Shots,Reiss Nelson,Brentford,Newcastle United,1.5,1.57,Sportsbet,49,289,15114828,554842763,2647732419
Newcastle United v Brentford,Newcastle United,Brentford,Player Shots,Romelle Donovan,Brentford,Newcastle United,1.5,1.5,Sportsbet,49,289,15114828,554842763,2647732429
Newcastle United v Brentford,Newcastle United,Brentford,Player Shots,Mathias Jensen,Brentford,Newcastle United,1.5,2,Sportsbet,49,289,15114828,554842763,2647732418
Newcastle United v Brentford,Newcastle United,Brentford,Player Shots,Mikkel Damsgaard,Brentford,Newcastle United,1.5,2.2,Sportsbet,49,289,15114828,554842763,2647732425
Newcastle United v Brentford,Newcastle United,Brentford,Player Shots,Kristoffer Ajer,Brentford,Newcastle United,1.5,3.5,Sportsbet,49,289,15114828,554842763,2647732415
Newcastle United v Brentford,Newcastle United,Brentford,Player Shots,Yegor Yarmolyuk,Brentford,Newcastle United,1.5,3.75,Sportsbet,49,289,15114828,554842763,2647732424
Newcastle United v Brentford,Newcastle United,Brentford,Player Shots,Michael Kayode,Brentford,Newcastle United,1.5,4.5,Sportsbet,49,289,15114828,554842763,2647732428
Newcastle United v Brentford,Newcastle United,Brentford,Player Shots,Vitaly Janelt,Brentford,Newcastle United,1.5,4,Sportsbet,49,289,15114828,554842763,2647732417
Newcastle United v Brentford,Newcastle United,Brentford,Player Shots,Nathan Collins,Brentford,Newcastle United,1.5,5.5,Sportsbet,49,289,15114828,554842763,2647732421
Newcastle United v Brentford,Newcastle United,Brentford,Player Shots,Rico Henry,Brentford,Newcastle United,1.5,5.5,Sportsbet,49,289,15114828,554842763,2647732414
Newcastle United v Brentford,Newcastle United,Brentford,Player Shots,Sepp van den Berg,Brentford,Newcastle United,1.5,5,Sportsbet,49,289,15114828,554842763,2647732420
Newcastle United v Brentford,Newcastle United,Brentford,Player Shots,Aaron Hickey,Brentford,Newcastle United,1.5,6.5,Sportsbet,49,289,15114828,554842763,2647732422
Newcastle United v Brentford,Newcastle United,Brentford,Player Shots,Ethan Pinnock,Brentford,Newcastle United,1.5,6.5,Sportsbet,49,289,15114828,554842763,2647732416
Newcastle United v Brentford,Newcastle United,Brentford,Player Shots,Jordan Henderson,Brentford,Newcastle United,1.5,6,Sportsbet,49,289,15114828,554842763,2647732413
Newcastle United v Brentford,Newcastle United,Brentford,Player Shots,Harvey Barnes,Newcastle United,Brentford,2.5,1.45,Sportsbet,49,289,15114828,554842768,2647732833
Newcastle United v Brentford,Newcastle United,Brentford,Player Shots,Jacob Murphy,Newcastle United,Brentford,2.5,1.83,Sportsbet,49,289,15114828,554842768,2647732831
Newcastle United v Brentford,Newcastle United,Brentford,Player Shots,Nick Woltemade,Newcastle United,Brentford,2.5,1.62,Sportsbet,49,289,15114828,554842768,2647732841
Newcastle United v Brentford,Newcastle United,Brentford,Player Shots,Sean Neave,Newcastle United,Brentford,2.5,1.4,Sportsbet,49,289,15114828,554842768,2647732847
Newcastle United v Brentford,Newcastle United,Brentford,Player Shots,William Osula,Newcastle United,Brentford,2.5,1.53,Sportsbet,49,289,15114828,554842768,2647732843
Newcastle United v Brentford,Newcastle United,Brentford,Player Shots,Yoane Wissa,Newcastle United,Brentford,2.5,1.36,Sportsbet,49,289,15114828,554842768,2647732832
Newcastle United v Brentford,Newcastle United,Brentford,Player Shots,Anthony Elanga,Newcastle United,Brentford,2.5,2.1,Sportsbet,49,289,15114828,554842768,2647732840
Newcastle United v Brentford,Newcastle United,Brentford,Player Shots,Joe Willock,Newcastle United,Brentford,2.5,2.6,Sportsbet,49,289,15114828,554842768,2647732834
Newcastle United v Brentford,Newcastle United,Brentford,Player Shots,Bruno Guimar<c3><a3>es,NA,NA,2.5,3.1,Sportsbet,49,289,15114828,554842768,2647732836
Newcastle United v Brentford,Newcastle United,Brentford,Player Shots,Jacob Ramsey,Newcastle United,Brentford,2.5,3.6,Sportsbet,49,289,15114828,554842768,2647732838
Newcastle United v Brentford,Newcastle United,Brentford,Player Shots,Lewis Miley,Newcastle United,Brentford,2.5,3.75,Sportsbet,49,289,15114828,554842768,2647732846
Newcastle United v Brentford,Newcastle United,Brentford,Player Shots,Sandro Tonali,Newcastle United,Brentford,2.5,4.2,Sportsbet,49,289,15114828,554842768,2647732835
Newcastle United v Brentford,Newcastle United,Brentford,Player Shots,Lewis Hall,Newcastle United,Brentford,2.5,6,Sportsbet,49,289,15114828,554842768,2647732844
Newcastle United v Brentford,Newcastle United,Brentford,Player Shots,Malick Thiaw,Newcastle United,Brentford,2.5,7,Sportsbet,49,289,15114828,554842768,2647732842
Newcastle United v Brentford,Newcastle United,Brentford,Player Shots,Alex Murphy,Newcastle United,Brentford,2.5,9,Sportsbet,49,289,15114828,554842768,2647732845
Newcastle United v Brentford,Newcastle United,Brentford,Player Shots,Sven Botman,Newcastle United,Brentford,2.5,9.5,Sportsbet,49,289,15114828,554842768,2647732839
Newcastle United v Brentford,Newcastle United,Brentford,Player Shots,Dan Burn,Newcastle United,Brentford,2.5,11,Sportsbet,49,289,15114828,554842768,2647732830
Newcastle United v Brentford,Newcastle United,Brentford,Player Shots,Kieran Trippier,Newcastle United,Brentford,2.5,11,Sportsbet,49,289,15114828,554842768,2647732828
Newcastle United v Brentford,Newcastle United,Brentford,Player Shots,Leo Shahar,Newcastle United,Brentford,2.5,11,Sportsbet,49,289,15114828,554842768,2647732848
Newcastle United v Brentford,Newcastle United,Brentford,Player Shots,Igor Thiago,Brentford,Newcastle United,2.5,1.72,Sportsbet,49,289,15114828,554842768,2647732863
Newcastle United v Brentford,Newcastle United,Brentford,Player Shots,Dango Ouattara,Brentford,Newcastle United,2.5,2,Sportsbet,49,289,15114828,554842768,2647732862
Newcastle United v Brentford,Newcastle United,Brentford,Player Shots,Reiss Nelson,Brentford,Newcastle United,2.5,2.88,Sportsbet,49,289,15114828,554842768,2647732855
Newcastle United v Brentford,Newcastle United,Brentford,Player Shots,Romelle Donovan,Brentford,Newcastle United,2.5,2.63,Sportsbet,49,289,15114828,554842768,2647732865
Newcastle United v Brentford,Newcastle United,Brentford,Player Shots,Keane Lewis-Potter,Brentford,Newcastle United,2.5,3.1,Sportsbet,49,289,15114828,554842768,2647732859
Newcastle United v Brentford,Newcastle United,Brentford,Player Shots,Mathias Jensen,Brentford,Newcastle United,2.5,4.33,Sportsbet,49,289,15114828,554842768,2647732854
Newcastle United v Brentford,Newcastle United,Brentford,Player Shots,Mikkel Damsgaard,Brentford,Newcastle United,2.5,4.5,Sportsbet,49,289,15114828,554842768,2647732861
Newcastle United v Brentford,Newcastle United,Brentford,Player Shots,Kristoffer Ajer,Brentford,Newcastle United,2.5,9,Sportsbet,49,289,15114828,554842768,2647732851
Newcastle United v Brentford,Newcastle United,Brentford,Player Shots,Yegor Yarmolyuk,Brentford,Newcastle United,2.5,10,Sportsbet,49,289,15114828,554842768,2647732860
Newcastle United v Brentford,Newcastle United,Brentford,Player Shots,Vitaly Janelt,Brentford,Newcastle United,2.5,11,Sportsbet,49,289,15114828,554842768,2647732853
Newcastle United v Brentford,Newcastle United,Brentford,Player Shots,Harvey Barnes,Newcastle United,Brentford,3.5,2.2,Sportsbet,49,289,15114828,554842771,2647732545
Newcastle United v Brentford,Newcastle United,Brentford,Player Shots,Nick Woltemade,Newcastle United,Brentford,3.5,2.7,Sportsbet,49,289,15114828,554842771,2647732553
Newcastle United v Brentford,Newcastle United,Brentford,Player Shots,Sean Neave,Newcastle United,Brentford,3.5,2.1,Sportsbet,49,289,15114828,554842771,2647732559
Newcastle United v Brentford,Newcastle United,Brentford,Player Shots,William Osula,Newcastle United,Brentford,3.5,2.4,Sportsbet,49,289,15114828,554842771,2647732555
Newcastle United v Brentford,Newcastle United,Brentford,Player Shots,Yoane Wissa,Newcastle United,Brentford,3.5,2,Sportsbet,49,289,15114828,554842771,2647732544
Newcastle United v Brentford,Newcastle United,Brentford,Player Shots,Anthony Elanga,Newcastle United,Brentford,3.5,3.75,Sportsbet,49,289,15114828,554842771,2647732552
Newcastle United v Brentford,Newcastle United,Brentford,Player Shots,Jacob Murphy,Newcastle United,Brentford,3.5,3.3,Sportsbet,49,289,15114828,554842771,2647732543
Newcastle United v Brentford,Newcastle United,Brentford,Player Shots,Joe Willock,Newcastle United,Brentford,3.5,4.5,Sportsbet,49,289,15114828,554842771,2647732546
Newcastle United v Brentford,Newcastle United,Brentford,Player Shots,Bruno Guimar<c3><a3>es,NA,NA,3.5,6.5,Sportsbet,49,289,15114828,554842771,2647732548
Newcastle United v Brentford,Newcastle United,Brentford,Player Shots,Jacob Ramsey,Newcastle United,Brentford,3.5,7.5,Sportsbet,49,289,15114828,554842771,2647732550
Newcastle United v Brentford,Newcastle United,Brentford,Player Shots,Lewis Miley,Newcastle United,Brentford,3.5,8,Sportsbet,49,289,15114828,554842771,2647732558
Newcastle United v Brentford,Newcastle United,Brentford,Player Shots,Sandro Tonali,Newcastle United,Brentford,3.5,9.5,Sportsbet,49,289,15114828,554842771,2647732547
Newcastle United v Brentford,Newcastle United,Brentford,Player Shots,Lewis Hall,Newcastle United,Brentford,3.5,17,Sportsbet,49,289,15114828,554842771,2647732556
Newcastle United v Brentford,Newcastle United,Brentford,Player Shots,Malick Thiaw,Newcastle United,Brentford,3.5,21,Sportsbet,49,289,15114828,554842771,2647732554
Newcastle United v Brentford,Newcastle United,Brentford,Player Shots,Alex Murphy,Newcastle United,Brentford,3.5,31,Sportsbet,49,289,15114828,554842771,2647732557
Newcastle United v Brentford,Newcastle United,Brentford,Player Shots,Sven Botman,Newcastle United,Brentford,3.5,34,Sportsbet,49,289,15114828,554842771,2647732551
Newcastle United v Brentford,Newcastle United,Brentford,Player Shots,Dan Burn,Newcastle United,Brentford,3.5,46,Sportsbet,49,289,15114828,554842771,2647732542
Newcastle United v Brentford,Newcastle United,Brentford,Player Shots,Leo Shahar,Newcastle United,Brentford,3.5,46,Sportsbet,49,289,15114828,554842771,2647732560
Newcastle United v Brentford,Newcastle United,Brentford,Player Shots,Dango Ouattara,Brentford,Newcastle United,3.5,3.6,Sportsbet,49,289,15114828,554842771,2647732574
Newcastle United v Brentford,Newcastle United,Brentford,Player Shots,Igor Thiago,Brentford,Newcastle United,3.5,3,Sportsbet,49,289,15114828,554842771,2647732575
Newcastle United v Brentford,Newcastle United,Brentford,Player Shots,Romelle Donovan,Brentford,Newcastle United,3.5,4.5,Sportsbet,49,289,15114828,554842771,2647732577
Newcastle United v Brentford,Newcastle United,Brentford,Player Shots,Reiss Nelson,Brentford,Newcastle United,3.5,5.5,Sportsbet,49,289,15114828,554842771,2647732567
Newcastle United v Brentford,Newcastle United,Brentford,Player Shots,Keane Lewis-Potter,Brentford,Newcastle United,3.5,6.5,Sportsbet,49,289,15114828,554842771,2647732571
Newcastle United v Brentford,Newcastle United,Brentford,Player Shots,Mathias Jensen,Brentford,Newcastle United,3.5,10,Sportsbet,49,289,15114828,554842771,2647732566
Newcastle United v Brentford,Newcastle United,Brentford,Player Shots,Mikkel Damsgaard,Brentford,Newcastle United,3.5,11,Sportsbet,49,289,15114828,554842771,2647732573
Newcastle United v Brentford,Newcastle United,Brentford,Player Shots,Kristoffer Ajer,Brentford,Newcastle United,3.5,26,Sportsbet,49,289,15114828,554842771,2647732563
Newcastle United v Brentford,Newcastle United,Brentford,Player Shots,Yegor Yarmolyuk,Brentford,Newcastle United,3.5,36,Sportsbet,49,289,15114828,554842771,2647732572
Newcastle United v Brentford,Newcastle United,Brentford,Player Shots,Vitaly Janelt,Brentford,Newcastle United,3.5,46,Sportsbet,49,289,15114828,554842771,2647732565
Newcastle United v Brentford,Newcastle United,Brentford,Player Shots,Harvey Barnes,Newcastle United,Brentford,4.5,3.75,Sportsbet,49,289,15114828,554842774,2647732657
Newcastle United v Brentford,Newcastle United,Brentford,Player Shots,Sean Neave,Newcastle United,Brentford,4.5,3.5,Sportsbet,49,289,15114828,554842774,2647732671
Newcastle United v Brentford,Newcastle United,Brentford,Player Shots,Yoane Wissa,Newcastle United,Brentford,4.5,3.4,Sportsbet,49,289,15114828,554842774,2647732656
Newcastle United v Brentford,Newcastle United,Brentford,Player Shots,Nick Woltemade,Newcastle United,Brentford,4.5,4.5,Sportsbet,49,289,15114828,554842774,2647732665
Newcastle United v Brentford,Newcastle United,Brentford,Player Shots,William Osula,Newcastle United,Brentford,4.5,4,Sportsbet,49,289,15114828,554842774,2647732667
Newcastle United v Brentford,Newcastle United,Brentford,Player Shots,Jacob Murphy,Newcastle United,Brentford,4.5,6,Sportsbet,49,289,15114828,554842774,2647732655
Newcastle United v Brentford,Newcastle United,Brentford,Player Shots,Anthony Elanga,Newcastle United,Brentford,4.5,7.5,Sportsbet,49,289,15114828,554842774,2647732664
Newcastle United v Brentford,Newcastle United,Brentford,Player Shots,Joe Willock,Newcastle United,Brentford,4.5,10,Sportsbet,49,289,15114828,554842774,2647732658
Newcastle United v Brentford,Newcastle United,Brentford,Player Shots,Bruno Guimar<c3><a3>es,NA,NA,4.5,15,Sportsbet,49,289,15114828,554842774,2647732660
Newcastle United v Brentford,Newcastle United,Brentford,Player Shots,Jacob Ramsey,Newcastle United,Brentford,4.5,20,Sportsbet,49,289,15114828,554842774,2647732662
Newcastle United v Brentford,Newcastle United,Brentford,Player Shots,Lewis Miley,Newcastle United,Brentford,4.5,21,Sportsbet,49,289,15114828,554842774,2647732670
Newcastle United v Brentford,Newcastle United,Brentford,Player Shots,Sandro Tonali,Newcastle United,Brentford,4.5,26,Sportsbet,49,289,15114828,554842774,2647732659
Newcastle United v Brentford,Newcastle United,Brentford,Player Shots,Igor Thiago,Brentford,Newcastle United,4.5,5,Sportsbet,49,289,15114828,554842774,2647732438
Newcastle United v Brentford,Newcastle United,Brentford,Player Shots,Dango Ouattara,Brentford,Newcastle United,4.5,6.5,Sportsbet,49,289,15114828,554842774,2647732437
Newcastle United v Brentford,Newcastle United,Brentford,Player Shots,Romelle Donovan,Brentford,Newcastle United,4.5,10,Sportsbet,49,289,15114828,554842774,2647732440
Newcastle United v Brentford,Newcastle United,Brentford,Player Shots,Reiss Nelson,Brentford,Newcastle United,4.5,12,Sportsbet,49,289,15114828,554842774,2647732430
Newcastle United v Brentford,Newcastle United,Brentford,Player Shots,Keane Lewis-Potter,Brentford,Newcastle United,4.5,14,Sportsbet,49,289,15114828,554842774,2647732434
Newcastle United v Brentford,Newcastle United,Brentford,Player Shots,Mathias Jensen,Brentford,Newcastle United,4.5,26,Sportsbet,49,289,15114828,554842774,2647732678
Newcastle United v Brentford,Newcastle United,Brentford,Player Shots,Mikkel Damsgaard,Brentford,Newcastle United,4.5,34,Sportsbet,49,289,15114828,554842774,2647732436
Newcastle United v Brentford,Newcastle United,Brentford,Player Shots,Yoane Wissa,Newcastle United,Brentford,5.5,5.5,Sportsbet,49,289,15114828,554842775,2647732445
Newcastle United v Brentford,Newcastle United,Brentford,Player Shots,Harvey Barnes,Newcastle United,Brentford,5.5,6.5,Sportsbet,49,289,15114828,554842775,2647732446
Newcastle United v Brentford,Newcastle United,Brentford,Player Shots,Sean Neave,Newcastle United,Brentford,5.5,6,Sportsbet,49,289,15114828,554842775,2647732460
Newcastle United v Brentford,Newcastle United,Brentford,Player Shots,William Osula,Newcastle United,Brentford,5.5,7.5,Sportsbet,49,289,15114828,554842775,2647732456
Newcastle United v Brentford,Newcastle United,Brentford,Player Shots,Nick Woltemade,Newcastle United,Brentford,5.5,9,Sportsbet,49,289,15114828,554842775,2647732454
Newcastle United v Brentford,Newcastle United,Brentford,Player Shots,Jacob Murphy,Newcastle United,Brentford,5.5,12,Sportsbet,49,289,15114828,554842775,2647732444
Newcastle United v Brentford,Newcastle United,Brentford,Player Shots,Anthony Elanga,Newcastle United,Brentford,5.5,17,Sportsbet,49,289,15114828,554842775,2647732453
Newcastle United v Brentford,Newcastle United,Brentford,Player Shots,Joe Willock,Newcastle United,Brentford,5.5,26,Sportsbet,49,289,15114828,554842775,2647732447
Newcastle United v Brentford,Newcastle United,Brentford,Player Shots,Bruno Guimar<c3><a3>es,NA,NA,5.5,41,Sportsbet,49,289,15114828,554842775,2647732449
Newcastle United v Brentford,Newcastle United,Brentford,Player Shots,Igor Thiago,Brentford,Newcastle United,5.5,10,Sportsbet,49,289,15114828,554842775,2647732476
Newcastle United v Brentford,Newcastle United,Brentford,Player Shots,Dango Ouattara,Brentford,Newcastle United,5.5,13,Sportsbet,49,289,15114828,554842775,2647732475
Newcastle United v Brentford,Newcastle United,Brentford,Player Shots,Romelle Donovan,Brentford,Newcastle United,5.5,23,Sportsbet,49,289,15114828,554842775,2647732478
Newcastle United v Brentford,Newcastle United,Brentford,Player Shots,Reiss Nelson,Brentford,Newcastle United,5.5,31,Sportsbet,49,289,15114828,554842775,2647732468
Newcastle United v Brentford,Newcastle United,Brentford,Player Shots,Keane Lewis-Potter,Brentford,Newcastle United,5.5,36,Sportsbet,49,289,15114828,554842775,2647732472
Brighton & Hove Albion v Crystal Palace,Brighton & Hove Albion,Crystal Palace,Player Shots,Carlos Baleba,Brighton & Hove Albion,Crystal Palace,0.5,1.14,Sportsbet,49,289,15114822,554852793,2647796506
Brighton & Hove Albion v Crystal Palace,Brighton & Hove Albion,Crystal Palace,Player Shots,Ferdi Kadioglu,NA,NA,0.5,1.36,Sportsbet,49,289,15114822,554852793,2647796496
Brighton & Hove Albion v Crystal Palace,Brighton & Hove Albion,Crystal Palace,Player Shots,Jack Hinshelwood,Brighton & Hove Albion,Crystal Palace,0.5,1.22,Sportsbet,49,289,15114822,554852793,2647796505
Brighton & Hove Albion v Crystal Palace,Brighton & Hove Albion,Crystal Palace,Player Shots,James Milner,Brighton & Hove Albion,Crystal Palace,0.5,1.5,Sportsbet,49,289,15114822,554852793,2647796491
Brighton & Hove Albion v Crystal Palace,Brighton & Hove Albion,Crystal Palace,Player Shots,Jan Paul van Hecke,Brighton & Hove Albion,Crystal Palace,0.5,1.4,Sportsbet,49,289,15114822,554852793,2647796500
Brighton & Hove Albion v Crystal Palace,Brighton & Hove Albion,Crystal Palace,Player Shots,Kaoru Mitoma,Brighton & Hove Albion,Crystal Palace,0.5,1.08,Sportsbet,49,289,15114822,554852793,2647796502
Brighton & Hove Albion v Crystal Palace,Brighton & Hove Albion,Crystal Palace,Player Shots,Lewis Dunk,Brighton & Hove Albion,Crystal Palace,0.5,1.67,Sportsbet,49,289,15114822,554852793,2647796492
Brighton & Hove Albion v Crystal Palace,Brighton & Hove Albion,Crystal Palace,Player Shots,Matt O'Riley,Brighton & Hove Albion,Crystal Palace,0.5,1.08,Sportsbet,49,289,15114822,554852793,2647796498
Brighton & Hove Albion v Crystal Palace,Brighton & Hove Albion,Crystal Palace,Player Shots,Maxim De Cuyper,Brighton & Hove Albion,Crystal Palace,0.5,1.36,Sportsbet,49,289,15114822,554852793,2647796501
Brighton & Hove Albion v Crystal Palace,Brighton & Hove Albion,Crystal Palace,Player Shots,Olivier Boscagli,Brighton & Hove Albion,Crystal Palace,0.5,1.72,Sportsbet,49,289,15114822,554852793,2647796495
Brighton & Hove Albion v Crystal Palace,Brighton & Hove Albion,Crystal Palace,Player Shots,Pascal Gross,NA,NA,0.5,1.14,Sportsbet,49,289,15114822,554852793,2647796490
Brighton & Hove Albion v Crystal Palace,Brighton & Hove Albion,Crystal Palace,Player Shots,Yankuba Minteh,Brighton & Hove Albion,Crystal Palace,0.5,1.07,Sportsbet,49,289,15114822,554852793,2647796507
Brighton & Hove Albion v Crystal Palace,Brighton & Hove Albion,Crystal Palace,Player Shots,Igor,NA,NA,0.5,2.7,Sportsbet,49,289,15114822,554852793,2647796497
Brighton & Hove Albion v Crystal Palace,Brighton & Hove Albion,Crystal Palace,Player Shots,Jo<c3><ab>l Veltman,NA,NA,0.5,2,Sportsbet,49,289,15114822,554852793,2647796494
Brighton & Hove Albion v Crystal Palace,Brighton & Hove Albion,Crystal Palace,Player Shots,Adam Wharton,Crystal Palace,Brighton & Hove Albion,0.5,1.36,Sportsbet,49,289,15114822,554852793,2647796527
Brighton & Hove Albion v Crystal Palace,Brighton & Hove Albion,Crystal Palace,Player Shots,Borna Sosa,Crystal Palace,Brighton & Hove Albion,0.5,1.62,Sportsbet,49,289,15114822,554852793,2647796514
Brighton & Hove Albion v Crystal Palace,Brighton & Hove Albion,Crystal Palace,Player Shots,Brennan Johnson,Tottenham Hotspur,Brighton & Hove Albion,0.5,1.07,Sportsbet,49,289,15114822,554852793,2647796521
Brighton & Hove Albion v Crystal Palace,Brighton & Hove Albion,Crystal Palace,Player Shots,Brennan Johnson,Crystal Palace,Brighton & Hove Albion,0.5,1.07,Sportsbet,49,289,15114822,554852793,2647796521
Brighton & Hove Albion v Crystal Palace,Brighton & Hove Albion,Crystal Palace,Player Shots,Chadi Riad,Crystal Palace,Brighton & Hove Albion,0.5,1.91,Sportsbet,49,289,15114822,554852793,2647796525
Brighton & Hove Albion v Crystal Palace,Brighton & Hove Albion,Crystal Palace,Player Shots,Daichi Kamada,Crystal Palace,Brighton & Hove Albion,0.5,1.25,Sportsbet,49,289,15114822,554852793,2647796517
Brighton & Hove Albion v Crystal Palace,Brighton & Hove Albion,Crystal Palace,Player Shots,Daniel Mu<c3><b1>oz,NA,NA,0.5,1.25,Sportsbet,49,289,15114822,554852793,2647796522
Brighton & Hove Albion v Crystal Palace,Brighton & Hove Albion,Crystal Palace,Player Shots,Isma<c3><af>la Sarr,NA,NA,0.5,1.06,Sportsbet,49,289,15114822,554852793,2647796513
Brighton & Hove Albion v Crystal Palace,Brighton & Hove Albion,Crystal Palace,Player Shots,Jaydee Canvot,Crystal Palace,Brighton & Hove Albion,0.5,1.72,Sportsbet,49,289,15114822,554852793,2647796531
Brighton & Hove Albion v Crystal Palace,Brighton & Hove Albion,Crystal Palace,Player Shots,Jefferson Lerma,Crystal Palace,Brighton & Hove Albion,0.5,1.22,Sportsbet,49,289,15114822,554852793,2647796512
Brighton & Hove Albion v Crystal Palace,Brighton & Hove Albion,Crystal Palace,Player Shots,Joel Drakes-Thomas,NA,NA,0.5,1.08,Sportsbet,49,289,15114822,554852793,2647796532
Brighton & Hove Albion v Crystal Palace,Brighton & Hove Albion,Crystal Palace,Player Shots,Kaden Rodney,Crystal Palace,Brighton & Hove Albion,0.5,1.45,Sportsbet,49,289,15114822,554852793,2647796528
Brighton & Hove Albion v Crystal Palace,Brighton & Hove Albion,Crystal Palace,Player Shots,Maxence Lacroix,Crystal Palace,Brighton & Hove Albion,0.5,1.72,Sportsbet,49,289,15114822,554852793,2647796520
Brighton & Hove Albion v Crystal Palace,Brighton & Hove Albion,Crystal Palace,Player Shots,Nathaniel Clyne,Crystal Palace,Brighton & Hove Albion,0.5,1.57,Sportsbet,49,289,15114822,554852793,2647796510
Brighton & Hove Albion v Crystal Palace,Brighton & Hove Albion,Crystal Palace,Player Shots,Tyrick Mitchell,Crystal Palace,Brighton & Hove Albion,0.5,1.83,Sportsbet,49,289,15114822,554852793,2647796524
Brighton & Hove Albion v Crystal Palace,Brighton & Hove Albion,Crystal Palace,Player Shots,Will Hughes,Crystal Palace,Brighton & Hove Albion,0.5,1.5,Sportsbet,49,289,15114822,554852793,2647796511
Brighton & Hove Albion v Crystal Palace,Brighton & Hove Albion,Crystal Palace,Player Shots,Yeremy Pino,NA,NA,0.5,1.08,Sportsbet,49,289,15114822,554852793,2647796526
Brighton & Hove Albion v Crystal Palace,Brighton & Hove Albion,Crystal Palace,Player Shots,Chris Richards,Crystal Palace,Brighton & Hove Albion,0.5,2.1,Sportsbet,49,289,15114822,554852793,2647796519
Brighton & Hove Albion v Crystal Palace,Brighton & Hove Albion,Crystal Palace,Player Shots,Carlos Baleba,Brighton & Hove Albion,Crystal Palace,1.5,1.83,Sportsbet,49,289,15114822,554852799,2647796152
Brighton & Hove Albion v Crystal Palace,Brighton & Hove Albion,Crystal Palace,Player Shots,Charalampos Kostoulas,Brighton & Hove Albion,Crystal Palace,1.5,1.2,Sportsbet,49,289,15114822,554852799,2647796155
Brighton & Hove Albion v Crystal Palace,Brighton & Hove Albion,Crystal Palace,Player Shots,Danny Welbeck,Brighton & Hove Albion,Crystal Palace,1.5,1.22,Sportsbet,49,289,15114822,554852799,2647796139
Brighton & Hove Albion v Crystal Palace,Brighton & Hove Albion,Crystal Palace,Player Shots,Diego Gomez,NA,NA,1.5,1.4,Sportsbet,49,289,15114822,554852799,2647796150
Brighton & Hove Albion v Crystal Palace,Brighton & Hove Albion,Crystal Palace,Player Shots,Georginio Rutter,Brighton & Hove Albion,Crystal Palace,1.5,1.28,Sportsbet,49,289,15114822,554852799,2647796145
Brighton & Hove Albion v Crystal Palace,Brighton & Hove Albion,Crystal Palace,Player Shots,Harry Howell,Brighton & Hove Albion,Crystal Palace,1.5,1.33,Sportsbet,49,289,15114822,554852799,2647796154
Brighton & Hove Albion v Crystal Palace,Brighton & Hove Albion,Crystal Palace,Player Shots,Kaoru Mitoma,Brighton & Hove Albion,Crystal Palace,1.5,1.5,Sportsbet,49,289,15114822,554852799,2647796148
Brighton & Hove Albion v Crystal Palace,Brighton & Hove Albion,Crystal Palace,Player Shots,Matt O'Riley,Brighton & Hove Albion,Crystal Palace,1.5,1.53,Sportsbet,49,289,15114822,554852799,2647796144
Brighton & Hove Albion v Crystal Palace,Brighton & Hove Albion,Crystal Palace,Player Shots,Pascal Gross,NA,NA,1.5,1.91,Sportsbet,49,289,15114822,554852799,2647796136
Brighton & Hove Albion v Crystal Palace,Brighton & Hove Albion,Crystal Palace,Player Shots,Yankuba Minteh,Brighton & Hove Albion,Crystal Palace,1.5,1.45,Sportsbet,49,289,15114822,554852799,2647796153
Brighton & Hove Albion v Crystal Palace,Brighton & Hove Albion,Crystal Palace,Player Shots,Jack Hinshelwood,Brighton & Hove Albion,Crystal Palace,1.5,2.3,Sportsbet,49,289,15114822,554852799,2647796151
Brighton & Hove Albion v Crystal Palace,Brighton & Hove Albion,Crystal Palace,Player Shots,Ferdi Kadioglu,NA,NA,1.5,3,Sportsbet,49,289,15114822,554852799,2647796142
Brighton & Hove Albion v Crystal Palace,Brighton & Hove Albion,Crystal Palace,Player Shots,James Milner,Brighton & Hove Albion,Crystal Palace,1.5,3.6,Sportsbet,49,289,15114822,554852799,2647796137
Brighton & Hove Albion v Crystal Palace,Brighton & Hove Albion,Crystal Palace,Player Shots,Jan Paul van Hecke,Brighton & Hove Albion,Crystal Palace,1.5,3.3,Sportsbet,49,289,15114822,554852799,2647796146
Brighton & Hove Albion v Crystal Palace,Brighton & Hove Albion,Crystal Palace,Player Shots,Maxim De Cuyper,Brighton & Hove Albion,Crystal Palace,1.5,3,Sportsbet,49,289,15114822,554852799,2647796147
Brighton & Hove Albion v Crystal Palace,Brighton & Hove Albion,Crystal Palace,Player Shots,Lewis Dunk,Brighton & Hove Albion,Crystal Palace,1.5,4.5,Sportsbet,49,289,15114822,554852799,2647796138
Brighton & Hove Albion v Crystal Palace,Brighton & Hove Albion,Crystal Palace,Player Shots,Olivier Boscagli,Brighton & Hove Albion,Crystal Palace,1.5,4.5,Sportsbet,49,289,15114822,554852799,2647796141
Brighton & Hove Albion v Crystal Palace,Brighton & Hove Albion,Crystal Palace,Player Shots,Jo<c3><ab>l Veltman,NA,NA,1.5,6,Sportsbet,49,289,15114822,554852799,2647796140
Brighton & Hove Albion v Crystal Palace,Brighton & Hove Albion,Crystal Palace,Player Shots,Igor,NA,NA,1.5,10,Sportsbet,49,289,15114822,554852799,2647796143
Brighton & Hove Albion v Crystal Palace,Brighton & Hove Albion,Crystal Palace,Player Shots,Brennan Johnson,Tottenham Hotspur,Brighton & Hove Albion,1.5,1.45,Sportsbet,49,289,15114822,554852799,2647796167
Brighton & Hove Albion v Crystal Palace,Brighton & Hove Albion,Crystal Palace,Player Shots,Brennan Johnson,Crystal Palace,Brighton & Hove Albion,1.5,1.45,Sportsbet,49,289,15114822,554852799,2647796167
Brighton & Hove Albion v Crystal Palace,Brighton & Hove Albion,Crystal Palace,Player Shots,Christantus Uche,Crystal Palace,Brighton & Hove Albion,1.5,1.25,Sportsbet,49,289,15114822,554852799,2647796176
Brighton & Hove Albion v Crystal Palace,Brighton & Hove Albion,Crystal Palace,Player Shots,Evann Guessand,Aston Villa,Brighton & Hove Albion,1.5,1.4,Sportsbet,49,289,15114822,554852799,2647796169
Brighton & Hove Albion v Crystal Palace,Brighton & Hove Albion,Crystal Palace,Player Shots,Isma<c3><af>la Sarr,NA,NA,1.5,1.45,Sportsbet,49,289,15114822,554852799,2647796159
Brighton & Hove Albion v Crystal Palace,Brighton & Hove Albion,Crystal Palace,Player Shots,Jean-Philippe Mateta,Crystal Palace,Brighton & Hove Albion,1.5,1.2,Sportsbet,49,289,15114822,554852799,2647796161
Brighton & Hove Albion v Crystal Palace,Brighton & Hove Albion,Crystal Palace,Player Shots,Joel Drakes-Thomas,NA,NA,1.5,1.57,Sportsbet,49,289,15114822,554852799,2647796178
Brighton & Hove Albion v Crystal Palace,Brighton & Hove Albion,Crystal Palace,Player Shots,J<c3><b8>rgen Strand Larsen,NA,NA,1.5,1.2,Sportsbet,49,289,15114822,554852799,2647796164
Brighton & Hove Albion v Crystal Palace,Brighton & Hove Albion,Crystal Palace,Player Shots,Yeremy Pino,NA,NA,1.5,1.5,Sportsbet,49,289,15114822,554852799,2647796172
Brighton & Hove Albion v Crystal Palace,Brighton & Hove Albion,Crystal Palace,Player Shots,Zach Marsh,Crystal Palace,Brighton & Hove Albion,1.5,1.22,Sportsbet,49,289,15114822,554852799,2647796175
Brighton & Hove Albion v Crystal Palace,Brighton & Hove Albion,Crystal Palace,Player Shots,Adam Wharton,Crystal Palace,Brighton & Hove Albion,1.5,2.88,Sportsbet,49,289,15114822,554852799,2647796173
Brighton & Hove Albion v Crystal Palace,Brighton & Hove Albion,Crystal Palace,Player Shots,Daichi Kamada,Crystal Palace,Brighton & Hove Albion,1.5,2.4,Sportsbet,49,289,15114822,554852799,2647796163
Brighton & Hove Albion v Crystal Palace,Brighton & Hove Albion,Crystal Palace,Player Shots,Daniel Mu<c3><b1>oz,NA,NA,1.5,2.4,Sportsbet,49,289,15114822,554852799,2647796168
Brighton & Hove Albion v Crystal Palace,Brighton & Hove Albion,Crystal Palace,Player Shots,Jefferson Lerma,Crystal Palace,Brighton & Hove Albion,1.5,2.3,Sportsbet,49,289,15114822,554852799,2647796158
Brighton & Hove Albion v Crystal Palace,Brighton & Hove Albion,Crystal Palace,Player Shots,Kaden Rodney,Crystal Palace,Brighton & Hove Albion,1.5,3.6,Sportsbet,49,289,15114822,554852799,2647796174
Brighton & Hove Albion v Crystal Palace,Brighton & Hove Albion,Crystal Palace,Player Shots,Nathaniel Clyne,Crystal Palace,Brighton & Hove Albion,1.5,3.75,Sportsbet,49,289,15114822,554852799,2647796156
Brighton & Hove Albion v Crystal Palace,Brighton & Hove Albion,Crystal Palace,Player Shots,Will Hughes,Crystal Palace,Brighton & Hove Albion,1.5,3.6,Sportsbet,49,289,15114822,554852799,2647796157
Brighton & Hove Albion v Crystal Palace,Brighton & Hove Albion,Crystal Palace,Player Shots,Borna Sosa,Crystal Palace,Brighton & Hove Albion,1.5,4.33,Sportsbet,49,289,15114822,554852799,2647796160
Brighton & Hove Albion v Crystal Palace,Brighton & Hove Albion,Crystal Palace,Player Shots,Jaydee Canvot,Crystal Palace,Brighton & Hove Albion,1.5,4.5,Sportsbet,49,289,15114822,554852799,2647796177
Brighton & Hove Albion v Crystal Palace,Brighton & Hove Albion,Crystal Palace,Player Shots,Maxence Lacroix,Crystal Palace,Brighton & Hove Albion,1.5,5,Sportsbet,49,289,15114822,554852799,2647796166
Brighton & Hove Albion v Crystal Palace,Brighton & Hove Albion,Crystal Palace,Player Shots,Tyrick Mitchell,Crystal Palace,Brighton & Hove Albion,1.5,5.5,Sportsbet,49,289,15114822,554852799,2647796170
Brighton & Hove Albion v Crystal Palace,Brighton & Hove Albion,Crystal Palace,Player Shots,Chadi Riad,Crystal Palace,Brighton & Hove Albion,1.5,6,Sportsbet,49,289,15114822,554852799,2647796171
Brighton & Hove Albion v Crystal Palace,Brighton & Hove Albion,Crystal Palace,Player Shots,Chris Richards,Crystal Palace,Brighton & Hove Albion,1.5,7,Sportsbet,49,289,15114822,554852799,2647796165
Brighton & Hove Albion v Crystal Palace,Brighton & Hove Albion,Crystal Palace,Player Shots,Charalampos Kostoulas,Brighton & Hove Albion,Crystal Palace,2.5,1.72,Sportsbet,49,289,15114822,554852804,2647795961
Brighton & Hove Albion v Crystal Palace,Brighton & Hove Albion,Crystal Palace,Player Shots,Danny Welbeck,Brighton & Hove Albion,Crystal Palace,2.5,1.72,Sportsbet,49,289,15114822,554852804,2647795945
Brighton & Hove Albion v Crystal Palace,Brighton & Hove Albion,Crystal Palace,Player Shots,Diego Gomez,NA,NA,2.5,2.37,Sportsbet,49,289,15114822,554852804,2647795956
Brighton & Hove Albion v Crystal Palace,Brighton & Hove Albion,Crystal Palace,Player Shots,Georginio Rutter,Brighton & Hove Albion,Crystal Palace,2.5,2,Sportsbet,49,289,15114822,554852804,2647795951
Brighton & Hove Albion v Crystal Palace,Brighton & Hove Albion,Crystal Palace,Player Shots,Harry Howell,Brighton & Hove Albion,Crystal Palace,2.5,2.1,Sportsbet,49,289,15114822,554852804,2647795960
Brighton & Hove Albion v Crystal Palace,Brighton & Hove Albion,Crystal Palace,Player Shots,Kaoru Mitoma,Brighton & Hove Albion,Crystal Palace,2.5,2.75,Sportsbet,49,289,15114822,554852804,2647795954
Brighton & Hove Albion v Crystal Palace,Brighton & Hove Albion,Crystal Palace,Player Shots,Matt O'Riley,Brighton & Hove Albion,Crystal Palace,2.5,2.75,Sportsbet,49,289,15114822,554852804,2647795950
Brighton & Hove Albion v Crystal Palace,Brighton & Hove Albion,Crystal Palace,Player Shots,Yankuba Minteh,Brighton & Hove Albion,Crystal Palace,2.5,2.6,Sportsbet,49,289,15114822,554852804,2647795959
Brighton & Hove Albion v Crystal Palace,Brighton & Hove Albion,Crystal Palace,Player Shots,Carlos Baleba,Brighton & Hove Albion,Crystal Palace,2.5,3.6,Sportsbet,49,289,15114822,554852804,2647795958
Brighton & Hove Albion v Crystal Palace,Brighton & Hove Albion,Crystal Palace,Player Shots,Pascal Gross,NA,NA,2.5,3.75,Sportsbet,49,289,15114822,554852804,2647795942
Brighton & Hove Albion v Crystal Palace,Brighton & Hove Albion,Crystal Palace,Player Shots,Jack Hinshelwood,Brighton & Hove Albion,Crystal Palace,2.5,5,Sportsbet,49,289,15114822,554852804,2647795957
Brighton & Hove Albion v Crystal Palace,Brighton & Hove Albion,Crystal Palace,Player Shots,Ferdi Kadioglu,NA,NA,2.5,7.5,Sportsbet,49,289,15114822,554852804,2647795948
Brighton & Hove Albion v Crystal Palace,Brighton & Hove Albion,Crystal Palace,Player Shots,Maxim De Cuyper,Brighton & Hove Albion,Crystal Palace,2.5,7.5,Sportsbet,49,289,15114822,554852804,2647795953
Brighton & Hove Albion v Crystal Palace,Brighton & Hove Albion,Crystal Palace,Player Shots,Jan Paul van Hecke,Brighton & Hove Albion,Crystal Palace,2.5,8.5,Sportsbet,49,289,15114822,554852804,2647795952
Brighton & Hove Albion v Crystal Palace,Brighton & Hove Albion,Crystal Palace,Player Shots,James Milner,Brighton & Hove Albion,Crystal Palace,2.5,10,Sportsbet,49,289,15114822,554852804,2647795943
Brighton & Hove Albion v Crystal Palace,Brighton & Hove Albion,Crystal Palace,Player Shots,Christantus Uche,Crystal Palace,Brighton & Hove Albion,2.5,1.91,Sportsbet,49,289,15114822,554852804,2647795982
Brighton & Hove Albion v Crystal Palace,Brighton & Hove Albion,Crystal Palace,Player Shots,Jean-Philippe Mateta,Crystal Palace,Brighton & Hove Albion,2.5,1.72,Sportsbet,49,289,15114822,554852804,2647795967
Brighton & Hove Albion v Crystal Palace,Brighton & Hove Albion,Crystal Palace,Player Shots,J<c3><b8>rgen Strand Larsen,NA,NA,2.5,1.72,Sportsbet,49,289,15114822,554852804,2647795970
Brighton & Hove Albion v Crystal Palace,Brighton & Hove Albion,Crystal Palace,Player Shots,Zach Marsh,Crystal Palace,Brighton & Hove Albion,2.5,1.8,Sportsbet,49,289,15114822,554852804,2647795981
Brighton & Hove Albion v Crystal Palace,Brighton & Hove Albion,Crystal Palace,Player Shots,Brennan Johnson,Tottenham Hotspur,Brighton & Hove Albion,2.5,2.5,Sportsbet,49,289,15114822,554852804,2647795973
Brighton & Hove Albion v Crystal Palace,Brighton & Hove Albion,Crystal Palace,Player Shots,Brennan Johnson,Crystal Palace,Brighton & Hove Albion,2.5,2.5,Sportsbet,49,289,15114822,554852804,2647795973
Brighton & Hove Albion v Crystal Palace,Brighton & Hove Albion,Crystal Palace,Player Shots,Evann Guessand,Aston Villa,Brighton & Hove Albion,2.5,2.3,Sportsbet,49,289,15114822,554852804,2647795975
Brighton & Hove Albion v Crystal Palace,Brighton & Hove Albion,Crystal Palace,Player Shots,Isma<c3><af>la Sarr,NA,NA,2.5,2.5,Sportsbet,49,289,15114822,554852804,2647795965
Brighton & Hove Albion v Crystal Palace,Brighton & Hove Albion,Crystal Palace,Player Shots,Joel Drakes-Thomas,NA,NA,2.5,2.8,Sportsbet,49,289,15114822,554852804,2647795984
Brighton & Hove Albion v Crystal Palace,Brighton & Hove Albion,Crystal Palace,Player Shots,Yeremy Pino,NA,NA,2.5,2.75,Sportsbet,49,289,15114822,554852804,2647795978
Brighton & Hove Albion v Crystal Palace,Brighton & Hove Albion,Crystal Palace,Player Shots,Daichi Kamada,Crystal Palace,Brighton & Hove Albion,2.5,5.5,Sportsbet,49,289,15114822,554852804,2647795969
Brighton & Hove Albion v Crystal Palace,Brighton & Hove Albion,Crystal Palace,Player Shots,Daniel Mu<c3><b1>oz,NA,NA,2.5,5,Sportsbet,49,289,15114822,554852804,2647795974
Brighton & Hove Albion v Crystal Palace,Brighton & Hove Albion,Crystal Palace,Player Shots,Jefferson Lerma,Crystal Palace,Brighton & Hove Albion,2.5,5,Sportsbet,49,289,15114822,554852804,2647795964
Brighton & Hove Albion v Crystal Palace,Brighton & Hove Albion,Crystal Palace,Player Shots,Adam Wharton,Crystal Palace,Brighton & Hove Albion,2.5,7,Sportsbet,49,289,15114822,554852804,2647795979
Brighton & Hove Albion v Crystal Palace,Brighton & Hove Albion,Crystal Palace,Player Shots,Kaden Rodney,Crystal Palace,Brighton & Hove Albion,2.5,9.5,Sportsbet,49,289,15114822,554852804,2647795980
Brighton & Hove Albion v Crystal Palace,Brighton & Hove Albion,Crystal Palace,Player Shots,Will Hughes,Crystal Palace,Brighton & Hove Albion,2.5,9.5,Sportsbet,49,289,15114822,554852804,2647795963
Brighton & Hove Albion v Crystal Palace,Brighton & Hove Albion,Crystal Palace,Player Shots,Nathaniel Clyne,Crystal Palace,Brighton & Hove Albion,2.5,11,Sportsbet,49,289,15114822,554852804,2647795962
Brighton & Hove Albion v Crystal Palace,Brighton & Hove Albion,Crystal Palace,Player Shots,Charalampos Kostoulas,Brighton & Hove Albion,Crystal Palace,3.5,3,Sportsbet,49,289,15114822,554852807,2647796084
Brighton & Hove Albion v Crystal Palace,Brighton & Hove Albion,Crystal Palace,Player Shots,Danny Welbeck,Brighton & Hove Albion,Crystal Palace,3.5,3,Sportsbet,49,289,15114822,554852807,2647796068
Brighton & Hove Albion v Crystal Palace,Brighton & Hove Albion,Crystal Palace,Player Shots,Georginio Rutter,Brighton & Hove Albion,Crystal Palace,3.5,3.5,Sportsbet,49,289,15114822,554852807,2647796074
Brighton & Hove Albion v Crystal Palace,Brighton & Hove Albion,Crystal Palace,Player Shots,Harry Howell,Brighton & Hove Albion,Crystal Palace,3.5,3.75,Sportsbet,49,289,15114822,554852807,2647796083
Brighton & Hove Albion v Crystal Palace,Brighton & Hove Albion,Crystal Palace,Player Shots,Diego Gomez,NA,NA,3.5,4.33,Sportsbet,49,289,15114822,554852807,2647796079
Brighton & Hove Albion v Crystal Palace,Brighton & Hove Albion,Crystal Palace,Player Shots,Kaoru Mitoma,Brighton & Hove Albion,Crystal Palace,3.5,5,Sportsbet,49,289,15114822,554852807,2647796077
Brighton & Hove Albion v Crystal Palace,Brighton & Hove Albion,Crystal Palace,Player Shots,Matt O'Riley,Brighton & Hove Albion,Crystal Palace,3.5,5,Sportsbet,49,289,15114822,554852807,2647796073
Brighton & Hove Albion v Crystal Palace,Brighton & Hove Albion,Crystal Palace,Player Shots,Yankuba Minteh,Brighton & Hove Albion,Crystal Palace,3.5,5,Sportsbet,49,289,15114822,554852807,2647796082
Brighton & Hove Albion v Crystal Palace,Brighton & Hove Albion,Crystal Palace,Player Shots,Carlos Baleba,Brighton & Hove Albion,Crystal Palace,3.5,7.5,Sportsbet,49,289,15114822,554852807,2647796081
Brighton & Hove Albion v Crystal Palace,Brighton & Hove Albion,Crystal Palace,Player Shots,Pascal Gross,NA,NA,3.5,8.5,Sportsbet,49,289,15114822,554852807,2647796065
Brighton & Hove Albion v Crystal Palace,Brighton & Hove Albion,Crystal Palace,Player Shots,Jack Hinshelwood,Brighton & Hove Albion,Crystal Palace,3.5,12,Sportsbet,49,289,15114822,554852807,2647796080
Brighton & Hove Albion v Crystal Palace,Brighton & Hove Albion,Crystal Palace,Player Shots,Ferdi Kadioglu,NA,NA,3.5,23,Sportsbet,49,289,15114822,554852807,2647796071
Brighton & Hove Albion v Crystal Palace,Brighton & Hove Albion,Crystal Palace,Player Shots,Maxim De Cuyper,Brighton & Hove Albion,Crystal Palace,3.5,23,Sportsbet,49,289,15114822,554852807,2647796076
Brighton & Hove Albion v Crystal Palace,Brighton & Hove Albion,Crystal Palace,Player Shots,Jan Paul van Hecke,Brighton & Hove Albion,Crystal Palace,3.5,26,Sportsbet,49,289,15114822,554852807,2647796075
Brighton & Hove Albion v Crystal Palace,Brighton & Hove Albion,Crystal Palace,Player Shots,James Milner,Brighton & Hove Albion,Crystal Palace,3.5,36,Sportsbet,49,289,15114822,554852807,2647796066
Brighton & Hove Albion v Crystal Palace,Brighton & Hove Albion,Crystal Palace,Player Shots,Jean-Philippe Mateta,Crystal Palace,Brighton & Hove Albion,3.5,2.88,Sportsbet,49,289,15114822,554852807,2647796090
Brighton & Hove Albion v Crystal Palace,Brighton & Hove Albion,Crystal Palace,Player Shots,J<c3><b8>rgen Strand Larsen,NA,NA,3.5,2.88,Sportsbet,49,289,15114822,554852807,2647796093
Brighton & Hove Albion v Crystal Palace,Brighton & Hove Albion,Crystal Palace,Player Shots,Christantus Uche,Crystal Palace,Brighton & Hove Albion,3.5,3.3,Sportsbet,49,289,15114822,554852807,2647795531
Brighton & Hove Albion v Crystal Palace,Brighton & Hove Albion,Crystal Palace,Player Shots,Zach Marsh,Crystal Palace,Brighton & Hove Albion,3.5,3.1,Sportsbet,49,289,15114822,554852807,2647795530
Brighton & Hove Albion v Crystal Palace,Brighton & Hove Albion,Crystal Palace,Player Shots,Brennan Johnson,Tottenham Hotspur,Brighton & Hove Albion,3.5,4.5,Sportsbet,49,289,15114822,554852807,2647796096
Brighton & Hove Albion v Crystal Palace,Brighton & Hove Albion,Crystal Palace,Player Shots,Brennan Johnson,Crystal Palace,Brighton & Hove Albion,3.5,4.5,Sportsbet,49,289,15114822,554852807,2647796096
Brighton & Hove Albion v Crystal Palace,Brighton & Hove Albion,Crystal Palace,Player Shots,Evann Guessand,Aston Villa,Brighton & Hove Albion,3.5,4.33,Sportsbet,49,289,15114822,554852807,2647796098
Brighton & Hove Albion v Crystal Palace,Brighton & Hove Albion,Crystal Palace,Player Shots,Isma<c3><af>la Sarr,NA,NA,3.5,4.5,Sportsbet,49,289,15114822,554852807,2647796088
Brighton & Hove Albion v Crystal Palace,Brighton & Hove Albion,Crystal Palace,Player Shots,Joel Drakes-Thomas,NA,NA,3.5,5.5,Sportsbet,49,289,15114822,554852807,2647795533
Brighton & Hove Albion v Crystal Palace,Brighton & Hove Albion,Crystal Palace,Player Shots,Yeremy Pino,NA,NA,3.5,5,Sportsbet,49,289,15114822,554852807,2647795527
Brighton & Hove Albion v Crystal Palace,Brighton & Hove Albion,Crystal Palace,Player Shots,Jefferson Lerma,Crystal Palace,Brighton & Hove Albion,3.5,12,Sportsbet,49,289,15114822,554852807,2647796087
Brighton & Hove Albion v Crystal Palace,Brighton & Hove Albion,Crystal Palace,Player Shots,Daniel Mu<c3><b1>oz,NA,NA,3.5,13,Sportsbet,49,289,15114822,554852807,2647796097
Brighton & Hove Albion v Crystal Palace,Brighton & Hove Albion,Crystal Palace,Player Shots,Daichi Kamada,Crystal Palace,Brighton & Hove Albion,3.5,14,Sportsbet,49,289,15114822,554852807,2647796092
Brighton & Hove Albion v Crystal Palace,Brighton & Hove Albion,Crystal Palace,Player Shots,Adam Wharton,Crystal Palace,Brighton & Hove Albion,3.5,21,Sportsbet,49,289,15114822,554852807,2647795528
Brighton & Hove Albion v Crystal Palace,Brighton & Hove Albion,Crystal Palace,Player Shots,Kaden Rodney,Crystal Palace,Brighton & Hove Albion,3.5,34,Sportsbet,49,289,15114822,554852807,2647795529
Brighton & Hove Albion v Crystal Palace,Brighton & Hove Albion,Crystal Palace,Player Shots,Will Hughes,Crystal Palace,Brighton & Hove Albion,3.5,34,Sportsbet,49,289,15114822,554852807,2647796086
Brighton & Hove Albion v Crystal Palace,Brighton & Hove Albion,Crystal Palace,Player Shots,Nathaniel Clyne,Crystal Palace,Brighton & Hove Albion,3.5,46,Sportsbet,49,289,15114822,554852807,2647796085
Brighton & Hove Albion v Crystal Palace,Brighton & Hove Albion,Crystal Palace,Player Shots,Charalampos Kostoulas,Brighton & Hove Albion,Crystal Palace,4.5,5,Sportsbet,49,289,15114822,554852810,2647795633
Brighton & Hove Albion v Crystal Palace,Brighton & Hove Albion,Crystal Palace,Player Shots,Danny Welbeck,Brighton & Hove Albion,Crystal Palace,4.5,5,Sportsbet,49,289,15114822,554852810,2647795617
Brighton & Hove Albion v Crystal Palace,Brighton & Hove Albion,Crystal Palace,Player Shots,Georginio Rutter,Brighton & Hove Albion,Crystal Palace,4.5,6.5,Sportsbet,49,289,15114822,554852810,2647795623
Brighton & Hove Albion v Crystal Palace,Brighton & Hove Albion,Crystal Palace,Player Shots,Harry Howell,Brighton & Hove Albion,Crystal Palace,4.5,7.5,Sportsbet,49,289,15114822,554852810,2647795632
Brighton & Hove Albion v Crystal Palace,Brighton & Hove Albion,Crystal Palace,Player Shots,Diego Gomez,NA,NA,4.5,8.5,Sportsbet,49,289,15114822,554852810,2647795628
Brighton & Hove Albion v Crystal Palace,Brighton & Hove Albion,Crystal Palace,Player Shots,Yankuba Minteh,Brighton & Hove Albion,Crystal Palace,4.5,10,Sportsbet,49,289,15114822,554852810,2647795631
Brighton & Hove Albion v Crystal Palace,Brighton & Hove Albion,Crystal Palace,Player Shots,Kaoru Mitoma,Brighton & Hove Albion,Crystal Palace,4.5,11,Sportsbet,49,289,15114822,554852810,2647795626
Brighton & Hove Albion v Crystal Palace,Brighton & Hove Albion,Crystal Palace,Player Shots,Matt O'Riley,Brighton & Hove Albion,Crystal Palace,4.5,11,Sportsbet,49,289,15114822,554852810,2647795622
Brighton & Hove Albion v Crystal Palace,Brighton & Hove Albion,Crystal Palace,Player Shots,Carlos Baleba,Brighton & Hove Albion,Crystal Palace,4.5,19,Sportsbet,49,289,15114822,554852810,2647795630
Brighton & Hove Albion v Crystal Palace,Brighton & Hove Albion,Crystal Palace,Player Shots,Pascal Gross,NA,NA,4.5,21,Sportsbet,49,289,15114822,554852810,2647795614
Brighton & Hove Albion v Crystal Palace,Brighton & Hove Albion,Crystal Palace,Player Shots,Jack Hinshelwood,Brighton & Hove Albion,Crystal Palace,4.5,41,Sportsbet,49,289,15114822,554852810,2647795629
Brighton & Hove Albion v Crystal Palace,Brighton & Hove Albion,Crystal Palace,Player Shots,Jean-Philippe Mateta,Crystal Palace,Brighton & Hove Albion,4.5,5,Sportsbet,49,289,15114822,554852810,2647795639
Brighton & Hove Albion v Crystal Palace,Brighton & Hove Albion,Crystal Palace,Player Shots,J<c3><b8>rgen Strand Larsen,NA,NA,4.5,5,Sportsbet,49,289,15114822,554852810,2647795642
Brighton & Hove Albion v Crystal Palace,Brighton & Hove Albion,Crystal Palace,Player Shots,Zach Marsh,Crystal Palace,Brighton & Hove Albion,4.5,5.5,Sportsbet,49,289,15114822,554852810,2647795653
Brighton & Hove Albion v Crystal Palace,Brighton & Hove Albion,Crystal Palace,Player Shots,Christantus Uche,Crystal Palace,Brighton & Hove Albion,4.5,6,Sportsbet,49,289,15114822,554852810,2647795654
Brighton & Hove Albion v Crystal Palace,Brighton & Hove Albion,Crystal Palace,Player Shots,Evann Guessand,Aston Villa,Brighton & Hove Albion,4.5,8.5,Sportsbet,49,289,15114822,554852810,2647795647
Brighton & Hove Albion v Crystal Palace,Brighton & Hove Albion,Crystal Palace,Player Shots,Brennan Johnson,Tottenham Hotspur,Brighton & Hove Albion,4.5,9.5,Sportsbet,49,289,15114822,554852810,2647795645
Brighton & Hove Albion v Crystal Palace,Brighton & Hove Albion,Crystal Palace,Player Shots,Brennan Johnson,Crystal Palace,Brighton & Hove Albion,4.5,9.5,Sportsbet,49,289,15114822,554852810,2647795645
Brighton & Hove Albion v Crystal Palace,Brighton & Hove Albion,Crystal Palace,Player Shots,Isma<c3><af>la Sarr,NA,NA,4.5,9.5,Sportsbet,49,289,15114822,554852810,2647795637
Brighton & Hove Albion v Crystal Palace,Brighton & Hove Albion,Crystal Palace,Player Shots,Yeremy Pino,NA,NA,4.5,11,Sportsbet,49,289,15114822,554852810,2647795650
Brighton & Hove Albion v Crystal Palace,Brighton & Hove Albion,Crystal Palace,Player Shots,Joel Drakes-Thomas,NA,NA,4.5,12,Sportsbet,49,289,15114822,554852810,2647795656
Brighton & Hove Albion v Crystal Palace,Brighton & Hove Albion,Crystal Palace,Player Shots,Jefferson Lerma,Crystal Palace,Brighton & Hove Albion,4.5,36,Sportsbet,49,289,15114822,554852810,2647795636
Brighton & Hove Albion v Crystal Palace,Brighton & Hove Albion,Crystal Palace,Player Shots,Daichi Kamada,Crystal Palace,Brighton & Hove Albion,4.5,46,Sportsbet,49,289,15114822,554852810,2647795641
Brighton & Hove Albion v Crystal Palace,Brighton & Hove Albion,Crystal Palace,Player Shots,Daniel Mu<c3><b1>oz,NA,NA,4.5,46,Sportsbet,49,289,15114822,554852810,2647795646
Brighton & Hove Albion v Crystal Palace,Brighton & Hove Albion,Crystal Palace,Player Shots,Charalampos Kostoulas,Brighton & Hove Albion,Crystal Palace,5.5,10,Sportsbet,49,289,15114822,554852811,2647795676
Brighton & Hove Albion v Crystal Palace,Brighton & Hove Albion,Crystal Palace,Player Shots,Danny Welbeck,Brighton & Hove Albion,Crystal Palace,5.5,10,Sportsbet,49,289,15114822,554852811,2647795660
Brighton & Hove Albion v Crystal Palace,Brighton & Hove Albion,Crystal Palace,Player Shots,Georginio Rutter,Brighton & Hove Albion,Crystal Palace,5.5,13,Sportsbet,49,289,15114822,554852811,2647795666
Brighton & Hove Albion v Crystal Palace,Brighton & Hove Albion,Crystal Palace,Player Shots,Harry Howell,Brighton & Hove Albion,Crystal Palace,5.5,15,Sportsbet,49,289,15114822,554852811,2647795675
Brighton & Hove Albion v Crystal Palace,Brighton & Hove Albion,Crystal Palace,Player Shots,Diego Gomez,NA,NA,5.5,21,Sportsbet,49,289,15114822,554852811,2647795671
Brighton & Hove Albion v Crystal Palace,Brighton & Hove Albion,Crystal Palace,Player Shots,Matt O'Riley,Brighton & Hove Albion,Crystal Palace,5.5,26,Sportsbet,49,289,15114822,554852811,2647795665
Brighton & Hove Albion v Crystal Palace,Brighton & Hove Albion,Crystal Palace,Player Shots,Yankuba Minteh,Brighton & Hove Albion,Crystal Palace,5.5,26,Sportsbet,49,289,15114822,554852811,2647795674
Brighton & Hove Albion v Crystal Palace,Brighton & Hove Albion,Crystal Palace,Player Shots,Kaoru Mitoma,Brighton & Hove Albion,Crystal Palace,5.5,31,Sportsbet,49,289,15114822,554852811,2647795669
Brighton & Hove Albion v Crystal Palace,Brighton & Hove Albion,Crystal Palace,Player Shots,Jean-Philippe Mateta,Crystal Palace,Brighton & Hove Albion,5.5,9.5,Sportsbet,49,289,15114822,554852811,2647795682
Brighton & Hove Albion v Crystal Palace,Brighton & Hove Albion,Crystal Palace,Player Shots,J<c3><b8>rgen Strand Larsen,NA,NA,5.5,9.5,Sportsbet,49,289,15114822,554852811,2647795685
Brighton & Hove Albion v Crystal Palace,Brighton & Hove Albion,Crystal Palace,Player Shots,Zach Marsh,Crystal Palace,Brighton & Hove Albion,5.5,10,Sportsbet,49,289,15114822,554852811,2647795696
Brighton & Hove Albion v Crystal Palace,Brighton & Hove Albion,Crystal Palace,Player Shots,Christantus Uche,Crystal Palace,Brighton & Hove Albion,5.5,12,Sportsbet,49,289,15114822,554852811,2647795697
Brighton & Hove Albion v Crystal Palace,Brighton & Hove Albion,Crystal Palace,Player Shots,Evann Guessand,Aston Villa,Brighton & Hove Albion,5.5,19,Sportsbet,49,289,15114822,554852811,2647795690
Brighton & Hove Albion v Crystal Palace,Brighton & Hove Albion,Crystal Palace,Player Shots,Brennan Johnson,Tottenham Hotspur,Brighton & Hove Albion,5.5,23,Sportsbet,49,289,15114822,554852811,2647795688
Brighton & Hove Albion v Crystal Palace,Brighton & Hove Albion,Crystal Palace,Player Shots,Brennan Johnson,Crystal Palace,Brighton & Hove Albion,5.5,23,Sportsbet,49,289,15114822,554852811,2647795688
Brighton & Hove Albion v Crystal Palace,Brighton & Hove Albion,Crystal Palace,Player Shots,Isma<c3><af>la Sarr,NA,NA,5.5,23,Sportsbet,49,289,15114822,554852811,2647795680
Brighton & Hove Albion v Crystal Palace,Brighton & Hove Albion,Crystal Palace,Player Shots,Yeremy Pino,NA,NA,5.5,26,Sportsbet,49,289,15114822,554852811,2647795693
Brighton & Hove Albion v Crystal Palace,Brighton & Hove Albion,Crystal Palace,Player Shots,Joel Drakes-Thomas,NA,NA,5.5,31,Sportsbet,49,289,15114822,554852811,2647795699
Liverpool v Manchester City,Liverpool,Manchester City,Player Shots,Alexis Mac Allister,Liverpool,Manchester City,0.5,1.12,Sportsbet,49,289,15114819,554845611,2647753415
Liverpool v Manchester City,Liverpool,Manchester City,Player Shots,Amara Nallo,Liverpool,Manchester City,0.5,1.72,Sportsbet,49,289,15114819,554845611,2647753421
Liverpool v Manchester City,Liverpool,Manchester City,Player Shots,Andrew Robertson,Liverpool,Manchester City,0.5,1.45,Sportsbet,49,289,15114819,554845611,2647753406
Liverpool v Manchester City,Liverpool,Manchester City,Player Shots,Calvin Ramsay,Liverpool,Manchester City,0.5,1.33,Sportsbet,49,289,15114819,554845611,2647753416
Liverpool v Manchester City,Liverpool,Manchester City,Player Shots,Curtis Jones,Liverpool,Manchester City,0.5,1.14,Sportsbet,49,289,15114819,554845611,2647753413
Liverpool v Manchester City,Liverpool,Manchester City,Player Shots,Dominik Szoboszlai,Liverpool,Manchester City,0.5,1.1,Sportsbet,49,289,15114819,554845611,2647753411
Liverpool v Manchester City,Liverpool,Manchester City,Player Shots,Florian Wirtz,Liverpool,Manchester City,0.5,1.07,Sportsbet,49,289,15114819,554845611,2647753417
Liverpool v Manchester City,Liverpool,Manchester City,Player Shots,Ibrahima Konat<c3><a9>,NA,NA,0.5,1.62,Sportsbet,49,289,15114819,554845611,2647753410
Liverpool v Manchester City,Liverpool,Manchester City,Player Shots,Joe Gomez,Liverpool,Manchester City,0.5,1.57,Sportsbet,49,289,15114819,554845611,2647753407
Liverpool v Manchester City,Liverpool,Manchester City,Player Shots,Ryan Gravenberch,Liverpool,Manchester City,0.5,1.33,Sportsbet,49,289,15114819,554845611,2647753414
Liverpool v Manchester City,Liverpool,Manchester City,Player Shots,Trey Nyoni,Liverpool,Manchester City,0.5,1.14,Sportsbet,49,289,15114819,554845611,2647753420
Liverpool v Manchester City,Liverpool,Manchester City,Player Shots,Virgil van Dijk,Liverpool,Manchester City,0.5,1.62,Sportsbet,49,289,15114819,554845611,2647753404
Liverpool v Manchester City,Liverpool,Manchester City,Player Shots,Wataru Endo,Liverpool,Manchester City,0.5,1.62,Sportsbet,49,289,15114819,554845611,2647753409
Liverpool v Manchester City,Liverpool,Manchester City,Player Shots,Milos Kerkez,Liverpool,Manchester City,0.5,2,Sportsbet,49,289,15114819,554845611,2647753419
Liverpool v Manchester City,Liverpool,Manchester City,Player Shots,Bernardo Silva,Manchester City,Liverpool,0.5,1.53,Sportsbet,49,289,15114819,554845611,2647753424
Liverpool v Manchester City,Liverpool,Manchester City,Player Shots,Marc Gu<c3><a9>hi,NA,NA,0.5,1.3,Sportsbet,49,289,15114819,554845611,2647753429
Liverpool v Manchester City,Liverpool,Manchester City,Player Shots,Matheus Nunes,Manchester City,Liverpool,0.5,1.72,Sportsbet,49,289,15114819,554845611,2647753435
Liverpool v Manchester City,Liverpool,Manchester City,Player Shots,Max Alleyne,Manchester City,Liverpool,0.5,1.91,Sportsbet,49,289,15114819,554845611,2647753440
Liverpool v Manchester City,Liverpool,Manchester City,Player Shots,Nico Gonzalez,NA,NA,0.5,1.45,Sportsbet,49,289,15114819,554845611,2647753436
Liverpool v Manchester City,Liverpool,Manchester City,Player Shots,Nico O'Reilly,Manchester City,Liverpool,0.5,1.45,Sportsbet,49,289,15114819,554845611,2647753438
Liverpool v Manchester City,Liverpool,Manchester City,Player Shots,Phil Foden,Manchester City,Liverpool,0.5,1.08,Sportsbet,49,289,15114819,554845611,2647753427
Liverpool v Manchester City,Liverpool,Manchester City,Player Shots,Rayan A<c3><af>t-Nouri,NA,NA,0.5,1.45,Sportsbet,49,289,15114819,554845611,2647753430
Liverpool v Manchester City,Liverpool,Manchester City,Player Shots,Rayan Cherki,Manchester City,Liverpool,0.5,1.08,Sportsbet,49,289,15114819,554845611,2647753433
Liverpool v Manchester City,Liverpool,Manchester City,Player Shots,Rico Lewis,Manchester City,Liverpool,0.5,1.8,Sportsbet,49,289,15114819,554845611,2647753437
Liverpool v Manchester City,Liverpool,Manchester City,Player Shots,Rodri,Manchester City,Liverpool,0.5,1.3,Sportsbet,49,289,15114819,554845611,2647753425
Liverpool v Manchester City,Liverpool,Manchester City,Player Shots,Sverre Nypan,NA,NA,0.5,1.28,Sportsbet,49,289,15114819,554845611,2647753439
Liverpool v Manchester City,Liverpool,Manchester City,Player Shots,Tijjani Reijnders,Manchester City,Liverpool,0.5,1.06,Sportsbet,49,289,15114819,554845611,2647753428
Liverpool v Manchester City,Liverpool,Manchester City,Player Shots,Abdukodir Khusanov,Manchester City,Liverpool,0.5,2.6,Sportsbet,49,289,15114819,554845611,2647753441
Liverpool v Manchester City,Liverpool,Manchester City,Player Shots,Nathan Ak<c3><a9>,NA,NA,0.5,2.6,Sportsbet,49,289,15114819,554845611,2647753423
Liverpool v Manchester City,Liverpool,Manchester City,Player Shots,R<c3><ba>ben Dias,NA,NA,0.5,2.3,Sportsbet,49,289,15114819,554845611,2647753426
Liverpool v Manchester City,Liverpool,Manchester City,Player Shots,Alexis Mac Allister,Liverpool,Manchester City,1.5,1.72,Sportsbet,49,289,15114819,554845617,2647753873
Liverpool v Manchester City,Liverpool,Manchester City,Player Shots,Cody Gakpo,Liverpool,Manchester City,1.5,1.36,Sportsbet,49,289,15114819,554845617,2647753870
Liverpool v Manchester City,Liverpool,Manchester City,Player Shots,Curtis Jones,Liverpool,Manchester City,1.5,1.91,Sportsbet,49,289,15114819,554845617,2647753871
Liverpool v Manchester City,Liverpool,Manchester City,Player Shots,Dominik Szoboszlai,Liverpool,Manchester City,1.5,1.62,Sportsbet,49,289,15114819,554845617,2647753869
Liverpool v Manchester City,Liverpool,Manchester City,Player Shots,Federico Chiesa,Liverpool,Manchester City,1.5,1.2,Sportsbet,49,289,15114819,554845617,2647753866
Liverpool v Manchester City,Liverpool,Manchester City,Player Shots,Florian Wirtz,Liverpool,Manchester City,1.5,1.5,Sportsbet,49,289,15114819,554845617,2647753875
Liverpool v Manchester City,Liverpool,Manchester City,Player Shots,Hugo Ekitike,NA,NA,1.5,1.14,Sportsbet,49,289,15114819,554845617,2647753876
Liverpool v Manchester City,Liverpool,Manchester City,Player Shots,Mohamed Salah,Liverpool,Manchester City,1.5,1.2,Sportsbet,49,289,15114819,554845617,2647753863
Liverpool v Manchester City,Liverpool,Manchester City,Player Shots,Rio Ngumoha,Liverpool,Manchester City,1.5,1.28,Sportsbet,49,289,15114819,554845617,2647753880
Liverpool v Manchester City,Liverpool,Manchester City,Player Shots,Trey Nyoni,Liverpool,Manchester City,1.5,1.91,Sportsbet,49,289,15114819,554845617,2647753878
Liverpool v Manchester City,Liverpool,Manchester City,Player Shots,Calvin Ramsay,Liverpool,Manchester City,1.5,2.8,Sportsbet,49,289,15114819,554845617,2647753874
Liverpool v Manchester City,Liverpool,Manchester City,Player Shots,Ryan Gravenberch,Liverpool,Manchester City,1.5,2.88,Sportsbet,49,289,15114819,554845617,2647753872
Liverpool v Manchester City,Liverpool,Manchester City,Player Shots,Andrew Robertson,Liverpool,Manchester City,1.5,3.4,Sportsbet,49,289,15114819,554845617,2647753864
Liverpool v Manchester City,Liverpool,Manchester City,Player Shots,Amara Nallo,Liverpool,Manchester City,1.5,4.5,Sportsbet,49,289,15114819,554845617,2647753879
Liverpool v Manchester City,Liverpool,Manchester City,Player Shots,Ibrahima Konat<c3><a9>,NA,NA,1.5,4.2,Sportsbet,49,289,15114819,554845617,2647753868
Liverpool v Manchester City,Liverpool,Manchester City,Player Shots,Joe Gomez,Liverpool,Manchester City,1.5,4.2,Sportsbet,49,289,15114819,554845617,2647753865
Liverpool v Manchester City,Liverpool,Manchester City,Player Shots,Virgil van Dijk,Liverpool,Manchester City,1.5,4.33,Sportsbet,49,289,15114819,554845617,2647753862
Liverpool v Manchester City,Liverpool,Manchester City,Player Shots,Wataru Endo,Liverpool,Manchester City,1.5,4.2,Sportsbet,49,289,15114819,554845617,2647753867
Liverpool v Manchester City,Liverpool,Manchester City,Player Shots,Milos Kerkez,Liverpool,Manchester City,1.5,6.5,Sportsbet,49,289,15114819,554845617,2647753877
Liverpool v Manchester City,Liverpool,Manchester City,Player Shots,Antoine Semenyo,Manchester City,Liverpool,1.5,1.33,Sportsbet,49,289,15114819,554845617,2647753889
Liverpool v Manchester City,Liverpool,Manchester City,Player Shots,Antoine Semenyo,Bournemouth,Liverpool,1.5,1.33,Sportsbet,49,289,15114819,554845617,2647753889
Liverpool v Manchester City,Liverpool,Manchester City,Player Shots,Erling Haaland,Manchester City,Liverpool,1.5,1.12,Sportsbet,49,289,15114819,554845617,2647753890
Liverpool v Manchester City,Liverpool,Manchester City,Player Shots,Omar Marmoush,Manchester City,Liverpool,1.5,1.14,Sportsbet,49,289,15114819,554845617,2647753892
Liverpool v Manchester City,Liverpool,Manchester City,Player Shots,Phil Foden,Manchester City,Liverpool,1.5,1.53,Sportsbet,49,289,15114819,554845617,2647753885
Liverpool v Manchester City,Liverpool,Manchester City,Player Shots,Rayan Cherki,Manchester City,Liverpool,1.5,1.53,Sportsbet,49,289,15114819,554845617,2647753891
Liverpool v Manchester City,Liverpool,Manchester City,Player Shots,Tijjani Reijnders,Manchester City,Liverpool,1.5,1.4,Sportsbet,49,289,15114819,554845617,2647753886
Liverpool v Manchester City,Liverpool,Manchester City,Player Shots,Marc Gu<c3><a9>hi,NA,NA,1.5,2.7,Sportsbet,49,289,15114819,554845617,2647753887
Liverpool v Manchester City,Liverpool,Manchester City,Player Shots,Rodri,Manchester City,Liverpool,1.5,2.75,Sportsbet,49,289,15114819,554845617,2647753883
Liverpool v Manchester City,Liverpool,Manchester City,Player Shots,Sverre Nypan,NA,NA,1.5,2.5,Sportsbet,49,289,15114819,554845617,2647753897
Liverpool v Manchester City,Liverpool,Manchester City,Player Shots,Bernardo Silva,Manchester City,Liverpool,1.5,3.75,Sportsbet,49,289,15114819,554845617,2647753882
Liverpool v Manchester City,Liverpool,Manchester City,Player Shots,Nico Gonzalez,NA,NA,1.5,3.4,Sportsbet,49,289,15114819,554845617,2647753894
Liverpool v Manchester City,Liverpool,Manchester City,Player Shots,Nico O'Reilly,Manchester City,Liverpool,1.5,3.4,Sportsbet,49,289,15114819,554845617,2647753896
Liverpool v Manchester City,Liverpool,Manchester City,Player Shots,Rayan A<c3><af>t-Nouri,NA,NA,1.5,3.4,Sportsbet,49,289,15114819,554845617,2647753888
Liverpool v Manchester City,Liverpool,Manchester City,Player Shots,Matheus Nunes,Manchester City,Liverpool,1.5,5,Sportsbet,49,289,15114819,554845617,2647753893
Liverpool v Manchester City,Liverpool,Manchester City,Player Shots,Max Alleyne,Manchester City,Liverpool,1.5,5.5,Sportsbet,49,289,15114819,554845617,2647753898
Liverpool v Manchester City,Liverpool,Manchester City,Player Shots,Rico Lewis,Manchester City,Liverpool,1.5,5,Sportsbet,49,289,15114819,554845617,2647753895
Liverpool v Manchester City,Liverpool,Manchester City,Player Shots,R<c3><ba>ben Dias,NA,NA,1.5,8,Sportsbet,49,289,15114819,554845617,2647753884
Liverpool v Manchester City,Liverpool,Manchester City,Player Shots,Abdukodir Khusanov,Manchester City,Liverpool,1.5,10,Sportsbet,49,289,15114819,554845617,2647753899
Liverpool v Manchester City,Liverpool,Manchester City,Player Shots,Nathan Ak<c3><a9>,NA,NA,1.5,10,Sportsbet,49,289,15114819,554845617,2647753881
Liverpool v Manchester City,Liverpool,Manchester City,Player Shots,Federico Chiesa,Liverpool,Manchester City,2.5,1.72,Sportsbet,49,289,15114819,554845593,2647753212
Liverpool v Manchester City,Liverpool,Manchester City,Player Shots,Hugo Ekitike,NA,NA,2.5,1.5,Sportsbet,49,289,15114819,554845593,2647753222
Liverpool v Manchester City,Liverpool,Manchester City,Player Shots,Mohamed Salah,Liverpool,Manchester City,2.5,1.72,Sportsbet,49,289,15114819,554845593,2647753209
Liverpool v Manchester City,Liverpool,Manchester City,Player Shots,Rio Ngumoha,Liverpool,Manchester City,2.5,1.91,Sportsbet,49,289,15114819,554845593,2647753226
Liverpool v Manchester City,Liverpool,Manchester City,Player Shots,Cody Gakpo,Liverpool,Manchester City,2.5,2.2,Sportsbet,49,289,15114819,554845593,2647753216
Liverpool v Manchester City,Liverpool,Manchester City,Player Shots,Florian Wirtz,Liverpool,Manchester City,2.5,2.7,Sportsbet,49,289,15114819,554845593,2647753221
Liverpool v Manchester City,Liverpool,Manchester City,Player Shots,Alexis Mac Allister,Liverpool,Manchester City,2.5,3.4,Sportsbet,49,289,15114819,554845593,2647753219
Liverpool v Manchester City,Liverpool,Manchester City,Player Shots,Dominik Szoboszlai,Liverpool,Manchester City,2.5,3,Sportsbet,49,289,15114819,554845593,2647753215
Liverpool v Manchester City,Liverpool,Manchester City,Player Shots,Curtis Jones,Liverpool,Manchester City,2.5,4,Sportsbet,49,289,15114819,554845593,2647753217
Liverpool v Manchester City,Liverpool,Manchester City,Player Shots,Trey Nyoni,Liverpool,Manchester City,2.5,4,Sportsbet,49,289,15114819,554845593,2647753224
Liverpool v Manchester City,Liverpool,Manchester City,Player Shots,Calvin Ramsay,Liverpool,Manchester City,2.5,7,Sportsbet,49,289,15114819,554845593,2647753220
Liverpool v Manchester City,Liverpool,Manchester City,Player Shots,Ryan Gravenberch,Liverpool,Manchester City,2.5,7,Sportsbet,49,289,15114819,554845593,2647753218
Liverpool v Manchester City,Liverpool,Manchester City,Player Shots,Andrew Robertson,Liverpool,Manchester City,2.5,9,Sportsbet,49,289,15114819,554845593,2647753210
Liverpool v Manchester City,Liverpool,Manchester City,Player Shots,Ibrahima Konat<c3><a9>,NA,NA,2.5,12,Sportsbet,49,289,15114819,554845593,2647753214
Liverpool v Manchester City,Liverpool,Manchester City,Player Shots,Erling Haaland,Manchester City,Liverpool,2.5,1.45,Sportsbet,49,289,15114819,554845593,2647753236
Liverpool v Manchester City,Liverpool,Manchester City,Player Shots,Omar Marmoush,Manchester City,Liverpool,2.5,1.57,Sportsbet,49,289,15114819,554845593,2647753238
Liverpool v Manchester City,Liverpool,Manchester City,Player Shots,Antoine Semenyo,Manchester City,Liverpool,2.5,2.1,Sportsbet,49,289,15114819,554845593,2647753235
Liverpool v Manchester City,Liverpool,Manchester City,Player Shots,Antoine Semenyo,Bournemouth,Liverpool,2.5,2.1,Sportsbet,49,289,15114819,554845593,2647753235
Liverpool v Manchester City,Liverpool,Manchester City,Player Shots,Phil Foden,Manchester City,Liverpool,2.5,2.75,Sportsbet,49,289,15114819,554845593,2647753231
Liverpool v Manchester City,Liverpool,Manchester City,Player Shots,Rayan Cherki,Manchester City,Liverpool,2.5,2.75,Sportsbet,49,289,15114819,554845593,2647753237
Liverpool v Manchester City,Liverpool,Manchester City,Player Shots,Tijjani Reijnders,Manchester City,Liverpool,2.5,2.5,Sportsbet,49,289,15114819,554845593,2647753232
Liverpool v Manchester City,Liverpool,Manchester City,Player Shots,Sverre Nypan,NA,NA,2.5,5.5,Sportsbet,49,289,15114819,554845593,2647753243
Liverpool v Manchester City,Liverpool,Manchester City,Player Shots,Marc Gu<c3><a9>hi,NA,NA,2.5,6,Sportsbet,49,289,15114819,554845593,2647753233
Liverpool v Manchester City,Liverpool,Manchester City,Player Shots,Rodri,Manchester City,Liverpool,2.5,6,Sportsbet,49,289,15114819,554845593,2647753229
Liverpool v Manchester City,Liverpool,Manchester City,Player Shots,Nico Gonzalez,NA,NA,2.5,9,Sportsbet,49,289,15114819,554845593,2647753240
Liverpool v Manchester City,Liverpool,Manchester City,Player Shots,Nico O'Reilly,Manchester City,Liverpool,2.5,9,Sportsbet,49,289,15114819,554845593,2647753242
Liverpool v Manchester City,Liverpool,Manchester City,Player Shots,Rayan A<c3><af>t-Nouri,NA,NA,2.5,9.5,Sportsbet,49,289,15114819,554845593,2647753234
Liverpool v Manchester City,Liverpool,Manchester City,Player Shots,Bernardo Silva,Manchester City,Liverpool,2.5,10,Sportsbet,49,289,15114819,554845593,2647753228
Liverpool v Manchester City,Liverpool,Manchester City,Player Shots,Federico Chiesa,Liverpool,Manchester City,3.5,2.88,Sportsbet,49,289,15114819,554845596,2647753522
Liverpool v Manchester City,Liverpool,Manchester City,Player Shots,Hugo Ekitike,NA,NA,3.5,2.37,Sportsbet,49,289,15114819,554845596,2647753532
Liverpool v Manchester City,Liverpool,Manchester City,Player Shots,Mohamed Salah,Liverpool,Manchester City,3.5,2.88,Sportsbet,49,289,15114819,554845596,2647753519
Liverpool v Manchester City,Liverpool,Manchester City,Player Shots,Rio Ngumoha,Liverpool,Manchester City,3.5,3.4,Sportsbet,49,289,15114819,554845596,2647753536
Liverpool v Manchester City,Liverpool,Manchester City,Player Shots,Cody Gakpo,Liverpool,Manchester City,3.5,4,Sportsbet,49,289,15114819,554845596,2647753526
Liverpool v Manchester City,Liverpool,Manchester City,Player Shots,Florian Wirtz,Liverpool,Manchester City,3.5,5,Sportsbet,49,289,15114819,554845596,2647753531
Liverpool v Manchester City,Liverpool,Manchester City,Player Shots,Dominik Szoboszlai,Liverpool,Manchester City,3.5,6,Sportsbet,49,289,15114819,554845596,2647753525
Liverpool v Manchester City,Liverpool,Manchester City,Player Shots,Alexis Mac Allister,Liverpool,Manchester City,3.5,7,Sportsbet,49,289,15114819,554845596,2647753529
Liverpool v Manchester City,Liverpool,Manchester City,Player Shots,Curtis Jones,Liverpool,Manchester City,3.5,8.5,Sportsbet,49,289,15114819,554845596,2647753527
Liverpool v Manchester City,Liverpool,Manchester City,Player Shots,Trey Nyoni,Liverpool,Manchester City,3.5,9,Sportsbet,49,289,15114819,554845596,2647753534
Liverpool v Manchester City,Liverpool,Manchester City,Player Shots,Ryan Gravenberch,Liverpool,Manchester City,3.5,20,Sportsbet,49,289,15114819,554845596,2647753528
Liverpool v Manchester City,Liverpool,Manchester City,Player Shots,Calvin Ramsay,Liverpool,Manchester City,3.5,21,Sportsbet,49,289,15114819,554845596,2647753530
Liverpool v Manchester City,Liverpool,Manchester City,Player Shots,Andrew Robertson,Liverpool,Manchester City,3.5,31,Sportsbet,49,289,15114819,554845596,2647753520
Liverpool v Manchester City,Liverpool,Manchester City,Player Shots,Erling Haaland,Manchester City,Liverpool,3.5,2.3,Sportsbet,49,289,15114819,554845596,2647753546
Liverpool v Manchester City,Liverpool,Manchester City,Player Shots,Omar Marmoush,Manchester City,Liverpool,3.5,2.5,Sportsbet,49,289,15114819,554845596,2647753548
Liverpool v Manchester City,Liverpool,Manchester City,Player Shots,Antoine Semenyo,Manchester City,Liverpool,3.5,3.75,Sportsbet,49,289,15114819,554845596,2647753545
Liverpool v Manchester City,Liverpool,Manchester City,Player Shots,Antoine Semenyo,Bournemouth,Liverpool,3.5,3.75,Sportsbet,49,289,15114819,554845596,2647753545
Liverpool v Manchester City,Liverpool,Manchester City,Player Shots,Tijjani Reijnders,Manchester City,Liverpool,3.5,4.5,Sportsbet,49,289,15114819,554845596,2647753542
Liverpool v Manchester City,Liverpool,Manchester City,Player Shots,Phil Foden,Manchester City,Liverpool,3.5,5,Sportsbet,49,289,15114819,554845596,2647753541
Liverpool v Manchester City,Liverpool,Manchester City,Player Shots,Rayan Cherki,Manchester City,Liverpool,3.5,5,Sportsbet,49,289,15114819,554845596,2647753547
Liverpool v Manchester City,Liverpool,Manchester City,Player Shots,Sverre Nypan,NA,NA,3.5,15,Sportsbet,49,289,15114819,554845596,2647753553
Liverpool v Manchester City,Liverpool,Manchester City,Player Shots,Marc Gu<c3><a9>hi,NA,NA,3.5,17,Sportsbet,49,289,15114819,554845596,2647753543
Liverpool v Manchester City,Liverpool,Manchester City,Player Shots,Rodri,Manchester City,Liverpool,3.5,18,Sportsbet,49,289,15114819,554845596,2647753539
Liverpool v Manchester City,Liverpool,Manchester City,Player Shots,Nico O'Reilly,Manchester City,Liverpool,3.5,26,Sportsbet,49,289,15114819,554845596,2647753552
Liverpool v Manchester City,Liverpool,Manchester City,Player Shots,Nico Gonzalez,NA,NA,3.5,31,Sportsbet,49,289,15114819,554845596,2647753550
Liverpool v Manchester City,Liverpool,Manchester City,Player Shots,Rayan A<c3><af>t-Nouri,NA,NA,3.5,34,Sportsbet,49,289,15114819,554845596,2647753544
Liverpool v Manchester City,Liverpool,Manchester City,Player Shots,Bernardo Silva,Manchester City,Liverpool,3.5,41,Sportsbet,49,289,15114819,554845596,2647753538
Liverpool v Manchester City,Liverpool,Manchester City,Player Shots,Hugo Ekitike,NA,NA,4.5,4,Sportsbet,49,289,15114819,554845599,2647753642
Liverpool v Manchester City,Liverpool,Manchester City,Player Shots,Federico Chiesa,Liverpool,Manchester City,4.5,5,Sportsbet,49,289,15114819,554845599,2647753632
Liverpool v Manchester City,Liverpool,Manchester City,Player Shots,Mohamed Salah,Liverpool,Manchester City,4.5,5,Sportsbet,49,289,15114819,554845599,2647753629
Liverpool v Manchester City,Liverpool,Manchester City,Player Shots,Rio Ngumoha,Liverpool,Manchester City,4.5,6,Sportsbet,49,289,15114819,554845599,2647753646
Liverpool v Manchester City,Liverpool,Manchester City,Player Shots,Cody Gakpo,Liverpool,Manchester City,4.5,8,Sportsbet,49,289,15114819,554845599,2647753636
Liverpool v Manchester City,Liverpool,Manchester City,Player Shots,Florian Wirtz,Liverpool,Manchester City,4.5,11,Sportsbet,49,289,15114819,554845599,2647753641
Liverpool v Manchester City,Liverpool,Manchester City,Player Shots,Dominik Szoboszlai,Liverpool,Manchester City,4.5,14,Sportsbet,49,289,15114819,554845599,2647753635
Liverpool v Manchester City,Liverpool,Manchester City,Player Shots,Alexis Mac Allister,Liverpool,Manchester City,4.5,17,Sportsbet,49,289,15114819,554845599,2647753639
Liverpool v Manchester City,Liverpool,Manchester City,Player Shots,Curtis Jones,Liverpool,Manchester City,4.5,23,Sportsbet,49,289,15114819,554845599,2647753637
Liverpool v Manchester City,Liverpool,Manchester City,Player Shots,Trey Nyoni,Liverpool,Manchester City,4.5,26,Sportsbet,49,289,15114819,554845599,2647753644
Liverpool v Manchester City,Liverpool,Manchester City,Player Shots,Erling Haaland,Manchester City,Liverpool,4.5,3.75,Sportsbet,49,289,15114819,554845599,2647753656
Liverpool v Manchester City,Liverpool,Manchester City,Player Shots,Omar Marmoush,Manchester City,Liverpool,4.5,4.33,Sportsbet,49,289,15114819,554845599,2647753658
Liverpool v Manchester City,Liverpool,Manchester City,Player Shots,Antoine Semenyo,Manchester City,Liverpool,4.5,7,Sportsbet,49,289,15114819,554845599,2647753655
Liverpool v Manchester City,Liverpool,Manchester City,Player Shots,Antoine Semenyo,Bournemouth,Liverpool,4.5,7,Sportsbet,49,289,15114819,554845599,2647753655
Liverpool v Manchester City,Liverpool,Manchester City,Player Shots,Tijjani Reijnders,Manchester City,Liverpool,4.5,9,Sportsbet,49,289,15114819,554845599,2647753652
Liverpool v Manchester City,Liverpool,Manchester City,Player Shots,Phil Foden,Manchester City,Liverpool,4.5,11,Sportsbet,49,289,15114819,554845599,2647753651
Liverpool v Manchester City,Liverpool,Manchester City,Player Shots,Rayan Cherki,Manchester City,Liverpool,4.5,11,Sportsbet,49,289,15114819,554845599,2647753657
Liverpool v Manchester City,Liverpool,Manchester City,Player Shots,Hugo Ekitike,NA,NA,5.5,7,Sportsbet,49,289,15114819,554845600,2647753680
Liverpool v Manchester City,Liverpool,Manchester City,Player Shots,Federico Chiesa,Liverpool,Manchester City,5.5,10,Sportsbet,49,289,15114819,554845600,2647753670
Liverpool v Manchester City,Liverpool,Manchester City,Player Shots,Mohamed Salah,Liverpool,Manchester City,5.5,10,Sportsbet,49,289,15114819,554845600,2647753667
Liverpool v Manchester City,Liverpool,Manchester City,Player Shots,Rio Ngumoha,Liverpool,Manchester City,5.5,12,Sportsbet,49,289,15114819,554845600,2647753684
Liverpool v Manchester City,Liverpool,Manchester City,Player Shots,Cody Gakpo,Liverpool,Manchester City,5.5,18,Sportsbet,49,289,15114819,554845600,2647753674
Liverpool v Manchester City,Liverpool,Manchester City,Player Shots,Florian Wirtz,Liverpool,Manchester City,5.5,26,Sportsbet,49,289,15114819,554845600,2647753679
Liverpool v Manchester City,Liverpool,Manchester City,Player Shots,Dominik Szoboszlai,Liverpool,Manchester City,5.5,36,Sportsbet,49,289,15114819,554845600,2647753673
Liverpool v Manchester City,Liverpool,Manchester City,Player Shots,Erling Haaland,Manchester City,Liverpool,5.5,6.5,Sportsbet,49,289,15114819,554845600,2647753694
Liverpool v Manchester City,Liverpool,Manchester City,Player Shots,Omar Marmoush,Manchester City,Liverpool,5.5,8,Sportsbet,49,289,15114819,554845600,2647753696
Liverpool v Manchester City,Liverpool,Manchester City,Player Shots,Antoine Semenyo,Manchester City,Liverpool,5.5,15,Sportsbet,49,289,15114819,554845600,2647753693
Liverpool v Manchester City,Liverpool,Manchester City,Player Shots,Antoine Semenyo,Bournemouth,Liverpool,5.5,15,Sportsbet,49,289,15114819,554845600,2647753693
Liverpool v Manchester City,Liverpool,Manchester City,Player Shots,Tijjani Reijnders,Manchester City,Liverpool,5.5,21,Sportsbet,49,289,15114819,554845600,2647753690
Liverpool v Manchester City,Liverpool,Manchester City,Player Shots,Phil Foden,Manchester City,Liverpool,5.5,26,Sportsbet,49,289,15114819,554845600,2647753689
Liverpool v Manchester City,Liverpool,Manchester City,Player Shots,Rayan Cherki,Manchester City,Liverpool,5.5,26,Sportsbet,49,289,15114819,554845600,2647753695
