match,home_team,away_team,market_name,player_name,player_team,opposition_team,line,over_price,agency,class_external_id,competition_external_id,event_external_id,market_id,player_id
Manchester United v Tottenham Hotspur,Manchester United,Tottenham Hotspur,Player Shots On Target,Amad Diallo,Manchester United,Tottenham Hotspur,0.5,1.62,Sportsbet,49,289,15114821,554661636,2646756525
Manchester United v Tottenham Hotspur,Manchester United,Tottenham Hotspur,Player Shots On Target,Benjamin Sesko,Manchester United,Tottenham Hotspur,0.5,1.22,Sportsbet,49,289,15114821,554661636,2646756523
Manchester United v Tottenham Hotspur,Manchester United,Tottenham Hotspur,Player Shots On Target,Bruno Fernandes,Manchester United,Tottenham Hotspur,0.5,1.53,Sportsbet,49,289,15114821,554661636,2646762539
Manchester United v Tottenham Hotspur,Manchester United,Tottenham Hotspur,Player Shots On Target,Bryan Mbeumo,Manchester United,Tottenham Hotspur,0.5,1.28,Sportsbet,49,289,15114821,554661636,2646756520
Manchester United v Tottenham Hotspur,Manchester United,Tottenham Hotspur,Player Shots On Target,Jack Fletcher,Manchester United,Tottenham Hotspur,0.5,1.72,Sportsbet,49,289,15114821,554661636,2646756531
Manchester United v Tottenham Hotspur,Manchester United,Tottenham Hotspur,Player Shots On Target,Joshua Zirkzee,Manchester United,Tottenham Hotspur,0.5,1.36,Sportsbet,49,289,15114821,554661636,2646756524
Manchester United v Tottenham Hotspur,Manchester United,Tottenham Hotspur,Player Shots On Target,Kobbie Mainoo,Manchester United,Tottenham Hotspur,0.5,1.91,Sportsbet,49,289,15114821,554661636,2646756527
Manchester United v Tottenham Hotspur,Manchester United,Tottenham Hotspur,Player Shots On Target,Matheus Cunha,Manchester United,Tottenham Hotspur,0.5,1.3,Sportsbet,49,289,15114821,554661636,2646756521
Manchester United v Tottenham Hotspur,Manchester United,Tottenham Hotspur,Player Shots On Target,Shea Lacey,Manchester United,Tottenham Hotspur,0.5,1.45,Sportsbet,49,289,15114821,554661636,2646756530
Manchester United v Tottenham Hotspur,Manchester United,Tottenham Hotspur,Player Shots On Target,Casemiro,Manchester United,Tottenham Hotspur,0.5,2,Sportsbet,49,289,15114821,554661636,2646756515
Manchester United v Tottenham Hotspur,Manchester United,Tottenham Hotspur,Player Shots On Target,Manuel Ugarte,Manchester United,Tottenham Hotspur,0.5,2.88,Sportsbet,49,289,15114821,554661636,2646756526
Manchester United v Tottenham Hotspur,Manchester United,Tottenham Hotspur,Player Shots On Target,Harry Maguire,Manchester United,Tottenham Hotspur,0.5,3.4,Sportsbet,49,289,15114821,554661636,2646756513
Manchester United v Tottenham Hotspur,Manchester United,Tottenham Hotspur,Player Shots On Target,Lisandro Mart<c3><ad>nez,NA,NA,0.5,3.4,Sportsbet,49,289,15114821,554661636,2646756522
Manchester United v Tottenham Hotspur,Manchester United,Tottenham Hotspur,Player Shots On Target,Tyrell Malacia,Manchester United,Tottenham Hotspur,0.5,3.75,Sportsbet,49,289,15114821,554661636,2646756518
Manchester United v Tottenham Hotspur,Manchester United,Tottenham Hotspur,Player Shots On Target,Ayden Heaven,Manchester United,Tottenham Hotspur,0.5,4,Sportsbet,49,289,15114821,554661636,2646756529
Manchester United v Tottenham Hotspur,Manchester United,Tottenham Hotspur,Player Shots On Target,Diogo Dalot,Manchester United,Tottenham Hotspur,0.5,4,Sportsbet,49,289,15114821,554661636,2646756517
Manchester United v Tottenham Hotspur,Manchester United,Tottenham Hotspur,Player Shots On Target,Leny Yoro,Manchester United,Tottenham Hotspur,0.5,4,Sportsbet,49,289,15114821,554661636,2646756528
Manchester United v Tottenham Hotspur,Manchester United,Tottenham Hotspur,Player Shots On Target,Luke Shaw,Manchester United,Tottenham Hotspur,0.5,4,Sportsbet,49,289,15114821,554661636,2646756514
Manchester United v Tottenham Hotspur,Manchester United,Tottenham Hotspur,Player Shots On Target,Noussair Mazraoui,Manchester United,Tottenham Hotspur,0.5,4,Sportsbet,49,289,15114821,554661636,2646756519
Manchester United v Tottenham Hotspur,Manchester United,Tottenham Hotspur,Player Shots On Target,Dominic Solanke,Tottenham Hotspur,Manchester United,0.5,1.62,Sportsbet,49,289,15114821,554661636,2646756532
Manchester United v Tottenham Hotspur,Manchester United,Tottenham Hotspur,Player Shots On Target,Mathys Tel,Tottenham Hotspur,Manchester United,0.5,1.83,Sportsbet,49,289,15114821,554661636,2646756545
Manchester United v Tottenham Hotspur,Manchester United,Tottenham Hotspur,Player Shots On Target,Randal Kolo Muani,Tottenham Hotspur,Manchester United,0.5,1.83,Sportsbet,49,289,15114821,554661636,2646756536
Manchester United v Tottenham Hotspur,Manchester United,Tottenham Hotspur,Player Shots On Target,Xavi Simons,Tottenham Hotspur,Manchester United,0.5,1.91,Sportsbet,49,289,15114821,554661636,2646756540
Manchester United v Tottenham Hotspur,Manchester United,Tottenham Hotspur,Player Shots On Target,Callum Olusesi,Tottenham Hotspur,Manchester United,0.5,2,Sportsbet,49,289,15114821,554661636,2646756550
Manchester United v Tottenham Hotspur,Manchester United,Tottenham Hotspur,Player Shots On Target,Conor Gallagher,Tottenham Hotspur,Manchester United,0.5,2.88,Sportsbet,49,289,15114821,554661636,2646756539
Manchester United v Tottenham Hotspur,Manchester United,Tottenham Hotspur,Player Shots On Target,Luca Williams-Barnett,NA,NA,0.5,2,Sportsbet,49,289,15114821,554661636,2646756551
Manchester United v Tottenham Hotspur,Manchester United,Tottenham Hotspur,Player Shots On Target,Pape Matar Sarr,Tottenham Hotspur,Manchester United,0.5,2.6,Sportsbet,49,289,15114821,554661636,2646756542
Manchester United v Tottenham Hotspur,Manchester United,Tottenham Hotspur,Player Shots On Target,Wilson Odobert,Tottenham Hotspur,Manchester United,0.5,2.3,Sportsbet,49,289,15114821,554661636,2646756547
Manchester United v Tottenham Hotspur,Manchester United,Tottenham Hotspur,Player Shots On Target,Cristian Romero,Tottenham Hotspur,Manchester United,0.5,3.5,Sportsbet,49,289,15114821,554661636,2646756537
Manchester United v Tottenham Hotspur,Manchester United,Tottenham Hotspur,Player Shots On Target,Djed Spence,Tottenham Hotspur,Manchester United,0.5,3.75,Sportsbet,49,289,15114821,554661636,2646756538
Manchester United v Tottenham Hotspur,Manchester United,Tottenham Hotspur,Player Shots On Target,Joao Palhinha,NA,NA,0.5,3,Sportsbet,49,289,15114821,554661636,2646756533
Manchester United v Tottenham Hotspur,Manchester United,Tottenham Hotspur,Player Shots On Target,Souza,Tottenham Hotspur,Manchester United,0.5,3.75,Sportsbet,49,289,15114821,554661636,2646756549
Manchester United v Tottenham Hotspur,Manchester United,Tottenham Hotspur,Player Shots On Target,Micky van de Ven,Tottenham Hotspur,Manchester United,0.5,4.33,Sportsbet,49,289,15114821,554661636,2646756544
Manchester United v Tottenham Hotspur,Manchester United,Tottenham Hotspur,Player Shots On Target,Rio Kyerematen,Tottenham Hotspur,Manchester United,0.5,4.5,Sportsbet,49,289,15114821,554661636,2646756548
Manchester United v Tottenham Hotspur,Manchester United,Tottenham Hotspur,Player Shots On Target,Yves Bissouma,Tottenham Hotspur,Manchester United,0.5,4.33,Sportsbet,49,289,15114821,554661636,2646756534
Manchester United v Tottenham Hotspur,Manchester United,Tottenham Hotspur,Player Shots On Target,Archie Gray,Tottenham Hotspur,Manchester United,0.5,5,Sportsbet,49,289,15114821,554661636,2646756546
Manchester United v Tottenham Hotspur,Manchester United,Tottenham Hotspur,Player Shots On Target,Kevin Danso,Tottenham Hotspur,Manchester United,0.5,5,Sportsbet,49,289,15114821,554661636,2646756535
Manchester United v Tottenham Hotspur,Manchester United,Tottenham Hotspur,Player Shots On Target,Destiny Udogie,Tottenham Hotspur,Manchester United,0.5,6.5,Sportsbet,49,289,15114821,554661636,2646756541
Manchester United v Tottenham Hotspur,Manchester United,Tottenham Hotspur,Player Shots On Target,Jun'ai Byfield,Tottenham Hotspur,Manchester United,0.5,6,Sportsbet,49,289,15114821,554661636,2646756552
Manchester United v Tottenham Hotspur,Manchester United,Tottenham Hotspur,Player Shots On Target,Radu Dr<c4><83>gu<c8><99>in,NA,NA,0.5,6,Sportsbet,49,289,15114821,554661636,2646756543
Manchester United v Tottenham Hotspur,Manchester United,Tottenham Hotspur,Player Shots On Target,Benjamin Sesko,Manchester United,Tottenham Hotspur,1.5,2.1,Sportsbet,49,289,15114821,554661641,2646756185
Manchester United v Tottenham Hotspur,Manchester United,Tottenham Hotspur,Player Shots On Target,Bryan Mbeumo,Manchester United,Tottenham Hotspur,1.5,2.3,Sportsbet,49,289,15114821,554661641,2646756182
Manchester United v Tottenham Hotspur,Manchester United,Tottenham Hotspur,Player Shots On Target,Joshua Zirkzee,Manchester United,Tottenham Hotspur,1.5,2.63,Sportsbet,49,289,15114821,554661641,2646756186
Manchester United v Tottenham Hotspur,Manchester United,Tottenham Hotspur,Player Shots On Target,Matheus Cunha,Manchester United,Tottenham Hotspur,1.5,2.4,Sportsbet,49,289,15114821,554661641,2646756183
Manchester United v Tottenham Hotspur,Manchester United,Tottenham Hotspur,Player Shots On Target,Bruno Fernandes,Manchester United,Tottenham Hotspur,1.5,3.4,Sportsbet,49,289,15114821,554661641,2646762542
Manchester United v Tottenham Hotspur,Manchester United,Tottenham Hotspur,Player Shots On Target,Shea Lacey,Manchester United,Tottenham Hotspur,1.5,3.1,Sportsbet,49,289,15114821,554661641,2646756192
Manchester United v Tottenham Hotspur,Manchester United,Tottenham Hotspur,Player Shots On Target,Amad Diallo,Manchester United,Tottenham Hotspur,1.5,4,Sportsbet,49,289,15114821,554661641,2646756187
Manchester United v Tottenham Hotspur,Manchester United,Tottenham Hotspur,Player Shots On Target,Jack Fletcher,Manchester United,Tottenham Hotspur,1.5,4.33,Sportsbet,49,289,15114821,554661641,2646756193
Manchester United v Tottenham Hotspur,Manchester United,Tottenham Hotspur,Player Shots On Target,Casemiro,Manchester United,Tottenham Hotspur,1.5,5.5,Sportsbet,49,289,15114821,554661641,2646756177
Manchester United v Tottenham Hotspur,Manchester United,Tottenham Hotspur,Player Shots On Target,Kobbie Mainoo,Manchester United,Tottenham Hotspur,1.5,5,Sportsbet,49,289,15114821,554661641,2646756189
Manchester United v Tottenham Hotspur,Manchester United,Tottenham Hotspur,Player Shots On Target,Manuel Ugarte,Manchester United,Tottenham Hotspur,1.5,12,Sportsbet,49,289,15114821,554661641,2646756188
Manchester United v Tottenham Hotspur,Manchester United,Tottenham Hotspur,Player Shots On Target,Lisandro Mart<c3><ad>nez,NA,NA,1.5,14,Sportsbet,49,289,15114821,554661641,2646756184
Manchester United v Tottenham Hotspur,Manchester United,Tottenham Hotspur,Player Shots On Target,Harry Maguire,Manchester United,Tottenham Hotspur,1.5,15,Sportsbet,49,289,15114821,554661641,2646756175
Manchester United v Tottenham Hotspur,Manchester United,Tottenham Hotspur,Player Shots On Target,Tyrell Malacia,Manchester United,Tottenham Hotspur,1.5,19,Sportsbet,49,289,15114821,554661641,2646756180
Manchester United v Tottenham Hotspur,Manchester United,Tottenham Hotspur,Player Shots On Target,Diogo Dalot,Manchester United,Tottenham Hotspur,1.5,21,Sportsbet,49,289,15114821,554661641,2646756179
Manchester United v Tottenham Hotspur,Manchester United,Tottenham Hotspur,Player Shots On Target,Leny Yoro,Manchester United,Tottenham Hotspur,1.5,21,Sportsbet,49,289,15114821,554661641,2646756190
Manchester United v Tottenham Hotspur,Manchester United,Tottenham Hotspur,Player Shots On Target,Luke Shaw,Manchester United,Tottenham Hotspur,1.5,21,Sportsbet,49,289,15114821,554661641,2646756176
Manchester United v Tottenham Hotspur,Manchester United,Tottenham Hotspur,Player Shots On Target,Noussair Mazraoui,Manchester United,Tottenham Hotspur,1.5,21,Sportsbet,49,289,15114821,554661641,2646756181
Manchester United v Tottenham Hotspur,Manchester United,Tottenham Hotspur,Player Shots On Target,Ayden Heaven,Manchester United,Tottenham Hotspur,1.5,23,Sportsbet,49,289,15114821,554661641,2646756191
Manchester United v Tottenham Hotspur,Manchester United,Tottenham Hotspur,Player Shots On Target,Dominic Solanke,Tottenham Hotspur,Manchester United,1.5,3.75,Sportsbet,49,289,15114821,554661641,2646756194
Manchester United v Tottenham Hotspur,Manchester United,Tottenham Hotspur,Player Shots On Target,Mathys Tel,Tottenham Hotspur,Manchester United,1.5,4.5,Sportsbet,49,289,15114821,554661641,2646756207
Manchester United v Tottenham Hotspur,Manchester United,Tottenham Hotspur,Player Shots On Target,Randal Kolo Muani,Tottenham Hotspur,Manchester United,1.5,4.5,Sportsbet,49,289,15114821,554661641,2646756198
Manchester United v Tottenham Hotspur,Manchester United,Tottenham Hotspur,Player Shots On Target,Xavi Simons,Tottenham Hotspur,Manchester United,1.5,5,Sportsbet,49,289,15114821,554661641,2646756202
Manchester United v Tottenham Hotspur,Manchester United,Tottenham Hotspur,Player Shots On Target,Callum Olusesi,Tottenham Hotspur,Manchester United,1.5,6,Sportsbet,49,289,15114821,554661641,2646756212
Manchester United v Tottenham Hotspur,Manchester United,Tottenham Hotspur,Player Shots On Target,Luca Williams-Barnett,NA,NA,1.5,6,Sportsbet,49,289,15114821,554661641,2646756213
Manchester United v Tottenham Hotspur,Manchester United,Tottenham Hotspur,Player Shots On Target,Wilson Odobert,Tottenham Hotspur,Manchester United,1.5,7,Sportsbet,49,289,15114821,554661641,2646756209
Manchester United v Tottenham Hotspur,Manchester United,Tottenham Hotspur,Player Shots On Target,Pape Matar Sarr,Tottenham Hotspur,Manchester United,1.5,8.5,Sportsbet,49,289,15114821,554661641,2646756204
Manchester United v Tottenham Hotspur,Manchester United,Tottenham Hotspur,Player Shots On Target,Conor Gallagher,Tottenham Hotspur,Manchester United,1.5,11,Sportsbet,49,289,15114821,554661641,2646756201
Manchester United v Tottenham Hotspur,Manchester United,Tottenham Hotspur,Player Shots On Target,Joao Palhinha,NA,NA,1.5,12,Sportsbet,49,289,15114821,554661641,2646756195
Manchester United v Tottenham Hotspur,Manchester United,Tottenham Hotspur,Player Shots On Target,Cristian Romero,Tottenham Hotspur,Manchester United,1.5,15,Sportsbet,49,289,15114821,554661641,2646756199
Manchester United v Tottenham Hotspur,Manchester United,Tottenham Hotspur,Player Shots On Target,Souza,Tottenham Hotspur,Manchester United,1.5,18,Sportsbet,49,289,15114821,554661641,2646756211
Manchester United v Tottenham Hotspur,Manchester United,Tottenham Hotspur,Player Shots On Target,Djed Spence,Tottenham Hotspur,Manchester United,1.5,19,Sportsbet,49,289,15114821,554661641,2646756200
Manchester United v Tottenham Hotspur,Manchester United,Tottenham Hotspur,Player Shots On Target,Yves Bissouma,Tottenham Hotspur,Manchester United,1.5,23,Sportsbet,49,289,15114821,554661641,2646756196
Manchester United v Tottenham Hotspur,Manchester United,Tottenham Hotspur,Player Shots On Target,Micky van de Ven,Tottenham Hotspur,Manchester United,1.5,26,Sportsbet,49,289,15114821,554661641,2646756206
Manchester United v Tottenham Hotspur,Manchester United,Tottenham Hotspur,Player Shots On Target,Rio Kyerematen,Tottenham Hotspur,Manchester United,1.5,26,Sportsbet,49,289,15114821,554661641,2646756210
Manchester United v Tottenham Hotspur,Manchester United,Tottenham Hotspur,Player Shots On Target,Benjamin Sesko,Manchester United,Tottenham Hotspur,2.5,4.5,Sportsbet,49,289,15114821,554661645,2646756687
Manchester United v Tottenham Hotspur,Manchester United,Tottenham Hotspur,Player Shots On Target,Bryan Mbeumo,Manchester United,Tottenham Hotspur,2.5,5,Sportsbet,49,289,15114821,554661645,2646756684
Manchester United v Tottenham Hotspur,Manchester United,Tottenham Hotspur,Player Shots On Target,Matheus Cunha,Manchester United,Tottenham Hotspur,2.5,5.5,Sportsbet,49,289,15114821,554661645,2646756685
Manchester United v Tottenham Hotspur,Manchester United,Tottenham Hotspur,Player Shots On Target,Joshua Zirkzee,Manchester United,Tottenham Hotspur,2.5,6,Sportsbet,49,289,15114821,554661645,2646756688
Manchester United v Tottenham Hotspur,Manchester United,Tottenham Hotspur,Player Shots On Target,Shea Lacey,Manchester United,Tottenham Hotspur,2.5,8,Sportsbet,49,289,15114821,554661645,2646756694
Manchester United v Tottenham Hotspur,Manchester United,Tottenham Hotspur,Player Shots On Target,Bruno Fernandes,Manchester United,Tottenham Hotspur,2.5,9,Sportsbet,49,289,15114821,554661645,2646762544
Manchester United v Tottenham Hotspur,Manchester United,Tottenham Hotspur,Player Shots On Target,Amad Diallo,Manchester United,Tottenham Hotspur,2.5,12,Sportsbet,49,289,15114821,554661645,2646756689
Manchester United v Tottenham Hotspur,Manchester United,Tottenham Hotspur,Player Shots On Target,Jack Fletcher,Manchester United,Tottenham Hotspur,2.5,13,Sportsbet,49,289,15114821,554661645,2646756695
Manchester United v Tottenham Hotspur,Manchester United,Tottenham Hotspur,Player Shots On Target,Kobbie Mainoo,Manchester United,Tottenham Hotspur,2.5,19,Sportsbet,49,289,15114821,554661645,2646756691
Manchester United v Tottenham Hotspur,Manchester United,Tottenham Hotspur,Player Shots On Target,Casemiro,Manchester United,Tottenham Hotspur,2.5,23,Sportsbet,49,289,15114821,554661645,2646756679
Manchester United v Tottenham Hotspur,Manchester United,Tottenham Hotspur,Player Shots On Target,Dominic Solanke,Tottenham Hotspur,Manchester United,2.5,11,Sportsbet,49,289,15114821,554661645,2646756696
Manchester United v Tottenham Hotspur,Manchester United,Tottenham Hotspur,Player Shots On Target,Mathys Tel,Tottenham Hotspur,Manchester United,2.5,15,Sportsbet,49,289,15114821,554661645,2646756709
Manchester United v Tottenham Hotspur,Manchester United,Tottenham Hotspur,Player Shots On Target,Randal Kolo Muani,Tottenham Hotspur,Manchester United,2.5,15,Sportsbet,49,289,15114821,554661645,2646756700
Manchester United v Tottenham Hotspur,Manchester United,Tottenham Hotspur,Player Shots On Target,Xavi Simons,Tottenham Hotspur,Manchester United,2.5,20,Sportsbet,49,289,15114821,554661645,2646756704
Manchester United v Tottenham Hotspur,Manchester United,Tottenham Hotspur,Player Shots On Target,Callum Olusesi,Tottenham Hotspur,Manchester United,2.5,23,Sportsbet,49,289,15114821,554661645,2646756714
Manchester United v Tottenham Hotspur,Manchester United,Tottenham Hotspur,Player Shots On Target,Luca Williams-Barnett,NA,NA,2.5,23,Sportsbet,49,289,15114821,554661645,2646756715
Manchester United v Tottenham Hotspur,Manchester United,Tottenham Hotspur,Player Shots On Target,Wilson Odobert,Tottenham Hotspur,Manchester United,2.5,31,Sportsbet,49,289,15114821,554661645,2646756711
Manchester United v Tottenham Hotspur,Manchester United,Tottenham Hotspur,Player Shots On Target,Pape Matar Sarr,Tottenham Hotspur,Manchester United,2.5,46,Sportsbet,49,289,15114821,554661645,2646756706
Manchester United v Tottenham Hotspur,Manchester United,Tottenham Hotspur,Player Shots On Target,Benjamin Sesko,Manchester United,Tottenham Hotspur,3.5,11,Sportsbet,49,289,15114821,554661648,2646756808
Manchester United v Tottenham Hotspur,Manchester United,Tottenham Hotspur,Player Shots On Target,Bryan Mbeumo,Manchester United,Tottenham Hotspur,3.5,13,Sportsbet,49,289,15114821,554661648,2646756805
Manchester United v Tottenham Hotspur,Manchester United,Tottenham Hotspur,Player Shots On Target,Matheus Cunha,Manchester United,Tottenham Hotspur,3.5,14,Sportsbet,49,289,15114821,554661648,2646756806
Manchester United v Tottenham Hotspur,Manchester United,Tottenham Hotspur,Player Shots On Target,Joshua Zirkzee,Manchester United,Tottenham Hotspur,3.5,18,Sportsbet,49,289,15114821,554661648,2646756809
Manchester United v Tottenham Hotspur,Manchester United,Tottenham Hotspur,Player Shots On Target,Shea Lacey,Manchester United,Tottenham Hotspur,3.5,26,Sportsbet,49,289,15114821,554661648,2646756815
Manchester United v Tottenham Hotspur,Manchester United,Tottenham Hotspur,Player Shots On Target,Bruno Fernandes,Manchester United,Tottenham Hotspur,3.5,34,Sportsbet,49,289,15114821,554661648,2646762546
Manchester United v Tottenham Hotspur,Manchester United,Tottenham Hotspur,Player Shots On Target,Amad Diallo,Manchester United,Tottenham Hotspur,3.5,46,Sportsbet,49,289,15114821,554661648,2646756810
Manchester United v Tottenham Hotspur,Manchester United,Tottenham Hotspur,Player Shots On Target,Jack Fletcher,Manchester United,Tottenham Hotspur,3.5,61,Sportsbet,49,289,15114821,554661648,2646756816
Manchester United v Tottenham Hotspur,Manchester United,Tottenham Hotspur,Player Shots On Target,Dominic Solanke,Tottenham Hotspur,Manchester United,3.5,41,Sportsbet,49,289,15114821,554661648,2646756817
Manchester United v Tottenham Hotspur,Manchester United,Tottenham Hotspur,Player Shots On Target,Mathys Tel,Tottenham Hotspur,Manchester United,3.5,81,Sportsbet,49,289,15114821,554661648,2646756290
Manchester United v Tottenham Hotspur,Manchester United,Tottenham Hotspur,Player Shots On Target,Randal Kolo Muani,Tottenham Hotspur,Manchester United,3.5,81,Sportsbet,49,289,15114821,554661648,2646756281
Manchester United v Tottenham Hotspur,Manchester United,Tottenham Hotspur,Player Shots On Target,Xavi Simons,Tottenham Hotspur,Manchester United,3.5,81,Sportsbet,49,289,15114821,554661648,2646756285
Burnley v West Ham United,Burnley,West Ham United,Player Shots On Target,Armando Broja,NA,NA,0.5,1.62,Sportsbet,49,289,15114820,554687925,2646905951
Burnley v West Ham United,Burnley,West Ham United,Player Shots On Target,Ashley Barnes,NA,NA,0.5,1.8,Sportsbet,49,289,15114820,554687925,2647770822
Burnley v West Ham United,Burnley,West Ham United,Player Shots On Target,Jacob Bruun Larsen,NA,NA,0.5,1.62,Sportsbet,49,289,15114820,554687925,2646905946
Burnley v West Ham United,Burnley,West Ham United,Player Shots On Target,Jaidon Anthony,NA,NA,0.5,1.67,Sportsbet,49,289,15114820,554687925,2646905953
Burnley v West Ham United,Burnley,West Ham United,Player Shots On Target,Loum Tchaouna,NA,NA,0.5,1.83,Sportsbet,49,289,15114820,554687925,2646905957
Burnley v West Ham United,Burnley,West Ham United,Player Shots On Target,Lyle Foster,NA,NA,0.5,1.5,Sportsbet,49,289,15114820,554687925,2646905949
Burnley v West Ham United,Burnley,West Ham United,Player Shots On Target,Marcus Edwards,NA,NA,0.5,1.83,Sportsbet,49,289,15114820,554687925,2646905945
Burnley v West Ham United,Burnley,West Ham United,Player Shots On Target,Zian Flemming,NA,NA,0.5,1.4,Sportsbet,49,289,15114820,554687925,2646905947
Burnley v West Ham United,Burnley,West Ham United,Player Shots On Target,Hannibal Mejbri,NA,NA,0.5,2.3,Sportsbet,49,289,15114820,554687925,2646905952
Burnley v West Ham United,Burnley,West Ham United,Player Shots On Target,Josh Laurent,NA,NA,0.5,2.88,Sportsbet,49,289,15114820,554687925,2646905943
Burnley v West Ham United,Burnley,West Ham United,Player Shots On Target,Lesley Ugochukwu,NA,NA,0.5,2,Sportsbet,49,289,15114820,554687925,2646905954
Burnley v West Ham United,Burnley,West Ham United,Player Shots On Target,Lucas Pires,NA,NA,0.5,3.75,Sportsbet,49,289,15114820,554687925,2646905955
Burnley v West Ham United,Burnley,West Ham United,Player Shots On Target,Bashir Humphreys,NA,NA,0.5,4.33,Sportsbet,49,289,15114820,554687925,2646905956
Burnley v West Ham United,Burnley,West Ham United,Player Shots On Target,Quilindschy Hartman,NA,NA,0.5,4.5,Sportsbet,49,289,15114820,554687925,2646905958
Burnley v West Ham United,Burnley,West Ham United,Player Shots On Target,Florentino,NA,NA,0.5,5.5,Sportsbet,49,289,15114820,554687925,2646905948
Burnley v West Ham United,Burnley,West Ham United,Player Shots On Target,Joe Worrall,NA,NA,0.5,5.5,Sportsbet,49,289,15114820,554687925,2646905944
Burnley v West Ham United,Burnley,West Ham United,Player Shots On Target,Kyle Walker,NA,NA,0.5,5.5,Sportsbet,49,289,15114820,554687925,2646905942
Burnley v West Ham United,Burnley,West Ham United,Player Shots On Target,Hjalmar Ekdal,NA,NA,0.5,6,Sportsbet,49,289,15114820,554687925,2646905950
Burnley v West Ham United,Burnley,West Ham United,Player Shots On Target,Maxime Esteve,NA,NA,0.5,8,Sportsbet,49,289,15114820,554687925,2649223734
Burnley v West Ham United,Burnley,West Ham United,Player Shots On Target,Axel Tuanzebe,NA,NA,0.5,10,Sportsbet,49,289,15114820,554687925,2649223331
Burnley v West Ham United,Burnley,West Ham United,Player Shots On Target,Adama Traor<c3><a9>,NA,NA,0.5,1.72,Sportsbet,49,289,15114820,554687925,2646915871
Burnley v West Ham United,Burnley,West Ham United,Player Shots On Target,Callum Wilson,West Ham United,Burnley,0.5,1.36,Sportsbet,49,289,15114820,554687925,2646905959
Burnley v West Ham United,Burnley,West Ham United,Player Shots On Target,Crysencio Summerville,West Ham United,Burnley,0.5,1.83,Sportsbet,49,289,15114820,554687925,2646905967
Burnley v West Ham United,Burnley,West Ham United,Player Shots On Target,Jarrod Bowen,West Ham United,Burnley,0.5,1.45,Sportsbet,49,289,15114820,554687925,2646905960
Burnley v West Ham United,Burnley,West Ham United,Player Shots On Target,Pablo,West Ham United,Burnley,0.5,1.67,Sportsbet,49,289,15114820,554687925,2646905969
Burnley v West Ham United,Burnley,West Ham United,Player Shots On Target,Valentin Castellanos,NA,NA,0.5,1.5,Sportsbet,49,289,15114820,554687925,2646905966
Burnley v West Ham United,Burnley,West Ham United,Player Shots On Target,Mateus Fernandes,West Ham United,Burnley,0.5,2.8,Sportsbet,49,289,15114820,554687925,2646905971
Burnley v West Ham United,Burnley,West Ham United,Player Shots On Target,Mateus Fernandes,Southampton,Burnley,0.5,2.8,Sportsbet,49,289,15114820,554687925,2646905971
Burnley v West Ham United,Burnley,West Ham United,Player Shots On Target,Mohamadou Kante,NA,NA,0.5,2.63,Sportsbet,49,289,15114820,554687925,2646905974
Burnley v West Ham United,Burnley,West Ham United,Player Shots On Target,Tomas Soucek,NA,NA,0.5,2,Sportsbet,49,289,15114820,554687925,2646905964
Burnley v West Ham United,Burnley,West Ham United,Player Shots On Target,Konstantinos Mavropanos,West Ham United,Burnley,0.5,3.1,Sportsbet,49,289,15114820,554687925,2646905963
Burnley v West Ham United,Burnley,West Ham United,Player Shots On Target,Kyle Walker-Peters,West Ham United,Burnley,0.5,3.1,Sportsbet,49,289,15114820,554687925,2646905962
Burnley v West Ham United,Burnley,West Ham United,Player Shots On Target,Ollie Scarles,NA,NA,0.5,3.4,Sportsbet,49,289,15114820,554687925,2646905972
Burnley v West Ham United,Burnley,West Ham United,Player Shots On Target,Soungoutou Magassa,West Ham United,Burnley,0.5,3.25,Sportsbet,49,289,15114820,554687925,2646905970
Burnley v West Ham United,Burnley,West Ham United,Player Shots On Target,Aaron Wan-Bissaka,West Ham United,Burnley,0.5,4.33,Sportsbet,49,289,15114820,554687925,2646905965
Burnley v West Ham United,Burnley,West Ham United,Player Shots On Target,El Hadji Malick Diouf,West Ham United,Burnley,0.5,4.5,Sportsbet,49,289,15114820,554687925,2646905973
Burnley v West Ham United,Burnley,West Ham United,Player Shots On Target,Freddie Potts,West Ham United,Burnley,0.5,4,Sportsbet,49,289,15114820,554687925,2646905968
Burnley v West Ham United,Burnley,West Ham United,Player Shots On Target,Ezra Mayers,West Ham United,Burnley,0.5,5.5,Sportsbet,49,289,15114820,554687925,2646905975
Burnley v West Ham United,Burnley,West Ham United,Player Shots On Target,Max Kilman,NA,NA,0.5,6,Sportsbet,49,289,15114820,554687925,2646905961
Burnley v West Ham United,Burnley,West Ham United,Player Shots On Target,Axel Disasi,Chelsea,Burnley,0.5,7,Sportsbet,49,289,15114820,554687925,2649225182
Burnley v West Ham United,Burnley,West Ham United,Player Shots On Target,Zian Flemming,NA,NA,1.5,2.88,Sportsbet,49,289,15114820,554687930,2646905494
Burnley v West Ham United,Burnley,West Ham United,Player Shots On Target,Armando Broja,NA,NA,1.5,3.75,Sportsbet,49,289,15114820,554687930,2646905498
Burnley v West Ham United,Burnley,West Ham United,Player Shots On Target,Jacob Bruun Larsen,NA,NA,1.5,3.75,Sportsbet,49,289,15114820,554687930,2646905493
Burnley v West Ham United,Burnley,West Ham United,Player Shots On Target,Lyle Foster,NA,NA,1.5,3.2,Sportsbet,49,289,15114820,554687930,2646905496
Burnley v West Ham United,Burnley,West Ham United,Player Shots On Target,Ashley Barnes,NA,NA,1.5,4.5,Sportsbet,49,289,15114820,554687930,2647770825
Burnley v West Ham United,Burnley,West Ham United,Player Shots On Target,Jaidon Anthony,NA,NA,1.5,4,Sportsbet,49,289,15114820,554687930,2646905500
Burnley v West Ham United,Burnley,West Ham United,Player Shots On Target,Loum Tchaouna,NA,NA,1.5,4.5,Sportsbet,49,289,15114820,554687930,2646905504
Burnley v West Ham United,Burnley,West Ham United,Player Shots On Target,Lesley Ugochukwu,NA,NA,1.5,5.5,Sportsbet,49,289,15114820,554687930,2646905501
Burnley v West Ham United,Burnley,West Ham United,Player Shots On Target,Marcus Edwards,NA,NA,1.5,5,Sportsbet,49,289,15114820,554687930,2646905492
Burnley v West Ham United,Burnley,West Ham United,Player Shots On Target,Hannibal Mejbri,NA,NA,1.5,7,Sportsbet,49,289,15114820,554687930,2646905499
Burnley v West Ham United,Burnley,West Ham United,Player Shots On Target,Josh Laurent,NA,NA,1.5,11,Sportsbet,49,289,15114820,554687930,2646905490
Burnley v West Ham United,Burnley,West Ham United,Player Shots On Target,Lucas Pires,NA,NA,1.5,17,Sportsbet,49,289,15114820,554687930,2646905502
Burnley v West Ham United,Burnley,West Ham United,Player Shots On Target,Bashir Humphreys,NA,NA,1.5,23,Sportsbet,49,289,15114820,554687930,2646905503
Burnley v West Ham United,Burnley,West Ham United,Player Shots On Target,Quilindschy Hartman,NA,NA,1.5,26,Sportsbet,49,289,15114820,554687930,2646905505
Burnley v West Ham United,Burnley,West Ham United,Player Shots On Target,Callum Wilson,West Ham United,Burnley,1.5,2.63,Sportsbet,49,289,15114820,554687930,2646905506
Burnley v West Ham United,Burnley,West Ham United,Player Shots On Target,Jarrod Bowen,West Ham United,Burnley,1.5,3.25,Sportsbet,49,289,15114820,554687930,2646905507
Burnley v West Ham United,Burnley,West Ham United,Player Shots On Target,Valentin Castellanos,NA,NA,1.5,3.4,Sportsbet,49,289,15114820,554687930,2646905513
Burnley v West Ham United,Burnley,West Ham United,Player Shots On Target,Adama Traor<c3><a9>,NA,NA,1.5,4.5,Sportsbet,49,289,15114820,554687930,2646915874
Burnley v West Ham United,Burnley,West Ham United,Player Shots On Target,Pablo,West Ham United,Burnley,1.5,4,Sportsbet,49,289,15114820,554687930,2646905516
Burnley v West Ham United,Burnley,West Ham United,Player Shots On Target,Crysencio Summerville,West Ham United,Burnley,1.5,5,Sportsbet,49,289,15114820,554687930,2646905514
Burnley v West Ham United,Burnley,West Ham United,Player Shots On Target,Tomas Soucek,NA,NA,1.5,6,Sportsbet,49,289,15114820,554687930,2646905511
Burnley v West Ham United,Burnley,West Ham United,Player Shots On Target,Mohamadou Kante,NA,NA,1.5,9.5,Sportsbet,49,289,15114820,554687930,2646905521
Burnley v West Ham United,Burnley,West Ham United,Player Shots On Target,Mateus Fernandes,West Ham United,Burnley,1.5,10,Sportsbet,49,289,15114820,554687930,2646905518
Burnley v West Ham United,Burnley,West Ham United,Player Shots On Target,Mateus Fernandes,Southampton,Burnley,1.5,10,Sportsbet,49,289,15114820,554687930,2646905518
Burnley v West Ham United,Burnley,West Ham United,Player Shots On Target,Konstantinos Mavropanos,West Ham United,Burnley,1.5,12,Sportsbet,49,289,15114820,554687930,2646905510
Burnley v West Ham United,Burnley,West Ham United,Player Shots On Target,Kyle Walker-Peters,West Ham United,Burnley,1.5,12,Sportsbet,49,289,15114820,554687930,2646905509
Burnley v West Ham United,Burnley,West Ham United,Player Shots On Target,Soungoutou Magassa,West Ham United,Burnley,1.5,14,Sportsbet,49,289,15114820,554687930,2646905517
Burnley v West Ham United,Burnley,West Ham United,Player Shots On Target,Ollie Scarles,NA,NA,1.5,15,Sportsbet,49,289,15114820,554687930,2646905519
Burnley v West Ham United,Burnley,West Ham United,Player Shots On Target,Freddie Potts,West Ham United,Burnley,1.5,21,Sportsbet,49,289,15114820,554687930,2646905515
Burnley v West Ham United,Burnley,West Ham United,Player Shots On Target,Aaron Wan-Bissaka,West Ham United,Burnley,1.5,26,Sportsbet,49,289,15114820,554687930,2646905512
Burnley v West Ham United,Burnley,West Ham United,Player Shots On Target,El Hadji Malick Diouf,West Ham United,Burnley,1.5,31,Sportsbet,49,289,15114820,554687930,2646905520
Burnley v West Ham United,Burnley,West Ham United,Player Shots On Target,Zian Flemming,NA,NA,2.5,7,Sportsbet,49,289,15114820,554687905,2646905640
Burnley v West Ham United,Burnley,West Ham United,Player Shots On Target,Lyle Foster,NA,NA,2.5,8,Sportsbet,49,289,15114820,554687905,2646905642
Burnley v West Ham United,Burnley,West Ham United,Player Shots On Target,Armando Broja,NA,NA,2.5,11,Sportsbet,49,289,15114820,554687905,2646905644
Burnley v West Ham United,Burnley,West Ham United,Player Shots On Target,Jacob Bruun Larsen,NA,NA,2.5,11,Sportsbet,49,289,15114820,554687905,2646905639
Burnley v West Ham United,Burnley,West Ham United,Player Shots On Target,Jaidon Anthony,NA,NA,2.5,12,Sportsbet,49,289,15114820,554687905,2646905646
Burnley v West Ham United,Burnley,West Ham United,Player Shots On Target,Ashley Barnes,NA,NA,2.5,15,Sportsbet,49,289,15114820,554687905,2647770827
Burnley v West Ham United,Burnley,West Ham United,Player Shots On Target,Loum Tchaouna,NA,NA,2.5,17,Sportsbet,49,289,15114820,554687905,2646905650
Burnley v West Ham United,Burnley,West Ham United,Player Shots On Target,Marcus Edwards,NA,NA,2.5,17,Sportsbet,49,289,15114820,554687905,2646905638
Burnley v West Ham United,Burnley,West Ham United,Player Shots On Target,Lesley Ugochukwu,NA,NA,2.5,20,Sportsbet,49,289,15114820,554687905,2646905647
Burnley v West Ham United,Burnley,West Ham United,Player Shots On Target,Hannibal Mejbri,NA,NA,2.5,34,Sportsbet,49,289,15114820,554687905,2646905645
Burnley v West Ham United,Burnley,West Ham United,Player Shots On Target,Callum Wilson,West Ham United,Burnley,2.5,6,Sportsbet,49,289,15114820,554687905,2646905652
Burnley v West Ham United,Burnley,West Ham United,Player Shots On Target,Jarrod Bowen,West Ham United,Burnley,2.5,8.5,Sportsbet,49,289,15114820,554687905,2646905653
Burnley v West Ham United,Burnley,West Ham United,Player Shots On Target,Valentin Castellanos,NA,NA,2.5,9,Sportsbet,49,289,15114820,554687905,2646905659
Burnley v West Ham United,Burnley,West Ham United,Player Shots On Target,Pablo,West Ham United,Burnley,2.5,12,Sportsbet,49,289,15114820,554687905,2646905662
Burnley v West Ham United,Burnley,West Ham United,Player Shots On Target,Adama Traor<c3><a9>,NA,NA,2.5,14,Sportsbet,49,289,15114820,554687905,2646915876
Burnley v West Ham United,Burnley,West Ham United,Player Shots On Target,Crysencio Summerville,West Ham United,Burnley,2.5,18,Sportsbet,49,289,15114820,554687905,2646905660
Burnley v West Ham United,Burnley,West Ham United,Player Shots On Target,Tomas Soucek,NA,NA,2.5,23,Sportsbet,49,289,15114820,554687905,2646905657
Burnley v West Ham United,Burnley,West Ham United,Player Shots On Target,Mohamadou Kante,NA,NA,2.5,56,Sportsbet,49,289,15114820,554687905,2646905667
Burnley v West Ham United,Burnley,West Ham United,Player Shots On Target,Mateus Fernandes,West Ham United,Burnley,2.5,61,Sportsbet,49,289,15114820,554687905,2646905664
Burnley v West Ham United,Burnley,West Ham United,Player Shots On Target,Mateus Fernandes,Southampton,Burnley,2.5,61,Sportsbet,49,289,15114820,554687905,2646905664
Burnley v West Ham United,Burnley,West Ham United,Player Shots On Target,Zian Flemming,NA,NA,3.5,21,Sportsbet,49,289,15114820,554687908,2646905747
Burnley v West Ham United,Burnley,West Ham United,Player Shots On Target,Lyle Foster,NA,NA,3.5,26,Sportsbet,49,289,15114820,554687908,2646905749
Burnley v West Ham United,Burnley,West Ham United,Player Shots On Target,Jacob Bruun Larsen,NA,NA,3.5,41,Sportsbet,49,289,15114820,554687908,2646905746
Burnley v West Ham United,Burnley,West Ham United,Player Shots On Target,Armando Broja,NA,NA,3.5,46,Sportsbet,49,289,15114820,554687908,2646905751
Burnley v West Ham United,Burnley,West Ham United,Player Shots On Target,Jaidon Anthony,NA,NA,3.5,51,Sportsbet,49,289,15114820,554687908,2646905753
Burnley v West Ham United,Burnley,West Ham United,Player Shots On Target,Ashley Barnes,NA,NA,3.5,81,Sportsbet,49,289,15114820,554687908,2647770829
Burnley v West Ham United,Burnley,West Ham United,Player Shots On Target,Loum Tchaouna,NA,NA,3.5,81,Sportsbet,49,289,15114820,554687908,2646905757
Burnley v West Ham United,Burnley,West Ham United,Player Shots On Target,Marcus Edwards,NA,NA,3.5,81,Sportsbet,49,289,15114820,554687908,2646905745
Burnley v West Ham United,Burnley,West Ham United,Player Shots On Target,Callum Wilson,West Ham United,Burnley,3.5,19,Sportsbet,49,289,15114820,554687908,2646905759
Burnley v West Ham United,Burnley,West Ham United,Player Shots On Target,Jarrod Bowen,West Ham United,Burnley,3.5,26,Sportsbet,49,289,15114820,554687908,2646905760
Burnley v West Ham United,Burnley,West Ham United,Player Shots On Target,Valentin Castellanos,NA,NA,3.5,36,Sportsbet,49,289,15114820,554687908,2646905766
Burnley v West Ham United,Burnley,West Ham United,Player Shots On Target,Pablo,West Ham United,Burnley,3.5,56,Sportsbet,49,289,15114820,554687908,2646905769
Burnley v West Ham United,Burnley,West Ham United,Player Shots On Target,Adama Traor<c3><a9>,NA,NA,3.5,71,Sportsbet,49,289,15114820,554687908,2646915878
Wolverhampton Wanderers v Chelsea,Wolverhampton Wanderers,Chelsea,Player Shots On Target,Adam Armstrong,Southampton,Wolverhampton Wanderers,0.5,1.45,Sportsbet,49,289,15114825,554681896,2646873712
Wolverhampton Wanderers v Chelsea,Wolverhampton Wanderers,Chelsea,Player Shots On Target,Hee-chan Hwang,Wolverhampton Wanderers,Chelsea,0.5,1.91,Sportsbet,49,289,15114825,554681896,2646873713
Wolverhampton Wanderers v Chelsea,Wolverhampton Wanderers,Chelsea,Player Shots On Target,Mateus Mane,NA,NA,0.5,1.83,Sportsbet,49,289,15114825,554681896,2646873728
Wolverhampton Wanderers v Chelsea,Wolverhampton Wanderers,Chelsea,Player Shots On Target,Tolu Arokodare,Wolverhampton Wanderers,Chelsea,0.5,1.62,Sportsbet,49,289,15114825,554681896,2646873719
Wolverhampton Wanderers v Chelsea,Wolverhampton Wanderers,Chelsea,Player Shots On Target,Jean-Ricner Bellegarde,Wolverhampton Wanderers,Chelsea,0.5,2.6,Sportsbet,49,289,15114825,554681896,2646873714
Wolverhampton Wanderers v Chelsea,Wolverhampton Wanderers,Chelsea,Player Shots On Target,Jhon Arias,Wolverhampton Wanderers,Chelsea,0.5,2,Sportsbet,49,289,15114825,554681896,2646873724
Wolverhampton Wanderers v Chelsea,Wolverhampton Wanderers,Chelsea,Player Shots On Target,Rodrigo Gomes,Wolverhampton Wanderers,Chelsea,0.5,2.1,Sportsbet,49,289,15114825,554681896,2646873723
Wolverhampton Wanderers v Chelsea,Wolverhampton Wanderers,Chelsea,Player Shots On Target,Angel Gomes,NA,NA,0.5,3.75,Sportsbet,49,289,15114825,554681896,2646873715
Wolverhampton Wanderers v Chelsea,Wolverhampton Wanderers,Chelsea,Player Shots On Target,Ladislav Krejci,Wolverhampton Wanderers,Chelsea,0.5,3.75,Sportsbet,49,289,15114825,554681896,2646873718
Wolverhampton Wanderers v Chelsea,Wolverhampton Wanderers,Chelsea,Player Shots On Target,Yerson Mosquera,Wolverhampton Wanderers,Chelsea,0.5,3.5,Sportsbet,49,289,15114825,554681896,2646873727
Wolverhampton Wanderers v Chelsea,Wolverhampton Wanderers,Chelsea,Player Shots On Target,David Moller Wolfe,NA,NA,0.5,4.33,Sportsbet,49,289,15114825,554681896,2646873726
Wolverhampton Wanderers v Chelsea,Wolverhampton Wanderers,Chelsea,Player Shots On Target,Jo<c3><a3>o Gomes,NA,NA,0.5,4.33,Sportsbet,49,289,15114825,554681896,2646873720
Wolverhampton Wanderers v Chelsea,Wolverhampton Wanderers,Chelsea,Player Shots On Target,Jackson Tchatchoua,Wolverhampton Wanderers,Chelsea,0.5,5,Sportsbet,49,289,15114825,554681896,2646873725
Wolverhampton Wanderers v Chelsea,Wolverhampton Wanderers,Chelsea,Player Shots On Target,Santiago Bueno,Wolverhampton Wanderers,Chelsea,0.5,5.5,Sportsbet,49,289,15114825,554681896,2646873716
Wolverhampton Wanderers v Chelsea,Wolverhampton Wanderers,Chelsea,Player Shots On Target,Hugo Bueno,Wolverhampton Wanderers,Chelsea,0.5,6,Sportsbet,49,289,15114825,554681896,2646873721
Wolverhampton Wanderers v Chelsea,Wolverhampton Wanderers,Chelsea,Player Shots On Target,Matt Doherty,Wolverhampton Wanderers,Chelsea,0.5,6,Sportsbet,49,289,15114825,554681896,2646873711
Wolverhampton Wanderers v Chelsea,Wolverhampton Wanderers,Chelsea,Player Shots On Target,Andre,NA,NA,0.5,7.5,Sportsbet,49,289,15114825,554681896,2646873717
Wolverhampton Wanderers v Chelsea,Wolverhampton Wanderers,Chelsea,Player Shots On Target,Pedro Lima,Wolverhampton Wanderers,Chelsea,0.5,7,Sportsbet,49,289,15114825,554681896,2646873729
Wolverhampton Wanderers v Chelsea,Wolverhampton Wanderers,Chelsea,Player Shots On Target,Alejandro Garnacho,Chelsea,Wolverhampton Wanderers,0.5,1.67,Sportsbet,49,289,15114825,554681896,2646873743
Wolverhampton Wanderers v Chelsea,Wolverhampton Wanderers,Chelsea,Player Shots On Target,Cole Palmer,Chelsea,Wolverhampton Wanderers,0.5,1.3,Sportsbet,49,289,15114825,554681896,2646873737
Wolverhampton Wanderers v Chelsea,Wolverhampton Wanderers,Chelsea,Player Shots On Target,Enzo Fern<c3><a1>ndez,NA,NA,0.5,1.67,Sportsbet,49,289,15114825,554681896,2646873741
Wolverhampton Wanderers v Chelsea,Wolverhampton Wanderers,Chelsea,Player Shots On Target,Estevao,NA,NA,0.5,1.4,Sportsbet,49,289,15114825,554681896,2646873748
Wolverhampton Wanderers v Chelsea,Wolverhampton Wanderers,Chelsea,Player Shots On Target,Jo<c3><a3>o Pedro,NA,NA,0.5,1.36,Sportsbet,49,289,15114825,554681896,2646873736
Wolverhampton Wanderers v Chelsea,Wolverhampton Wanderers,Chelsea,Player Shots On Target,Liam Delap,Chelsea,Wolverhampton Wanderers,0.5,1.3,Sportsbet,49,289,15114825,554681896,2646873738
Wolverhampton Wanderers v Chelsea,Wolverhampton Wanderers,Chelsea,Player Shots On Target,Marc Guiu,Chelsea,Wolverhampton Wanderers,0.5,1.36,Sportsbet,49,289,15114825,554681896,2646873746
Wolverhampton Wanderers v Chelsea,Wolverhampton Wanderers,Chelsea,Player Shots On Target,Pedro Neto,Chelsea,Wolverhampton Wanderers,0.5,1.83,Sportsbet,49,289,15114825,554681896,2646873732
Wolverhampton Wanderers v Chelsea,Wolverhampton Wanderers,Chelsea,Player Shots On Target,Andrey Santos,Chelsea,Wolverhampton Wanderers,0.5,2.1,Sportsbet,49,289,15114825,554681896,2646873742
Wolverhampton Wanderers v Chelsea,Wolverhampton Wanderers,Chelsea,Player Shots On Target,Reece James,Chelsea,Wolverhampton Wanderers,0.5,2.75,Sportsbet,49,289,15114825,554681896,2646873731
Wolverhampton Wanderers v Chelsea,Wolverhampton Wanderers,Chelsea,Player Shots On Target,Josh Acheampong,Chelsea,Wolverhampton Wanderers,0.5,3.75,Sportsbet,49,289,15114825,554681896,2646873747
Wolverhampton Wanderers v Chelsea,Wolverhampton Wanderers,Chelsea,Player Shots On Target,Malo Gusto,Chelsea,Wolverhampton Wanderers,0.5,3.75,Sportsbet,49,289,15114825,554681896,2646873740
Wolverhampton Wanderers v Chelsea,Wolverhampton Wanderers,Chelsea,Player Shots On Target,Marc Cucurella,Chelsea,Wolverhampton Wanderers,0.5,3.6,Sportsbet,49,289,15114825,554681896,2646873733
Wolverhampton Wanderers v Chelsea,Wolverhampton Wanderers,Chelsea,Player Shots On Target,Mois<c3><a9>s Caicedo,NA,NA,0.5,3.25,Sportsbet,49,289,15114825,554681896,2646873739
Wolverhampton Wanderers v Chelsea,Wolverhampton Wanderers,Chelsea,Player Shots On Target,Trevoh Chalobah,Chelsea,Wolverhampton Wanderers,0.5,3.75,Sportsbet,49,289,15114825,554681896,2646873730
Wolverhampton Wanderers v Chelsea,Wolverhampton Wanderers,Chelsea,Player Shots On Target,Beno<c3><ae>t Badiashile,NA,NA,0.5,5,Sportsbet,49,289,15114825,554681896,2646873735
Wolverhampton Wanderers v Chelsea,Wolverhampton Wanderers,Chelsea,Player Shots On Target,Jorrel Hato,Chelsea,Wolverhampton Wanderers,0.5,5,Sportsbet,49,289,15114825,554681896,2646873745
Wolverhampton Wanderers v Chelsea,Wolverhampton Wanderers,Chelsea,Player Shots On Target,Wesley Fofana,Chelsea,Wolverhampton Wanderers,0.5,6,Sportsbet,49,289,15114825,554681896,2646873734
Wolverhampton Wanderers v Chelsea,Wolverhampton Wanderers,Chelsea,Player Shots On Target,Mamadou Sarr,NA,NA,0.5,7.5,Sportsbet,49,289,15114825,554681896,2649190144
Wolverhampton Wanderers v Chelsea,Wolverhampton Wanderers,Chelsea,Player Shots On Target,Adam Armstrong,Southampton,Wolverhampton Wanderers,1.5,3.1,Sportsbet,49,289,15114825,554681901,2646874304
Wolverhampton Wanderers v Chelsea,Wolverhampton Wanderers,Chelsea,Player Shots On Target,Tolu Arokodare,Wolverhampton Wanderers,Chelsea,1.5,3.75,Sportsbet,49,289,15114825,554681901,2646874311
Wolverhampton Wanderers v Chelsea,Wolverhampton Wanderers,Chelsea,Player Shots On Target,Mateus Mane,NA,NA,1.5,4.5,Sportsbet,49,289,15114825,554681901,2646874320
Wolverhampton Wanderers v Chelsea,Wolverhampton Wanderers,Chelsea,Player Shots On Target,Hee-chan Hwang,Wolverhampton Wanderers,Chelsea,1.5,5,Sportsbet,49,289,15114825,554681901,2646874305
Wolverhampton Wanderers v Chelsea,Wolverhampton Wanderers,Chelsea,Player Shots On Target,Jhon Arias,Wolverhampton Wanderers,Chelsea,1.5,5.5,Sportsbet,49,289,15114825,554681901,2646874316
Wolverhampton Wanderers v Chelsea,Wolverhampton Wanderers,Chelsea,Player Shots On Target,Rodrigo Gomes,Wolverhampton Wanderers,Chelsea,1.5,6,Sportsbet,49,289,15114825,554681901,2646874315
Wolverhampton Wanderers v Chelsea,Wolverhampton Wanderers,Chelsea,Player Shots On Target,Jean-Ricner Bellegarde,Wolverhampton Wanderers,Chelsea,1.5,9,Sportsbet,49,289,15114825,554681901,2646874306
Wolverhampton Wanderers v Chelsea,Wolverhampton Wanderers,Chelsea,Player Shots On Target,Yerson Mosquera,Wolverhampton Wanderers,Chelsea,1.5,15,Sportsbet,49,289,15114825,554681901,2646874319
Wolverhampton Wanderers v Chelsea,Wolverhampton Wanderers,Chelsea,Player Shots On Target,Angel Gomes,NA,NA,1.5,18,Sportsbet,49,289,15114825,554681901,2646874307
Wolverhampton Wanderers v Chelsea,Wolverhampton Wanderers,Chelsea,Player Shots On Target,Ladislav Krejci,Wolverhampton Wanderers,Chelsea,1.5,20,Sportsbet,49,289,15114825,554681901,2646874310
Wolverhampton Wanderers v Chelsea,Wolverhampton Wanderers,Chelsea,Player Shots On Target,David Moller Wolfe,NA,NA,1.5,23,Sportsbet,49,289,15114825,554681901,2646874318
Wolverhampton Wanderers v Chelsea,Wolverhampton Wanderers,Chelsea,Player Shots On Target,Jo<c3><a3>o Gomes,NA,NA,1.5,26,Sportsbet,49,289,15114825,554681901,2646874312
Wolverhampton Wanderers v Chelsea,Wolverhampton Wanderers,Chelsea,Player Shots On Target,Cole Palmer,Chelsea,Wolverhampton Wanderers,1.5,2.4,Sportsbet,49,289,15114825,554681901,2646874329
Wolverhampton Wanderers v Chelsea,Wolverhampton Wanderers,Chelsea,Player Shots On Target,Estevao,NA,NA,1.5,2.88,Sportsbet,49,289,15114825,554681901,2646874340
Wolverhampton Wanderers v Chelsea,Wolverhampton Wanderers,Chelsea,Player Shots On Target,Jo<c3><a3>o Pedro,NA,NA,1.5,2.63,Sportsbet,49,289,15114825,554681901,2646874328
Wolverhampton Wanderers v Chelsea,Wolverhampton Wanderers,Chelsea,Player Shots On Target,Liam Delap,Chelsea,Wolverhampton Wanderers,1.5,2.5,Sportsbet,49,289,15114825,554681901,2646874330
Wolverhampton Wanderers v Chelsea,Wolverhampton Wanderers,Chelsea,Player Shots On Target,Marc Guiu,Chelsea,Wolverhampton Wanderers,1.5,2.63,Sportsbet,49,289,15114825,554681901,2646874338
Wolverhampton Wanderers v Chelsea,Wolverhampton Wanderers,Chelsea,Player Shots On Target,Alejandro Garnacho,Chelsea,Wolverhampton Wanderers,1.5,4.2,Sportsbet,49,289,15114825,554681901,2646874335
Wolverhampton Wanderers v Chelsea,Wolverhampton Wanderers,Chelsea,Player Shots On Target,Enzo Fern<c3><a1>ndez,NA,NA,1.5,4.2,Sportsbet,49,289,15114825,554681901,2646874333
Wolverhampton Wanderers v Chelsea,Wolverhampton Wanderers,Chelsea,Player Shots On Target,Pedro Neto,Chelsea,Wolverhampton Wanderers,1.5,4.5,Sportsbet,49,289,15114825,554681901,2646874324
Wolverhampton Wanderers v Chelsea,Wolverhampton Wanderers,Chelsea,Player Shots On Target,Andrey Santos,Chelsea,Wolverhampton Wanderers,1.5,6,Sportsbet,49,289,15114825,554681901,2646874334
Wolverhampton Wanderers v Chelsea,Wolverhampton Wanderers,Chelsea,Player Shots On Target,Reece James,Chelsea,Wolverhampton Wanderers,1.5,10,Sportsbet,49,289,15114825,554681901,2646874323
Wolverhampton Wanderers v Chelsea,Wolverhampton Wanderers,Chelsea,Player Shots On Target,Mois<c3><a9>s Caicedo,NA,NA,1.5,13,Sportsbet,49,289,15114825,554681901,2646874331
Wolverhampton Wanderers v Chelsea,Wolverhampton Wanderers,Chelsea,Player Shots On Target,Marc Cucurella,Chelsea,Wolverhampton Wanderers,1.5,15,Sportsbet,49,289,15114825,554681901,2646874325
Wolverhampton Wanderers v Chelsea,Wolverhampton Wanderers,Chelsea,Player Shots On Target,Josh Acheampong,Chelsea,Wolverhampton Wanderers,1.5,20,Sportsbet,49,289,15114825,554681901,2646874339
Wolverhampton Wanderers v Chelsea,Wolverhampton Wanderers,Chelsea,Player Shots On Target,Malo Gusto,Chelsea,Wolverhampton Wanderers,1.5,20,Sportsbet,49,289,15114825,554681901,2646874332
Wolverhampton Wanderers v Chelsea,Wolverhampton Wanderers,Chelsea,Player Shots On Target,Trevoh Chalobah,Chelsea,Wolverhampton Wanderers,1.5,20,Sportsbet,49,289,15114825,554681901,2646874322
Wolverhampton Wanderers v Chelsea,Wolverhampton Wanderers,Chelsea,Player Shots On Target,Adam Armstrong,Southampton,Wolverhampton Wanderers,2.5,7.5,Sportsbet,49,289,15114825,554681905,2646873858
Wolverhampton Wanderers v Chelsea,Wolverhampton Wanderers,Chelsea,Player Shots On Target,Tolu Arokodare,Wolverhampton Wanderers,Chelsea,2.5,10,Sportsbet,49,289,15114825,554681905,2646873865
Wolverhampton Wanderers v Chelsea,Wolverhampton Wanderers,Chelsea,Player Shots On Target,Mateus Mane,NA,NA,2.5,15,Sportsbet,49,289,15114825,554681905,2646873874
Wolverhampton Wanderers v Chelsea,Wolverhampton Wanderers,Chelsea,Player Shots On Target,Hee-chan Hwang,Wolverhampton Wanderers,Chelsea,2.5,20,Sportsbet,49,289,15114825,554681905,2646873859
Wolverhampton Wanderers v Chelsea,Wolverhampton Wanderers,Chelsea,Player Shots On Target,Jhon Arias,Wolverhampton Wanderers,Chelsea,2.5,21,Sportsbet,49,289,15114825,554681905,2646873870
Wolverhampton Wanderers v Chelsea,Wolverhampton Wanderers,Chelsea,Player Shots On Target,Rodrigo Gomes,Wolverhampton Wanderers,Chelsea,2.5,23,Sportsbet,49,289,15114825,554681905,2646873869
Wolverhampton Wanderers v Chelsea,Wolverhampton Wanderers,Chelsea,Player Shots On Target,Jean-Ricner Bellegarde,Wolverhampton Wanderers,Chelsea,2.5,46,Sportsbet,49,289,15114825,554681905,2646873860
Wolverhampton Wanderers v Chelsea,Wolverhampton Wanderers,Chelsea,Player Shots On Target,Cole Palmer,Chelsea,Wolverhampton Wanderers,2.5,5.5,Sportsbet,49,289,15114825,554681905,2646873883
Wolverhampton Wanderers v Chelsea,Wolverhampton Wanderers,Chelsea,Player Shots On Target,Liam Delap,Chelsea,Wolverhampton Wanderers,2.5,5.5,Sportsbet,49,289,15114825,554681905,2646873884
Wolverhampton Wanderers v Chelsea,Wolverhampton Wanderers,Chelsea,Player Shots On Target,Jo<c3><a3>o Pedro,NA,NA,2.5,6,Sportsbet,49,289,15114825,554681905,2646873882
Wolverhampton Wanderers v Chelsea,Wolverhampton Wanderers,Chelsea,Player Shots On Target,Marc Guiu,Chelsea,Wolverhampton Wanderers,2.5,6,Sportsbet,49,289,15114825,554681905,2646873892
Wolverhampton Wanderers v Chelsea,Wolverhampton Wanderers,Chelsea,Player Shots On Target,Estevao,NA,NA,2.5,7.5,Sportsbet,49,289,15114825,554681905,2646873894
Wolverhampton Wanderers v Chelsea,Wolverhampton Wanderers,Chelsea,Player Shots On Target,Enzo Fern<c3><a1>ndez,NA,NA,2.5,12,Sportsbet,49,289,15114825,554681905,2646873887
Wolverhampton Wanderers v Chelsea,Wolverhampton Wanderers,Chelsea,Player Shots On Target,Alejandro Garnacho,Chelsea,Wolverhampton Wanderers,2.5,13,Sportsbet,49,289,15114825,554681905,2646873889
Wolverhampton Wanderers v Chelsea,Wolverhampton Wanderers,Chelsea,Player Shots On Target,Pedro Neto,Chelsea,Wolverhampton Wanderers,2.5,15,Sportsbet,49,289,15114825,554681905,2646873878
Wolverhampton Wanderers v Chelsea,Wolverhampton Wanderers,Chelsea,Player Shots On Target,Andrey Santos,Chelsea,Wolverhampton Wanderers,2.5,26,Sportsbet,49,289,15114825,554681905,2646873888
Wolverhampton Wanderers v Chelsea,Wolverhampton Wanderers,Chelsea,Player Shots On Target,Reece James,Chelsea,Wolverhampton Wanderers,2.5,61,Sportsbet,49,289,15114825,554681905,2646873877
Wolverhampton Wanderers v Chelsea,Wolverhampton Wanderers,Chelsea,Player Shots On Target,Adam Armstrong,Southampton,Wolverhampton Wanderers,3.5,23,Sportsbet,49,289,15114825,554681908,2646873973
Wolverhampton Wanderers v Chelsea,Wolverhampton Wanderers,Chelsea,Player Shots On Target,Tolu Arokodare,Wolverhampton Wanderers,Chelsea,3.5,41,Sportsbet,49,289,15114825,554681908,2646873980
Wolverhampton Wanderers v Chelsea,Wolverhampton Wanderers,Chelsea,Player Shots On Target,Mateus Mane,NA,NA,3.5,67,Sportsbet,49,289,15114825,554681908,2646873989
Wolverhampton Wanderers v Chelsea,Wolverhampton Wanderers,Chelsea,Player Shots On Target,Cole Palmer,Chelsea,Wolverhampton Wanderers,3.5,14,Sportsbet,49,289,15114825,554681908,2646873998
Wolverhampton Wanderers v Chelsea,Wolverhampton Wanderers,Chelsea,Player Shots On Target,Liam Delap,Chelsea,Wolverhampton Wanderers,3.5,17,Sportsbet,49,289,15114825,554681908,2646873999
Wolverhampton Wanderers v Chelsea,Wolverhampton Wanderers,Chelsea,Player Shots On Target,Marc Guiu,Chelsea,Wolverhampton Wanderers,3.5,18,Sportsbet,49,289,15114825,554681908,2646874007
Wolverhampton Wanderers v Chelsea,Wolverhampton Wanderers,Chelsea,Player Shots On Target,Jo<c3><a3>o Pedro,NA,NA,3.5,19,Sportsbet,49,289,15114825,554681908,2646873997
Wolverhampton Wanderers v Chelsea,Wolverhampton Wanderers,Chelsea,Player Shots On Target,Estevao,NA,NA,3.5,23,Sportsbet,49,289,15114825,554681908,2646874009
Wolverhampton Wanderers v Chelsea,Wolverhampton Wanderers,Chelsea,Player Shots On Target,Enzo Fern<c3><a1>ndez,NA,NA,3.5,51,Sportsbet,49,289,15114825,554681908,2646874002
Wolverhampton Wanderers v Chelsea,Wolverhampton Wanderers,Chelsea,Player Shots On Target,Alejandro Garnacho,Chelsea,Wolverhampton Wanderers,3.5,61,Sportsbet,49,289,15114825,554681908,2646874004
Wolverhampton Wanderers v Chelsea,Wolverhampton Wanderers,Chelsea,Player Shots On Target,Pedro Neto,Chelsea,Wolverhampton Wanderers,3.5,81,Sportsbet,49,289,15114825,554681908,2646873993
Bournemouth v Aston Villa,Bournemouth,Aston Villa,Player Shots On Target,Alex Jimenez,NA,NA,0.5,1.83,Sportsbet,49,289,15114827,554692136,2646928579
Bournemouth v Aston Villa,Bournemouth,Aston Villa,Player Shots On Target,Amine Adli,Bournemouth,Aston Villa,0.5,1.67,Sportsbet,49,289,15114827,554692136,2646928572
Bournemouth v Aston Villa,Bournemouth,Aston Villa,Player Shots On Target,David Brooks,Bournemouth,Aston Villa,0.5,1.57,Sportsbet,49,289,15114827,554692136,2646928567
Bournemouth v Aston Villa,Bournemouth,Aston Villa,Player Shots On Target,Dominic Sadi,Bournemouth,Aston Villa,0.5,1.91,Sportsbet,49,289,15114827,554692136,2646928575
Bournemouth v Aston Villa,Bournemouth,Aston Villa,Player Shots On Target,Enes Unal,NA,NA,0.5,1.36,Sportsbet,49,289,15114827,554692136,2646928565
Bournemouth v Aston Villa,Bournemouth,Aston Villa,Player Shots On Target,Evanilson,Bournemouth,Aston Villa,0.5,1.4,Sportsbet,49,289,15114827,554692136,2646928568
Bournemouth v Aston Villa,Bournemouth,Aston Villa,Player Shots On Target,Junior Kroupi,NA,NA,0.5,1.33,Sportsbet,49,289,15114827,554692136,2646928578
Bournemouth v Aston Villa,Bournemouth,Aston Villa,Player Shots On Target,Rayan,NA,NA,0.5,1.4,Sportsbet,49,289,15114827,554692136,2646928576
Bournemouth v Aston Villa,Bournemouth,Aston Villa,Player Shots On Target,Remy Rees-Dottin,Bournemouth,Aston Villa,0.5,1.62,Sportsbet,49,289,15114827,554692136,2646928580
Bournemouth v Aston Villa,Bournemouth,Aston Villa,Player Shots On Target,Alex Scott,Bournemouth,Aston Villa,0.5,2.3,Sportsbet,49,289,15114827,554692136,2646928574
Bournemouth v Aston Villa,Bournemouth,Aston Villa,Player Shots On Target,Alex Toth,NA,NA,0.5,2.5,Sportsbet,49,289,15114827,554692136,2646928577
Bournemouth v Aston Villa,Bournemouth,Aston Villa,Player Shots On Target,Ryan Christie,Bournemouth,Aston Villa,0.5,2.5,Sportsbet,49,289,15114827,554692136,2646928564
Bournemouth v Aston Villa,Bournemouth,Aston Villa,Player Shots On Target,James Hill,Bournemouth,Aston Villa,0.5,4.5,Sportsbet,49,289,15114827,554692136,2646928569
Bournemouth v Aston Villa,Bournemouth,Aston Villa,Player Shots On Target,Lewis Cook,Bournemouth,Aston Villa,0.5,4.5,Sportsbet,49,289,15114827,554692136,2646928566
Bournemouth v Aston Villa,Bournemouth,Aston Villa,Player Shots On Target,Adrien Truffert,Bournemouth,Aston Villa,0.5,5,Sportsbet,49,289,15114827,554692136,2646928573
Bournemouth v Aston Villa,Bournemouth,Aston Villa,Player Shots On Target,Veljko Milosavljevic,Bournemouth,Aston Villa,0.5,5,Sportsbet,49,289,15114827,554692136,2646928581
Bournemouth v Aston Villa,Bournemouth,Aston Villa,Player Shots On Target,Bafode Diakite,NA,NA,0.5,6.5,Sportsbet,49,289,15114827,554692136,2646928570
Bournemouth v Aston Villa,Bournemouth,Aston Villa,Player Shots On Target,Marcos Senesi,Bournemouth,Aston Villa,0.5,6.5,Sportsbet,49,289,15114827,554692136,2646928571
Bournemouth v Aston Villa,Bournemouth,Aston Villa,Player Shots On Target,Adam Smith,Bournemouth,Aston Villa,0.5,8,Sportsbet,49,289,15114827,554692136,2646928563
Bournemouth v Aston Villa,Bournemouth,Aston Villa,Player Shots On Target,Emiliano Buend<c3><ad>a,NA,NA,0.5,1.72,Sportsbet,49,289,15114827,554692136,2646928587
Bournemouth v Aston Villa,Bournemouth,Aston Villa,Player Shots On Target,Harvey Elliott,Liverpool,Bournemouth,0.5,1.72,Sportsbet,49,289,15114827,554692136,2646928597
Bournemouth v Aston Villa,Bournemouth,Aston Villa,Player Shots On Target,Harvey Elliott,Aston Villa,Bournemouth,0.5,1.72,Sportsbet,49,289,15114827,554692136,2646928597
Bournemouth v Aston Villa,Bournemouth,Aston Villa,Player Shots On Target,Leon Bailey,Aston Villa,Bournemouth,0.5,1.91,Sportsbet,49,289,15114827,554692136,2646928591
Bournemouth v Aston Villa,Bournemouth,Aston Villa,Player Shots On Target,Morgan Rogers,Aston Villa,Bournemouth,0.5,1.57,Sportsbet,49,289,15114827,554692136,2646928595
Bournemouth v Aston Villa,Bournemouth,Aston Villa,Player Shots On Target,Ollie Watkins,Aston Villa,Bournemouth,0.5,1.3,Sportsbet,49,289,15114827,554692136,2646928585
Bournemouth v Aston Villa,Bournemouth,Aston Villa,Player Shots On Target,Ross Barkley,Aston Villa,Bournemouth,0.5,1.91,Sportsbet,49,289,15114827,554692136,2646928582
Bournemouth v Aston Villa,Bournemouth,Aston Villa,Player Shots On Target,Tammy Abraham,NA,NA,0.5,1.45,Sportsbet,49,289,15114827,554692136,2646928590
Bournemouth v Aston Villa,Bournemouth,Aston Villa,Player Shots On Target,Amadou Onana,Aston Villa,Bournemouth,0.5,2.75,Sportsbet,49,289,15114827,554692136,2646928598
Bournemouth v Aston Villa,Bournemouth,Aston Villa,Player Shots On Target,Douglas Luiz,Nottingham Forest,Bournemouth,0.5,2.5,Sportsbet,49,289,15114827,554692136,2646928593
Bournemouth v Aston Villa,Bournemouth,Aston Villa,Player Shots On Target,George Hemmings,Aston Villa,Bournemouth,0.5,2.4,Sportsbet,49,289,15114827,554692136,2646928600
Bournemouth v Aston Villa,Bournemouth,Aston Villa,Player Shots On Target,Jadon Sancho,Aston Villa,Bournemouth,0.5,2,Sportsbet,49,289,15114827,554692136,2646928594
Bournemouth v Aston Villa,Bournemouth,Aston Villa,Player Shots On Target,Ian Maatsen,Aston Villa,Bournemouth,0.5,3.2,Sportsbet,49,289,15114827,554692136,2646928596
Bournemouth v Aston Villa,Bournemouth,Aston Villa,Player Shots On Target,Matty Cash,Aston Villa,Bournemouth,0.5,3.3,Sportsbet,49,289,15114827,554692136,2646928589
Bournemouth v Aston Villa,Bournemouth,Aston Villa,Player Shots On Target,Lamare Bogarde,Aston Villa,Bournemouth,0.5,4.33,Sportsbet,49,289,15114827,554692136,2646928599
Bournemouth v Aston Villa,Bournemouth,Aston Villa,Player Shots On Target,Lucas Digne,Aston Villa,Bournemouth,0.5,4.5,Sportsbet,49,289,15114827,554692136,2646928583
Bournemouth v Aston Villa,Bournemouth,Aston Villa,Player Shots On Target,Pau Torres,Aston Villa,Bournemouth,0.5,5.5,Sportsbet,49,289,15114827,554692136,2646928592
Bournemouth v Aston Villa,Bournemouth,Aston Villa,Player Shots On Target,Ezri Konsa,Aston Villa,Bournemouth,0.5,6,Sportsbet,49,289,15114827,554692136,2646928588
Bournemouth v Aston Villa,Bournemouth,Aston Villa,Player Shots On Target,Tyrone Mings,Aston Villa,Bournemouth,0.5,6.5,Sportsbet,49,289,15114827,554692136,2646928584
Bournemouth v Aston Villa,Bournemouth,Aston Villa,Player Shots On Target,Victor Lindelof,NA,NA,0.5,6,Sportsbet,49,289,15114827,554692136,2646928586
Bournemouth v Aston Villa,Bournemouth,Aston Villa,Player Shots On Target,Enes Unal,NA,NA,1.5,2.63,Sportsbet,49,289,15114827,554692141,2646928355
Bournemouth v Aston Villa,Bournemouth,Aston Villa,Player Shots On Target,Junior Kroupi,NA,NA,1.5,2.5,Sportsbet,49,289,15114827,554692141,2646928368
Bournemouth v Aston Villa,Bournemouth,Aston Villa,Player Shots On Target,Rayan,NA,NA,1.5,2.8,Sportsbet,49,289,15114827,554692141,2646928366
Bournemouth v Aston Villa,Bournemouth,Aston Villa,Player Shots On Target,David Brooks,Bournemouth,Aston Villa,1.5,3.75,Sportsbet,49,289,15114827,554692141,2646928357
Bournemouth v Aston Villa,Bournemouth,Aston Villa,Player Shots On Target,Evanilson,Bournemouth,Aston Villa,1.5,3,Sportsbet,49,289,15114827,554692141,2646928358
Bournemouth v Aston Villa,Bournemouth,Aston Villa,Player Shots On Target,Remy Rees-Dottin,Bournemouth,Aston Villa,1.5,3.75,Sportsbet,49,289,15114827,554692141,2646928370
Bournemouth v Aston Villa,Bournemouth,Aston Villa,Player Shots On Target,Alex Jimenez,NA,NA,1.5,4.5,Sportsbet,49,289,15114827,554692141,2646928369
Bournemouth v Aston Villa,Bournemouth,Aston Villa,Player Shots On Target,Amine Adli,Bournemouth,Aston Villa,1.5,4,Sportsbet,49,289,15114827,554692141,2646928362
Bournemouth v Aston Villa,Bournemouth,Aston Villa,Player Shots On Target,Dominic Sadi,Bournemouth,Aston Villa,1.5,5.5,Sportsbet,49,289,15114827,554692141,2646928365
Bournemouth v Aston Villa,Bournemouth,Aston Villa,Player Shots On Target,Alex Scott,Bournemouth,Aston Villa,1.5,7,Sportsbet,49,289,15114827,554692141,2646928364
Bournemouth v Aston Villa,Bournemouth,Aston Villa,Player Shots On Target,Alex Toth,NA,NA,1.5,9,Sportsbet,49,289,15114827,554692141,2646928367
Bournemouth v Aston Villa,Bournemouth,Aston Villa,Player Shots On Target,Ryan Christie,Bournemouth,Aston Villa,1.5,9,Sportsbet,49,289,15114827,554692141,2646928354
Bournemouth v Aston Villa,Bournemouth,Aston Villa,Player Shots On Target,Lewis Cook,Bournemouth,Aston Villa,1.5,26,Sportsbet,49,289,15114827,554692141,2646928356
Bournemouth v Aston Villa,Bournemouth,Aston Villa,Player Shots On Target,James Hill,Bournemouth,Aston Villa,1.5,31,Sportsbet,49,289,15114827,554692141,2646928359
Bournemouth v Aston Villa,Bournemouth,Aston Villa,Player Shots On Target,Ollie Watkins,Aston Villa,Bournemouth,1.5,2.4,Sportsbet,49,289,15114827,554692141,2646928375
Bournemouth v Aston Villa,Bournemouth,Aston Villa,Player Shots On Target,Morgan Rogers,Aston Villa,Bournemouth,1.5,3.6,Sportsbet,49,289,15114827,554692141,2646928385
Bournemouth v Aston Villa,Bournemouth,Aston Villa,Player Shots On Target,Tammy Abraham,NA,NA,1.5,3.1,Sportsbet,49,289,15114827,554692141,2646928380
Bournemouth v Aston Villa,Bournemouth,Aston Villa,Player Shots On Target,Emiliano Buend<c3><ad>a,NA,NA,1.5,4.5,Sportsbet,49,289,15114827,554692141,2646928377
Bournemouth v Aston Villa,Bournemouth,Aston Villa,Player Shots On Target,Harvey Elliott,Liverpool,Bournemouth,1.5,4.5,Sportsbet,49,289,15114827,554692141,2646928387
Bournemouth v Aston Villa,Bournemouth,Aston Villa,Player Shots On Target,Harvey Elliott,Aston Villa,Bournemouth,1.5,4.5,Sportsbet,49,289,15114827,554692141,2646928387
Bournemouth v Aston Villa,Bournemouth,Aston Villa,Player Shots On Target,Jadon Sancho,Aston Villa,Bournemouth,1.5,5.5,Sportsbet,49,289,15114827,554692141,2646928384
Bournemouth v Aston Villa,Bournemouth,Aston Villa,Player Shots On Target,Leon Bailey,Aston Villa,Bournemouth,1.5,5.5,Sportsbet,49,289,15114827,554692141,2646928381
Bournemouth v Aston Villa,Bournemouth,Aston Villa,Player Shots On Target,Ross Barkley,Aston Villa,Bournemouth,1.5,5,Sportsbet,49,289,15114827,554692141,2646928372
Bournemouth v Aston Villa,Bournemouth,Aston Villa,Player Shots On Target,George Hemmings,Aston Villa,Bournemouth,1.5,8,Sportsbet,49,289,15114827,554692141,2646928390
Bournemouth v Aston Villa,Bournemouth,Aston Villa,Player Shots On Target,Douglas Luiz,Nottingham Forest,Bournemouth,1.5,9,Sportsbet,49,289,15114827,554692141,2646928383
Bournemouth v Aston Villa,Bournemouth,Aston Villa,Player Shots On Target,Amadou Onana,Aston Villa,Bournemouth,1.5,10,Sportsbet,49,289,15114827,554692141,2646928388
Bournemouth v Aston Villa,Bournemouth,Aston Villa,Player Shots On Target,Ian Maatsen,Aston Villa,Bournemouth,1.5,13,Sportsbet,49,289,15114827,554692141,2646928386
Bournemouth v Aston Villa,Bournemouth,Aston Villa,Player Shots On Target,Matty Cash,Aston Villa,Bournemouth,1.5,15,Sportsbet,49,289,15114827,554692141,2646928379
Bournemouth v Aston Villa,Bournemouth,Aston Villa,Player Shots On Target,Lamare Bogarde,Aston Villa,Bournemouth,1.5,23,Sportsbet,49,289,15114827,554692141,2646928389
Bournemouth v Aston Villa,Bournemouth,Aston Villa,Player Shots On Target,Lucas Digne,Aston Villa,Bournemouth,1.5,26,Sportsbet,49,289,15114827,554692141,2646928373
Bournemouth v Aston Villa,Bournemouth,Aston Villa,Player Shots On Target,Enes Unal,NA,NA,2.5,6,Sportsbet,49,289,15114827,554692116,2646928507
Bournemouth v Aston Villa,Bournemouth,Aston Villa,Player Shots On Target,Junior Kroupi,NA,NA,2.5,6,Sportsbet,49,289,15114827,554692116,2646927920
Bournemouth v Aston Villa,Bournemouth,Aston Villa,Player Shots On Target,Rayan,NA,NA,2.5,6.5,Sportsbet,49,289,15114827,554692116,2646927918
Bournemouth v Aston Villa,Bournemouth,Aston Villa,Player Shots On Target,Evanilson,Bournemouth,Aston Villa,2.5,7.5,Sportsbet,49,289,15114827,554692116,2646928510
Bournemouth v Aston Villa,Bournemouth,Aston Villa,Player Shots On Target,David Brooks,Bournemouth,Aston Villa,2.5,10,Sportsbet,49,289,15114827,554692116,2646928509
Bournemouth v Aston Villa,Bournemouth,Aston Villa,Player Shots On Target,Amine Adli,Bournemouth,Aston Villa,2.5,11,Sportsbet,49,289,15114827,554692116,2646927914
Bournemouth v Aston Villa,Bournemouth,Aston Villa,Player Shots On Target,Remy Rees-Dottin,Bournemouth,Aston Villa,2.5,11,Sportsbet,49,289,15114827,554692116,2646927922
Bournemouth v Aston Villa,Bournemouth,Aston Villa,Player Shots On Target,Alex Jimenez,NA,NA,2.5,15,Sportsbet,49,289,15114827,554692116,2646927921
Bournemouth v Aston Villa,Bournemouth,Aston Villa,Player Shots On Target,Dominic Sadi,Bournemouth,Aston Villa,2.5,19,Sportsbet,49,289,15114827,554692116,2646927917
Bournemouth v Aston Villa,Bournemouth,Aston Villa,Player Shots On Target,Alex Scott,Bournemouth,Aston Villa,2.5,34,Sportsbet,49,289,15114827,554692116,2646927916
Bournemouth v Aston Villa,Bournemouth,Aston Villa,Player Shots On Target,Alex Toth,NA,NA,2.5,46,Sportsbet,49,289,15114827,554692116,2646927919
Bournemouth v Aston Villa,Bournemouth,Aston Villa,Player Shots On Target,Ryan Christie,Bournemouth,Aston Villa,2.5,46,Sportsbet,49,289,15114827,554692116,2646928506
Bournemouth v Aston Villa,Bournemouth,Aston Villa,Player Shots On Target,Ollie Watkins,Aston Villa,Bournemouth,2.5,5.5,Sportsbet,49,289,15114827,554692116,2646927927
Bournemouth v Aston Villa,Bournemouth,Aston Villa,Player Shots On Target,Tammy Abraham,NA,NA,2.5,8,Sportsbet,49,289,15114827,554692116,2646927932
Bournemouth v Aston Villa,Bournemouth,Aston Villa,Player Shots On Target,Morgan Rogers,Aston Villa,Bournemouth,2.5,10,Sportsbet,49,289,15114827,554692116,2646927937
Bournemouth v Aston Villa,Bournemouth,Aston Villa,Player Shots On Target,Emiliano Buend<c3><ad>a,NA,NA,2.5,14,Sportsbet,49,289,15114827,554692116,2646927929
Bournemouth v Aston Villa,Bournemouth,Aston Villa,Player Shots On Target,Harvey Elliott,Liverpool,Bournemouth,2.5,15,Sportsbet,49,289,15114827,554692116,2646927939
Bournemouth v Aston Villa,Bournemouth,Aston Villa,Player Shots On Target,Harvey Elliott,Aston Villa,Bournemouth,2.5,15,Sportsbet,49,289,15114827,554692116,2646927939
Bournemouth v Aston Villa,Bournemouth,Aston Villa,Player Shots On Target,Ross Barkley,Aston Villa,Bournemouth,2.5,19,Sportsbet,49,289,15114827,554692116,2646927924
Bournemouth v Aston Villa,Bournemouth,Aston Villa,Player Shots On Target,Jadon Sancho,Aston Villa,Bournemouth,2.5,23,Sportsbet,49,289,15114827,554692116,2646927936
Bournemouth v Aston Villa,Bournemouth,Aston Villa,Player Shots On Target,Leon Bailey,Aston Villa,Bournemouth,2.5,23,Sportsbet,49,289,15114827,554692116,2646927933
Bournemouth v Aston Villa,Bournemouth,Aston Villa,Player Shots On Target,George Hemmings,Aston Villa,Bournemouth,2.5,36,Sportsbet,49,289,15114827,554692116,2646927942
Bournemouth v Aston Villa,Bournemouth,Aston Villa,Player Shots On Target,Douglas Luiz,Nottingham Forest,Bournemouth,2.5,51,Sportsbet,49,289,15114827,554692116,2646927935
Bournemouth v Aston Villa,Bournemouth,Aston Villa,Player Shots On Target,Junior Kroupi,NA,NA,3.5,15,Sportsbet,49,289,15114827,554692119,2646928034
Bournemouth v Aston Villa,Bournemouth,Aston Villa,Player Shots On Target,Enes Unal,NA,NA,3.5,17,Sportsbet,49,289,15114827,554692119,2646928021
Bournemouth v Aston Villa,Bournemouth,Aston Villa,Player Shots On Target,Rayan,NA,NA,3.5,21,Sportsbet,49,289,15114827,554692119,2646928032
Bournemouth v Aston Villa,Bournemouth,Aston Villa,Player Shots On Target,Evanilson,Bournemouth,Aston Villa,3.5,23,Sportsbet,49,289,15114827,554692119,2646928024
Bournemouth v Aston Villa,Bournemouth,Aston Villa,Player Shots On Target,Amine Adli,Bournemouth,Aston Villa,3.5,41,Sportsbet,49,289,15114827,554692119,2646928028
Bournemouth v Aston Villa,Bournemouth,Aston Villa,Player Shots On Target,David Brooks,Bournemouth,Aston Villa,3.5,41,Sportsbet,49,289,15114827,554692119,2646928023
Bournemouth v Aston Villa,Bournemouth,Aston Villa,Player Shots On Target,Remy Rees-Dottin,Bournemouth,Aston Villa,3.5,41,Sportsbet,49,289,15114827,554692119,2646928036
Bournemouth v Aston Villa,Bournemouth,Aston Villa,Player Shots On Target,Alex Jimenez,NA,NA,3.5,81,Sportsbet,49,289,15114827,554692119,2646928035
Bournemouth v Aston Villa,Bournemouth,Aston Villa,Player Shots On Target,Ollie Watkins,Aston Villa,Bournemouth,3.5,15,Sportsbet,49,289,15114827,554692119,2646928041
Bournemouth v Aston Villa,Bournemouth,Aston Villa,Player Shots On Target,Tammy Abraham,NA,NA,3.5,26,Sportsbet,49,289,15114827,554692119,2646928046
Bournemouth v Aston Villa,Bournemouth,Aston Villa,Player Shots On Target,Morgan Rogers,Aston Villa,Bournemouth,3.5,41,Sportsbet,49,289,15114827,554692119,2646928051
Bournemouth v Aston Villa,Bournemouth,Aston Villa,Player Shots On Target,Emiliano Buend<c3><ad>a,NA,NA,3.5,61,Sportsbet,49,289,15114827,554692119,2646928043
Bournemouth v Aston Villa,Bournemouth,Aston Villa,Player Shots On Target,Harvey Elliott,Liverpool,Bournemouth,3.5,76,Sportsbet,49,289,15114827,554692119,2646928053
Bournemouth v Aston Villa,Bournemouth,Aston Villa,Player Shots On Target,Harvey Elliott,Aston Villa,Bournemouth,3.5,76,Sportsbet,49,289,15114827,554692119,2646928053
Bournemouth v Aston Villa,Bournemouth,Aston Villa,Player Shots On Target,Ross Barkley,Aston Villa,Bournemouth,3.5,91,Sportsbet,49,289,15114827,554692119,2646928038
Fulham v Everton,Fulham,Everton,Player Shots On Target,Emile Smith Rowe,Fulham,Everton,0.5,1.91,Sportsbet,49,289,15114833,554685170,2646892918
Fulham v Everton,Fulham,Everton,Player Shots On Target,Harry Wilson,Fulham,Everton,0.5,1.45,Sportsbet,49,289,15114833,554685170,2646892912
Fulham v Everton,Fulham,Everton,Player Shots On Target,Jonah Kusi-Asare,Fulham,Everton,0.5,1.45,Sportsbet,49,289,15114833,554685170,2646892923
Fulham v Everton,Fulham,Everton,Player Shots On Target,Joshua King,NA,NA,0.5,1.72,Sportsbet,49,289,15114833,554685170,2646892924
Fulham v Everton,Fulham,Everton,Player Shots On Target,Kevin,Fulham,Everton,0.5,1.57,Sportsbet,49,289,15114833,554685170,2646892922
Fulham v Everton,Fulham,Everton,Player Shots On Target,Oscar Bobb,Manchester City,Fulham,0.5,1.91,Sportsbet,49,289,15114833,554685170,2646899769
Fulham v Everton,Fulham,Everton,Player Shots On Target,Ra<c3><ba>l Jim<c3><a9>nez,NA,NA,0.5,1.36,Sportsbet,49,289,15114833,554685170,2647930990
Fulham v Everton,Fulham,Everton,Player Shots On Target,Rodrigo Muniz,Fulham,Everton,0.5,1.3,Sportsbet,49,289,15114833,554685170,2646892921
Fulham v Everton,Fulham,Everton,Player Shots On Target,Ryan Sessegnon,Fulham,Everton,0.5,1.91,Sportsbet,49,289,15114833,554685170,2646892914
Fulham v Everton,Fulham,Everton,Player Shots On Target,Samuel Chukwueze,Fulham,Everton,0.5,1.72,Sportsbet,49,289,15114833,554685170,2646892919
Fulham v Everton,Fulham,Everton,Player Shots On Target,Alex Iwobi,Fulham,Everton,0.5,2.5,Sportsbet,49,289,15114833,554685170,2646892910
Fulham v Everton,Fulham,Everton,Player Shots On Target,Tom Cairney,Fulham,Everton,0.5,2.1,Sportsbet,49,289,15114833,554685170,2646892906
Fulham v Everton,Fulham,Everton,Player Shots On Target,Harrison Reed,Fulham,Everton,0.5,3.2,Sportsbet,49,289,15114833,554685170,2646892908
Fulham v Everton,Fulham,Everton,Player Shots On Target,Timothy Castagne,Fulham,Everton,0.5,3.75,Sportsbet,49,289,15114833,554685170,2646892909
Fulham v Everton,Fulham,Everton,Player Shots On Target,Kenny Tete,Fulham,Everton,0.5,4,Sportsbet,49,289,15114833,554685170,2646892907
Fulham v Everton,Fulham,Everton,Player Shots On Target,Sander Berge,Fulham,Everton,0.5,4.5,Sportsbet,49,289,15114833,554685170,2646892916
Fulham v Everton,Fulham,Everton,Player Shots On Target,Issa Diop,Fulham,Everton,0.5,5.5,Sportsbet,49,289,15114833,554685170,2646892913
Fulham v Everton,Fulham,Everton,Player Shots On Target,Jorge Cuenca,Fulham,Everton,0.5,5,Sportsbet,49,289,15114833,554685170,2646892917
Fulham v Everton,Fulham,Everton,Player Shots On Target,Antonee Robinson,Fulham,Everton,0.5,6,Sportsbet,49,289,15114833,554685170,2646892915
Fulham v Everton,Fulham,Everton,Player Shots On Target,Calvin Bassey,Fulham,Everton,0.5,6,Sportsbet,49,289,15114833,554685170,2646892920
Fulham v Everton,Fulham,Everton,Player Shots On Target,Joachim Andersen,Fulham,Everton,0.5,6,Sportsbet,49,289,15114833,554685170,2646892911
Fulham v Everton,Fulham,Everton,Player Shots On Target,Beto,Everton,Fulham,0.5,1.57,Sportsbet,49,289,15114833,554685170,2646892935
Fulham v Everton,Fulham,Everton,Player Shots On Target,Dwight McNeil,Everton,Fulham,0.5,1.83,Sportsbet,49,289,15114833,554685170,2646892932
Fulham v Everton,Fulham,Everton,Player Shots On Target,Iliman Ndiaye,Everton,Fulham,0.5,1.83,Sportsbet,49,289,15114833,554685170,2646892931
Fulham v Everton,Fulham,Everton,Player Shots On Target,Thierno Barry,Everton,Fulham,0.5,1.72,Sportsbet,49,289,15114833,554685170,2646892945
Fulham v Everton,Fulham,Everton,Player Shots On Target,Tyrique George,Chelsea,Fulham,0.5,1.91,Sportsbet,49,289,15114833,554685170,2646892942
Fulham v Everton,Fulham,Everton,Player Shots On Target,Charly Alcaraz,NA,NA,0.5,2,Sportsbet,49,289,15114833,554685170,2646892938
Fulham v Everton,Fulham,Everton,Player Shots On Target,Harrison Armstrong,Everton,Fulham,0.5,2.4,Sportsbet,49,289,15114833,554685170,2646892943
Fulham v Everton,Fulham,Everton,Player Shots On Target,Kiernan Dewsbury-Hall,Everton,Fulham,0.5,2.4,Sportsbet,49,289,15114833,554685170,2646892929
Fulham v Everton,Fulham,Everton,Player Shots On Target,Merlin Rohl,NA,NA,0.5,2.88,Sportsbet,49,289,15114833,554685170,2646892939
Fulham v Everton,Fulham,Everton,Player Shots On Target,Tyler Dibling,Everton,Fulham,0.5,2.2,Sportsbet,49,289,15114833,554685170,2646892941
Fulham v Everton,Fulham,Everton,Player Shots On Target,Tyler Dibling,Southampton,Fulham,0.5,2.2,Sportsbet,49,289,15114833,554685170,2646892941
Fulham v Everton,Fulham,Everton,Player Shots On Target,Idrissa Gueye,Everton,Fulham,0.5,3.75,Sportsbet,49,289,15114833,554685170,2646892928
Fulham v Everton,Fulham,Everton,Player Shots On Target,James Garner,Everton,Fulham,0.5,3,Sportsbet,49,289,15114833,554685170,2646892933
Fulham v Everton,Fulham,Everton,Player Shots On Target,Michael Keane,Everton,Fulham,0.5,3.4,Sportsbet,49,289,15114833,554685170,2646892927
Fulham v Everton,Fulham,Everton,Player Shots On Target,Adam Aznou,Everton,Fulham,0.5,5,Sportsbet,49,289,15114833,554685170,2646892944
Fulham v Everton,Fulham,Everton,Player Shots On Target,Jake O'Brien,Everton,Fulham,0.5,5,Sportsbet,49,289,15114833,554685170,2646892940
Fulham v Everton,Fulham,Everton,Player Shots On Target,Tim Iroegbunam,Everton,Fulham,0.5,5,Sportsbet,49,289,15114833,554685170,2646892937
Fulham v Everton,Fulham,Everton,Player Shots On Target,James Tarkowski,Everton,Fulham,0.5,6,Sportsbet,49,289,15114833,554685170,2646892925
Fulham v Everton,Fulham,Everton,Player Shots On Target,Nathan Patterson,Everton,Fulham,0.5,6,Sportsbet,49,289,15114833,554685170,2646892936
Fulham v Everton,Fulham,Everton,Player Shots On Target,Jarrad Branthwaite,Everton,Fulham,0.5,7.5,Sportsbet,49,289,15114833,554685170,2646892934
Fulham v Everton,Fulham,Everton,Player Shots On Target,S<c3><a9>amus Coleman,NA,NA,0.5,7,Sportsbet,49,289,15114833,554685170,2646892926
Fulham v Everton,Fulham,Everton,Player Shots On Target,Vitaliy Mykolenko,Everton,Fulham,0.5,7.5,Sportsbet,49,289,15114833,554685170,2646892930
Fulham v Everton,Fulham,Everton,Player Shots On Target,Ra<c3><ba>l Jim<c3><a9>nez,NA,NA,1.5,2.63,Sportsbet,49,289,15114833,554685175,2647930993
Fulham v Everton,Fulham,Everton,Player Shots On Target,Rodrigo Muniz,Fulham,Everton,1.5,2.4,Sportsbet,49,289,15114833,554685175,2646892325
Fulham v Everton,Fulham,Everton,Player Shots On Target,Harry Wilson,Fulham,Everton,1.5,3,Sportsbet,49,289,15114833,554685175,2646892316
Fulham v Everton,Fulham,Everton,Player Shots On Target,Jonah Kusi-Asare,Fulham,Everton,1.5,3.2,Sportsbet,49,289,15114833,554685175,2646892327
Fulham v Everton,Fulham,Everton,Player Shots On Target,Kevin,Fulham,Everton,1.5,3.75,Sportsbet,49,289,15114833,554685175,2646892326
Fulham v Everton,Fulham,Everton,Player Shots On Target,Joshua King,NA,NA,1.5,4.5,Sportsbet,49,289,15114833,554685175,2646892328
Fulham v Everton,Fulham,Everton,Player Shots On Target,Samuel Chukwueze,Fulham,Everton,1.5,4.33,Sportsbet,49,289,15114833,554685175,2646892323
Fulham v Everton,Fulham,Everton,Player Shots On Target,Emile Smith Rowe,Fulham,Everton,1.5,5,Sportsbet,49,289,15114833,554685175,2646892322
Fulham v Everton,Fulham,Everton,Player Shots On Target,Oscar Bobb,Manchester City,Fulham,1.5,5,Sportsbet,49,289,15114833,554685175,2646899772
Fulham v Everton,Fulham,Everton,Player Shots On Target,Ryan Sessegnon,Fulham,Everton,1.5,5,Sportsbet,49,289,15114833,554685175,2646892318
Fulham v Everton,Fulham,Everton,Player Shots On Target,Tom Cairney,Fulham,Everton,1.5,6,Sportsbet,49,289,15114833,554685175,2646892310
Fulham v Everton,Fulham,Everton,Player Shots On Target,Alex Iwobi,Fulham,Everton,1.5,8.5,Sportsbet,49,289,15114833,554685175,2646892314
Fulham v Everton,Fulham,Everton,Player Shots On Target,Harrison Reed,Fulham,Everton,1.5,13,Sportsbet,49,289,15114833,554685175,2646892312
Fulham v Everton,Fulham,Everton,Player Shots On Target,Timothy Castagne,Fulham,Everton,1.5,19,Sportsbet,49,289,15114833,554685175,2646892313
Fulham v Everton,Fulham,Everton,Player Shots On Target,Kenny Tete,Fulham,Everton,1.5,21,Sportsbet,49,289,15114833,554685175,2646892311
Fulham v Everton,Fulham,Everton,Player Shots On Target,Sander Berge,Fulham,Everton,1.5,26,Sportsbet,49,289,15114833,554685175,2646892320
Fulham v Everton,Fulham,Everton,Player Shots On Target,Beto,Everton,Fulham,1.5,3.75,Sportsbet,49,289,15114833,554685175,2646892339
Fulham v Everton,Fulham,Everton,Player Shots On Target,Thierno Barry,Everton,Fulham,1.5,4.5,Sportsbet,49,289,15114833,554685175,2646892349
Fulham v Everton,Fulham,Everton,Player Shots On Target,Charly Alcaraz,NA,NA,1.5,5.5,Sportsbet,49,289,15114833,554685175,2646892342
Fulham v Everton,Fulham,Everton,Player Shots On Target,Dwight McNeil,Everton,Fulham,1.5,5,Sportsbet,49,289,15114833,554685175,2646892336
Fulham v Everton,Fulham,Everton,Player Shots On Target,Iliman Ndiaye,Everton,Fulham,1.5,5,Sportsbet,49,289,15114833,554685175,2646892335
Fulham v Everton,Fulham,Everton,Player Shots On Target,Tyrique George,Chelsea,Fulham,1.5,5.5,Sportsbet,49,289,15114833,554685175,2646892346
Fulham v Everton,Fulham,Everton,Player Shots On Target,Tyler Dibling,Everton,Fulham,1.5,6.5,Sportsbet,49,289,15114833,554685175,2646892345
Fulham v Everton,Fulham,Everton,Player Shots On Target,Tyler Dibling,Southampton,Fulham,1.5,6.5,Sportsbet,49,289,15114833,554685175,2646892345
Fulham v Everton,Fulham,Everton,Player Shots On Target,Harrison Armstrong,Everton,Fulham,1.5,7.5,Sportsbet,49,289,15114833,554685175,2646892347
Fulham v Everton,Fulham,Everton,Player Shots On Target,Kiernan Dewsbury-Hall,Everton,Fulham,1.5,7.5,Sportsbet,49,289,15114833,554685175,2646892333
Fulham v Everton,Fulham,Everton,Player Shots On Target,Merlin Rohl,NA,NA,1.5,11,Sportsbet,49,289,15114833,554685175,2646892343
Fulham v Everton,Fulham,Everton,Player Shots On Target,James Garner,Everton,Fulham,1.5,12,Sportsbet,49,289,15114833,554685175,2646892337
Fulham v Everton,Fulham,Everton,Player Shots On Target,Michael Keane,Everton,Fulham,1.5,15,Sportsbet,49,289,15114833,554685175,2646892331
Fulham v Everton,Fulham,Everton,Player Shots On Target,Idrissa Gueye,Everton,Fulham,1.5,20,Sportsbet,49,289,15114833,554685175,2646892332
Fulham v Everton,Fulham,Everton,Player Shots On Target,Adam Aznou,Everton,Fulham,1.5,31,Sportsbet,49,289,15114833,554685175,2646892348
Fulham v Everton,Fulham,Everton,Player Shots On Target,Rodrigo Muniz,Fulham,Everton,2.5,5.5,Sportsbet,49,289,15114833,554685150,2646892689
Fulham v Everton,Fulham,Everton,Player Shots On Target,Ra<c3><ba>l Jim<c3><a9>nez,NA,NA,2.5,6,Sportsbet,49,289,15114833,554685150,2647930995
Fulham v Everton,Fulham,Everton,Player Shots On Target,Harry Wilson,Fulham,Everton,2.5,7.5,Sportsbet,49,289,15114833,554685150,2646892680
Fulham v Everton,Fulham,Everton,Player Shots On Target,Jonah Kusi-Asare,Fulham,Everton,2.5,8,Sportsbet,49,289,15114833,554685150,2646892691
Fulham v Everton,Fulham,Everton,Player Shots On Target,Kevin,Fulham,Everton,2.5,10,Sportsbet,49,289,15114833,554685150,2646892690
Fulham v Everton,Fulham,Everton,Player Shots On Target,Samuel Chukwueze,Fulham,Everton,2.5,13,Sportsbet,49,289,15114833,554685150,2646892687
Fulham v Everton,Fulham,Everton,Player Shots On Target,Joshua King,NA,NA,2.5,14,Sportsbet,49,289,15114833,554685150,2646892692
Fulham v Everton,Fulham,Everton,Player Shots On Target,Oscar Bobb,Manchester City,Fulham,2.5,19,Sportsbet,49,289,15114833,554685150,2646899774
Fulham v Everton,Fulham,Everton,Player Shots On Target,Ryan Sessegnon,Fulham,Everton,2.5,19,Sportsbet,49,289,15114833,554685150,2646892682
Fulham v Everton,Fulham,Everton,Player Shots On Target,Emile Smith Rowe,Fulham,Everton,2.5,20,Sportsbet,49,289,15114833,554685150,2646892686
Fulham v Everton,Fulham,Everton,Player Shots On Target,Tom Cairney,Fulham,Everton,2.5,26,Sportsbet,49,289,15114833,554685150,2646892674
Fulham v Everton,Fulham,Everton,Player Shots On Target,Alex Iwobi,Fulham,Everton,2.5,41,Sportsbet,49,289,15114833,554685150,2646892678
Fulham v Everton,Fulham,Everton,Player Shots On Target,Beto,Everton,Fulham,2.5,10,Sportsbet,49,289,15114833,554685150,2646892703
Fulham v Everton,Fulham,Everton,Player Shots On Target,Thierno Barry,Everton,Fulham,2.5,14,Sportsbet,49,289,15114833,554685150,2646892713
Fulham v Everton,Fulham,Everton,Player Shots On Target,Iliman Ndiaye,Everton,Fulham,2.5,15,Sportsbet,49,289,15114833,554685150,2646892699
Fulham v Everton,Fulham,Everton,Player Shots On Target,Dwight McNeil,Everton,Fulham,2.5,18,Sportsbet,49,289,15114833,554685150,2646892700
Fulham v Everton,Fulham,Everton,Player Shots On Target,Charly Alcaraz,NA,NA,2.5,21,Sportsbet,49,289,15114833,554685150,2646892706
Fulham v Everton,Fulham,Everton,Player Shots On Target,Tyrique George,Chelsea,Fulham,2.5,21,Sportsbet,49,289,15114833,554685150,2646892710
Fulham v Everton,Fulham,Everton,Player Shots On Target,Tyler Dibling,Everton,Fulham,2.5,26,Sportsbet,49,289,15114833,554685150,2646892709
Fulham v Everton,Fulham,Everton,Player Shots On Target,Tyler Dibling,Southampton,Fulham,2.5,26,Sportsbet,49,289,15114833,554685150,2646892709
Fulham v Everton,Fulham,Everton,Player Shots On Target,Kiernan Dewsbury-Hall,Everton,Fulham,2.5,36,Sportsbet,49,289,15114833,554685150,2646892697
Fulham v Everton,Fulham,Everton,Player Shots On Target,Harrison Armstrong,Everton,Fulham,2.5,41,Sportsbet,49,289,15114833,554685150,2646892711
Fulham v Everton,Fulham,Everton,Player Shots On Target,Rodrigo Muniz,Fulham,Everton,3.5,14,Sportsbet,49,289,15114833,554685153,2646892811
Fulham v Everton,Fulham,Everton,Player Shots On Target,Ra<c3><ba>l Jim<c3><a9>nez,NA,NA,3.5,18,Sportsbet,49,289,15114833,554685153,2647930997
Fulham v Everton,Fulham,Everton,Player Shots On Target,Harry Wilson,Fulham,Everton,3.5,23,Sportsbet,49,289,15114833,554685153,2646892802
Fulham v Everton,Fulham,Everton,Player Shots On Target,Jonah Kusi-Asare,Fulham,Everton,3.5,23,Sportsbet,49,289,15114833,554685153,2646892813
Fulham v Everton,Fulham,Everton,Player Shots On Target,Kevin,Fulham,Everton,3.5,36,Sportsbet,49,289,15114833,554685153,2646892812
Fulham v Everton,Fulham,Everton,Player Shots On Target,Samuel Chukwueze,Fulham,Everton,3.5,56,Sportsbet,49,289,15114833,554685153,2646892809
Fulham v Everton,Fulham,Everton,Player Shots On Target,Joshua King,NA,NA,3.5,67,Sportsbet,49,289,15114833,554685153,2646892814
Fulham v Everton,Fulham,Everton,Player Shots On Target,Beto,Everton,Fulham,3.5,36,Sportsbet,49,289,15114833,554685153,2646893025
Fulham v Everton,Fulham,Everton,Player Shots On Target,Thierno Barry,Everton,Fulham,3.5,71,Sportsbet,49,289,15114833,554685153,2646893035
Fulham v Everton,Fulham,Everton,Player Shots On Target,Dwight McNeil,Everton,Fulham,3.5,81,Sportsbet,49,289,15114833,554685153,2646893022
Fulham v Everton,Fulham,Everton,Player Shots On Target,Iliman Ndiaye,Everton,Fulham,3.5,91,Sportsbet,49,289,15114833,554685153,2646893021
Arsenal v Sunderland,Arsenal,Sunderland,Player Shots On Target,Declan Rice,Arsenal,Sunderland,0.5,1.72,Sportsbet,49,289,15114839,554689821,2646918653
Arsenal v Sunderland,Arsenal,Sunderland,Player Shots On Target,Eberechi Eze,Arsenal,Sunderland,0.5,1.3,Sportsbet,49,289,15114839,554689821,2646918655
Arsenal v Sunderland,Arsenal,Sunderland,Player Shots On Target,Eberechi Eze,Crystal Palace,Arsenal,0.5,1.3,Sportsbet,49,289,15114839,554689821,2646918655
Arsenal v Sunderland,Arsenal,Sunderland,Player Shots On Target,Gabriel Jesus,Arsenal,Sunderland,0.5,1.17,Sportsbet,49,289,15114839,554689821,2646918651
Arsenal v Sunderland,Arsenal,Sunderland,Player Shots On Target,Gabriel Martinelli,Arsenal,Sunderland,0.5,1.3,Sportsbet,49,289,15114839,554689821,2646918662
Arsenal v Sunderland,Arsenal,Sunderland,Player Shots On Target,Kai Havertz,Arsenal,Sunderland,0.5,1.25,Sportsbet,49,289,15114839,554689821,2646918654
Arsenal v Sunderland,Arsenal,Sunderland,Player Shots On Target,Leandro Trossard,Arsenal,Sunderland,0.5,1.36,Sportsbet,49,289,15114839,554689821,2646918649
Arsenal v Sunderland,Arsenal,Sunderland,Player Shots On Target,Martin <c3><98>degaard,NA,NA,0.5,1.62,Sportsbet,49,289,15114839,554689821,2646918650
Arsenal v Sunderland,Arsenal,Sunderland,Player Shots On Target,Noni Madueke,Arsenal,Sunderland,0.5,1.28,Sportsbet,49,289,15114839,554689821,2646918664
Arsenal v Sunderland,Arsenal,Sunderland,Player Shots On Target,Viktor Gyokeres,NA,NA,0.5,1.17,Sportsbet,49,289,15114839,554689821,2646918658
Arsenal v Sunderland,Arsenal,Sunderland,Player Shots On Target,Christian N<c3><b8>rgaard,NA,NA,0.5,2.3,Sportsbet,49,289,15114839,554689821,2646918648
Arsenal v Sunderland,Arsenal,Sunderland,Player Shots On Target,Gabriel Magalh<c3><a3>es,NA,NA,0.5,2.6,Sportsbet,49,289,15114839,554689821,2646918656
Arsenal v Sunderland,Arsenal,Sunderland,Player Shots On Target,Jurrien Timber,NA,NA,0.5,2.8,Sportsbet,49,289,15114839,554689821,2646918661
Arsenal v Sunderland,Arsenal,Sunderland,Player Shots On Target,Riccardo Calafiori,Arsenal,Sunderland,0.5,2.8,Sportsbet,49,289,15114839,554689821,2646918663
Arsenal v Sunderland,Arsenal,Sunderland,Player Shots On Target,Ben White,Arsenal,Sunderland,0.5,3.3,Sportsbet,49,289,15114839,554689821,2646918652
Arsenal v Sunderland,Arsenal,Sunderland,Player Shots On Target,Martin Zubimendi,NA,NA,0.5,3,Sportsbet,49,289,15114839,554689821,2646918660
Arsenal v Sunderland,Arsenal,Sunderland,Player Shots On Target,Myles Lewis-Skelly,Arsenal,Sunderland,0.5,3.6,Sportsbet,49,289,15114839,554689821,2646918667
Arsenal v Sunderland,Arsenal,Sunderland,Player Shots On Target,Piero Hincapie,NA,NA,0.5,3.25,Sportsbet,49,289,15114839,554689821,2646918665
Arsenal v Sunderland,Arsenal,Sunderland,Player Shots On Target,Cristhian Mosquera,Arsenal,Sunderland,0.5,4.5,Sportsbet,49,289,15114839,554689821,2646918666
Arsenal v Sunderland,Arsenal,Sunderland,Player Shots On Target,William Saliba,Arsenal,Sunderland,0.5,5,Sportsbet,49,289,15114839,554689821,2646918657
Arsenal v Sunderland,Arsenal,Sunderland,Player Shots On Target,Wilson Isidor,NA,NA,0.5,1.83,Sportsbet,49,289,15114839,554689821,2646918671
Arsenal v Sunderland,Arsenal,Sunderland,Player Shots On Target,Brian Brobbey,NA,NA,0.5,2.1,Sportsbet,49,289,15114839,554689821,2646918675
Arsenal v Sunderland,Arsenal,Sunderland,Player Shots On Target,Chemsdine Talbi,NA,NA,0.5,2.37,Sportsbet,49,289,15114839,554689821,2646918682
Arsenal v Sunderland,Arsenal,Sunderland,Player Shots On Target,Chris Rigg,NA,NA,0.5,2.88,Sportsbet,49,289,15114839,554689821,2646918681
Arsenal v Sunderland,Arsenal,Sunderland,Player Shots On Target,Eliezer Mayenda,NA,NA,0.5,2,Sportsbet,49,289,15114839,554689821,2646918679
Arsenal v Sunderland,Arsenal,Sunderland,Player Shots On Target,Romaine Mundle,NA,NA,0.5,2.5,Sportsbet,49,289,15114839,554689821,2646918677
Arsenal v Sunderland,Arsenal,Sunderland,Player Shots On Target,Dan Ballard,NA,NA,0.5,3.5,Sportsbet,49,289,15114839,554689821,2646918673
Arsenal v Sunderland,Arsenal,Sunderland,Player Shots On Target,Enzo Le Fee,NA,NA,0.5,3.25,Sportsbet,49,289,15114839,554689821,2646918674
Arsenal v Sunderland,Arsenal,Sunderland,Player Shots On Target,Habib Diarra,NA,NA,0.5,3.25,Sportsbet,49,289,15114839,554689821,2646918678
Arsenal v Sunderland,Arsenal,Sunderland,Player Shots On Target,Omar Alderete,NA,NA,0.5,3.75,Sportsbet,49,289,15114839,554689821,2646918672
Arsenal v Sunderland,Arsenal,Sunderland,Player Shots On Target,Trai Hume,NA,NA,0.5,3.75,Sportsbet,49,289,15114839,554689821,2646923821
Arsenal v Sunderland,Arsenal,Sunderland,Player Shots On Target,Noah Sadiki,NA,NA,0.5,5.5,Sportsbet,49,289,15114839,554689821,2646918680
Arsenal v Sunderland,Arsenal,Sunderland,Player Shots On Target,Dennis Cirkin,NA,NA,0.5,6.5,Sportsbet,49,289,15114839,554689821,2646918676
Arsenal v Sunderland,Arsenal,Sunderland,Player Shots On Target,Nordi Mukiele,NA,NA,0.5,6.5,Sportsbet,49,289,15114839,554689821,2646918669
Arsenal v Sunderland,Arsenal,Sunderland,Player Shots On Target,Luke O'Nien,NA,NA,0.5,7,Sportsbet,49,289,15114839,554689821,2646918668
Arsenal v Sunderland,Arsenal,Sunderland,Player Shots On Target,Lutsharel Geertruida,NA,NA,0.5,7.5,Sportsbet,49,289,15114839,554689821,2649226837
Arsenal v Sunderland,Arsenal,Sunderland,Player Shots On Target,Reinildo Mandava,NA,NA,0.5,8.5,Sportsbet,49,289,15114839,554689821,2646918670
Arsenal v Sunderland,Arsenal,Sunderland,Player Shots On Target,Gabriel Jesus,Arsenal,Sunderland,1.5,1.91,Sportsbet,49,289,15114839,554689826,2646918230
Arsenal v Sunderland,Arsenal,Sunderland,Player Shots On Target,Viktor Gyokeres,NA,NA,1.5,1.83,Sportsbet,49,289,15114839,554689826,2646918237
Arsenal v Sunderland,Arsenal,Sunderland,Player Shots On Target,Eberechi Eze,Arsenal,Sunderland,1.5,2.4,Sportsbet,49,289,15114839,554689826,2646918234
Arsenal v Sunderland,Arsenal,Sunderland,Player Shots On Target,Eberechi Eze,Crystal Palace,Arsenal,1.5,2.4,Sportsbet,49,289,15114839,554689826,2646918234
Arsenal v Sunderland,Arsenal,Sunderland,Player Shots On Target,Gabriel Martinelli,Arsenal,Sunderland,1.5,2.5,Sportsbet,49,289,15114839,554689826,2646918241
Arsenal v Sunderland,Arsenal,Sunderland,Player Shots On Target,Kai Havertz,Arsenal,Sunderland,1.5,2.2,Sportsbet,49,289,15114839,554689826,2646918233
Arsenal v Sunderland,Arsenal,Sunderland,Player Shots On Target,Leandro Trossard,Arsenal,Sunderland,1.5,2.63,Sportsbet,49,289,15114839,554689826,2646918228
Arsenal v Sunderland,Arsenal,Sunderland,Player Shots On Target,Noni Madueke,Arsenal,Sunderland,1.5,2.3,Sportsbet,49,289,15114839,554689826,2646918243
Arsenal v Sunderland,Arsenal,Sunderland,Player Shots On Target,Martin <c3><98>degaard,NA,NA,1.5,3.75,Sportsbet,49,289,15114839,554689826,2646918229
Arsenal v Sunderland,Arsenal,Sunderland,Player Shots On Target,Declan Rice,Arsenal,Sunderland,1.5,4.5,Sportsbet,49,289,15114839,554689826,2646918232
Arsenal v Sunderland,Arsenal,Sunderland,Player Shots On Target,Christian N<c3><b8>rgaard,NA,NA,1.5,7.5,Sportsbet,49,289,15114839,554689826,2646918227
Arsenal v Sunderland,Arsenal,Sunderland,Player Shots On Target,Gabriel Magalh<c3><a3>es,NA,NA,1.5,9,Sportsbet,49,289,15114839,554689826,2646918235
Arsenal v Sunderland,Arsenal,Sunderland,Player Shots On Target,Jurrien Timber,NA,NA,1.5,10,Sportsbet,49,289,15114839,554689826,2646918240
Arsenal v Sunderland,Arsenal,Sunderland,Player Shots On Target,Riccardo Calafiori,Arsenal,Sunderland,1.5,10,Sportsbet,49,289,15114839,554689826,2646918242
Arsenal v Sunderland,Arsenal,Sunderland,Player Shots On Target,Martin Zubimendi,NA,NA,1.5,12,Sportsbet,49,289,15114839,554689826,2646918239
Arsenal v Sunderland,Arsenal,Sunderland,Player Shots On Target,Ben White,Arsenal,Sunderland,1.5,14,Sportsbet,49,289,15114839,554689826,2646918231
Arsenal v Sunderland,Arsenal,Sunderland,Player Shots On Target,Piero Hincapie,NA,NA,1.5,14,Sportsbet,49,289,15114839,554689826,2646918244
Arsenal v Sunderland,Arsenal,Sunderland,Player Shots On Target,Myles Lewis-Skelly,Arsenal,Sunderland,1.5,17,Sportsbet,49,289,15114839,554689826,2646918246
Arsenal v Sunderland,Arsenal,Sunderland,Player Shots On Target,Cristhian Mosquera,Arsenal,Sunderland,1.5,26,Sportsbet,49,289,15114839,554689826,2646918245
Arsenal v Sunderland,Arsenal,Sunderland,Player Shots On Target,Wilson Isidor,NA,NA,1.5,4.5,Sportsbet,49,289,15114839,554689826,2646918250
Arsenal v Sunderland,Arsenal,Sunderland,Player Shots On Target,Eliezer Mayenda,NA,NA,1.5,5.5,Sportsbet,49,289,15114839,554689826,2646918258
Arsenal v Sunderland,Arsenal,Sunderland,Player Shots On Target,Brian Brobbey,NA,NA,1.5,6,Sportsbet,49,289,15114839,554689826,2646918254
Arsenal v Sunderland,Arsenal,Sunderland,Player Shots On Target,Chemsdine Talbi,NA,NA,1.5,7.5,Sportsbet,49,289,15114839,554689826,2646918261
Arsenal v Sunderland,Arsenal,Sunderland,Player Shots On Target,Romaine Mundle,NA,NA,1.5,8,Sportsbet,49,289,15114839,554689826,2646918256
Arsenal v Sunderland,Arsenal,Sunderland,Player Shots On Target,Chris Rigg,NA,NA,1.5,11,Sportsbet,49,289,15114839,554689826,2646918260
Arsenal v Sunderland,Arsenal,Sunderland,Player Shots On Target,Enzo Le Fee,NA,NA,1.5,14,Sportsbet,49,289,15114839,554689826,2646918253
Arsenal v Sunderland,Arsenal,Sunderland,Player Shots On Target,Habib Diarra,NA,NA,1.5,14,Sportsbet,49,289,15114839,554689826,2646918257
Arsenal v Sunderland,Arsenal,Sunderland,Player Shots On Target,Dan Ballard,NA,NA,1.5,15,Sportsbet,49,289,15114839,554689826,2646918252
Arsenal v Sunderland,Arsenal,Sunderland,Player Shots On Target,Omar Alderete,NA,NA,1.5,18,Sportsbet,49,289,15114839,554689826,2646918251
Arsenal v Sunderland,Arsenal,Sunderland,Player Shots On Target,Trai Hume,NA,NA,1.5,18,Sportsbet,49,289,15114839,554689826,2646923824
Arsenal v Sunderland,Arsenal,Sunderland,Player Shots On Target,Gabriel Jesus,Arsenal,Sunderland,2.5,3.75,Sportsbet,49,289,15114839,554689830,2646918374
Arsenal v Sunderland,Arsenal,Sunderland,Player Shots On Target,Viktor Gyokeres,NA,NA,2.5,3.75,Sportsbet,49,289,15114839,554689830,2646918381
Arsenal v Sunderland,Arsenal,Sunderland,Player Shots On Target,Kai Havertz,Arsenal,Sunderland,2.5,4.5,Sportsbet,49,289,15114839,554689830,2646918377
Arsenal v Sunderland,Arsenal,Sunderland,Player Shots On Target,Eberechi Eze,Arsenal,Sunderland,2.5,5.5,Sportsbet,49,289,15114839,554689830,2646918378
Arsenal v Sunderland,Arsenal,Sunderland,Player Shots On Target,Eberechi Eze,Crystal Palace,Arsenal,2.5,5.5,Sportsbet,49,289,15114839,554689830,2646918378
Arsenal v Sunderland,Arsenal,Sunderland,Player Shots On Target,Gabriel Martinelli,Arsenal,Sunderland,2.5,5.5,Sportsbet,49,289,15114839,554689830,2646918385
Arsenal v Sunderland,Arsenal,Sunderland,Player Shots On Target,Noni Madueke,Arsenal,Sunderland,2.5,5,Sportsbet,49,289,15114839,554689830,2646918387
Arsenal v Sunderland,Arsenal,Sunderland,Player Shots On Target,Leandro Trossard,Arsenal,Sunderland,2.5,6,Sportsbet,49,289,15114839,554689830,2646918372
Arsenal v Sunderland,Arsenal,Sunderland,Player Shots On Target,Martin <c3><98>degaard,NA,NA,2.5,11,Sportsbet,49,289,15114839,554689830,2646918373
Arsenal v Sunderland,Arsenal,Sunderland,Player Shots On Target,Declan Rice,Arsenal,Sunderland,2.5,15,Sportsbet,49,289,15114839,554689830,2646918376
Arsenal v Sunderland,Arsenal,Sunderland,Player Shots On Target,Christian N<c3><b8>rgaard,NA,NA,2.5,36,Sportsbet,49,289,15114839,554689830,2646918371
Arsenal v Sunderland,Arsenal,Sunderland,Player Shots On Target,Gabriel Magalh<c3><a3>es,NA,NA,2.5,56,Sportsbet,49,289,15114839,554689830,2646918379
Arsenal v Sunderland,Arsenal,Sunderland,Player Shots On Target,Riccardo Calafiori,Arsenal,Sunderland,2.5,61,Sportsbet,49,289,15114839,554689830,2646918386
Arsenal v Sunderland,Arsenal,Sunderland,Player Shots On Target,Wilson Isidor,NA,NA,2.5,15,Sportsbet,49,289,15114839,554689830,2646918394
Arsenal v Sunderland,Arsenal,Sunderland,Player Shots On Target,Eliezer Mayenda,NA,NA,2.5,21,Sportsbet,49,289,15114839,554689830,2646918402
Arsenal v Sunderland,Arsenal,Sunderland,Player Shots On Target,Brian Brobbey,NA,NA,2.5,23,Sportsbet,49,289,15114839,554689830,2646918398
Arsenal v Sunderland,Arsenal,Sunderland,Player Shots On Target,Chemsdine Talbi,NA,NA,2.5,36,Sportsbet,49,289,15114839,554689830,2646918005
Arsenal v Sunderland,Arsenal,Sunderland,Player Shots On Target,Romaine Mundle,NA,NA,2.5,36,Sportsbet,49,289,15114839,554689830,2646918400
Arsenal v Sunderland,Arsenal,Sunderland,Player Shots On Target,Gabriel Jesus,Arsenal,Sunderland,3.5,8.5,Sportsbet,49,289,15114839,554689833,2646918081
Arsenal v Sunderland,Arsenal,Sunderland,Player Shots On Target,Viktor Gyokeres,NA,NA,3.5,8.5,Sportsbet,49,289,15114839,554689833,2646918088
Arsenal v Sunderland,Arsenal,Sunderland,Player Shots On Target,Kai Havertz,Arsenal,Sunderland,3.5,12,Sportsbet,49,289,15114839,554689833,2646918084
Arsenal v Sunderland,Arsenal,Sunderland,Player Shots On Target,Noni Madueke,Arsenal,Sunderland,3.5,13,Sportsbet,49,289,15114839,554689833,2646918094
Arsenal v Sunderland,Arsenal,Sunderland,Player Shots On Target,Eberechi Eze,Arsenal,Sunderland,3.5,15,Sportsbet,49,289,15114839,554689833,2646918085
Arsenal v Sunderland,Arsenal,Sunderland,Player Shots On Target,Eberechi Eze,Crystal Palace,Arsenal,3.5,15,Sportsbet,49,289,15114839,554689833,2646918085
Arsenal v Sunderland,Arsenal,Sunderland,Player Shots On Target,Gabriel Martinelli,Arsenal,Sunderland,3.5,15,Sportsbet,49,289,15114839,554689833,2646918092
Arsenal v Sunderland,Arsenal,Sunderland,Player Shots On Target,Leandro Trossard,Arsenal,Sunderland,3.5,19,Sportsbet,49,289,15114839,554689833,2646918079
Arsenal v Sunderland,Arsenal,Sunderland,Player Shots On Target,Martin <c3><98>degaard,NA,NA,3.5,46,Sportsbet,49,289,15114839,554689833,2646918080
Arsenal v Sunderland,Arsenal,Sunderland,Player Shots On Target,Declan Rice,Arsenal,Sunderland,3.5,76,Sportsbet,49,289,15114839,554689833,2646918083
Arsenal v Sunderland,Arsenal,Sunderland,Player Shots On Target,Wilson Isidor,NA,NA,3.5,76,Sportsbet,49,289,15114839,554689833,2646918101
Newcastle United v Brentford,Newcastle United,Brentford,Player Shots On Target,Anthony Elanga,Newcastle United,Brentford,0.5,1.57,Sportsbet,49,289,15114828,554842760,2647732292
Newcastle United v Brentford,Newcastle United,Brentford,Player Shots On Target,Bruno Guimar<c3><a3>es,NA,NA,0.5,1.83,Sportsbet,49,289,15114828,554842760,2647732288
Newcastle United v Brentford,Newcastle United,Brentford,Player Shots On Target,Harvey Barnes,Newcastle United,Brentford,0.5,1.36,Sportsbet,49,289,15114828,554842760,2647732285
Newcastle United v Brentford,Newcastle United,Brentford,Player Shots On Target,Jacob Murphy,Newcastle United,Brentford,0.5,1.57,Sportsbet,49,289,15114828,554842760,2647732283
Newcastle United v Brentford,Newcastle United,Brentford,Player Shots On Target,Nick Woltemade,Newcastle United,Brentford,0.5,1.4,Sportsbet,49,289,15114828,554842760,2648153711
Newcastle United v Brentford,Newcastle United,Brentford,Player Shots On Target,Sean Neave,Newcastle United,Brentford,0.5,1.25,Sportsbet,49,289,15114828,554842760,2647732298
Newcastle United v Brentford,Newcastle United,Brentford,Player Shots On Target,William Osula,Newcastle United,Brentford,0.5,1.36,Sportsbet,49,289,15114828,554842760,2647732294
Newcastle United v Brentford,Newcastle United,Brentford,Player Shots On Target,Yoane Wissa,Newcastle United,Brentford,0.5,1.3,Sportsbet,49,289,15114828,554842760,2647732284
Newcastle United v Brentford,Newcastle United,Brentford,Player Shots On Target,Jacob Ramsey,Newcastle United,Brentford,0.5,2.2,Sportsbet,49,289,15114828,554842760,2647732290
Newcastle United v Brentford,Newcastle United,Brentford,Player Shots On Target,Joe Willock,Newcastle United,Brentford,0.5,2,Sportsbet,49,289,15114828,554842760,2647732286
Newcastle United v Brentford,Newcastle United,Brentford,Player Shots On Target,Lewis Miley,Newcastle United,Brentford,0.5,2.75,Sportsbet,49,289,15114828,554842760,2647732297
Newcastle United v Brentford,Newcastle United,Brentford,Player Shots On Target,Sandro Tonali,Newcastle United,Brentford,0.5,2.4,Sportsbet,49,289,15114828,554842760,2647732287
Newcastle United v Brentford,Newcastle United,Brentford,Player Shots On Target,Dan Burn,Newcastle United,Brentford,0.5,3.6,Sportsbet,49,289,15114828,554842760,2647732282
Newcastle United v Brentford,Newcastle United,Brentford,Player Shots On Target,Kieran Trippier,Newcastle United,Brentford,0.5,3.6,Sportsbet,49,289,15114828,554842760,2647732280
Newcastle United v Brentford,Newcastle United,Brentford,Player Shots On Target,Leo Shahar,Newcastle United,Brentford,0.5,3.75,Sportsbet,49,289,15114828,554842760,2647732299
Newcastle United v Brentford,Newcastle United,Brentford,Player Shots On Target,Lewis Hall,Newcastle United,Brentford,0.5,3.5,Sportsbet,49,289,15114828,554842760,2647732295
Newcastle United v Brentford,Newcastle United,Brentford,Player Shots On Target,Malick Thiaw,Newcastle United,Brentford,0.5,3.1,Sportsbet,49,289,15114828,554842760,2647732293
Newcastle United v Brentford,Newcastle United,Brentford,Player Shots On Target,Sven Botman,Newcastle United,Brentford,0.5,3.75,Sportsbet,49,289,15114828,554842760,2647732291
Newcastle United v Brentford,Newcastle United,Brentford,Player Shots On Target,Alex Murphy,Newcastle United,Brentford,0.5,4.2,Sportsbet,49,289,15114828,554842760,2647732296
Newcastle United v Brentford,Newcastle United,Brentford,Player Shots On Target,Emil Krafth,Newcastle United,Brentford,0.5,5,Sportsbet,49,289,15114828,554842760,2647732281
Newcastle United v Brentford,Newcastle United,Brentford,Player Shots On Target,Dango Ouattara,Brentford,Newcastle United,0.5,1.62,Sportsbet,49,289,15114828,554842760,2647732313
Newcastle United v Brentford,Newcastle United,Brentford,Player Shots On Target,Igor Thiago,Brentford,Newcastle United,0.5,1.33,Sportsbet,49,289,15114828,554842760,2647732314
Newcastle United v Brentford,Newcastle United,Brentford,Player Shots On Target,Reiss Nelson,Brentford,Newcastle United,0.5,1.91,Sportsbet,49,289,15114828,554842760,2647732306
Newcastle United v Brentford,Newcastle United,Brentford,Player Shots On Target,Romelle Donovan,Brentford,Newcastle United,0.5,1.83,Sportsbet,49,289,15114828,554842760,2647732316
Newcastle United v Brentford,Newcastle United,Brentford,Player Shots On Target,Keane Lewis-Potter,Brentford,Newcastle United,0.5,2,Sportsbet,49,289,15114828,554842760,2647732310
Newcastle United v Brentford,Newcastle United,Brentford,Player Shots On Target,Mathias Jensen,Brentford,Newcastle United,0.5,2.37,Sportsbet,49,289,15114828,554842760,2647732305
Newcastle United v Brentford,Newcastle United,Brentford,Player Shots On Target,Mikkel Damsgaard,Brentford,Newcastle United,0.5,2.63,Sportsbet,49,289,15114828,554842760,2647732312
Newcastle United v Brentford,Newcastle United,Brentford,Player Shots On Target,Ethan Pinnock,Brentford,Newcastle United,0.5,4,Sportsbet,49,289,15114828,554842760,2647732303
Newcastle United v Brentford,Newcastle United,Brentford,Player Shots On Target,Jordan Henderson,Brentford,Newcastle United,0.5,4.5,Sportsbet,49,289,15114828,554842760,2647732300
Newcastle United v Brentford,Newcastle United,Brentford,Player Shots On Target,Nathan Collins,Brentford,Newcastle United,0.5,4.5,Sportsbet,49,289,15114828,554842760,2647732308
Newcastle United v Brentford,Newcastle United,Brentford,Player Shots On Target,Sepp van den Berg,Brentford,Newcastle United,0.5,4,Sportsbet,49,289,15114828,554842760,2647732307
Newcastle United v Brentford,Newcastle United,Brentford,Player Shots On Target,Vitaly Janelt,Brentford,Newcastle United,0.5,4.5,Sportsbet,49,289,15114828,554842760,2647732304
Newcastle United v Brentford,Newcastle United,Brentford,Player Shots On Target,Yegor Yarmolyuk,Brentford,Newcastle United,0.5,4.5,Sportsbet,49,289,15114828,554842760,2647732311
Newcastle United v Brentford,Newcastle United,Brentford,Player Shots On Target,Kristoffer Ajer,Brentford,Newcastle United,0.5,5,Sportsbet,49,289,15114828,554842760,2647732302
Newcastle United v Brentford,Newcastle United,Brentford,Player Shots On Target,Michael Kayode,Brentford,Newcastle United,0.5,5.5,Sportsbet,49,289,15114828,554842760,2647732315
Newcastle United v Brentford,Newcastle United,Brentford,Player Shots On Target,Aaron Hickey,Brentford,Newcastle United,0.5,6.5,Sportsbet,49,289,15114828,554842760,2647732309
Newcastle United v Brentford,Newcastle United,Brentford,Player Shots On Target,Rico Henry,Brentford,Newcastle United,0.5,6,Sportsbet,49,289,15114828,554842760,2647732301
Newcastle United v Brentford,Newcastle United,Brentford,Player Shots On Target,Harvey Barnes,Newcastle United,Brentford,1.5,2.7,Sportsbet,49,289,15114828,554842765,2647732721
Newcastle United v Brentford,Newcastle United,Brentford,Player Shots On Target,Nick Woltemade,Newcastle United,Brentford,1.5,2.88,Sportsbet,49,289,15114828,554842765,2648153714
Newcastle United v Brentford,Newcastle United,Brentford,Player Shots On Target,Sean Neave,Newcastle United,Brentford,1.5,2.2,Sportsbet,49,289,15114828,554842765,2647732734
Newcastle United v Brentford,Newcastle United,Brentford,Player Shots On Target,William Osula,Newcastle United,Brentford,1.5,2.63,Sportsbet,49,289,15114828,554842765,2647732730
Newcastle United v Brentford,Newcastle United,Brentford,Player Shots On Target,Yoane Wissa,Newcastle United,Brentford,1.5,2.5,Sportsbet,49,289,15114828,554842765,2647732720
Newcastle United v Brentford,Newcastle United,Brentford,Player Shots On Target,Anthony Elanga,Newcastle United,Brentford,1.5,3.6,Sportsbet,49,289,15114828,554842765,2647732728
Newcastle United v Brentford,Newcastle United,Brentford,Player Shots On Target,Jacob Murphy,Newcastle United,Brentford,1.5,3.6,Sportsbet,49,289,15114828,554842765,2647732719
Newcastle United v Brentford,Newcastle United,Brentford,Player Shots On Target,Bruno Guimar<c3><a3>es,NA,NA,1.5,5,Sportsbet,49,289,15114828,554842765,2647732724
Newcastle United v Brentford,Newcastle United,Brentford,Player Shots On Target,Joe Willock,Newcastle United,Brentford,1.5,5.5,Sportsbet,49,289,15114828,554842765,2647732722
Newcastle United v Brentford,Newcastle United,Brentford,Player Shots On Target,Jacob Ramsey,Newcastle United,Brentford,1.5,6.5,Sportsbet,49,289,15114828,554842765,2647732726
Newcastle United v Brentford,Newcastle United,Brentford,Player Shots On Target,Sandro Tonali,Newcastle United,Brentford,1.5,8,Sportsbet,49,289,15114828,554842765,2647732723
Newcastle United v Brentford,Newcastle United,Brentford,Player Shots On Target,Lewis Miley,Newcastle United,Brentford,1.5,10,Sportsbet,49,289,15114828,554842765,2647732733
Newcastle United v Brentford,Newcastle United,Brentford,Player Shots On Target,Malick Thiaw,Newcastle United,Brentford,1.5,13,Sportsbet,49,289,15114828,554842765,2647732729
Newcastle United v Brentford,Newcastle United,Brentford,Player Shots On Target,Dan Burn,Newcastle United,Brentford,1.5,15,Sportsbet,49,289,15114828,554842765,2647732718
Newcastle United v Brentford,Newcastle United,Brentford,Player Shots On Target,Kieran Trippier,Newcastle United,Brentford,1.5,17,Sportsbet,49,289,15114828,554842765,2647732716
Newcastle United v Brentford,Newcastle United,Brentford,Player Shots On Target,Lewis Hall,Newcastle United,Brentford,1.5,17,Sportsbet,49,289,15114828,554842765,2647732731
Newcastle United v Brentford,Newcastle United,Brentford,Player Shots On Target,Sven Botman,Newcastle United,Brentford,1.5,18,Sportsbet,49,289,15114828,554842765,2647732727
Newcastle United v Brentford,Newcastle United,Brentford,Player Shots On Target,Leo Shahar,Newcastle United,Brentford,1.5,19,Sportsbet,49,289,15114828,554842765,2647732735
Newcastle United v Brentford,Newcastle United,Brentford,Player Shots On Target,Alex Murphy,Newcastle United,Brentford,1.5,23,Sportsbet,49,289,15114828,554842765,2647732732
Newcastle United v Brentford,Newcastle United,Brentford,Player Shots On Target,Igor Thiago,Brentford,Newcastle United,1.5,2.4,Sportsbet,49,289,15114828,554842765,2647732750
Newcastle United v Brentford,Newcastle United,Brentford,Player Shots On Target,Dango Ouattara,Brentford,Newcastle United,1.5,3.75,Sportsbet,49,289,15114828,554842765,2647732749
Newcastle United v Brentford,Newcastle United,Brentford,Player Shots On Target,Romelle Donovan,Brentford,Newcastle United,1.5,4.5,Sportsbet,49,289,15114828,554842765,2647732752
Newcastle United v Brentford,Newcastle United,Brentford,Player Shots On Target,Keane Lewis-Potter,Brentford,Newcastle United,1.5,5.5,Sportsbet,49,289,15114828,554842765,2647732746
Newcastle United v Brentford,Newcastle United,Brentford,Player Shots On Target,Reiss Nelson,Brentford,Newcastle United,1.5,5,Sportsbet,49,289,15114828,554842765,2647732742
Newcastle United v Brentford,Newcastle United,Brentford,Player Shots On Target,Mathias Jensen,Brentford,Newcastle United,1.5,7.5,Sportsbet,49,289,15114828,554842765,2647732741
Newcastle United v Brentford,Newcastle United,Brentford,Player Shots On Target,Mikkel Damsgaard,Brentford,Newcastle United,1.5,9.5,Sportsbet,49,289,15114828,554842765,2647732748
Newcastle United v Brentford,Newcastle United,Brentford,Player Shots On Target,Sepp van den Berg,Brentford,Newcastle United,1.5,21,Sportsbet,49,289,15114828,554842765,2647732743
Newcastle United v Brentford,Newcastle United,Brentford,Player Shots On Target,Ethan Pinnock,Brentford,Newcastle United,1.5,23,Sportsbet,49,289,15114828,554842765,2647732739
Newcastle United v Brentford,Newcastle United,Brentford,Player Shots On Target,Jordan Henderson,Brentford,Newcastle United,1.5,26,Sportsbet,49,289,15114828,554842765,2647732736
Newcastle United v Brentford,Newcastle United,Brentford,Player Shots On Target,Nathan Collins,Brentford,Newcastle United,1.5,26,Sportsbet,49,289,15114828,554842765,2647732744
Newcastle United v Brentford,Newcastle United,Brentford,Player Shots On Target,Vitaly Janelt,Brentford,Newcastle United,1.5,26,Sportsbet,49,289,15114828,554842765,2647732740
Newcastle United v Brentford,Newcastle United,Brentford,Player Shots On Target,Yegor Yarmolyuk,Brentford,Newcastle United,1.5,26,Sportsbet,49,289,15114828,554842765,2647732747
Newcastle United v Brentford,Newcastle United,Brentford,Player Shots On Target,Sean Neave,Newcastle United,Brentford,2.5,4.5,Sportsbet,49,289,15114828,554842769,2647732484
Newcastle United v Brentford,Newcastle United,Brentford,Player Shots On Target,Yoane Wissa,Newcastle United,Brentford,2.5,5.5,Sportsbet,49,289,15114828,554842769,2647732870
Newcastle United v Brentford,Newcastle United,Brentford,Player Shots On Target,Harvey Barnes,Newcastle United,Brentford,2.5,6,Sportsbet,49,289,15114828,554842769,2647732871
Newcastle United v Brentford,Newcastle United,Brentford,Player Shots On Target,William Osula,Newcastle United,Brentford,2.5,6,Sportsbet,49,289,15114828,554842769,2647732480
Newcastle United v Brentford,Newcastle United,Brentford,Player Shots On Target,Nick Woltemade,Newcastle United,Brentford,2.5,7,Sportsbet,49,289,15114828,554842769,2648153716
Newcastle United v Brentford,Newcastle United,Brentford,Player Shots On Target,Anthony Elanga,Newcastle United,Brentford,2.5,10,Sportsbet,49,289,15114828,554842769,2647732878
Newcastle United v Brentford,Newcastle United,Brentford,Player Shots On Target,Jacob Murphy,Newcastle United,Brentford,2.5,10,Sportsbet,49,289,15114828,554842769,2647732869
Newcastle United v Brentford,Newcastle United,Brentford,Player Shots On Target,Bruno Guimar<c3><a3>es,NA,NA,2.5,18,Sportsbet,49,289,15114828,554842769,2647732874
Newcastle United v Brentford,Newcastle United,Brentford,Player Shots On Target,Joe Willock,Newcastle United,Brentford,2.5,21,Sportsbet,49,289,15114828,554842769,2647732872
Newcastle United v Brentford,Newcastle United,Brentford,Player Shots On Target,Jacob Ramsey,Newcastle United,Brentford,2.5,31,Sportsbet,49,289,15114828,554842769,2647732876
Newcastle United v Brentford,Newcastle United,Brentford,Player Shots On Target,Sandro Tonali,Newcastle United,Brentford,2.5,41,Sportsbet,49,289,15114828,554842769,2647732873
Newcastle United v Brentford,Newcastle United,Brentford,Player Shots On Target,Lewis Miley,Newcastle United,Brentford,2.5,61,Sportsbet,49,289,15114828,554842769,2647732483
Newcastle United v Brentford,Newcastle United,Brentford,Player Shots On Target,Igor Thiago,Brentford,Newcastle United,2.5,5.5,Sportsbet,49,289,15114828,554842769,2647732500
Newcastle United v Brentford,Newcastle United,Brentford,Player Shots On Target,Dango Ouattara,Brentford,Newcastle United,2.5,11,Sportsbet,49,289,15114828,554842769,2647732499
Newcastle United v Brentford,Newcastle United,Brentford,Player Shots On Target,Romelle Donovan,Brentford,Newcastle United,2.5,15,Sportsbet,49,289,15114828,554842769,2647732502
Newcastle United v Brentford,Newcastle United,Brentford,Player Shots On Target,Reiss Nelson,Brentford,Newcastle United,2.5,20,Sportsbet,49,289,15114828,554842769,2647732492
Newcastle United v Brentford,Newcastle United,Brentford,Player Shots On Target,Keane Lewis-Potter,Brentford,Newcastle United,2.5,23,Sportsbet,49,289,15114828,554842769,2647732496
Newcastle United v Brentford,Newcastle United,Brentford,Player Shots On Target,Mathias Jensen,Brentford,Newcastle United,2.5,36,Sportsbet,49,289,15114828,554842769,2647732491
Newcastle United v Brentford,Newcastle United,Brentford,Player Shots On Target,Mikkel Damsgaard,Brentford,Newcastle United,2.5,61,Sportsbet,49,289,15114828,554842769,2647732498
Newcastle United v Brentford,Newcastle United,Brentford,Player Shots On Target,Sean Neave,Newcastle United,Brentford,3.5,11,Sportsbet,49,289,15114828,554842772,2647732596
Newcastle United v Brentford,Newcastle United,Brentford,Player Shots On Target,Yoane Wissa,Newcastle United,Brentford,3.5,15,Sportsbet,49,289,15114828,554842772,2647732582
Newcastle United v Brentford,Newcastle United,Brentford,Player Shots On Target,Harvey Barnes,Newcastle United,Brentford,3.5,18,Sportsbet,49,289,15114828,554842772,2647732583
Newcastle United v Brentford,Newcastle United,Brentford,Player Shots On Target,William Osula,Newcastle United,Brentford,3.5,19,Sportsbet,49,289,15114828,554842772,2647732592
Newcastle United v Brentford,Newcastle United,Brentford,Player Shots On Target,Nick Woltemade,Newcastle United,Brentford,3.5,23,Sportsbet,49,289,15114828,554842772,2648153718
Newcastle United v Brentford,Newcastle United,Brentford,Player Shots On Target,Anthony Elanga,Newcastle United,Brentford,3.5,36,Sportsbet,49,289,15114828,554842772,2647732590
Newcastle United v Brentford,Newcastle United,Brentford,Player Shots On Target,Jacob Murphy,Newcastle United,Brentford,3.5,36,Sportsbet,49,289,15114828,554842772,2647732581
Newcastle United v Brentford,Newcastle United,Brentford,Player Shots On Target,Bruno Guimar<c3><a3>es,NA,NA,3.5,91,Sportsbet,49,289,15114828,554842772,2647732586
Newcastle United v Brentford,Newcastle United,Brentford,Player Shots On Target,Igor Thiago,Brentford,Newcastle United,3.5,15,Sportsbet,49,289,15114828,554842772,2647732612
Newcastle United v Brentford,Newcastle United,Brentford,Player Shots On Target,Dango Ouattara,Brentford,Newcastle United,3.5,46,Sportsbet,49,289,15114828,554842772,2647732611
Newcastle United v Brentford,Newcastle United,Brentford,Player Shots On Target,Romelle Donovan,Brentford,Newcastle United,3.5,71,Sportsbet,49,289,15114828,554842772,2647732614
Brighton & Hove Albion v Crystal Palace,Brighton & Hove Albion,Crystal Palace,Player Shots On Target,Charalampos Kostoulas,Brighton & Hove Albion,Crystal Palace,0.5,1.53,Sportsbet,49,289,15114822,554852796,2647796631
Brighton & Hove Albion v Crystal Palace,Brighton & Hove Albion,Crystal Palace,Player Shots On Target,Danny Welbeck,Brighton & Hove Albion,Crystal Palace,0.5,1.45,Sportsbet,49,289,15114822,554852796,2647806889
Brighton & Hove Albion v Crystal Palace,Brighton & Hove Albion,Crystal Palace,Player Shots On Target,Diego Gomez,NA,NA,0.5,1.83,Sportsbet,49,289,15114822,554852796,2647796626
Brighton & Hove Albion v Crystal Palace,Brighton & Hove Albion,Crystal Palace,Player Shots On Target,Georginio Rutter,Brighton & Hove Albion,Crystal Palace,0.5,1.62,Sportsbet,49,289,15114822,554852796,2647796621
Brighton & Hove Albion v Crystal Palace,Brighton & Hove Albion,Crystal Palace,Player Shots On Target,Harry Howell,Brighton & Hove Albion,Crystal Palace,0.5,1.67,Sportsbet,49,289,15114822,554852796,2647796630
Brighton & Hove Albion v Crystal Palace,Brighton & Hove Albion,Crystal Palace,Player Shots On Target,Kaoru Mitoma,Brighton & Hove Albion,Crystal Palace,0.5,1.72,Sportsbet,49,289,15114822,554852796,2647796624
Brighton & Hove Albion v Crystal Palace,Brighton & Hove Albion,Crystal Palace,Player Shots On Target,Matt O'Riley,Brighton & Hove Albion,Crystal Palace,0.5,1.91,Sportsbet,49,289,15114822,554852796,2647796620
Brighton & Hove Albion v Crystal Palace,Brighton & Hove Albion,Crystal Palace,Player Shots On Target,Yankuba Minteh,Brighton & Hove Albion,Crystal Palace,0.5,1.83,Sportsbet,49,289,15114822,554852796,2647796629
Brighton & Hove Albion v Crystal Palace,Brighton & Hove Albion,Crystal Palace,Player Shots On Target,Jack Hinshelwood,Brighton & Hove Albion,Crystal Palace,0.5,2.3,Sportsbet,49,289,15114822,554852796,2647796627
Brighton & Hove Albion v Crystal Palace,Brighton & Hove Albion,Crystal Palace,Player Shots On Target,Maxim De Cuyper,Brighton & Hove Albion,Crystal Palace,0.5,2.7,Sportsbet,49,289,15114822,554852796,2647796623
Brighton & Hove Albion v Crystal Palace,Brighton & Hove Albion,Crystal Palace,Player Shots On Target,Pascal Gross,NA,NA,0.5,2.25,Sportsbet,49,289,15114822,554852796,2647796613
Brighton & Hove Albion v Crystal Palace,Brighton & Hove Albion,Crystal Palace,Player Shots On Target,Carlos Baleba,Brighton & Hove Albion,Crystal Palace,0.5,3,Sportsbet,49,289,15114822,554852796,2647796628
Brighton & Hove Albion v Crystal Palace,Brighton & Hove Albion,Crystal Palace,Player Shots On Target,Ferdi Kadioglu,NA,NA,0.5,3.6,Sportsbet,49,289,15114822,554852796,2647796618
Brighton & Hove Albion v Crystal Palace,Brighton & Hove Albion,Crystal Palace,Player Shots On Target,James Milner,Brighton & Hove Albion,Crystal Palace,0.5,3.4,Sportsbet,49,289,15114822,554852796,2647796614
Brighton & Hove Albion v Crystal Palace,Brighton & Hove Albion,Crystal Palace,Player Shots On Target,Jan Paul van Hecke,Brighton & Hove Albion,Crystal Palace,0.5,3.2,Sportsbet,49,289,15114822,554852796,2647796622
Brighton & Hove Albion v Crystal Palace,Brighton & Hove Albion,Crystal Palace,Player Shots On Target,Lewis Dunk,Brighton & Hove Albion,Crystal Palace,0.5,5,Sportsbet,49,289,15114822,554852796,2647796615
Brighton & Hove Albion v Crystal Palace,Brighton & Hove Albion,Crystal Palace,Player Shots On Target,Olivier Boscagli,Brighton & Hove Albion,Crystal Palace,0.5,5,Sportsbet,49,289,15114822,554852796,2647796617
Brighton & Hove Albion v Crystal Palace,Brighton & Hove Albion,Crystal Palace,Player Shots On Target,Jo<c3><ab>l Veltman,NA,NA,0.5,6.5,Sportsbet,49,289,15114822,554852796,2647796616
Brighton & Hove Albion v Crystal Palace,Brighton & Hove Albion,Crystal Palace,Player Shots On Target,Igor,NA,NA,0.5,8.5,Sportsbet,49,289,15114822,554852796,2647796619
Brighton & Hove Albion v Crystal Palace,Brighton & Hove Albion,Crystal Palace,Player Shots On Target,Brennan Johnson,Tottenham Hotspur,Brighton & Hove Albion,0.5,1.83,Sportsbet,49,289,15114822,554852796,2647796642
Brighton & Hove Albion v Crystal Palace,Brighton & Hove Albion,Crystal Palace,Player Shots On Target,Brennan Johnson,Crystal Palace,Brighton & Hove Albion,0.5,1.83,Sportsbet,49,289,15114822,554852796,2647796642
Brighton & Hove Albion v Crystal Palace,Brighton & Hove Albion,Crystal Palace,Player Shots On Target,Christantus Uche,Crystal Palace,Brighton & Hove Albion,0.5,1.62,Sportsbet,49,289,15114822,554852796,2647796650
Brighton & Hove Albion v Crystal Palace,Brighton & Hove Albion,Crystal Palace,Player Shots On Target,Evann Guessand,Aston Villa,Brighton & Hove Albion,0.5,1.72,Sportsbet,49,289,15114822,554852796,2647810106
Brighton & Hove Albion v Crystal Palace,Brighton & Hove Albion,Crystal Palace,Player Shots On Target,Isma<c3><af>la Sarr,NA,NA,0.5,1.72,Sportsbet,49,289,15114822,554852796,2647796635
Brighton & Hove Albion v Crystal Palace,Brighton & Hove Albion,Crystal Palace,Player Shots On Target,Jean-Philippe Mateta,Crystal Palace,Brighton & Hove Albion,0.5,1.4,Sportsbet,49,289,15114822,554852796,2647796637
Brighton & Hove Albion v Crystal Palace,Brighton & Hove Albion,Crystal Palace,Player Shots On Target,J<c3><b8>rgen Strand Larsen,NA,NA,0.5,1.4,Sportsbet,49,289,15114822,554852796,2647809718
Brighton & Hove Albion v Crystal Palace,Brighton & Hove Albion,Crystal Palace,Player Shots On Target,Zach Marsh,Crystal Palace,Brighton & Hove Albion,0.5,1.57,Sportsbet,49,289,15114822,554852796,2647796649
Brighton & Hove Albion v Crystal Palace,Brighton & Hove Albion,Crystal Palace,Player Shots On Target,Daichi Kamada,Crystal Palace,Brighton & Hove Albion,0.5,2.7,Sportsbet,49,289,15114822,554852796,2647796639
Brighton & Hove Albion v Crystal Palace,Brighton & Hove Albion,Crystal Palace,Player Shots On Target,Daniel Mu<c3><b1>oz,NA,NA,0.5,2.7,Sportsbet,49,289,15114822,554852796,2647796643
Brighton & Hove Albion v Crystal Palace,Brighton & Hove Albion,Crystal Palace,Player Shots On Target,Jefferson Lerma,Crystal Palace,Brighton & Hove Albion,0.5,2.88,Sportsbet,49,289,15114822,554852796,2647796634
Brighton & Hove Albion v Crystal Palace,Brighton & Hove Albion,Crystal Palace,Player Shots On Target,Joel Drakes-Thomas,NA,NA,0.5,2.1,Sportsbet,49,289,15114822,554852796,2647796652
Brighton & Hove Albion v Crystal Palace,Brighton & Hove Albion,Crystal Palace,Player Shots On Target,Yeremy Pino,NA,NA,0.5,2,Sportsbet,49,289,15114822,554852796,2647796646
Brighton & Hove Albion v Crystal Palace,Brighton & Hove Albion,Crystal Palace,Player Shots On Target,Adam Wharton,Crystal Palace,Brighton & Hove Albion,0.5,3.4,Sportsbet,49,289,15114822,554852796,2647796647
Brighton & Hove Albion v Crystal Palace,Brighton & Hove Albion,Crystal Palace,Player Shots On Target,Borna Sosa,Crystal Palace,Brighton & Hove Albion,0.5,4.5,Sportsbet,49,289,15114822,554852796,2647796636
Brighton & Hove Albion v Crystal Palace,Brighton & Hove Albion,Crystal Palace,Player Shots On Target,Kaden Rodney,Crystal Palace,Brighton & Hove Albion,0.5,4.2,Sportsbet,49,289,15114822,554852796,2647796648
Brighton & Hove Albion v Crystal Palace,Brighton & Hove Albion,Crystal Palace,Player Shots On Target,Nathaniel Clyne,Crystal Palace,Brighton & Hove Albion,0.5,4.5,Sportsbet,49,289,15114822,554852796,2647796632
Brighton & Hove Albion v Crystal Palace,Brighton & Hove Albion,Crystal Palace,Player Shots On Target,Tyrick Mitchell,Crystal Palace,Brighton & Hove Albion,0.5,4.5,Sportsbet,49,289,15114822,554852796,2647796644
Brighton & Hove Albion v Crystal Palace,Brighton & Hove Albion,Crystal Palace,Player Shots On Target,Chadi Riad,Crystal Palace,Brighton & Hove Albion,0.5,5,Sportsbet,49,289,15114822,554852796,2647796645
Brighton & Hove Albion v Crystal Palace,Brighton & Hove Albion,Crystal Palace,Player Shots On Target,Chris Richards,Crystal Palace,Brighton & Hove Albion,0.5,5.5,Sportsbet,49,289,15114822,554852796,2647796640
Brighton & Hove Albion v Crystal Palace,Brighton & Hove Albion,Crystal Palace,Player Shots On Target,Jaydee Canvot,Crystal Palace,Brighton & Hove Albion,0.5,5.5,Sportsbet,49,289,15114822,554852796,2647796651
Brighton & Hove Albion v Crystal Palace,Brighton & Hove Albion,Crystal Palace,Player Shots On Target,Maxence Lacroix,Crystal Palace,Brighton & Hove Albion,0.5,5,Sportsbet,49,289,15114822,554852796,2647796641
Brighton & Hove Albion v Crystal Palace,Brighton & Hove Albion,Crystal Palace,Player Shots On Target,Will Hughes,Crystal Palace,Brighton & Hove Albion,0.5,5,Sportsbet,49,289,15114822,554852796,2647796633
Brighton & Hove Albion v Crystal Palace,Brighton & Hove Albion,Crystal Palace,Player Shots On Target,Charalampos Kostoulas,Brighton & Hove Albion,Crystal Palace,1.5,3.4,Sportsbet,49,289,15114822,554852801,2647796237
Brighton & Hove Albion v Crystal Palace,Brighton & Hove Albion,Crystal Palace,Player Shots On Target,Danny Welbeck,Brighton & Hove Albion,Crystal Palace,1.5,3.1,Sportsbet,49,289,15114822,554852801,2647806892
Brighton & Hove Albion v Crystal Palace,Brighton & Hove Albion,Crystal Palace,Player Shots On Target,Georginio Rutter,Brighton & Hove Albion,Crystal Palace,1.5,3.75,Sportsbet,49,289,15114822,554852801,2647796227
Brighton & Hove Albion v Crystal Palace,Brighton & Hove Albion,Crystal Palace,Player Shots On Target,Diego Gomez,NA,NA,1.5,4.5,Sportsbet,49,289,15114822,554852801,2647796232
Brighton & Hove Albion v Crystal Palace,Brighton & Hove Albion,Crystal Palace,Player Shots On Target,Harry Howell,Brighton & Hove Albion,Crystal Palace,1.5,4,Sportsbet,49,289,15114822,554852801,2647796236
Brighton & Hove Albion v Crystal Palace,Brighton & Hove Albion,Crystal Palace,Player Shots On Target,Kaoru Mitoma,Brighton & Hove Albion,Crystal Palace,1.5,4.5,Sportsbet,49,289,15114822,554852801,2647796230
Brighton & Hove Albion v Crystal Palace,Brighton & Hove Albion,Crystal Palace,Player Shots On Target,Yankuba Minteh,Brighton & Hove Albion,Crystal Palace,1.5,4.5,Sportsbet,49,289,15114822,554852801,2647796235
Brighton & Hove Albion v Crystal Palace,Brighton & Hove Albion,Crystal Palace,Player Shots On Target,Matt O'Riley,Brighton & Hove Albion,Crystal Palace,1.5,5,Sportsbet,49,289,15114822,554852801,2647796226
Brighton & Hove Albion v Crystal Palace,Brighton & Hove Albion,Crystal Palace,Player Shots On Target,Jack Hinshelwood,Brighton & Hove Albion,Crystal Palace,1.5,7,Sportsbet,49,289,15114822,554852801,2647796233
Brighton & Hove Albion v Crystal Palace,Brighton & Hove Albion,Crystal Palace,Player Shots On Target,Pascal Gross,NA,NA,1.5,7,Sportsbet,49,289,15114822,554852801,2647796219
Brighton & Hove Albion v Crystal Palace,Brighton & Hove Albion,Crystal Palace,Player Shots On Target,Maxim De Cuyper,Brighton & Hove Albion,Crystal Palace,1.5,10,Sportsbet,49,289,15114822,554852801,2647796229
Brighton & Hove Albion v Crystal Palace,Brighton & Hove Albion,Crystal Palace,Player Shots On Target,Carlos Baleba,Brighton & Hove Albion,Crystal Palace,1.5,12,Sportsbet,49,289,15114822,554852801,2647796234
Brighton & Hove Albion v Crystal Palace,Brighton & Hove Albion,Crystal Palace,Player Shots On Target,Jan Paul van Hecke,Brighton & Hove Albion,Crystal Palace,1.5,13,Sportsbet,49,289,15114822,554852801,2647796228
Brighton & Hove Albion v Crystal Palace,Brighton & Hove Albion,Crystal Palace,Player Shots On Target,James Milner,Brighton & Hove Albion,Crystal Palace,1.5,15,Sportsbet,49,289,15114822,554852801,2647796220
Brighton & Hove Albion v Crystal Palace,Brighton & Hove Albion,Crystal Palace,Player Shots On Target,Ferdi Kadioglu,NA,NA,1.5,17,Sportsbet,49,289,15114822,554852801,2647796224
Brighton & Hove Albion v Crystal Palace,Brighton & Hove Albion,Crystal Palace,Player Shots On Target,Jean-Philippe Mateta,Crystal Palace,Brighton & Hove Albion,1.5,2.8,Sportsbet,49,289,15114822,554852801,2647796243
Brighton & Hove Albion v Crystal Palace,Brighton & Hove Albion,Crystal Palace,Player Shots On Target,J<c3><b8>rgen Strand Larsen,NA,NA,1.5,2.88,Sportsbet,49,289,15114822,554852801,2647809721
Brighton & Hove Albion v Crystal Palace,Brighton & Hove Albion,Crystal Palace,Player Shots On Target,Christantus Uche,Crystal Palace,Brighton & Hove Albion,1.5,3.75,Sportsbet,49,289,15114822,554852801,2647796256
Brighton & Hove Albion v Crystal Palace,Brighton & Hove Albion,Crystal Palace,Player Shots On Target,Zach Marsh,Crystal Palace,Brighton & Hove Albion,1.5,3.6,Sportsbet,49,289,15114822,554852801,2647796255
Brighton & Hove Albion v Crystal Palace,Brighton & Hove Albion,Crystal Palace,Player Shots On Target,Evann Guessand,Aston Villa,Brighton & Hove Albion,1.5,4.5,Sportsbet,49,289,15114822,554852801,2647810109
Brighton & Hove Albion v Crystal Palace,Brighton & Hove Albion,Crystal Palace,Player Shots On Target,Isma<c3><af>la Sarr,NA,NA,1.5,4.5,Sportsbet,49,289,15114822,554852801,2647796241
Brighton & Hove Albion v Crystal Palace,Brighton & Hove Albion,Crystal Palace,Player Shots On Target,Brennan Johnson,Tottenham Hotspur,Brighton & Hove Albion,1.5,5,Sportsbet,49,289,15114822,554852801,2647796248
Brighton & Hove Albion v Crystal Palace,Brighton & Hove Albion,Crystal Palace,Player Shots On Target,Brennan Johnson,Crystal Palace,Brighton & Hove Albion,1.5,5,Sportsbet,49,289,15114822,554852801,2647796248
Brighton & Hove Albion v Crystal Palace,Brighton & Hove Albion,Crystal Palace,Player Shots On Target,Yeremy Pino,NA,NA,1.5,5.5,Sportsbet,49,289,15114822,554852801,2647796252
Brighton & Hove Albion v Crystal Palace,Brighton & Hove Albion,Crystal Palace,Player Shots On Target,Joel Drakes-Thomas,NA,NA,1.5,6,Sportsbet,49,289,15114822,554852801,2647796258
Brighton & Hove Albion v Crystal Palace,Brighton & Hove Albion,Crystal Palace,Player Shots On Target,Daichi Kamada,Crystal Palace,Brighton & Hove Albion,1.5,9.5,Sportsbet,49,289,15114822,554852801,2647796245
Brighton & Hove Albion v Crystal Palace,Brighton & Hove Albion,Crystal Palace,Player Shots On Target,Daniel Mu<c3><b1>oz,NA,NA,1.5,9.5,Sportsbet,49,289,15114822,554852801,2647796249
Brighton & Hove Albion v Crystal Palace,Brighton & Hove Albion,Crystal Palace,Player Shots On Target,Jefferson Lerma,Crystal Palace,Brighton & Hove Albion,1.5,11,Sportsbet,49,289,15114822,554852801,2647796240
Brighton & Hove Albion v Crystal Palace,Brighton & Hove Albion,Crystal Palace,Player Shots On Target,Adam Wharton,Crystal Palace,Brighton & Hove Albion,1.5,15,Sportsbet,49,289,15114822,554852801,2647796253
Brighton & Hove Albion v Crystal Palace,Brighton & Hove Albion,Crystal Palace,Player Shots On Target,Kaden Rodney,Crystal Palace,Brighton & Hove Albion,1.5,21,Sportsbet,49,289,15114822,554852801,2647796254
Brighton & Hove Albion v Crystal Palace,Brighton & Hove Albion,Crystal Palace,Player Shots On Target,Borna Sosa,Crystal Palace,Brighton & Hove Albion,1.5,26,Sportsbet,49,289,15114822,554852801,2647796242
Brighton & Hove Albion v Crystal Palace,Brighton & Hove Albion,Crystal Palace,Player Shots On Target,Nathaniel Clyne,Crystal Palace,Brighton & Hove Albion,1.5,26,Sportsbet,49,289,15114822,554852801,2647796238
Brighton & Hove Albion v Crystal Palace,Brighton & Hove Albion,Crystal Palace,Player Shots On Target,Tyrick Mitchell,Crystal Palace,Brighton & Hove Albion,1.5,26,Sportsbet,49,289,15114822,554852801,2647796250
Brighton & Hove Albion v Crystal Palace,Brighton & Hove Albion,Crystal Palace,Player Shots On Target,Danny Welbeck,Brighton & Hove Albion,Crystal Palace,2.5,7.5,Sportsbet,49,289,15114822,554852805,2647806894
Brighton & Hove Albion v Crystal Palace,Brighton & Hove Albion,Crystal Palace,Player Shots On Target,Charalampos Kostoulas,Brighton & Hove Albion,Crystal Palace,2.5,9,Sportsbet,49,289,15114822,554852805,2647796003
Brighton & Hove Albion v Crystal Palace,Brighton & Hove Albion,Crystal Palace,Player Shots On Target,Georginio Rutter,Brighton & Hove Albion,Crystal Palace,2.5,11,Sportsbet,49,289,15114822,554852805,2647795993
Brighton & Hove Albion v Crystal Palace,Brighton & Hove Albion,Crystal Palace,Player Shots On Target,Harry Howell,Brighton & Hove Albion,Crystal Palace,2.5,12,Sportsbet,49,289,15114822,554852805,2647796002
Brighton & Hove Albion v Crystal Palace,Brighton & Hove Albion,Crystal Palace,Player Shots On Target,Kaoru Mitoma,Brighton & Hove Albion,Crystal Palace,2.5,14,Sportsbet,49,289,15114822,554852805,2647795996
Brighton & Hove Albion v Crystal Palace,Brighton & Hove Albion,Crystal Palace,Player Shots On Target,Yankuba Minteh,Brighton & Hove Albion,Crystal Palace,2.5,15,Sportsbet,49,289,15114822,554852805,2647796001
Brighton & Hove Albion v Crystal Palace,Brighton & Hove Albion,Crystal Palace,Player Shots On Target,Diego Gomez,NA,NA,2.5,17,Sportsbet,49,289,15114822,554852805,2647795998
Brighton & Hove Albion v Crystal Palace,Brighton & Hove Albion,Crystal Palace,Player Shots On Target,Matt O'Riley,Brighton & Hove Albion,Crystal Palace,2.5,19,Sportsbet,49,289,15114822,554852805,2647795992
Brighton & Hove Albion v Crystal Palace,Brighton & Hove Albion,Crystal Palace,Player Shots On Target,Jack Hinshelwood,Brighton & Hove Albion,Crystal Palace,2.5,31,Sportsbet,49,289,15114822,554852805,2647795999
Brighton & Hove Albion v Crystal Palace,Brighton & Hove Albion,Crystal Palace,Player Shots On Target,Pascal Gross,NA,NA,2.5,31,Sportsbet,49,289,15114822,554852805,2647795985
Brighton & Hove Albion v Crystal Palace,Brighton & Hove Albion,Crystal Palace,Player Shots On Target,Maxim De Cuyper,Brighton & Hove Albion,Crystal Palace,2.5,56,Sportsbet,49,289,15114822,554852805,2647795995
Brighton & Hove Albion v Crystal Palace,Brighton & Hove Albion,Crystal Palace,Player Shots On Target,Jean-Philippe Mateta,Crystal Palace,Brighton & Hove Albion,2.5,7,Sportsbet,49,289,15114822,554852805,2647796009
Brighton & Hove Albion v Crystal Palace,Brighton & Hove Albion,Crystal Palace,Player Shots On Target,J<c3><b8>rgen Strand Larsen,NA,NA,2.5,7,Sportsbet,49,289,15114822,554852805,2647809723
Brighton & Hove Albion v Crystal Palace,Brighton & Hove Albion,Crystal Palace,Player Shots On Target,Zach Marsh,Crystal Palace,Brighton & Hove Albion,2.5,9.5,Sportsbet,49,289,15114822,554852805,2647796021
Brighton & Hove Albion v Crystal Palace,Brighton & Hove Albion,Crystal Palace,Player Shots On Target,Christantus Uche,Crystal Palace,Brighton & Hove Albion,2.5,11,Sportsbet,49,289,15114822,554852805,2647796022
Brighton & Hove Albion v Crystal Palace,Brighton & Hove Albion,Crystal Palace,Player Shots On Target,Evann Guessand,Aston Villa,Brighton & Hove Albion,2.5,15,Sportsbet,49,289,15114822,554852805,2647810111
Brighton & Hove Albion v Crystal Palace,Brighton & Hove Albion,Crystal Palace,Player Shots On Target,Isma<c3><af>la Sarr,NA,NA,2.5,15,Sportsbet,49,289,15114822,554852805,2647796007
Brighton & Hove Albion v Crystal Palace,Brighton & Hove Albion,Crystal Palace,Player Shots On Target,Brennan Johnson,Tottenham Hotspur,Brighton & Hove Albion,2.5,17,Sportsbet,49,289,15114822,554852805,2647796014
Brighton & Hove Albion v Crystal Palace,Brighton & Hove Albion,Crystal Palace,Player Shots On Target,Brennan Johnson,Crystal Palace,Brighton & Hove Albion,2.5,17,Sportsbet,49,289,15114822,554852805,2647796014
Brighton & Hove Albion v Crystal Palace,Brighton & Hove Albion,Crystal Palace,Player Shots On Target,Joel Drakes-Thomas,NA,NA,2.5,23,Sportsbet,49,289,15114822,554852805,2647796024
Brighton & Hove Albion v Crystal Palace,Brighton & Hove Albion,Crystal Palace,Player Shots On Target,Yeremy Pino,NA,NA,2.5,23,Sportsbet,49,289,15114822,554852805,2647796018
Brighton & Hove Albion v Crystal Palace,Brighton & Hove Albion,Crystal Palace,Player Shots On Target,Daniel Mu<c3><b1>oz,NA,NA,2.5,56,Sportsbet,49,289,15114822,554852805,2647796015
Brighton & Hove Albion v Crystal Palace,Brighton & Hove Albion,Crystal Palace,Player Shots On Target,Daichi Kamada,Crystal Palace,Brighton & Hove Albion,2.5,61,Sportsbet,49,289,15114822,554852805,2647796011
Brighton & Hove Albion v Crystal Palace,Brighton & Hove Albion,Crystal Palace,Player Shots On Target,Danny Welbeck,Brighton & Hove Albion,Crystal Palace,3.5,26,Sportsbet,49,289,15114822,554852808,2647806896
Brighton & Hove Albion v Crystal Palace,Brighton & Hove Albion,Crystal Palace,Player Shots On Target,Charalampos Kostoulas,Brighton & Hove Albion,Crystal Palace,3.5,34,Sportsbet,49,289,15114822,554852808,2647795552
Brighton & Hove Albion v Crystal Palace,Brighton & Hove Albion,Crystal Palace,Player Shots On Target,Georginio Rutter,Brighton & Hove Albion,Crystal Palace,3.5,46,Sportsbet,49,289,15114822,554852808,2647795542
Brighton & Hove Albion v Crystal Palace,Brighton & Hove Albion,Crystal Palace,Player Shots On Target,Harry Howell,Brighton & Hove Albion,Crystal Palace,3.5,46,Sportsbet,49,289,15114822,554852808,2647795551
Brighton & Hove Albion v Crystal Palace,Brighton & Hove Albion,Crystal Palace,Player Shots On Target,Kaoru Mitoma,Brighton & Hove Albion,Crystal Palace,3.5,67,Sportsbet,49,289,15114822,554852808,2647795545
Brighton & Hove Albion v Crystal Palace,Brighton & Hove Albion,Crystal Palace,Player Shots On Target,Yankuba Minteh,Brighton & Hove Albion,Crystal Palace,3.5,76,Sportsbet,49,289,15114822,554852808,2647795550
Brighton & Hove Albion v Crystal Palace,Brighton & Hove Albion,Crystal Palace,Player Shots On Target,Diego Gomez,NA,NA,3.5,81,Sportsbet,49,289,15114822,554852808,2647795547
Brighton & Hove Albion v Crystal Palace,Brighton & Hove Albion,Crystal Palace,Player Shots On Target,Jean-Philippe Mateta,Crystal Palace,Brighton & Hove Albion,3.5,21,Sportsbet,49,289,15114822,554852808,2647795558
Brighton & Hove Albion v Crystal Palace,Brighton & Hove Albion,Crystal Palace,Player Shots On Target,J<c3><b8>rgen Strand Larsen,NA,NA,3.5,23,Sportsbet,49,289,15114822,554852808,2647809725
Brighton & Hove Albion v Crystal Palace,Brighton & Hove Albion,Crystal Palace,Player Shots On Target,Zach Marsh,Crystal Palace,Brighton & Hove Albion,3.5,36,Sportsbet,49,289,15114822,554852808,2647795570
Brighton & Hove Albion v Crystal Palace,Brighton & Hove Albion,Crystal Palace,Player Shots On Target,Christantus Uche,Crystal Palace,Brighton & Hove Albion,3.5,46,Sportsbet,49,289,15114822,554852808,2647795571
Brighton & Hove Albion v Crystal Palace,Brighton & Hove Albion,Crystal Palace,Player Shots On Target,Evann Guessand,Aston Villa,Brighton & Hove Albion,3.5,71,Sportsbet,49,289,15114822,554852808,2647810113
Brighton & Hove Albion v Crystal Palace,Brighton & Hove Albion,Crystal Palace,Player Shots On Target,Isma<c3><af>la Sarr,NA,NA,3.5,71,Sportsbet,49,289,15114822,554852808,2647795556
Brighton & Hove Albion v Crystal Palace,Brighton & Hove Albion,Crystal Palace,Player Shots On Target,Brennan Johnson,Tottenham Hotspur,Brighton & Hove Albion,3.5,91,Sportsbet,49,289,15114822,554852808,2647795563
Brighton & Hove Albion v Crystal Palace,Brighton & Hove Albion,Crystal Palace,Player Shots On Target,Brennan Johnson,Crystal Palace,Brighton & Hove Albion,3.5,91,Sportsbet,49,289,15114822,554852808,2647795563
Liverpool v Manchester City,Liverpool,Manchester City,Player Shots On Target,Cody Gakpo,Liverpool,Manchester City,0.5,1.83,Sportsbet,49,289,15114819,554845614,2647753760
Liverpool v Manchester City,Liverpool,Manchester City,Player Shots On Target,Federico Chiesa,Liverpool,Manchester City,0.5,1.57,Sportsbet,49,289,15114819,554845614,2647753756
Liverpool v Manchester City,Liverpool,Manchester City,Player Shots On Target,Florian Wirtz,Liverpool,Manchester City,0.5,1.83,Sportsbet,49,289,15114819,554845614,2647753765
Liverpool v Manchester City,Liverpool,Manchester City,Player Shots On Target,Hugo Ekitike,NA,NA,0.5,1.45,Sportsbet,49,289,15114819,554845614,2647753766
Liverpool v Manchester City,Liverpool,Manchester City,Player Shots On Target,Mohamed Salah,Liverpool,Manchester City,0.5,1.53,Sportsbet,49,289,15114819,554845614,2647753753
Liverpool v Manchester City,Liverpool,Manchester City,Player Shots On Target,Rio Ngumoha,Liverpool,Manchester City,0.5,1.72,Sportsbet,49,289,15114819,554845614,2647753770
Liverpool v Manchester City,Liverpool,Manchester City,Player Shots On Target,Alexis Mac Allister,Liverpool,Manchester City,0.5,2.25,Sportsbet,49,289,15114819,554845614,2647753763
Liverpool v Manchester City,Liverpool,Manchester City,Player Shots On Target,Curtis Jones,Liverpool,Manchester City,0.5,2.4,Sportsbet,49,289,15114819,554845614,2647753761
Liverpool v Manchester City,Liverpool,Manchester City,Player Shots On Target,Dominik Szoboszlai,Liverpool,Manchester City,0.5,2,Sportsbet,49,289,15114819,554845614,2647753759
Liverpool v Manchester City,Liverpool,Manchester City,Player Shots On Target,Trey Nyoni,Liverpool,Manchester City,0.5,2,Sportsbet,49,289,15114819,554845614,2647753768
Liverpool v Manchester City,Liverpool,Manchester City,Player Shots On Target,Calvin Ramsay,Liverpool,Manchester City,0.5,3.4,Sportsbet,49,289,15114819,554845614,2647753764
Liverpool v Manchester City,Liverpool,Manchester City,Player Shots On Target,Ryan Gravenberch,Liverpool,Manchester City,0.5,3.5,Sportsbet,49,289,15114819,554845614,2647753762
Liverpool v Manchester City,Liverpool,Manchester City,Player Shots On Target,Andrew Robertson,Liverpool,Manchester City,0.5,4,Sportsbet,49,289,15114819,554845614,2647753754
Liverpool v Manchester City,Liverpool,Manchester City,Player Shots On Target,Ibrahima Konat<c3><a9>,NA,NA,0.5,4.5,Sportsbet,49,289,15114819,554845614,2647753758
Liverpool v Manchester City,Liverpool,Manchester City,Player Shots On Target,Virgil van Dijk,Liverpool,Manchester City,0.5,4.5,Sportsbet,49,289,15114819,554845614,2647753752
Liverpool v Manchester City,Liverpool,Manchester City,Player Shots On Target,Wataru Endo,Liverpool,Manchester City,0.5,4.33,Sportsbet,49,289,15114819,554845614,2647753757
Liverpool v Manchester City,Liverpool,Manchester City,Player Shots On Target,Amara Nallo,Liverpool,Manchester City,0.5,5,Sportsbet,49,289,15114819,554845614,2647753769
Liverpool v Manchester City,Liverpool,Manchester City,Player Shots On Target,Joe Gomez,Liverpool,Manchester City,0.5,6,Sportsbet,49,289,15114819,554845614,2647753755
Liverpool v Manchester City,Liverpool,Manchester City,Player Shots On Target,Milos Kerkez,Liverpool,Manchester City,0.5,6,Sportsbet,49,289,15114819,554845614,2647753767
Liverpool v Manchester City,Liverpool,Manchester City,Player Shots On Target,Antoine Semenyo,Manchester City,Liverpool,0.5,1.67,Sportsbet,49,289,15114819,554845614,2647753779
Liverpool v Manchester City,Liverpool,Manchester City,Player Shots On Target,Antoine Semenyo,Bournemouth,Liverpool,0.5,1.67,Sportsbet,49,289,15114819,554845614,2647753779
Liverpool v Manchester City,Liverpool,Manchester City,Player Shots On Target,Erling Haaland,Manchester City,Liverpool,0.5,1.2,Sportsbet,49,289,15114819,554845614,2647753780
Liverpool v Manchester City,Liverpool,Manchester City,Player Shots On Target,Omar Marmoush,Manchester City,Liverpool,0.5,1.4,Sportsbet,49,289,15114819,554845614,2647753782
Liverpool v Manchester City,Liverpool,Manchester City,Player Shots On Target,Phil Foden,Manchester City,Liverpool,0.5,1.91,Sportsbet,49,289,15114819,554845614,2647753775
Liverpool v Manchester City,Liverpool,Manchester City,Player Shots On Target,Rayan Cherki,Manchester City,Liverpool,0.5,1.91,Sportsbet,49,289,15114819,554845614,2647753781
Liverpool v Manchester City,Liverpool,Manchester City,Player Shots On Target,Tijjani Reijnders,Manchester City,Liverpool,0.5,1.91,Sportsbet,49,289,15114819,554845614,2647753776
Liverpool v Manchester City,Liverpool,Manchester City,Player Shots On Target,Marc Gu<c3><a9>hi,NA,NA,0.5,3.5,Sportsbet,49,289,15114819,554845614,2647753777
Liverpool v Manchester City,Liverpool,Manchester City,Player Shots On Target,Nico Gonzalez,NA,NA,0.5,3.3,Sportsbet,49,289,15114819,554845614,2647753784
Liverpool v Manchester City,Liverpool,Manchester City,Player Shots On Target,Rayan A<c3><af>t-Nouri,NA,NA,0.5,3.25,Sportsbet,49,289,15114819,554845614,2647753778
Liverpool v Manchester City,Liverpool,Manchester City,Player Shots On Target,Rodri,Manchester City,Liverpool,0.5,3.4,Sportsbet,49,289,15114819,554845614,2647753773
Liverpool v Manchester City,Liverpool,Manchester City,Player Shots On Target,Bernardo Silva,Manchester City,Liverpool,0.5,4,Sportsbet,49,289,15114819,554845614,2647753772
Liverpool v Manchester City,Liverpool,Manchester City,Player Shots On Target,Nico O'Reilly,Manchester City,Liverpool,0.5,4.2,Sportsbet,49,289,15114819,554845614,2647791413
Liverpool v Manchester City,Liverpool,Manchester City,Player Shots On Target,Rico Lewis,Manchester City,Liverpool,0.5,4.2,Sportsbet,49,289,15114819,554845614,2647753785
Liverpool v Manchester City,Liverpool,Manchester City,Player Shots On Target,Matheus Nunes,Manchester City,Liverpool,0.5,5,Sportsbet,49,289,15114819,554845614,2647753783
Liverpool v Manchester City,Liverpool,Manchester City,Player Shots On Target,R<c3><ba>ben Dias,NA,NA,0.5,5.5,Sportsbet,49,289,15114819,554845614,2647753774
Liverpool v Manchester City,Liverpool,Manchester City,Player Shots On Target,Abdukodir Khusanov,Manchester City,Liverpool,0.5,6.5,Sportsbet,49,289,15114819,554845614,2647753787
Liverpool v Manchester City,Liverpool,Manchester City,Player Shots On Target,Max Alleyne,Manchester City,Liverpool,0.5,6.5,Sportsbet,49,289,15114819,554845614,2647753786
Liverpool v Manchester City,Liverpool,Manchester City,Player Shots On Target,Nathan Ak<c3><a9>,NA,NA,0.5,7.5,Sportsbet,49,289,15114819,554845614,2647753771
Liverpool v Manchester City,Liverpool,Manchester City,Player Shots On Target,Federico Chiesa,Liverpool,Manchester City,1.5,3.5,Sportsbet,49,289,15114819,554845619,2647753102
Liverpool v Manchester City,Liverpool,Manchester City,Player Shots On Target,Hugo Ekitike,NA,NA,1.5,3.2,Sportsbet,49,289,15114819,554845619,2647753112
Liverpool v Manchester City,Liverpool,Manchester City,Player Shots On Target,Mohamed Salah,Liverpool,Manchester City,1.5,3.5,Sportsbet,49,289,15114819,554845619,2647753099
Liverpool v Manchester City,Liverpool,Manchester City,Player Shots On Target,Rio Ngumoha,Liverpool,Manchester City,1.5,4.5,Sportsbet,49,289,15114819,554845619,2647753116
Liverpool v Manchester City,Liverpool,Manchester City,Player Shots On Target,Cody Gakpo,Liverpool,Manchester City,1.5,5,Sportsbet,49,289,15114819,554845619,2647753106
Liverpool v Manchester City,Liverpool,Manchester City,Player Shots On Target,Florian Wirtz,Liverpool,Manchester City,1.5,5,Sportsbet,49,289,15114819,554845619,2647753111
Liverpool v Manchester City,Liverpool,Manchester City,Player Shots On Target,Dominik Szoboszlai,Liverpool,Manchester City,1.5,6,Sportsbet,49,289,15114819,554845619,2647753105
Liverpool v Manchester City,Liverpool,Manchester City,Player Shots On Target,Trey Nyoni,Liverpool,Manchester City,1.5,6,Sportsbet,49,289,15114819,554845619,2647753114
Liverpool v Manchester City,Liverpool,Manchester City,Player Shots On Target,Alexis Mac Allister,Liverpool,Manchester City,1.5,7,Sportsbet,49,289,15114819,554845619,2647753109
Liverpool v Manchester City,Liverpool,Manchester City,Player Shots On Target,Curtis Jones,Liverpool,Manchester City,1.5,7.5,Sportsbet,49,289,15114819,554845619,2647753107
Liverpool v Manchester City,Liverpool,Manchester City,Player Shots On Target,Calvin Ramsay,Liverpool,Manchester City,1.5,15,Sportsbet,49,289,15114819,554845619,2647753110
Liverpool v Manchester City,Liverpool,Manchester City,Player Shots On Target,Ryan Gravenberch,Liverpool,Manchester City,1.5,15,Sportsbet,49,289,15114819,554845619,2647753108
Liverpool v Manchester City,Liverpool,Manchester City,Player Shots On Target,Andrew Robertson,Liverpool,Manchester City,1.5,20,Sportsbet,49,289,15114819,554845619,2647753100
Liverpool v Manchester City,Liverpool,Manchester City,Player Shots On Target,Wataru Endo,Liverpool,Manchester City,1.5,23,Sportsbet,49,289,15114819,554845619,2647753103
Liverpool v Manchester City,Liverpool,Manchester City,Player Shots On Target,Ibrahima Konat<c3><a9>,NA,NA,1.5,26,Sportsbet,49,289,15114819,554845619,2647753104
Liverpool v Manchester City,Liverpool,Manchester City,Player Shots On Target,Virgil van Dijk,Liverpool,Manchester City,1.5,31,Sportsbet,49,289,15114819,554845619,2647753098
Liverpool v Manchester City,Liverpool,Manchester City,Player Shots On Target,Erling Haaland,Manchester City,Liverpool,1.5,2,Sportsbet,49,289,15114819,554845619,2647753126
Liverpool v Manchester City,Liverpool,Manchester City,Player Shots On Target,Omar Marmoush,Manchester City,Liverpool,1.5,2.8,Sportsbet,49,289,15114819,554845619,2647753128
Liverpool v Manchester City,Liverpool,Manchester City,Player Shots On Target,Antoine Semenyo,Manchester City,Liverpool,1.5,4,Sportsbet,49,289,15114819,554845619,2647753125
Liverpool v Manchester City,Liverpool,Manchester City,Player Shots On Target,Antoine Semenyo,Bournemouth,Liverpool,1.5,4,Sportsbet,49,289,15114819,554845619,2647753125
Liverpool v Manchester City,Liverpool,Manchester City,Player Shots On Target,Phil Foden,Manchester City,Liverpool,1.5,5.5,Sportsbet,49,289,15114819,554845619,2647753121
Liverpool v Manchester City,Liverpool,Manchester City,Player Shots On Target,Rayan Cherki,Manchester City,Liverpool,1.5,5.5,Sportsbet,49,289,15114819,554845619,2647753127
Liverpool v Manchester City,Liverpool,Manchester City,Player Shots On Target,Tijjani Reijnders,Manchester City,Liverpool,1.5,5.5,Sportsbet,49,289,15114819,554845619,2647753122
Liverpool v Manchester City,Liverpool,Manchester City,Player Shots On Target,Nico Gonzalez,NA,NA,1.5,14,Sportsbet,49,289,15114819,554845619,2647753130
Liverpool v Manchester City,Liverpool,Manchester City,Player Shots On Target,Rayan A<c3><af>t-Nouri,NA,NA,1.5,14,Sportsbet,49,289,15114819,554845619,2647753124
Liverpool v Manchester City,Liverpool,Manchester City,Player Shots On Target,Marc Gu<c3><a9>hi,NA,NA,1.5,15,Sportsbet,49,289,15114819,554845619,2647753123
Liverpool v Manchester City,Liverpool,Manchester City,Player Shots On Target,Rodri,Manchester City,Liverpool,1.5,15,Sportsbet,49,289,15114819,554845619,2647753119
Liverpool v Manchester City,Liverpool,Manchester City,Player Shots On Target,Bernardo Silva,Manchester City,Liverpool,1.5,21,Sportsbet,49,289,15114819,554845619,2647753118
Liverpool v Manchester City,Liverpool,Manchester City,Player Shots On Target,Nico O'Reilly,Manchester City,Liverpool,1.5,23,Sportsbet,49,289,15114819,554845619,2647791416
Liverpool v Manchester City,Liverpool,Manchester City,Player Shots On Target,Rico Lewis,Manchester City,Liverpool,1.5,23,Sportsbet,49,289,15114819,554845619,2647753131
Liverpool v Manchester City,Liverpool,Manchester City,Player Shots On Target,Hugo Ekitike,NA,NA,2.5,8,Sportsbet,49,289,15114819,554845594,2647753260
Liverpool v Manchester City,Liverpool,Manchester City,Player Shots On Target,Federico Chiesa,Liverpool,Manchester City,2.5,9.5,Sportsbet,49,289,15114819,554845594,2647753250
Liverpool v Manchester City,Liverpool,Manchester City,Player Shots On Target,Mohamed Salah,Liverpool,Manchester City,2.5,10,Sportsbet,49,289,15114819,554845594,2647753247
Liverpool v Manchester City,Liverpool,Manchester City,Player Shots On Target,Rio Ngumoha,Liverpool,Manchester City,2.5,14,Sportsbet,49,289,15114819,554845594,2647753264
Liverpool v Manchester City,Liverpool,Manchester City,Player Shots On Target,Cody Gakpo,Liverpool,Manchester City,2.5,15,Sportsbet,49,289,15114819,554845594,2647753254
Liverpool v Manchester City,Liverpool,Manchester City,Player Shots On Target,Florian Wirtz,Liverpool,Manchester City,2.5,17,Sportsbet,49,289,15114819,554845594,2647753259
Liverpool v Manchester City,Liverpool,Manchester City,Player Shots On Target,Dominik Szoboszlai,Liverpool,Manchester City,2.5,23,Sportsbet,49,289,15114819,554845594,2647753253
Liverpool v Manchester City,Liverpool,Manchester City,Player Shots On Target,Trey Nyoni,Liverpool,Manchester City,2.5,23,Sportsbet,49,289,15114819,554845594,2647753262
Liverpool v Manchester City,Liverpool,Manchester City,Player Shots On Target,Alexis Mac Allister,Liverpool,Manchester City,2.5,31,Sportsbet,49,289,15114819,554845594,2647753257
Liverpool v Manchester City,Liverpool,Manchester City,Player Shots On Target,Curtis Jones,Liverpool,Manchester City,2.5,34,Sportsbet,49,289,15114819,554845594,2647753255
Liverpool v Manchester City,Liverpool,Manchester City,Player Shots On Target,Erling Haaland,Manchester City,Liverpool,2.5,4.2,Sportsbet,49,289,15114819,554845594,2647753474
Liverpool v Manchester City,Liverpool,Manchester City,Player Shots On Target,Omar Marmoush,Manchester City,Liverpool,2.5,7,Sportsbet,49,289,15114819,554845594,2647753476
Liverpool v Manchester City,Liverpool,Manchester City,Player Shots On Target,Antoine Semenyo,Manchester City,Liverpool,2.5,12,Sportsbet,49,289,15114819,554845594,2647753473
Liverpool v Manchester City,Liverpool,Manchester City,Player Shots On Target,Antoine Semenyo,Bournemouth,Liverpool,2.5,12,Sportsbet,49,289,15114819,554845594,2647753473
Liverpool v Manchester City,Liverpool,Manchester City,Player Shots On Target,Tijjani Reijnders,Manchester City,Liverpool,2.5,20,Sportsbet,49,289,15114819,554845594,2647753470
Liverpool v Manchester City,Liverpool,Manchester City,Player Shots On Target,Phil Foden,Manchester City,Liverpool,2.5,21,Sportsbet,49,289,15114819,554845594,2647753469
Liverpool v Manchester City,Liverpool,Manchester City,Player Shots On Target,Rayan Cherki,Manchester City,Liverpool,2.5,21,Sportsbet,49,289,15114819,554845594,2647753475
Liverpool v Manchester City,Liverpool,Manchester City,Player Shots On Target,Hugo Ekitike,NA,NA,3.5,26,Sportsbet,49,289,15114819,554845597,2647753570
Liverpool v Manchester City,Liverpool,Manchester City,Player Shots On Target,Federico Chiesa,Liverpool,Manchester City,3.5,36,Sportsbet,49,289,15114819,554845597,2647753560
Liverpool v Manchester City,Liverpool,Manchester City,Player Shots On Target,Mohamed Salah,Liverpool,Manchester City,3.5,36,Sportsbet,49,289,15114819,554845597,2647753557
Liverpool v Manchester City,Liverpool,Manchester City,Player Shots On Target,Rio Ngumoha,Liverpool,Manchester City,3.5,61,Sportsbet,49,289,15114819,554845597,2647753574
Liverpool v Manchester City,Liverpool,Manchester City,Player Shots On Target,Florian Wirtz,Liverpool,Manchester City,3.5,76,Sportsbet,49,289,15114819,554845597,2647753569
Liverpool v Manchester City,Liverpool,Manchester City,Player Shots On Target,Cody Gakpo,Liverpool,Manchester City,3.5,91,Sportsbet,49,289,15114819,554845597,2647753564
Liverpool v Manchester City,Liverpool,Manchester City,Player Shots On Target,Erling Haaland,Manchester City,Liverpool,3.5,10,Sportsbet,49,289,15114819,554845597,2647753584
Liverpool v Manchester City,Liverpool,Manchester City,Player Shots On Target,Omar Marmoush,Manchester City,Liverpool,3.5,21,Sportsbet,49,289,15114819,554845597,2647753586
Liverpool v Manchester City,Liverpool,Manchester City,Player Shots On Target,Antoine Semenyo,Manchester City,Liverpool,3.5,56,Sportsbet,49,289,15114819,554845597,2647753583
Liverpool v Manchester City,Liverpool,Manchester City,Player Shots On Target,Antoine Semenyo,Bournemouth,Liverpool,3.5,56,Sportsbet,49,289,15114819,554845597,2647753583
