match,home_team,away_team,market_name,player_name,player_team,opposition_team,line,over_price,agency,class_external_id,competition_external_id,event_external_id,market_id,player_id
Aston Villa v Leeds United,Aston Villa,Leeds United,Player Goals,Morgan Rogers,Aston Villa,Leeds United,0.5,2.8,Sportsbet,49,289,15192634,557277947,2659626604
Aston Villa v Leeds United,Aston Villa,Leeds United,Player Goals,Ollie Watkins,Aston Villa,Leeds United,0.5,2.3,Sportsbet,49,289,15192634,557277947,2659626605
Aston Villa v Leeds United,Aston Villa,Leeds United,Player Goals,Tammy Abraham,NA,NA,0.5,2.5,Sportsbet,49,289,15192634,557277947,2659626608
Aston Villa v Leeds United,Aston Villa,Leeds United,Player Goals,Emiliano Buend<c3><ad>a,NA,NA,0.5,3.75,Sportsbet,49,289,15192634,557277947,2659626593
Aston Villa v Leeds United,Aston Villa,Leeds United,Player Goals,Harvey Elliott,Liverpool,Aston Villa,0.5,3.75,Sportsbet,49,289,15192634,557277947,2659626596
Aston Villa v Leeds United,Aston Villa,Leeds United,Player Goals,Harvey Elliott,Aston Villa,Leeds United,0.5,3.75,Sportsbet,49,289,15192634,557277947,2659626596
Aston Villa v Leeds United,Aston Villa,Leeds United,Player Goals,Leon Bailey,Aston Villa,Leeds United,0.5,3.75,Sportsbet,49,289,15192634,557277947,2659626600
Aston Villa v Leeds United,Aston Villa,Leeds United,Player Goals,Alysson Edward,NA,NA,0.5,4.33,Sportsbet,49,289,15192634,557277947,2659626589
Aston Villa v Leeds United,Aston Villa,Leeds United,Player Goals,Douglas Luiz,Nottingham Forest,Aston Villa,0.5,4.5,Sportsbet,49,289,15192634,557277947,2659626592
Aston Villa v Leeds United,Aston Villa,Leeds United,Player Goals,Jadon Sancho,Aston Villa,Leeds United,0.5,4.5,Sportsbet,49,289,15192634,557277947,2659626598
Aston Villa v Leeds United,Aston Villa,Leeds United,Player Goals,Ross Barkley,Aston Villa,Leeds United,0.5,4.5,Sportsbet,49,289,15192634,557277947,2659626607
Aston Villa v Leeds United,Aston Villa,Leeds United,Player Goals,Amadou Onana,Aston Villa,Leeds United,0.5,5,Sportsbet,49,289,15192634,557277947,2659626590
Aston Villa v Leeds United,Aston Villa,Leeds United,Player Goals,Ian Maatsen,Aston Villa,Leeds United,0.5,7.5,Sportsbet,49,289,15192634,557277947,2659626597
Aston Villa v Leeds United,Aston Villa,Leeds United,Player Goals,Matty Cash,Aston Villa,Leeds United,0.5,7,Sportsbet,49,289,15192634,557277947,2659626602
Aston Villa v Leeds United,Aston Villa,Leeds United,Player Goals,Andres Garcia,NA,NA,0.5,9,Sportsbet,49,289,15192634,557277947,2659626591
Aston Villa v Leeds United,Aston Villa,Leeds United,Player Goals,George Hemmings,Aston Villa,Leeds United,0.5,9,Sportsbet,49,289,15192634,557277947,2659626595
Aston Villa v Leeds United,Aston Villa,Leeds United,Player Goals,Lamare Bogarde,Aston Villa,Leeds United,0.5,9,Sportsbet,49,289,15192634,557277947,2659626599
Aston Villa v Leeds United,Aston Villa,Leeds United,Player Goals,Mohamed Kone,NA,NA,0.5,10,Sportsbet,49,289,15192634,557277947,2659626603
Aston Villa v Leeds United,Aston Villa,Leeds United,Player Goals,Pau Torres,Aston Villa,Leeds United,0.5,11,Sportsbet,49,289,15192634,557277947,2659626606
Aston Villa v Leeds United,Aston Villa,Leeds United,Player Goals,Ezri Konsa,Aston Villa,Leeds United,0.5,12,Sportsbet,49,289,15192634,557277947,2659626594
Aston Villa v Leeds United,Aston Villa,Leeds United,Player Goals,Lucas Digne,Aston Villa,Leeds United,0.5,12,Sportsbet,49,289,15192634,557277947,2659626601
Aston Villa v Leeds United,Aston Villa,Leeds United,Player Goals,Tyrone Mings,Aston Villa,Leeds United,0.5,12,Sportsbet,49,289,15192634,557277947,2659626609
Aston Villa v Leeds United,Aston Villa,Leeds United,Player Goals,Victor Lindelof,NA,NA,0.5,20,Sportsbet,49,289,15192634,557277947,2659626610
Aston Villa v Leeds United,Aston Villa,Leeds United,Player Goals,Dominic Calvert-Lewin,NA,NA,0.5,3.1,Sportsbet,49,289,15192634,557277947,2659626977
Aston Villa v Leeds United,Aston Villa,Leeds United,Player Goals,Joel Piroe,NA,NA,0.5,3.75,Sportsbet,49,289,15192634,557277947,2659626985
Aston Villa v Leeds United,Aston Villa,Leeds United,Player Goals,Lukas Nmecha,NA,NA,0.5,3.75,Sportsbet,49,289,15192634,557277947,2659626987
Aston Villa v Leeds United,Aston Villa,Leeds United,Player Goals,Brenden Aaronson,NA,NA,0.5,4.5,Sportsbet,49,289,15192634,557277947,2659626613
Aston Villa v Leeds United,Aston Villa,Leeds United,Player Goals,Daniel James,NA,NA,0.5,4.5,Sportsbet,49,289,15192634,557277947,2659626976
Aston Villa v Leeds United,Aston Villa,Leeds United,Player Goals,Facundo Buonanotte,Chelsea,Aston Villa,0.5,4.5,Sportsbet,49,289,15192634,557277947,2659626979
Aston Villa v Leeds United,Aston Villa,Leeds United,Player Goals,Noah Okafor,NA,NA,0.5,4.5,Sportsbet,49,289,15192634,557277947,2659626988
Aston Villa v Leeds United,Aston Villa,Leeds United,Player Goals,Wilfried Gnonto,NA,NA,0.5,4.5,Sportsbet,49,289,15192634,557277947,2659626993
Aston Villa v Leeds United,Aston Villa,Leeds United,Player Goals,Anton Stach,NA,NA,0.5,7.5,Sportsbet,49,289,15192634,557277947,2659626611
Aston Villa v Leeds United,Aston Villa,Leeds United,Player Goals,Ao Tanaka,NA,NA,0.5,8,Sportsbet,49,289,15192634,557277947,2659626612
Aston Villa v Leeds United,Aston Villa,Leeds United,Player Goals,Sean Longstaff,NA,NA,0.5,8.5,Sportsbet,49,289,15192634,557277947,2659626991
Aston Villa v Leeds United,Aston Villa,Leeds United,Player Goals,James Justin,Leicester City,Aston Villa,0.5,10,Sportsbet,49,289,15192634,557277947,2659626983
Aston Villa v Leeds United,Aston Villa,Leeds United,Player Goals,Jayden Bogle,NA,NA,0.5,10,Sportsbet,49,289,15192634,557277947,2659626984
Aston Villa v Leeds United,Aston Villa,Leeds United,Player Goals,Pascal Struijk,NA,NA,0.5,10,Sportsbet,49,289,15192634,557277947,2659626989
Aston Villa v Leeds United,Aston Villa,Leeds United,Player Goals,Joe Rodon,NA,NA,0.5,13,Sportsbet,49,289,15192634,557277947,2659626986
Aston Villa v Leeds United,Aston Villa,Leeds United,Player Goals,Jaka Bijol,NA,NA,0.5,14,Sportsbet,49,289,15192634,557277947,2659626982
Aston Villa v Leeds United,Aston Villa,Leeds United,Player Goals,Sebastiaan Bornauw,NA,NA,0.5,14,Sportsbet,49,289,15192634,557277947,2659626992
Aston Villa v Leeds United,Aston Villa,Leeds United,Player Goals,Gabriel Gudmundsson,NA,NA,0.5,15,Sportsbet,49,289,15192634,557277947,2659626980
Aston Villa v Leeds United,Aston Villa,Leeds United,Player Goals,Ilia Gruev,NA,NA,0.5,15,Sportsbet,49,289,15192634,557277947,2659626981
Aston Villa v Leeds United,Aston Villa,Leeds United,Player Goals,Ethan Ampadu,NA,NA,0.5,20,Sportsbet,49,289,15192634,557277947,2659626978
Aston Villa v Leeds United,Aston Villa,Leeds United,Player Goals,Sam Byram,NA,NA,0.5,20,Sportsbet,49,289,15192634,557277947,2659626990
Aston Villa v Leeds United,Aston Villa,Leeds United,Player Goals,Ollie Watkins,Aston Villa,Leeds United,1.5,7.5,Sportsbet,49,289,15192634,557277943,2659626749
Aston Villa v Leeds United,Aston Villa,Leeds United,Player Goals,Tammy Abraham,NA,NA,1.5,9,Sportsbet,49,289,15192634,557277943,2659626752
Aston Villa v Leeds United,Aston Villa,Leeds United,Player Goals,Morgan Rogers,Aston Villa,Leeds United,1.5,11,Sportsbet,49,289,15192634,557277943,2659626748
Aston Villa v Leeds United,Aston Villa,Leeds United,Player Goals,Harvey Elliott,Liverpool,Aston Villa,1.5,20,Sportsbet,49,289,15192634,557277943,2659626740
Aston Villa v Leeds United,Aston Villa,Leeds United,Player Goals,Harvey Elliott,Aston Villa,Leeds United,1.5,20,Sportsbet,49,289,15192634,557277943,2659626740
Aston Villa v Leeds United,Aston Villa,Leeds United,Player Goals,Leon Bailey,Aston Villa,Leeds United,1.5,20,Sportsbet,49,289,15192634,557277943,2659626744
Aston Villa v Leeds United,Aston Villa,Leeds United,Player Goals,Emiliano Buend<c3><ad>a,NA,NA,1.5,21,Sportsbet,49,289,15192634,557277943,2659626737
Aston Villa v Leeds United,Aston Villa,Leeds United,Player Goals,Alysson Edward,NA,NA,1.5,26,Sportsbet,49,289,15192634,557277943,2659626733
Aston Villa v Leeds United,Aston Villa,Leeds United,Player Goals,Jadon Sancho,Aston Villa,Leeds United,1.5,26,Sportsbet,49,289,15192634,557277943,2659626742
Aston Villa v Leeds United,Aston Villa,Leeds United,Player Goals,Ross Barkley,Aston Villa,Leeds United,1.5,26,Sportsbet,49,289,15192634,557277943,2659626751
Aston Villa v Leeds United,Aston Villa,Leeds United,Player Goals,Douglas Luiz,Nottingham Forest,Aston Villa,1.5,31,Sportsbet,49,289,15192634,557277943,2659626736
Aston Villa v Leeds United,Aston Villa,Leeds United,Player Goals,Amadou Onana,Aston Villa,Leeds United,1.5,36,Sportsbet,49,289,15192634,557277943,2659626734
Aston Villa v Leeds United,Aston Villa,Leeds United,Player Goals,Matty Cash,Aston Villa,Leeds United,1.5,76,Sportsbet,49,289,15192634,557277943,2659626746
Aston Villa v Leeds United,Aston Villa,Leeds United,Player Goals,Ian Maatsen,Aston Villa,Leeds United,1.5,101,Sportsbet,49,289,15192634,557277943,2659626741
Aston Villa v Leeds United,Aston Villa,Leeds United,Player Goals,George Hemmings,Aston Villa,Leeds United,1.5,126,Sportsbet,49,289,15192634,557277943,2659626739
Aston Villa v Leeds United,Aston Villa,Leeds United,Player Goals,Lamare Bogarde,Aston Villa,Leeds United,1.5,126,Sportsbet,49,289,15192634,557277943,2659626743
Aston Villa v Leeds United,Aston Villa,Leeds United,Player Goals,Andres Garcia,NA,NA,1.5,151,Sportsbet,49,289,15192634,557277943,2659626735
Aston Villa v Leeds United,Aston Villa,Leeds United,Player Goals,Mohamed Kone,NA,NA,1.5,151,Sportsbet,49,289,15192634,557277943,2659626747
Aston Villa v Leeds United,Aston Villa,Leeds United,Player Goals,Ezri Konsa,Aston Villa,Leeds United,1.5,201,Sportsbet,49,289,15192634,557277943,2659626738
Aston Villa v Leeds United,Aston Villa,Leeds United,Player Goals,Lucas Digne,Aston Villa,Leeds United,1.5,201,Sportsbet,49,289,15192634,557277943,2659626745
Aston Villa v Leeds United,Aston Villa,Leeds United,Player Goals,Pau Torres,Aston Villa,Leeds United,1.5,201,Sportsbet,49,289,15192634,557277943,2659626750
Aston Villa v Leeds United,Aston Villa,Leeds United,Player Goals,Tyrone Mings,Aston Villa,Leeds United,1.5,201,Sportsbet,49,289,15192634,557277943,2659626753
Aston Villa v Leeds United,Aston Villa,Leeds United,Player Goals,Victor Lindelof,NA,NA,1.5,201,Sportsbet,49,289,15192634,557277943,2659626754
Aston Villa v Leeds United,Aston Villa,Leeds United,Player Goals,Dominic Calvert-Lewin,NA,NA,1.5,13,Sportsbet,49,289,15192634,557277943,2659626759
Aston Villa v Leeds United,Aston Villa,Leeds United,Player Goals,Lukas Nmecha,NA,NA,1.5,19,Sportsbet,49,289,15192634,557277943,2659626769
Aston Villa v Leeds United,Aston Villa,Leeds United,Player Goals,Joel Piroe,NA,NA,1.5,20,Sportsbet,49,289,15192634,557277943,2659626767
Aston Villa v Leeds United,Aston Villa,Leeds United,Player Goals,Brenden Aaronson,NA,NA,1.5,26,Sportsbet,49,289,15192634,557277943,2659626757
Aston Villa v Leeds United,Aston Villa,Leeds United,Player Goals,Daniel James,NA,NA,1.5,26,Sportsbet,49,289,15192634,557277943,2659626758
Aston Villa v Leeds United,Aston Villa,Leeds United,Player Goals,Noah Okafor,NA,NA,1.5,26,Sportsbet,49,289,15192634,557277943,2659626770
Aston Villa v Leeds United,Aston Villa,Leeds United,Player Goals,Facundo Buonanotte,Chelsea,Aston Villa,1.5,31,Sportsbet,49,289,15192634,557277943,2659626761
Aston Villa v Leeds United,Aston Villa,Leeds United,Player Goals,Wilfried Gnonto,NA,NA,1.5,31,Sportsbet,49,289,15192634,557277943,2659626775
Aston Villa v Leeds United,Aston Villa,Leeds United,Player Goals,Anton Stach,NA,NA,1.5,91,Sportsbet,49,289,15192634,557277943,2659626755
Aston Villa v Leeds United,Aston Villa,Leeds United,Player Goals,Ao Tanaka,NA,NA,1.5,101,Sportsbet,49,289,15192634,557277943,2659626756
Aston Villa v Leeds United,Aston Villa,Leeds United,Player Goals,Sean Longstaff,NA,NA,1.5,101,Sportsbet,49,289,15192634,557277943,2659626773
Aston Villa v Leeds United,Aston Villa,Leeds United,Player Goals,James Justin,Leicester City,Aston Villa,1.5,176,Sportsbet,49,289,15192634,557277943,2659626765
Aston Villa v Leeds United,Aston Villa,Leeds United,Player Goals,Jayden Bogle,NA,NA,1.5,176,Sportsbet,49,289,15192634,557277943,2659626766
Aston Villa v Leeds United,Aston Villa,Leeds United,Player Goals,Ethan Ampadu,NA,NA,1.5,201,Sportsbet,49,289,15192634,557277943,2659626760
Aston Villa v Leeds United,Aston Villa,Leeds United,Player Goals,Gabriel Gudmundsson,NA,NA,1.5,201,Sportsbet,49,289,15192634,557277943,2659626762
Aston Villa v Leeds United,Aston Villa,Leeds United,Player Goals,Ilia Gruev,NA,NA,1.5,201,Sportsbet,49,289,15192634,557277943,2659626763
Aston Villa v Leeds United,Aston Villa,Leeds United,Player Goals,Jaka Bijol,NA,NA,1.5,201,Sportsbet,49,289,15192634,557277943,2659626764
Aston Villa v Leeds United,Aston Villa,Leeds United,Player Goals,Joe Rodon,NA,NA,1.5,201,Sportsbet,49,289,15192634,557277943,2659626768
Aston Villa v Leeds United,Aston Villa,Leeds United,Player Goals,Pascal Struijk,NA,NA,1.5,201,Sportsbet,49,289,15192634,557277943,2659626771
Aston Villa v Leeds United,Aston Villa,Leeds United,Player Goals,Sam Byram,NA,NA,1.5,201,Sportsbet,49,289,15192634,557277943,2659626772
Aston Villa v Leeds United,Aston Villa,Leeds United,Player Goals,Sebastiaan Bornauw,NA,NA,1.5,201,Sportsbet,49,289,15192634,557277943,2659626774
Aston Villa v Leeds United,Aston Villa,Leeds United,Player Goals,Ollie Watkins,Aston Villa,Leeds United,2.5,36,Sportsbet,49,289,15192634,557277963,2659626663
Aston Villa v Leeds United,Aston Villa,Leeds United,Player Goals,Tammy Abraham,NA,NA,2.5,56,Sportsbet,49,289,15192634,557277963,2659626666
Aston Villa v Leeds United,Aston Villa,Leeds United,Player Goals,Morgan Rogers,Aston Villa,Leeds United,2.5,81,Sportsbet,49,289,15192634,557277963,2659626662
Aston Villa v Leeds United,Aston Villa,Leeds United,Player Goals,Leon Bailey,Aston Villa,Leeds United,2.5,176,Sportsbet,49,289,15192634,557277963,2659626658
Aston Villa v Leeds United,Aston Villa,Leeds United,Player Goals,Harvey Elliott,Liverpool,Aston Villa,2.5,201,Sportsbet,49,289,15192634,557277963,2659626654
Aston Villa v Leeds United,Aston Villa,Leeds United,Player Goals,Harvey Elliott,Aston Villa,Leeds United,2.5,201,Sportsbet,49,289,15192634,557277963,2659626654
Aston Villa v Leeds United,Aston Villa,Leeds United,Player Goals,Emiliano Buend<c3><ad>a,NA,NA,2.5,226,Sportsbet,49,289,15192634,557277963,2659626651
Aston Villa v Leeds United,Aston Villa,Leeds United,Player Goals,Alysson Edward,NA,NA,2.5,251,Sportsbet,49,289,15192634,557277963,2659626647
Aston Villa v Leeds United,Aston Villa,Leeds United,Player Goals,Amadou Onana,Aston Villa,Leeds United,2.5,251,Sportsbet,49,289,15192634,557277963,2659626648
Aston Villa v Leeds United,Aston Villa,Leeds United,Player Goals,Andres Garcia,NA,NA,2.5,251,Sportsbet,49,289,15192634,557277963,2659626649
Aston Villa v Leeds United,Aston Villa,Leeds United,Player Goals,Douglas Luiz,Nottingham Forest,Aston Villa,2.5,251,Sportsbet,49,289,15192634,557277963,2659626650
Aston Villa v Leeds United,Aston Villa,Leeds United,Player Goals,Ezri Konsa,Aston Villa,Leeds United,2.5,251,Sportsbet,49,289,15192634,557277963,2659626652
Aston Villa v Leeds United,Aston Villa,Leeds United,Player Goals,George Hemmings,Aston Villa,Leeds United,2.5,251,Sportsbet,49,289,15192634,557277963,2659626653
Aston Villa v Leeds United,Aston Villa,Leeds United,Player Goals,Ian Maatsen,Aston Villa,Leeds United,2.5,251,Sportsbet,49,289,15192634,557277963,2659626655
Aston Villa v Leeds United,Aston Villa,Leeds United,Player Goals,Jadon Sancho,Aston Villa,Leeds United,2.5,251,Sportsbet,49,289,15192634,557277963,2659626656
Aston Villa v Leeds United,Aston Villa,Leeds United,Player Goals,Lamare Bogarde,Aston Villa,Leeds United,2.5,251,Sportsbet,49,289,15192634,557277963,2659626657
Aston Villa v Leeds United,Aston Villa,Leeds United,Player Goals,Lucas Digne,Aston Villa,Leeds United,2.5,251,Sportsbet,49,289,15192634,557277963,2659626659
Aston Villa v Leeds United,Aston Villa,Leeds United,Player Goals,Matty Cash,Aston Villa,Leeds United,2.5,251,Sportsbet,49,289,15192634,557277963,2659626660
Aston Villa v Leeds United,Aston Villa,Leeds United,Player Goals,Mohamed Kone,NA,NA,2.5,251,Sportsbet,49,289,15192634,557277963,2659626661
Aston Villa v Leeds United,Aston Villa,Leeds United,Player Goals,Pau Torres,Aston Villa,Leeds United,2.5,251,Sportsbet,49,289,15192634,557277963,2659626664
Aston Villa v Leeds United,Aston Villa,Leeds United,Player Goals,Ross Barkley,Aston Villa,Leeds United,2.5,251,Sportsbet,49,289,15192634,557277963,2659626665
Aston Villa v Leeds United,Aston Villa,Leeds United,Player Goals,Tyrone Mings,Aston Villa,Leeds United,2.5,251,Sportsbet,49,289,15192634,557277963,2659626667
Aston Villa v Leeds United,Aston Villa,Leeds United,Player Goals,Victor Lindelof,NA,NA,2.5,251,Sportsbet,49,289,15192634,557277963,2659626668
Aston Villa v Leeds United,Aston Villa,Leeds United,Player Goals,Dominic Calvert-Lewin,NA,NA,2.5,101,Sportsbet,49,289,15192634,557277963,2659626673
Aston Villa v Leeds United,Aston Villa,Leeds United,Player Goals,Lukas Nmecha,NA,NA,2.5,201,Sportsbet,49,289,15192634,557277963,2659626683
Aston Villa v Leeds United,Aston Villa,Leeds United,Player Goals,Joel Piroe,NA,NA,2.5,226,Sportsbet,49,289,15192634,557277963,2659626681
Aston Villa v Leeds United,Aston Villa,Leeds United,Player Goals,Anton Stach,NA,NA,2.5,251,Sportsbet,49,289,15192634,557277963,2659626669
Aston Villa v Leeds United,Aston Villa,Leeds United,Player Goals,Ao Tanaka,NA,NA,2.5,251,Sportsbet,49,289,15192634,557277963,2659626670
Aston Villa v Leeds United,Aston Villa,Leeds United,Player Goals,Brenden Aaronson,NA,NA,2.5,251,Sportsbet,49,289,15192634,557277963,2659626671
Aston Villa v Leeds United,Aston Villa,Leeds United,Player Goals,Daniel James,NA,NA,2.5,251,Sportsbet,49,289,15192634,557277963,2659626672
Aston Villa v Leeds United,Aston Villa,Leeds United,Player Goals,Ethan Ampadu,NA,NA,2.5,251,Sportsbet,49,289,15192634,557277963,2659626674
Aston Villa v Leeds United,Aston Villa,Leeds United,Player Goals,Facundo Buonanotte,Chelsea,Aston Villa,2.5,251,Sportsbet,49,289,15192634,557277963,2659626675
Aston Villa v Leeds United,Aston Villa,Leeds United,Player Goals,Gabriel Gudmundsson,NA,NA,2.5,251,Sportsbet,49,289,15192634,557277963,2659626676
Aston Villa v Leeds United,Aston Villa,Leeds United,Player Goals,Ilia Gruev,NA,NA,2.5,251,Sportsbet,49,289,15192634,557277963,2659626677
Aston Villa v Leeds United,Aston Villa,Leeds United,Player Goals,Jaka Bijol,NA,NA,2.5,251,Sportsbet,49,289,15192634,557277963,2659626678
Aston Villa v Leeds United,Aston Villa,Leeds United,Player Goals,James Justin,Leicester City,Aston Villa,2.5,251,Sportsbet,49,289,15192634,557277963,2659626679
Aston Villa v Leeds United,Aston Villa,Leeds United,Player Goals,Jayden Bogle,NA,NA,2.5,251,Sportsbet,49,289,15192634,557277963,2659626680
Aston Villa v Leeds United,Aston Villa,Leeds United,Player Goals,Joe Rodon,NA,NA,2.5,251,Sportsbet,49,289,15192634,557277963,2659626682
Aston Villa v Leeds United,Aston Villa,Leeds United,Player Goals,Noah Okafor,NA,NA,2.5,251,Sportsbet,49,289,15192634,557277963,2659626684
Aston Villa v Leeds United,Aston Villa,Leeds United,Player Goals,Pascal Struijk,NA,NA,2.5,251,Sportsbet,49,289,15192634,557277963,2659626685
Aston Villa v Leeds United,Aston Villa,Leeds United,Player Goals,Sam Byram,NA,NA,2.5,251,Sportsbet,49,289,15192634,557277963,2659626686
Aston Villa v Leeds United,Aston Villa,Leeds United,Player Goals,Sean Longstaff,NA,NA,2.5,251,Sportsbet,49,289,15192634,557277963,2659626687
Aston Villa v Leeds United,Aston Villa,Leeds United,Player Goals,Sebastiaan Bornauw,NA,NA,2.5,251,Sportsbet,49,289,15192634,557277963,2659626688
Aston Villa v Leeds United,Aston Villa,Leeds United,Player Goals,Wilfried Gnonto,NA,NA,2.5,251,Sportsbet,49,289,15192634,557277963,2659626689
Brentford v Brighton & Hove Albion,Brentford,Brighton & Hove Albion,Player Goals,Igor Thiago,Brentford,Brighton & Hove Albion,0.5,2,Sportsbet,49,289,15192639,557277991,2659627618
Brentford v Brighton & Hove Albion,Brentford,Brighton & Hove Albion,Player Goals,Kevin Schade,Brentford,Brighton & Hove Albion,0.5,2.8,Sportsbet,49,289,15192639,557277991,2659627622
Brentford v Brighton & Hove Albion,Brentford,Brighton & Hove Albion,Player Goals,Dango Ouattara,Brentford,Brighton & Hove Albion,0.5,3.3,Sportsbet,49,289,15192639,557277991,2659627616
Brentford v Brighton & Hove Albion,Brentford,Brighton & Hove Albion,Player Goals,Kaye Furo,Brentford,Brighton & Hove Albion,0.5,3.2,Sportsbet,49,289,15192639,557277991,2659627620
Brentford v Brighton & Hove Albion,Brentford,Brighton & Hove Albion,Player Goals,Keane Lewis-Potter,Brentford,Brighton & Hove Albion,0.5,3.6,Sportsbet,49,289,15192639,557277991,2659627621
Brentford v Brighton & Hove Albion,Brentford,Brighton & Hove Albion,Player Goals,Reiss Nelson,Brentford,Brighton & Hove Albion,0.5,3.75,Sportsbet,49,289,15192639,557277991,2659627629
Brentford v Brighton & Hove Albion,Brentford,Brighton & Hove Albion,Player Goals,Romelle Donovan,Brentford,Brighton & Hove Albion,0.5,3.5,Sportsbet,49,289,15192639,557277991,2659627631
Brentford v Brighton & Hove Albion,Brentford,Brighton & Hove Albion,Player Goals,Luka Bentt,NA,NA,0.5,4.5,Sportsbet,49,289,15192639,557277991,2659627624
Brentford v Brighton & Hove Albion,Brentford,Brighton & Hove Albion,Player Goals,Mathias Jensen,Brentford,Brighton & Hove Albion,0.5,5.5,Sportsbet,49,289,15192639,557277991,2659627625
Brentford v Brighton & Hove Albion,Brentford,Brighton & Hove Albion,Player Goals,Mikkel Damsgaard,Brentford,Brighton & Hove Albion,0.5,5.5,Sportsbet,49,289,15192639,557277991,2659627627
Brentford v Brighton & Hove Albion,Brentford,Brighton & Hove Albion,Player Goals,Vitaly Janelt,Brentford,Brighton & Hove Albion,0.5,8.5,Sportsbet,49,289,15192639,557277991,2659627633
Brentford v Brighton & Hove Albion,Brentford,Brighton & Hove Albion,Player Goals,Sepp van den Berg,Brentford,Brighton & Hove Albion,0.5,9.5,Sportsbet,49,289,15192639,557277991,2659627632
Brentford v Brighton & Hove Albion,Brentford,Brighton & Hove Albion,Player Goals,Yegor Yarmolyuk,Brentford,Brighton & Hove Albion,0.5,9.5,Sportsbet,49,289,15192639,557277991,2659627634
Brentford v Brighton & Hove Albion,Brentford,Brighton & Hove Albion,Player Goals,Aaron Hickey,Brentford,Brighton & Hove Albion,0.5,11,Sportsbet,49,289,15192639,557277991,2659627615
Brentford v Brighton & Hove Albion,Brentford,Brighton & Hove Albion,Player Goals,Nathan Collins,Brentford,Brighton & Hove Albion,0.5,11,Sportsbet,49,289,15192639,557277991,2659627628
Brentford v Brighton & Hove Albion,Brentford,Brighton & Hove Albion,Player Goals,Ethan Pinnock,Brentford,Brighton & Hove Albion,0.5,12,Sportsbet,49,289,15192639,557277991,2659627617
Brentford v Brighton & Hove Albion,Brentford,Brighton & Hove Albion,Player Goals,Jordan Henderson,Brentford,Brighton & Hove Albion,0.5,12,Sportsbet,49,289,15192639,557277991,2659627619
Brentford v Brighton & Hove Albion,Brentford,Brighton & Hove Albion,Player Goals,Kristoffer Ajer,Brentford,Brighton & Hove Albion,0.5,13,Sportsbet,49,289,15192639,557277991,2659627623
Brentford v Brighton & Hove Albion,Brentford,Brighton & Hove Albion,Player Goals,Rico Henry,Brentford,Brighton & Hove Albion,0.5,14,Sportsbet,49,289,15192639,557277991,2659627630
Brentford v Brighton & Hove Albion,Brentford,Brighton & Hove Albion,Player Goals,Michael Kayode,Brentford,Brighton & Hove Albion,0.5,15,Sportsbet,49,289,15192639,557277991,2659627626
Brentford v Brighton & Hove Albion,Brentford,Brighton & Hove Albion,Player Goals,Danny Welbeck,Brighton & Hove Albion,Brentford,0.5,2.88,Sportsbet,49,289,15192639,557277991,2659627637
Brentford v Brighton & Hove Albion,Brentford,Brighton & Hove Albion,Player Goals,Charalampos Kostoulas,Brighton & Hove Albion,Brentford,0.5,4,Sportsbet,49,289,15192639,557277991,2659627636
Brentford v Brighton & Hove Albion,Brentford,Brighton & Hove Albion,Player Goals,Georginio Rutter,Brighton & Hove Albion,Brentford,0.5,4.5,Sportsbet,49,289,15192639,557277991,2659627640
Brentford v Brighton & Hove Albion,Brentford,Brighton & Hove Albion,Player Goals,Diego Gomez,NA,NA,0.5,5,Sportsbet,49,289,15192639,557277991,2659627638
Brentford v Brighton & Hove Albion,Brentford,Brighton & Hove Albion,Player Goals,Harry Howell,Brighton & Hove Albion,Brentford,0.5,5.5,Sportsbet,49,289,15192639,557277991,2659627641
Brentford v Brighton & Hove Albion,Brentford,Brighton & Hove Albion,Player Goals,Kaoru Mitoma,Brighton & Hove Albion,Brentford,0.5,5,Sportsbet,49,289,15192639,557277991,2659627787
Brentford v Brighton & Hove Albion,Brentford,Brighton & Hove Albion,Player Goals,Matt O'Riley,Brighton & Hove Albion,Brentford,0.5,5,Sportsbet,49,289,15192639,557277991,2659627790
Brentford v Brighton & Hove Albion,Brentford,Brighton & Hove Albion,Player Goals,Yankuba Minteh,Brighton & Hove Albion,Brentford,0.5,5,Sportsbet,49,289,15192639,557277991,2659627795
Brentford v Brighton & Hove Albion,Brentford,Brighton & Hove Albion,Player Goals,Nehemiah Oriola,Brighton & Hove Albion,Brentford,0.5,6,Sportsbet,49,289,15192639,557277991,2659627792
Brentford v Brighton & Hove Albion,Brentford,Brighton & Hove Albion,Player Goals,Maxim De Cuyper,Brighton & Hove Albion,Brentford,0.5,7,Sportsbet,49,289,15192639,557277991,2659627791
Brentford v Brighton & Hove Albion,Brentford,Brighton & Hove Albion,Player Goals,Pascal Gross,NA,NA,0.5,7,Sportsbet,49,289,15192639,557277991,2659627794
Brentford v Brighton & Hove Albion,Brentford,Brighton & Hove Albion,Player Goals,Jack Hinshelwood,Brighton & Hove Albion,Brentford,0.5,8.5,Sportsbet,49,289,15192639,557277991,2659627643
Brentford v Brighton & Hove Albion,Brentford,Brighton & Hove Albion,Player Goals,Yasin Ayari,Brighton & Hove Albion,Brentford,0.5,8,Sportsbet,49,289,15192639,557277991,2659627796
Brentford v Brighton & Hove Albion,Brentford,Brighton & Hove Albion,Player Goals,Ferdi Kadioglu,NA,NA,0.5,10,Sportsbet,49,289,15192639,557277991,2659627639
Brentford v Brighton & Hove Albion,Brentford,Brighton & Hove Albion,Player Goals,Mats Wieffer,Brighton & Hove Albion,Brentford,0.5,11,Sportsbet,49,289,15192639,557277991,2659627789
Brentford v Brighton & Hove Albion,Brentford,Brighton & Hove Albion,Player Goals,James Milner,Brighton & Hove Albion,Brentford,0.5,12,Sportsbet,49,289,15192639,557277991,2659627784
Brentford v Brighton & Hove Albion,Brentford,Brighton & Hove Albion,Player Goals,Jan Paul van Hecke,Brighton & Hove Albion,Brentford,0.5,12,Sportsbet,49,289,15192639,557277991,2659627785
Brentford v Brighton & Hove Albion,Brentford,Brighton & Hove Albion,Player Goals,Carlos Baleba,Brighton & Hove Albion,Brentford,0.5,13,Sportsbet,49,289,15192639,557277991,2659627635
Brentford v Brighton & Hove Albion,Brentford,Brighton & Hove Albion,Player Goals,Lewis Dunk,Brighton & Hove Albion,Brentford,0.5,14,Sportsbet,49,289,15192639,557277991,2659627788
Brentford v Brighton & Hove Albion,Brentford,Brighton & Hove Albion,Player Goals,Olivier Boscagli,Brighton & Hove Albion,Brentford,0.5,15,Sportsbet,49,289,15192639,557277991,2659627793
Brentford v Brighton & Hove Albion,Brentford,Brighton & Hove Albion,Player Goals,Jo<c3><ab>l Veltman,NA,NA,0.5,21,Sportsbet,49,289,15192639,557277991,2659627786
Brentford v Brighton & Hove Albion,Brentford,Brighton & Hove Albion,Player Goals,Igor,NA,NA,0.5,23,Sportsbet,49,289,15192639,557277991,2659627642
Brentford v Brighton & Hove Albion,Brentford,Brighton & Hove Albion,Player Goals,Igor Thiago,Brentford,Brighton & Hove Albion,1.5,6,Sportsbet,49,289,15192639,557277987,2659627745
Brentford v Brighton & Hove Albion,Brentford,Brighton & Hove Albion,Player Goals,Kevin Schade,Brentford,Brighton & Hove Albion,1.5,11,Sportsbet,49,289,15192639,557277987,2659627749
Brentford v Brighton & Hove Albion,Brentford,Brighton & Hove Albion,Player Goals,Kaye Furo,Brentford,Brighton & Hove Albion,1.5,14,Sportsbet,49,289,15192639,557277987,2659627747
Brentford v Brighton & Hove Albion,Brentford,Brighton & Hove Albion,Player Goals,Dango Ouattara,Brentford,Brighton & Hove Albion,1.5,15,Sportsbet,49,289,15192639,557277987,2659627743
Brentford v Brighton & Hove Albion,Brentford,Brighton & Hove Albion,Player Goals,Romelle Donovan,Brentford,Brighton & Hove Albion,1.5,17,Sportsbet,49,289,15192639,557277987,2659627758
Brentford v Brighton & Hove Albion,Brentford,Brighton & Hove Albion,Player Goals,Keane Lewis-Potter,Brentford,Brighton & Hove Albion,1.5,18,Sportsbet,49,289,15192639,557277987,2659627748
Brentford v Brighton & Hove Albion,Brentford,Brighton & Hove Albion,Player Goals,Reiss Nelson,Brentford,Brighton & Hove Albion,1.5,21,Sportsbet,49,289,15192639,557277987,2659627756
Brentford v Brighton & Hove Albion,Brentford,Brighton & Hove Albion,Player Goals,Luka Bentt,NA,NA,1.5,26,Sportsbet,49,289,15192639,557277987,2659627751
Brentford v Brighton & Hove Albion,Brentford,Brighton & Hove Albion,Player Goals,Mathias Jensen,Brentford,Brighton & Hove Albion,1.5,41,Sportsbet,49,289,15192639,557277987,2659627752
Brentford v Brighton & Hove Albion,Brentford,Brighton & Hove Albion,Player Goals,Mikkel Damsgaard,Brentford,Brighton & Hove Albion,1.5,46,Sportsbet,49,289,15192639,557277987,2659627754
Brentford v Brighton & Hove Albion,Brentford,Brighton & Hove Albion,Player Goals,Vitaly Janelt,Brentford,Brighton & Hove Albion,1.5,126,Sportsbet,49,289,15192639,557277987,2659627760
Brentford v Brighton & Hove Albion,Brentford,Brighton & Hove Albion,Player Goals,Yegor Yarmolyuk,Brentford,Brighton & Hove Albion,1.5,151,Sportsbet,49,289,15192639,557277987,2659627761
Brentford v Brighton & Hove Albion,Brentford,Brighton & Hove Albion,Player Goals,Sepp van den Berg,Brentford,Brighton & Hove Albion,1.5,176,Sportsbet,49,289,15192639,557277987,2659627759
Brentford v Brighton & Hove Albion,Brentford,Brighton & Hove Albion,Player Goals,Aaron Hickey,Brentford,Brighton & Hove Albion,1.5,201,Sportsbet,49,289,15192639,557277987,2659627742
Brentford v Brighton & Hove Albion,Brentford,Brighton & Hove Albion,Player Goals,Ethan Pinnock,Brentford,Brighton & Hove Albion,1.5,201,Sportsbet,49,289,15192639,557277987,2659627744
Brentford v Brighton & Hove Albion,Brentford,Brighton & Hove Albion,Player Goals,Jordan Henderson,Brentford,Brighton & Hove Albion,1.5,201,Sportsbet,49,289,15192639,557277987,2659627746
Brentford v Brighton & Hove Albion,Brentford,Brighton & Hove Albion,Player Goals,Kristoffer Ajer,Brentford,Brighton & Hove Albion,1.5,201,Sportsbet,49,289,15192639,557277987,2659627750
Brentford v Brighton & Hove Albion,Brentford,Brighton & Hove Albion,Player Goals,Michael Kayode,Brentford,Brighton & Hove Albion,1.5,201,Sportsbet,49,289,15192639,557277987,2659627753
Brentford v Brighton & Hove Albion,Brentford,Brighton & Hove Albion,Player Goals,Nathan Collins,Brentford,Brighton & Hove Albion,1.5,201,Sportsbet,49,289,15192639,557277987,2659627755
Brentford v Brighton & Hove Albion,Brentford,Brighton & Hove Albion,Player Goals,Rico Henry,Brentford,Brighton & Hove Albion,1.5,201,Sportsbet,49,289,15192639,557277987,2659627757
Brentford v Brighton & Hove Albion,Brentford,Brighton & Hove Albion,Player Goals,Danny Welbeck,Brighton & Hove Albion,Brentford,1.5,12,Sportsbet,49,289,15192639,557277987,2659627764
Brentford v Brighton & Hove Albion,Brentford,Brighton & Hove Albion,Player Goals,Charalampos Kostoulas,Brighton & Hove Albion,Brentford,1.5,23,Sportsbet,49,289,15192639,557277987,2659627763
Brentford v Brighton & Hove Albion,Brentford,Brighton & Hove Albion,Player Goals,Georginio Rutter,Brighton & Hove Albion,Brentford,1.5,31,Sportsbet,49,289,15192639,557277987,2659627767
Brentford v Brighton & Hove Albion,Brentford,Brighton & Hove Albion,Player Goals,Kaoru Mitoma,Brighton & Hove Albion,Brentford,1.5,36,Sportsbet,49,289,15192639,557277987,2659627774
Brentford v Brighton & Hove Albion,Brentford,Brighton & Hove Albion,Player Goals,Matt O'Riley,Brighton & Hove Albion,Brentford,1.5,36,Sportsbet,49,289,15192639,557277987,2659627777
Brentford v Brighton & Hove Albion,Brentford,Brighton & Hove Albion,Player Goals,Diego Gomez,NA,NA,1.5,41,Sportsbet,49,289,15192639,557277987,2659627765
Brentford v Brighton & Hove Albion,Brentford,Brighton & Hove Albion,Player Goals,Harry Howell,Brighton & Hove Albion,Brentford,1.5,41,Sportsbet,49,289,15192639,557277987,2659627768
Brentford v Brighton & Hove Albion,Brentford,Brighton & Hove Albion,Player Goals,Yankuba Minteh,Brighton & Hove Albion,Brentford,1.5,41,Sportsbet,49,289,15192639,557277987,2659627782
Brentford v Brighton & Hove Albion,Brentford,Brighton & Hove Albion,Player Goals,Nehemiah Oriola,Brighton & Hove Albion,Brentford,1.5,51,Sportsbet,49,289,15192639,557277987,2659627779
Brentford v Brighton & Hove Albion,Brentford,Brighton & Hove Albion,Player Goals,Maxim De Cuyper,Brighton & Hove Albion,Brentford,1.5,71,Sportsbet,49,289,15192639,557277987,2659627778
Brentford v Brighton & Hove Albion,Brentford,Brighton & Hove Albion,Player Goals,Pascal Gross,NA,NA,1.5,81,Sportsbet,49,289,15192639,557277987,2659627781
Brentford v Brighton & Hove Albion,Brentford,Brighton & Hove Albion,Player Goals,Yasin Ayari,Brighton & Hove Albion,Brentford,1.5,91,Sportsbet,49,289,15192639,557277987,2659627783
Brentford v Brighton & Hove Albion,Brentford,Brighton & Hove Albion,Player Goals,Jack Hinshelwood,Brighton & Hove Albion,Brentford,1.5,101,Sportsbet,49,289,15192639,557277987,2659627770
Brentford v Brighton & Hove Albion,Brentford,Brighton & Hove Albion,Player Goals,Carlos Baleba,Brighton & Hove Albion,Brentford,1.5,201,Sportsbet,49,289,15192639,557277987,2659627762
Brentford v Brighton & Hove Albion,Brentford,Brighton & Hove Albion,Player Goals,Ferdi Kadioglu,NA,NA,1.5,201,Sportsbet,49,289,15192639,557277987,2659627766
Brentford v Brighton & Hove Albion,Brentford,Brighton & Hove Albion,Player Goals,Igor,NA,NA,1.5,201,Sportsbet,49,289,15192639,557277987,2659627769
Brentford v Brighton & Hove Albion,Brentford,Brighton & Hove Albion,Player Goals,James Milner,Brighton & Hove Albion,Brentford,1.5,201,Sportsbet,49,289,15192639,557277987,2659627771
Brentford v Brighton & Hove Albion,Brentford,Brighton & Hove Albion,Player Goals,Jan Paul van Hecke,Brighton & Hove Albion,Brentford,1.5,201,Sportsbet,49,289,15192639,557277987,2659627772
Brentford v Brighton & Hove Albion,Brentford,Brighton & Hove Albion,Player Goals,Jo<c3><ab>l Veltman,NA,NA,1.5,201,Sportsbet,49,289,15192639,557277987,2659627773
Brentford v Brighton & Hove Albion,Brentford,Brighton & Hove Albion,Player Goals,Lewis Dunk,Brighton & Hove Albion,Brentford,1.5,201,Sportsbet,49,289,15192639,557277987,2659627775
Brentford v Brighton & Hove Albion,Brentford,Brighton & Hove Albion,Player Goals,Mats Wieffer,Brighton & Hove Albion,Brentford,1.5,201,Sportsbet,49,289,15192639,557277987,2659627776
Brentford v Brighton & Hove Albion,Brentford,Brighton & Hove Albion,Player Goals,Olivier Boscagli,Brighton & Hove Albion,Brentford,1.5,201,Sportsbet,49,289,15192639,557277987,2659627780
Brentford v Brighton & Hove Albion,Brentford,Brighton & Hove Albion,Player Goals,Igor Thiago,Brentford,Brighton & Hove Albion,2.5,26,Sportsbet,49,289,15192639,557278007,2659627661
Brentford v Brighton & Hove Albion,Brentford,Brighton & Hove Albion,Player Goals,Kevin Schade,Brentford,Brighton & Hove Albion,2.5,81,Sportsbet,49,289,15192639,557278007,2659627665
Brentford v Brighton & Hove Albion,Brentford,Brighton & Hove Albion,Player Goals,Dango Ouattara,Brentford,Brighton & Hove Albion,2.5,126,Sportsbet,49,289,15192639,557278007,2659627659
Brentford v Brighton & Hove Albion,Brentford,Brighton & Hove Albion,Player Goals,Kaye Furo,Brentford,Brighton & Hove Albion,2.5,126,Sportsbet,49,289,15192639,557278007,2659627663
Brentford v Brighton & Hove Albion,Brentford,Brighton & Hove Albion,Player Goals,Romelle Donovan,Brentford,Brighton & Hove Albion,2.5,176,Sportsbet,49,289,15192639,557278007,2659627674
Brentford v Brighton & Hove Albion,Brentford,Brighton & Hove Albion,Player Goals,Keane Lewis-Potter,Brentford,Brighton & Hove Albion,2.5,201,Sportsbet,49,289,15192639,557278007,2659627664
Brentford v Brighton & Hove Albion,Brentford,Brighton & Hove Albion,Player Goals,Aaron Hickey,Brentford,Brighton & Hove Albion,2.5,251,Sportsbet,49,289,15192639,557278007,2659627658
Brentford v Brighton & Hove Albion,Brentford,Brighton & Hove Albion,Player Goals,Ethan Pinnock,Brentford,Brighton & Hove Albion,2.5,251,Sportsbet,49,289,15192639,557278007,2659627660
Brentford v Brighton & Hove Albion,Brentford,Brighton & Hove Albion,Player Goals,Jordan Henderson,Brentford,Brighton & Hove Albion,2.5,251,Sportsbet,49,289,15192639,557278007,2659627662
Brentford v Brighton & Hove Albion,Brentford,Brighton & Hove Albion,Player Goals,Kristoffer Ajer,Brentford,Brighton & Hove Albion,2.5,251,Sportsbet,49,289,15192639,557278007,2659627666
Brentford v Brighton & Hove Albion,Brentford,Brighton & Hove Albion,Player Goals,Luka Bentt,NA,NA,2.5,251,Sportsbet,49,289,15192639,557278007,2659627667
Brentford v Brighton & Hove Albion,Brentford,Brighton & Hove Albion,Player Goals,Mathias Jensen,Brentford,Brighton & Hove Albion,2.5,251,Sportsbet,49,289,15192639,557278007,2659627668
Brentford v Brighton & Hove Albion,Brentford,Brighton & Hove Albion,Player Goals,Michael Kayode,Brentford,Brighton & Hove Albion,2.5,251,Sportsbet,49,289,15192639,557278007,2659627669
Brentford v Brighton & Hove Albion,Brentford,Brighton & Hove Albion,Player Goals,Mikkel Damsgaard,Brentford,Brighton & Hove Albion,2.5,251,Sportsbet,49,289,15192639,557278007,2659627670
Brentford v Brighton & Hove Albion,Brentford,Brighton & Hove Albion,Player Goals,Nathan Collins,Brentford,Brighton & Hove Albion,2.5,251,Sportsbet,49,289,15192639,557278007,2659627671
Brentford v Brighton & Hove Albion,Brentford,Brighton & Hove Albion,Player Goals,Reiss Nelson,Brentford,Brighton & Hove Albion,2.5,251,Sportsbet,49,289,15192639,557278007,2659627672
Brentford v Brighton & Hove Albion,Brentford,Brighton & Hove Albion,Player Goals,Rico Henry,Brentford,Brighton & Hove Albion,2.5,251,Sportsbet,49,289,15192639,557278007,2659627673
Brentford v Brighton & Hove Albion,Brentford,Brighton & Hove Albion,Player Goals,Sepp van den Berg,Brentford,Brighton & Hove Albion,2.5,251,Sportsbet,49,289,15192639,557278007,2659627675
Brentford v Brighton & Hove Albion,Brentford,Brighton & Hove Albion,Player Goals,Vitaly Janelt,Brentford,Brighton & Hove Albion,2.5,251,Sportsbet,49,289,15192639,557278007,2659627676
Brentford v Brighton & Hove Albion,Brentford,Brighton & Hove Albion,Player Goals,Yegor Yarmolyuk,Brentford,Brighton & Hove Albion,2.5,251,Sportsbet,49,289,15192639,557278007,2659627677
Brentford v Brighton & Hove Albion,Brentford,Brighton & Hove Albion,Player Goals,Danny Welbeck,Brighton & Hove Albion,Brentford,2.5,101,Sportsbet,49,289,15192639,557278007,2659627680
Brentford v Brighton & Hove Albion,Brentford,Brighton & Hove Albion,Player Goals,Carlos Baleba,Brighton & Hove Albion,Brentford,2.5,251,Sportsbet,49,289,15192639,557278007,2659627678
Brentford v Brighton & Hove Albion,Brentford,Brighton & Hove Albion,Player Goals,Charalampos Kostoulas,Brighton & Hove Albion,Brentford,2.5,251,Sportsbet,49,289,15192639,557278007,2659627679
Brentford v Brighton & Hove Albion,Brentford,Brighton & Hove Albion,Player Goals,Diego Gomez,NA,NA,2.5,251,Sportsbet,49,289,15192639,557278007,2659627681
Brentford v Brighton & Hove Albion,Brentford,Brighton & Hove Albion,Player Goals,Ferdi Kadioglu,NA,NA,2.5,251,Sportsbet,49,289,15192639,557278007,2659627682
Brentford v Brighton & Hove Albion,Brentford,Brighton & Hove Albion,Player Goals,Georginio Rutter,Brighton & Hove Albion,Brentford,2.5,251,Sportsbet,49,289,15192639,557278007,2659627683
Brentford v Brighton & Hove Albion,Brentford,Brighton & Hove Albion,Player Goals,Harry Howell,Brighton & Hove Albion,Brentford,2.5,251,Sportsbet,49,289,15192639,557278007,2659627684
Brentford v Brighton & Hove Albion,Brentford,Brighton & Hove Albion,Player Goals,Igor,NA,NA,2.5,251,Sportsbet,49,289,15192639,557278007,2659627685
Brentford v Brighton & Hove Albion,Brentford,Brighton & Hove Albion,Player Goals,Jack Hinshelwood,Brighton & Hove Albion,Brentford,2.5,251,Sportsbet,49,289,15192639,557278007,2659627686
Brentford v Brighton & Hove Albion,Brentford,Brighton & Hove Albion,Player Goals,James Milner,Brighton & Hove Albion,Brentford,2.5,251,Sportsbet,49,289,15192639,557278007,2659627687
Brentford v Brighton & Hove Albion,Brentford,Brighton & Hove Albion,Player Goals,Jan Paul van Hecke,Brighton & Hove Albion,Brentford,2.5,251,Sportsbet,49,289,15192639,557278007,2659627688
Brentford v Brighton & Hove Albion,Brentford,Brighton & Hove Albion,Player Goals,Jo<c3><ab>l Veltman,NA,NA,2.5,251,Sportsbet,49,289,15192639,557278007,2659627689
Brentford v Brighton & Hove Albion,Brentford,Brighton & Hove Albion,Player Goals,Kaoru Mitoma,Brighton & Hove Albion,Brentford,2.5,251,Sportsbet,49,289,15192639,557278007,2659627690
Brentford v Brighton & Hove Albion,Brentford,Brighton & Hove Albion,Player Goals,Lewis Dunk,Brighton & Hove Albion,Brentford,2.5,251,Sportsbet,49,289,15192639,557278007,2659627691
Brentford v Brighton & Hove Albion,Brentford,Brighton & Hove Albion,Player Goals,Mats Wieffer,Brighton & Hove Albion,Brentford,2.5,251,Sportsbet,49,289,15192639,557278007,2659627692
Brentford v Brighton & Hove Albion,Brentford,Brighton & Hove Albion,Player Goals,Matt O'Riley,Brighton & Hove Albion,Brentford,2.5,251,Sportsbet,49,289,15192639,557278007,2659627693
Brentford v Brighton & Hove Albion,Brentford,Brighton & Hove Albion,Player Goals,Maxim De Cuyper,Brighton & Hove Albion,Brentford,2.5,251,Sportsbet,49,289,15192639,557278007,2659627694
Brentford v Brighton & Hove Albion,Brentford,Brighton & Hove Albion,Player Goals,Nehemiah Oriola,Brighton & Hove Albion,Brentford,2.5,251,Sportsbet,49,289,15192639,557278007,2659627695
Brentford v Brighton & Hove Albion,Brentford,Brighton & Hove Albion,Player Goals,Olivier Boscagli,Brighton & Hove Albion,Brentford,2.5,251,Sportsbet,49,289,15192639,557278007,2659627696
Brentford v Brighton & Hove Albion,Brentford,Brighton & Hove Albion,Player Goals,Pascal Gross,NA,NA,2.5,251,Sportsbet,49,289,15192639,557278007,2659627697
Brentford v Brighton & Hove Albion,Brentford,Brighton & Hove Albion,Player Goals,Yankuba Minteh,Brighton & Hove Albion,Brentford,2.5,251,Sportsbet,49,289,15192639,557278007,2659627698
Brentford v Brighton & Hove Albion,Brentford,Brighton & Hove Albion,Player Goals,Yasin Ayari,Brighton & Hove Albion,Brentford,2.5,251,Sportsbet,49,289,15192639,557278007,2659627699
Chelsea v Burnley,Chelsea,Burnley,Player Goals,Cole Palmer,Chelsea,Burnley,0.5,1.91,Sportsbet,49,289,15192644,557278015,2659628362
Chelsea v Burnley,Chelsea,Burnley,Player Goals,Liam Delap,Chelsea,Burnley,0.5,1.91,Sportsbet,49,289,15192644,557278015,2659628368
Chelsea v Burnley,Chelsea,Burnley,Player Goals,Enzo Fern<c3><a1>ndez,NA,NA,0.5,2.88,Sportsbet,49,289,15192644,557278015,2659628363
Chelsea v Burnley,Chelsea,Burnley,Player Goals,Estevao,NA,NA,0.5,2.25,Sportsbet,49,289,15192644,557278015,2659628364
Chelsea v Burnley,Chelsea,Burnley,Player Goals,Jo<c3><a3>o Pedro,NA,NA,0.5,2,Sportsbet,49,289,15192644,557278015,2659628365
Chelsea v Burnley,Chelsea,Burnley,Player Goals,Marc Guiu,Chelsea,Burnley,0.5,2,Sportsbet,49,289,15192644,557278015,2659628372
Chelsea v Burnley,Chelsea,Burnley,Player Goals,Alejandro Garnacho,Chelsea,Burnley,0.5,3,Sportsbet,49,289,15192644,557278015,2659628359
Chelsea v Burnley,Chelsea,Burnley,Player Goals,Andrey Santos,Chelsea,Burnley,0.5,3.75,Sportsbet,49,289,15192644,557278015,2659628360
Chelsea v Burnley,Chelsea,Burnley,Player Goals,Pedro Neto,Chelsea,Burnley,0.5,3,Sportsbet,49,289,15192644,557278015,2659628374
Chelsea v Burnley,Chelsea,Burnley,Player Goals,Marc Cucurella,Chelsea,Burnley,0.5,5.5,Sportsbet,49,289,15192644,557278015,2659628371
Chelsea v Burnley,Chelsea,Burnley,Player Goals,Reece James,Chelsea,Burnley,0.5,5,Sportsbet,49,289,15192644,557278015,2659628375
Chelsea v Burnley,Chelsea,Burnley,Player Goals,Mois<c3><a9>s Caicedo,NA,NA,0.5,6.5,Sportsbet,49,289,15192644,557278015,2659628373
Chelsea v Burnley,Chelsea,Burnley,Player Goals,Rom<c3><a9>o Lavia,NA,NA,0.5,6,Sportsbet,49,289,15192644,557278015,2659628376
Chelsea v Burnley,Chelsea,Burnley,Player Goals,Trevoh Chalobah,Chelsea,Burnley,0.5,6.5,Sportsbet,49,289,15192644,557278015,2659628378
Chelsea v Burnley,Chelsea,Burnley,Player Goals,Malo Gusto,Chelsea,Burnley,0.5,7.5,Sportsbet,49,289,15192644,557278015,2659628369
Chelsea v Burnley,Chelsea,Burnley,Player Goals,Mamadou Sarr,NA,NA,0.5,7.5,Sportsbet,49,289,15192644,557278015,2659628370
Chelsea v Burnley,Chelsea,Burnley,Player Goals,Jorrel Hato,Chelsea,Burnley,0.5,8.5,Sportsbet,49,289,15192644,557278015,2659628366
Chelsea v Burnley,Chelsea,Burnley,Player Goals,Josh Acheampong,Chelsea,Burnley,0.5,8.5,Sportsbet,49,289,15192644,557278015,2659628367
Chelsea v Burnley,Chelsea,Burnley,Player Goals,Tosin Adarabioyo,Chelsea,Burnley,0.5,8.5,Sportsbet,49,289,15192644,557278015,2659628377
Chelsea v Burnley,Chelsea,Burnley,Player Goals,Beno<c3><ae>t Badiashile,NA,NA,0.5,9.5,Sportsbet,49,289,15192644,557278015,2659628361
Chelsea v Burnley,Chelsea,Burnley,Player Goals,Wesley Fofana,Chelsea,Burnley,0.5,11,Sportsbet,49,289,15192644,557278015,2659628379
Chelsea v Burnley,Chelsea,Burnley,Player Goals,Lyle Foster,NA,NA,0.5,4.5,Sportsbet,49,289,15192644,557278015,2659628596
Chelsea v Burnley,Chelsea,Burnley,Player Goals,Zian Flemming,NA,NA,0.5,4.5,Sportsbet,49,289,15192644,557278015,2659628600
Chelsea v Burnley,Chelsea,Burnley,Player Goals,Armando Broja,NA,NA,0.5,5,Sportsbet,49,289,15192644,557278015,2659628380
Chelsea v Burnley,Chelsea,Burnley,Player Goals,Ashley Barnes,NA,NA,0.5,5,Sportsbet,49,289,15192644,557278015,2659628381
Chelsea v Burnley,Chelsea,Burnley,Player Goals,Jaidon Anthony,NA,NA,0.5,5.5,Sportsbet,49,289,15192644,557278015,2659628588
Chelsea v Burnley,Chelsea,Burnley,Player Goals,Jacob Bruun Larsen,NA,NA,0.5,6.5,Sportsbet,49,289,15192644,557278015,2659628387
Chelsea v Burnley,Chelsea,Burnley,Player Goals,Marcus Edwards,NA,NA,0.5,6.5,Sportsbet,49,289,15192644,557278015,2659628597
Chelsea v Burnley,Chelsea,Burnley,Player Goals,Loum Tchaouna,NA,NA,0.5,7,Sportsbet,49,289,15192644,557278015,2659628594
Chelsea v Burnley,Chelsea,Burnley,Player Goals,Enock Agyei,NA,NA,0.5,9,Sportsbet,49,289,15192644,557278015,2659628383
Chelsea v Burnley,Chelsea,Burnley,Player Goals,Lesley Ugochukwu,NA,NA,0.5,9,Sportsbet,49,289,15192644,557278015,2659628593
Chelsea v Burnley,Chelsea,Burnley,Player Goals,Hannibal Mejbri,NA,NA,0.5,10,Sportsbet,49,289,15192644,557278015,2659628385
Chelsea v Burnley,Chelsea,Burnley,Player Goals,James Ward-Prowse,West Ham United,Chelsea,0.5,10,Sportsbet,49,289,15192644,557278015,2659628589
Chelsea v Burnley,Chelsea,Burnley,Player Goals,Josh Laurent,NA,NA,0.5,14,Sportsbet,49,289,15192644,557278015,2659628591
Chelsea v Burnley,Chelsea,Burnley,Player Goals,Lucas Pires,NA,NA,0.5,18,Sportsbet,49,289,15192644,557278015,2659628595
Chelsea v Burnley,Chelsea,Burnley,Player Goals,Florentino,NA,NA,0.5,19,Sportsbet,49,289,15192644,557278015,2659628384
Chelsea v Burnley,Chelsea,Burnley,Player Goals,Quilindschy Hartman,NA,NA,0.5,19,Sportsbet,49,289,15192644,557278015,2659628599
Chelsea v Burnley,Chelsea,Burnley,Player Goals,Hjalmar Ekdal,NA,NA,0.5,21,Sportsbet,49,289,15192644,557278015,2659628386
Chelsea v Burnley,Chelsea,Burnley,Player Goals,Maxime Esteve,NA,NA,0.5,21,Sportsbet,49,289,15192644,557278015,2659628598
Chelsea v Burnley,Chelsea,Burnley,Player Goals,Bashir Humphreys,NA,NA,0.5,23,Sportsbet,49,289,15192644,557278015,2659628382
Chelsea v Burnley,Chelsea,Burnley,Player Goals,Kyle Walker,NA,NA,0.5,23,Sportsbet,49,289,15192644,557278015,2659628592
Chelsea v Burnley,Chelsea,Burnley,Player Goals,Joe Worrall,NA,NA,0.5,31,Sportsbet,49,289,15192644,557278015,2659628590
Chelsea v Burnley,Chelsea,Burnley,Player Goals,Cole Palmer,Chelsea,Burnley,1.5,5.5,Sportsbet,49,289,15192644,557278011,2659628889
Chelsea v Burnley,Chelsea,Burnley,Player Goals,Jo<c3><a3>o Pedro,NA,NA,1.5,5.5,Sportsbet,49,289,15192644,557278011,2659628892
Chelsea v Burnley,Chelsea,Burnley,Player Goals,Liam Delap,Chelsea,Burnley,1.5,5.5,Sportsbet,49,289,15192644,557278011,2659628895
Chelsea v Burnley,Chelsea,Burnley,Player Goals,Marc Guiu,Chelsea,Burnley,1.5,6,Sportsbet,49,289,15192644,557278011,2659628899
Chelsea v Burnley,Chelsea,Burnley,Player Goals,Estevao,NA,NA,1.5,7.5,Sportsbet,49,289,15192644,557278011,2659628891
Chelsea v Burnley,Chelsea,Burnley,Player Goals,Enzo Fern<c3><a1>ndez,NA,NA,1.5,11,Sportsbet,49,289,15192644,557278011,2659628890
Chelsea v Burnley,Chelsea,Burnley,Player Goals,Pedro Neto,Chelsea,Burnley,1.5,12,Sportsbet,49,289,15192644,557278011,2659628901
Chelsea v Burnley,Chelsea,Burnley,Player Goals,Alejandro Garnacho,Chelsea,Burnley,1.5,13,Sportsbet,49,289,15192644,557278011,2659628886
Chelsea v Burnley,Chelsea,Burnley,Player Goals,Andrey Santos,Chelsea,Burnley,1.5,19,Sportsbet,49,289,15192644,557278011,2659628887
Chelsea v Burnley,Chelsea,Burnley,Player Goals,Reece James,Chelsea,Burnley,1.5,36,Sportsbet,49,289,15192644,557278011,2659628902
Chelsea v Burnley,Chelsea,Burnley,Player Goals,Marc Cucurella,Chelsea,Burnley,1.5,41,Sportsbet,49,289,15192644,557278011,2659628898
Chelsea v Burnley,Chelsea,Burnley,Player Goals,Rom<c3><a9>o Lavia,NA,NA,1.5,51,Sportsbet,49,289,15192644,557278011,2659628903
Chelsea v Burnley,Chelsea,Burnley,Player Goals,Trevoh Chalobah,Chelsea,Burnley,1.5,56,Sportsbet,49,289,15192644,557278011,2659628905
Chelsea v Burnley,Chelsea,Burnley,Player Goals,Mois<c3><a9>s Caicedo,NA,NA,1.5,67,Sportsbet,49,289,15192644,557278011,2659628900
Chelsea v Burnley,Chelsea,Burnley,Player Goals,Malo Gusto,Chelsea,Burnley,1.5,91,Sportsbet,49,289,15192644,557278011,2659628896
Chelsea v Burnley,Chelsea,Burnley,Player Goals,Mamadou Sarr,NA,NA,1.5,91,Sportsbet,49,289,15192644,557278011,2659628897
Chelsea v Burnley,Chelsea,Burnley,Player Goals,Jorrel Hato,Chelsea,Burnley,1.5,101,Sportsbet,49,289,15192644,557278011,2659628893
Chelsea v Burnley,Chelsea,Burnley,Player Goals,Josh Acheampong,Chelsea,Burnley,1.5,101,Sportsbet,49,289,15192644,557278011,2659628894
Chelsea v Burnley,Chelsea,Burnley,Player Goals,Tosin Adarabioyo,Chelsea,Burnley,1.5,101,Sportsbet,49,289,15192644,557278011,2659628904
Chelsea v Burnley,Chelsea,Burnley,Player Goals,Beno<c3><ae>t Badiashile,NA,NA,1.5,151,Sportsbet,49,289,15192644,557278011,2659628888
Chelsea v Burnley,Chelsea,Burnley,Player Goals,Wesley Fofana,Chelsea,Burnley,1.5,201,Sportsbet,49,289,15192644,557278011,2659628906
Chelsea v Burnley,Chelsea,Burnley,Player Goals,Zian Flemming,NA,NA,1.5,26,Sportsbet,49,289,15192644,557278011,2659628927
Chelsea v Burnley,Chelsea,Burnley,Player Goals,Lyle Foster,NA,NA,1.5,31,Sportsbet,49,289,15192644,557278011,2659628923
Chelsea v Burnley,Chelsea,Burnley,Player Goals,Armando Broja,NA,NA,1.5,36,Sportsbet,49,289,15192644,557278011,2659628907
Chelsea v Burnley,Chelsea,Burnley,Player Goals,Ashley Barnes,NA,NA,1.5,36,Sportsbet,49,289,15192644,557278011,2659628908
Chelsea v Burnley,Chelsea,Burnley,Player Goals,Jaidon Anthony,NA,NA,1.5,46,Sportsbet,49,289,15192644,557278011,2659628915
Chelsea v Burnley,Chelsea,Burnley,Player Goals,Jacob Bruun Larsen,NA,NA,1.5,61,Sportsbet,49,289,15192644,557278011,2659628914
Chelsea v Burnley,Chelsea,Burnley,Player Goals,Marcus Edwards,NA,NA,1.5,61,Sportsbet,49,289,15192644,557278011,2659628924
Chelsea v Burnley,Chelsea,Burnley,Player Goals,Loum Tchaouna,NA,NA,1.5,71,Sportsbet,49,289,15192644,557278011,2659628921
Chelsea v Burnley,Chelsea,Burnley,Player Goals,Enock Agyei,NA,NA,1.5,126,Sportsbet,49,289,15192644,557278011,2659628910
Chelsea v Burnley,Chelsea,Burnley,Player Goals,Lesley Ugochukwu,NA,NA,1.5,126,Sportsbet,49,289,15192644,557278011,2659628920
Chelsea v Burnley,Chelsea,Burnley,Player Goals,Hannibal Mejbri,NA,NA,1.5,151,Sportsbet,49,289,15192644,557278011,2659628912
Chelsea v Burnley,Chelsea,Burnley,Player Goals,James Ward-Prowse,West Ham United,Chelsea,1.5,151,Sportsbet,49,289,15192644,557278011,2659628916
Chelsea v Burnley,Chelsea,Burnley,Player Goals,Bashir Humphreys,NA,NA,1.5,201,Sportsbet,49,289,15192644,557278011,2659628909
Chelsea v Burnley,Chelsea,Burnley,Player Goals,Florentino,NA,NA,1.5,201,Sportsbet,49,289,15192644,557278011,2659628911
Chelsea v Burnley,Chelsea,Burnley,Player Goals,Hjalmar Ekdal,NA,NA,1.5,201,Sportsbet,49,289,15192644,557278011,2659628913
Chelsea v Burnley,Chelsea,Burnley,Player Goals,Joe Worrall,NA,NA,1.5,201,Sportsbet,49,289,15192644,557278011,2659628917
Chelsea v Burnley,Chelsea,Burnley,Player Goals,Josh Laurent,NA,NA,1.5,201,Sportsbet,49,289,15192644,557278011,2659628918
Chelsea v Burnley,Chelsea,Burnley,Player Goals,Kyle Walker,NA,NA,1.5,201,Sportsbet,49,289,15192644,557278011,2659628919
Chelsea v Burnley,Chelsea,Burnley,Player Goals,Lucas Pires,NA,NA,1.5,201,Sportsbet,49,289,15192644,557278011,2659628922
Chelsea v Burnley,Chelsea,Burnley,Player Goals,Maxime Esteve,NA,NA,1.5,201,Sportsbet,49,289,15192644,557278011,2659628925
Chelsea v Burnley,Chelsea,Burnley,Player Goals,Quilindschy Hartman,NA,NA,1.5,201,Sportsbet,49,289,15192644,557278011,2659628926
Chelsea v Burnley,Chelsea,Burnley,Player Goals,Cole Palmer,Chelsea,Burnley,2.5,21,Sportsbet,49,289,15192644,557278031,2659628805
Chelsea v Burnley,Chelsea,Burnley,Player Goals,Jo<c3><a3>o Pedro,NA,NA,2.5,23,Sportsbet,49,289,15192644,557278031,2659628808
Chelsea v Burnley,Chelsea,Burnley,Player Goals,Liam Delap,Chelsea,Burnley,2.5,23,Sportsbet,49,289,15192644,557278031,2659628811
Chelsea v Burnley,Chelsea,Burnley,Player Goals,Marc Guiu,Chelsea,Burnley,2.5,26,Sportsbet,49,289,15192644,557278031,2659628815
Chelsea v Burnley,Chelsea,Burnley,Player Goals,Estevao,NA,NA,2.5,36,Sportsbet,49,289,15192644,557278031,2659628807
Chelsea v Burnley,Chelsea,Burnley,Player Goals,Enzo Fern<c3><a1>ndez,NA,NA,2.5,81,Sportsbet,49,289,15192644,557278031,2659628806
Chelsea v Burnley,Chelsea,Burnley,Player Goals,Alejandro Garnacho,Chelsea,Burnley,2.5,91,Sportsbet,49,289,15192644,557278031,2659628802
Chelsea v Burnley,Chelsea,Burnley,Player Goals,Pedro Neto,Chelsea,Burnley,2.5,101,Sportsbet,49,289,15192644,557278031,2659628817
Chelsea v Burnley,Chelsea,Burnley,Player Goals,Andrey Santos,Chelsea,Burnley,2.5,176,Sportsbet,49,289,15192644,557278031,2659628803
Chelsea v Burnley,Chelsea,Burnley,Player Goals,Beno<c3><ae>t Badiashile,NA,NA,2.5,251,Sportsbet,49,289,15192644,557278031,2659628804
Chelsea v Burnley,Chelsea,Burnley,Player Goals,Jorrel Hato,Chelsea,Burnley,2.5,251,Sportsbet,49,289,15192644,557278031,2659628809
Chelsea v Burnley,Chelsea,Burnley,Player Goals,Josh Acheampong,Chelsea,Burnley,2.5,251,Sportsbet,49,289,15192644,557278031,2659628810
Chelsea v Burnley,Chelsea,Burnley,Player Goals,Malo Gusto,Chelsea,Burnley,2.5,251,Sportsbet,49,289,15192644,557278031,2659628812
Chelsea v Burnley,Chelsea,Burnley,Player Goals,Mamadou Sarr,NA,NA,2.5,251,Sportsbet,49,289,15192644,557278031,2659628813
Chelsea v Burnley,Chelsea,Burnley,Player Goals,Marc Cucurella,Chelsea,Burnley,2.5,251,Sportsbet,49,289,15192644,557278031,2659628814
Chelsea v Burnley,Chelsea,Burnley,Player Goals,Mois<c3><a9>s Caicedo,NA,NA,2.5,251,Sportsbet,49,289,15192644,557278031,2659628816
Chelsea v Burnley,Chelsea,Burnley,Player Goals,Reece James,Chelsea,Burnley,2.5,251,Sportsbet,49,289,15192644,557278031,2659628818
Chelsea v Burnley,Chelsea,Burnley,Player Goals,Rom<c3><a9>o Lavia,NA,NA,2.5,251,Sportsbet,49,289,15192644,557278031,2659628819
Chelsea v Burnley,Chelsea,Burnley,Player Goals,Tosin Adarabioyo,Chelsea,Burnley,2.5,251,Sportsbet,49,289,15192644,557278031,2659628820
Chelsea v Burnley,Chelsea,Burnley,Player Goals,Trevoh Chalobah,Chelsea,Burnley,2.5,251,Sportsbet,49,289,15192644,557278031,2659628821
Chelsea v Burnley,Chelsea,Burnley,Player Goals,Wesley Fofana,Chelsea,Burnley,2.5,251,Sportsbet,49,289,15192644,557278031,2659628822
Chelsea v Burnley,Chelsea,Burnley,Player Goals,Armando Broja,NA,NA,2.5,251,Sportsbet,49,289,15192644,557278031,2659628823
Chelsea v Burnley,Chelsea,Burnley,Player Goals,Ashley Barnes,NA,NA,2.5,251,Sportsbet,49,289,15192644,557278031,2659628824
Chelsea v Burnley,Chelsea,Burnley,Player Goals,Bashir Humphreys,NA,NA,2.5,251,Sportsbet,49,289,15192644,557278031,2659628825
Chelsea v Burnley,Chelsea,Burnley,Player Goals,Enock Agyei,NA,NA,2.5,251,Sportsbet,49,289,15192644,557278031,2659628826
Chelsea v Burnley,Chelsea,Burnley,Player Goals,Florentino,NA,NA,2.5,251,Sportsbet,49,289,15192644,557278031,2659628827
Chelsea v Burnley,Chelsea,Burnley,Player Goals,Hannibal Mejbri,NA,NA,2.5,251,Sportsbet,49,289,15192644,557278031,2659628828
Chelsea v Burnley,Chelsea,Burnley,Player Goals,Hjalmar Ekdal,NA,NA,2.5,251,Sportsbet,49,289,15192644,557278031,2659628829
Chelsea v Burnley,Chelsea,Burnley,Player Goals,Jacob Bruun Larsen,NA,NA,2.5,251,Sportsbet,49,289,15192644,557278031,2659628830
Chelsea v Burnley,Chelsea,Burnley,Player Goals,Jaidon Anthony,NA,NA,2.5,251,Sportsbet,49,289,15192644,557278031,2659628831
Chelsea v Burnley,Chelsea,Burnley,Player Goals,James Ward-Prowse,West Ham United,Chelsea,2.5,251,Sportsbet,49,289,15192644,557278031,2659628832
Chelsea v Burnley,Chelsea,Burnley,Player Goals,Joe Worrall,NA,NA,2.5,251,Sportsbet,49,289,15192644,557278031,2659628833
Chelsea v Burnley,Chelsea,Burnley,Player Goals,Josh Laurent,NA,NA,2.5,251,Sportsbet,49,289,15192644,557278031,2659628834
Chelsea v Burnley,Chelsea,Burnley,Player Goals,Kyle Walker,NA,NA,2.5,251,Sportsbet,49,289,15192644,557278031,2659628835
Chelsea v Burnley,Chelsea,Burnley,Player Goals,Lesley Ugochukwu,NA,NA,2.5,251,Sportsbet,49,289,15192644,557278031,2659628836
Chelsea v Burnley,Chelsea,Burnley,Player Goals,Loum Tchaouna,NA,NA,2.5,251,Sportsbet,49,289,15192644,557278031,2659628837
Chelsea v Burnley,Chelsea,Burnley,Player Goals,Lucas Pires,NA,NA,2.5,251,Sportsbet,49,289,15192644,557278031,2659628838
Chelsea v Burnley,Chelsea,Burnley,Player Goals,Lyle Foster,NA,NA,2.5,251,Sportsbet,49,289,15192644,557278031,2659628839
Chelsea v Burnley,Chelsea,Burnley,Player Goals,Marcus Edwards,NA,NA,2.5,251,Sportsbet,49,289,15192644,557278031,2659628840
Chelsea v Burnley,Chelsea,Burnley,Player Goals,Maxime Esteve,NA,NA,2.5,251,Sportsbet,49,289,15192644,557278031,2659628841
Chelsea v Burnley,Chelsea,Burnley,Player Goals,Quilindschy Hartman,NA,NA,2.5,251,Sportsbet,49,289,15192644,557278031,2659628842
Chelsea v Burnley,Chelsea,Burnley,Player Goals,Zian Flemming,NA,NA,2.5,251,Sportsbet,49,289,15192644,557278031,2659628843
West Ham United v Bournemouth,West Ham United,Bournemouth,Player Goals,Callum Wilson,West Ham United,Bournemouth,0.5,2.75,Sportsbet,49,289,15192643,557278037,2659629299
West Ham United v Bournemouth,West Ham United,Bournemouth,Player Goals,Jarrod Bowen,West Ham United,Bournemouth,0.5,2.7,Sportsbet,49,289,15192643,557278037,2659629303
West Ham United v Bournemouth,West Ham United,Bournemouth,Player Goals,Valentin Castellanos,NA,NA,0.5,2.7,Sportsbet,49,289,15192643,557278037,2659629314
West Ham United v Bournemouth,West Ham United,Bournemouth,Player Goals,Crysencio Summerville,West Ham United,Bournemouth,0.5,3.5,Sportsbet,49,289,15192643,557278037,2659629300
West Ham United v Bournemouth,West Ham United,Bournemouth,Player Goals,Pablo,West Ham United,Bournemouth,0.5,3.6,Sportsbet,49,289,15192643,557278037,2659629312
West Ham United v Bournemouth,West Ham United,Bournemouth,Player Goals,Adama Traor<c3><a9>,NA,NA,0.5,4.33,Sportsbet,49,289,15192643,557278037,2659629297
West Ham United v Bournemouth,West Ham United,Bournemouth,Player Goals,Tomas Soucek,NA,NA,0.5,4.5,Sportsbet,49,289,15192643,557278037,2659629315
West Ham United v Bournemouth,West Ham United,Bournemouth,Player Goals,Lewis Orford,West Ham United,Bournemouth,0.5,5.5,Sportsbet,49,289,15192643,557278037,2659629307
West Ham United v Bournemouth,West Ham United,Bournemouth,Player Goals,Mateus Fernandes,West Ham United,Bournemouth,0.5,6,Sportsbet,49,289,15192643,557278037,2659629308
West Ham United v Bournemouth,West Ham United,Bournemouth,Player Goals,Mateus Fernandes,Southampton,West Ham United,0.5,6,Sportsbet,49,289,15192643,557278037,2659629308
West Ham United v Bournemouth,West Ham United,Bournemouth,Player Goals,Konstantinos Mavropanos,West Ham United,Bournemouth,0.5,8.5,Sportsbet,49,289,15192643,557278037,2659629305
West Ham United v Bournemouth,West Ham United,Bournemouth,Player Goals,Ollie Scarles,NA,NA,0.5,8.5,Sportsbet,49,289,15192643,557278037,2659629311
West Ham United v Bournemouth,West Ham United,Bournemouth,Player Goals,Mohamadou Kante,NA,NA,0.5,9,Sportsbet,49,289,15192643,557278037,2659629310
West Ham United v Bournemouth,West Ham United,Bournemouth,Player Goals,El Hadji Malick Diouf,West Ham United,Bournemouth,0.5,10,Sportsbet,49,289,15192643,557278037,2659629301
West Ham United v Bournemouth,West Ham United,Bournemouth,Player Goals,Aaron Wan-Bissaka,West Ham United,Bournemouth,0.5,11,Sportsbet,49,289,15192643,557278037,2659629296
West Ham United v Bournemouth,West Ham United,Bournemouth,Player Goals,Axel Disasi,Chelsea,West Ham United,0.5,11,Sportsbet,49,289,15192643,557278037,2659629298
West Ham United v Bournemouth,West Ham United,Bournemouth,Player Goals,Kyle Walker-Peters,West Ham United,Bournemouth,0.5,12,Sportsbet,49,289,15192643,557278037,2659629306
West Ham United v Bournemouth,West Ham United,Bournemouth,Player Goals,Soungoutou Magassa,West Ham United,Bournemouth,0.5,12,Sportsbet,49,289,15192643,557278037,2659629313
West Ham United v Bournemouth,West Ham United,Bournemouth,Player Goals,Ezra Mayers,West Ham United,Bournemouth,0.5,15,Sportsbet,49,289,15192643,557278037,2659629302
West Ham United v Bournemouth,West Ham United,Bournemouth,Player Goals,Max Kilman,NA,NA,0.5,15,Sportsbet,49,289,15192643,557278037,2659629309
West Ham United v Bournemouth,West Ham United,Bournemouth,Player Goals,Jean-Clair Todibo,West Ham United,Bournemouth,0.5,21,Sportsbet,49,289,15192643,557278037,2659629304
West Ham United v Bournemouth,West Ham United,Bournemouth,Player Goals,Evanilson,Bournemouth,West Ham United,0.5,2.7,Sportsbet,49,289,15192643,557278037,2659629326
West Ham United v Bournemouth,West Ham United,Bournemouth,Player Goals,Junior Kroupi,NA,NA,0.5,2.4,Sportsbet,49,289,15192643,557278037,2659629324
West Ham United v Bournemouth,West Ham United,Bournemouth,Player Goals,Rayan,NA,NA,0.5,2.88,Sportsbet,49,289,15192643,557278037,2659629331
West Ham United v Bournemouth,West Ham United,Bournemouth,Player Goals,David Brooks,Bournemouth,West Ham United,0.5,3.75,Sportsbet,49,289,15192643,557278037,2659629323
West Ham United v Bournemouth,West Ham United,Bournemouth,Player Goals,Enes Unal,NA,NA,0.5,3.1,Sportsbet,49,289,15192643,557278037,2659629325
West Ham United v Bournemouth,West Ham United,Bournemouth,Player Goals,Marcus Tavernier,Bournemouth,West Ham United,0.5,3.75,Sportsbet,49,289,15192643,557278037,2659629330
West Ham United v Bournemouth,West Ham United,Bournemouth,Player Goals,Remy Rees-Dottin,Bournemouth,West Ham United,0.5,3.75,Sportsbet,49,289,15192643,557278037,2659629332
West Ham United v Bournemouth,West Ham United,Bournemouth,Player Goals,Amine Adli,Bournemouth,West Ham United,0.5,4.5,Sportsbet,49,289,15192643,557278037,2659629321
West Ham United v Bournemouth,West Ham United,Bournemouth,Player Goals,Alex Toth,NA,NA,0.5,5.5,Sportsbet,49,289,15192643,557278037,2659629320
West Ham United v Bournemouth,West Ham United,Bournemouth,Player Goals,Ryan Christie,Bournemouth,West Ham United,0.5,5.5,Sportsbet,49,289,15192643,557278037,2659629533
West Ham United v Bournemouth,West Ham United,Bournemouth,Player Goals,Alex Scott,Bournemouth,West Ham United,0.5,6.5,Sportsbet,49,289,15192643,557278037,2659629319
West Ham United v Bournemouth,West Ham United,Bournemouth,Player Goals,Alex Jimenez,NA,NA,0.5,12,Sportsbet,49,289,15192643,557278037,2659629318
West Ham United v Bournemouth,West Ham United,Bournemouth,Player Goals,Tyler Adams,Bournemouth,West Ham United,0.5,12,Sportsbet,49,289,15192643,557278037,2659629534
West Ham United v Bournemouth,West Ham United,Bournemouth,Player Goals,Veljko Milosavljevic,Bournemouth,West Ham United,0.5,13,Sportsbet,49,289,15192643,557278037,2659629535
West Ham United v Bournemouth,West Ham United,Bournemouth,Player Goals,Adrien Truffert,Bournemouth,West Ham United,0.5,14,Sportsbet,49,289,15192643,557278037,2659629317
West Ham United v Bournemouth,West Ham United,Bournemouth,Player Goals,Bafode Diakite,NA,NA,0.5,14,Sportsbet,49,289,15192643,557278037,2659629322
West Ham United v Bournemouth,West Ham United,Bournemouth,Player Goals,James Hill,Bournemouth,West Ham United,0.5,14,Sportsbet,49,289,15192643,557278037,2659629327
West Ham United v Bournemouth,West Ham United,Bournemouth,Player Goals,Lewis Cook,Bournemouth,West Ham United,0.5,14,Sportsbet,49,289,15192643,557278037,2659629328
West Ham United v Bournemouth,West Ham United,Bournemouth,Player Goals,Marcos Senesi,Bournemouth,West Ham United,0.5,15,Sportsbet,49,289,15192643,557278037,2659629329
West Ham United v Bournemouth,West Ham United,Bournemouth,Player Goals,Adam Smith,Bournemouth,West Ham United,0.5,21,Sportsbet,49,289,15192643,557278037,2659629316
West Ham United v Bournemouth,West Ham United,Bournemouth,Player Goals,Callum Wilson,West Ham United,Bournemouth,1.5,10,Sportsbet,49,289,15192643,557278055,2659629992
West Ham United v Bournemouth,West Ham United,Bournemouth,Player Goals,Jarrod Bowen,West Ham United,Bournemouth,1.5,10,Sportsbet,49,289,15192643,557278055,2659629996
West Ham United v Bournemouth,West Ham United,Bournemouth,Player Goals,Valentin Castellanos,NA,NA,1.5,10,Sportsbet,49,289,15192643,557278055,2659630007
West Ham United v Bournemouth,West Ham United,Bournemouth,Player Goals,Crysencio Summerville,West Ham United,Bournemouth,1.5,18,Sportsbet,49,289,15192643,557278055,2659629993
West Ham United v Bournemouth,West Ham United,Bournemouth,Player Goals,Pablo,West Ham United,Bournemouth,1.5,18,Sportsbet,49,289,15192643,557278055,2659630005
West Ham United v Bournemouth,West Ham United,Bournemouth,Player Goals,Adama Traor<c3><a9>,NA,NA,1.5,26,Sportsbet,49,289,15192643,557278055,2659629990
West Ham United v Bournemouth,West Ham United,Bournemouth,Player Goals,Tomas Soucek,NA,NA,1.5,34,Sportsbet,49,289,15192643,557278055,2659630008
West Ham United v Bournemouth,West Ham United,Bournemouth,Player Goals,Lewis Orford,West Ham United,Bournemouth,1.5,46,Sportsbet,49,289,15192643,557278055,2659630000
West Ham United v Bournemouth,West Ham United,Bournemouth,Player Goals,Mateus Fernandes,West Ham United,Bournemouth,1.5,56,Sportsbet,49,289,15192643,557278055,2659630001
West Ham United v Bournemouth,West Ham United,Bournemouth,Player Goals,Mateus Fernandes,Southampton,West Ham United,1.5,56,Sportsbet,49,289,15192643,557278055,2659630001
West Ham United v Bournemouth,West Ham United,Bournemouth,Player Goals,Konstantinos Mavropanos,West Ham United,Bournemouth,1.5,101,Sportsbet,49,289,15192643,557278055,2659629998
West Ham United v Bournemouth,West Ham United,Bournemouth,Player Goals,Mohamadou Kante,NA,NA,1.5,126,Sportsbet,49,289,15192643,557278055,2659630003
West Ham United v Bournemouth,West Ham United,Bournemouth,Player Goals,Ollie Scarles,NA,NA,1.5,126,Sportsbet,49,289,15192643,557278055,2659630004
West Ham United v Bournemouth,West Ham United,Bournemouth,Player Goals,Aaron Wan-Bissaka,West Ham United,Bournemouth,1.5,201,Sportsbet,49,289,15192643,557278055,2659629989
West Ham United v Bournemouth,West Ham United,Bournemouth,Player Goals,Axel Disasi,Chelsea,West Ham United,1.5,201,Sportsbet,49,289,15192643,557278055,2659629991
West Ham United v Bournemouth,West Ham United,Bournemouth,Player Goals,El Hadji Malick Diouf,West Ham United,Bournemouth,1.5,201,Sportsbet,49,289,15192643,557278055,2659629994
West Ham United v Bournemouth,West Ham United,Bournemouth,Player Goals,Ezra Mayers,West Ham United,Bournemouth,1.5,201,Sportsbet,49,289,15192643,557278055,2659629995
West Ham United v Bournemouth,West Ham United,Bournemouth,Player Goals,Jean-Clair Todibo,West Ham United,Bournemouth,1.5,201,Sportsbet,49,289,15192643,557278055,2659629997
West Ham United v Bournemouth,West Ham United,Bournemouth,Player Goals,Kyle Walker-Peters,West Ham United,Bournemouth,1.5,201,Sportsbet,49,289,15192643,557278055,2659629999
West Ham United v Bournemouth,West Ham United,Bournemouth,Player Goals,Max Kilman,NA,NA,1.5,201,Sportsbet,49,289,15192643,557278055,2659630002
West Ham United v Bournemouth,West Ham United,Bournemouth,Player Goals,Soungoutou Magassa,West Ham United,Bournemouth,1.5,201,Sportsbet,49,289,15192643,557278055,2659630006
West Ham United v Bournemouth,West Ham United,Bournemouth,Player Goals,Junior Kroupi,NA,NA,1.5,8.5,Sportsbet,49,289,15192643,557278055,2659630017
West Ham United v Bournemouth,West Ham United,Bournemouth,Player Goals,Evanilson,Bournemouth,West Ham United,1.5,10,Sportsbet,49,289,15192643,557278055,2659630019
West Ham United v Bournemouth,West Ham United,Bournemouth,Player Goals,Rayan,NA,NA,1.5,11,Sportsbet,49,289,15192643,557278055,2659630024
West Ham United v Bournemouth,West Ham United,Bournemouth,Player Goals,Enes Unal,NA,NA,1.5,13,Sportsbet,49,289,15192643,557278055,2659630018
West Ham United v Bournemouth,West Ham United,Bournemouth,Player Goals,David Brooks,Bournemouth,West Ham United,1.5,20,Sportsbet,49,289,15192643,557278055,2659630016
West Ham United v Bournemouth,West Ham United,Bournemouth,Player Goals,Marcus Tavernier,Bournemouth,West Ham United,1.5,21,Sportsbet,49,289,15192643,557278055,2659630023
West Ham United v Bournemouth,West Ham United,Bournemouth,Player Goals,Remy Rees-Dottin,Bournemouth,West Ham United,1.5,21,Sportsbet,49,289,15192643,557278055,2659630025
West Ham United v Bournemouth,West Ham United,Bournemouth,Player Goals,Amine Adli,Bournemouth,West Ham United,1.5,26,Sportsbet,49,289,15192643,557278055,2659630014
West Ham United v Bournemouth,West Ham United,Bournemouth,Player Goals,Alex Toth,NA,NA,1.5,46,Sportsbet,49,289,15192643,557278055,2659630013
West Ham United v Bournemouth,West Ham United,Bournemouth,Player Goals,Ryan Christie,Bournemouth,West Ham United,1.5,51,Sportsbet,49,289,15192643,557278055,2659630026
West Ham United v Bournemouth,West Ham United,Bournemouth,Player Goals,Alex Scott,Bournemouth,West Ham United,1.5,67,Sportsbet,49,289,15192643,557278055,2659630012
West Ham United v Bournemouth,West Ham United,Bournemouth,Player Goals,Adam Smith,Bournemouth,West Ham United,1.5,201,Sportsbet,49,289,15192643,557278055,2659630009
West Ham United v Bournemouth,West Ham United,Bournemouth,Player Goals,Adrien Truffert,Bournemouth,West Ham United,1.5,201,Sportsbet,49,289,15192643,557278055,2659630010
West Ham United v Bournemouth,West Ham United,Bournemouth,Player Goals,Alex Jimenez,NA,NA,1.5,201,Sportsbet,49,289,15192643,557278055,2659630011
West Ham United v Bournemouth,West Ham United,Bournemouth,Player Goals,Bafode Diakite,NA,NA,1.5,201,Sportsbet,49,289,15192643,557278055,2659630015
West Ham United v Bournemouth,West Ham United,Bournemouth,Player Goals,James Hill,Bournemouth,West Ham United,1.5,201,Sportsbet,49,289,15192643,557278055,2659630020
West Ham United v Bournemouth,West Ham United,Bournemouth,Player Goals,Lewis Cook,Bournemouth,West Ham United,1.5,201,Sportsbet,49,289,15192643,557278055,2659630021
West Ham United v Bournemouth,West Ham United,Bournemouth,Player Goals,Marcos Senesi,Bournemouth,West Ham United,1.5,201,Sportsbet,49,289,15192643,557278055,2659630022
West Ham United v Bournemouth,West Ham United,Bournemouth,Player Goals,Tyler Adams,Bournemouth,West Ham United,1.5,201,Sportsbet,49,289,15192643,557278055,2659630027
West Ham United v Bournemouth,West Ham United,Bournemouth,Player Goals,Veljko Milosavljevic,Bournemouth,West Ham United,1.5,201,Sportsbet,49,289,15192643,557278055,2659630028
West Ham United v Bournemouth,West Ham United,Bournemouth,Player Goals,Jarrod Bowen,West Ham United,Bournemouth,2.5,61,Sportsbet,49,289,15192643,557278053,2659629516
West Ham United v Bournemouth,West Ham United,Bournemouth,Player Goals,Callum Wilson,West Ham United,Bournemouth,2.5,67,Sportsbet,49,289,15192643,557278053,2659629512
West Ham United v Bournemouth,West Ham United,Bournemouth,Player Goals,Valentin Castellanos,NA,NA,2.5,67,Sportsbet,49,289,15192643,557278053,2659629527
West Ham United v Bournemouth,West Ham United,Bournemouth,Player Goals,Crysencio Summerville,West Ham United,Bournemouth,2.5,151,Sportsbet,49,289,15192643,557278053,2659629513
West Ham United v Bournemouth,West Ham United,Bournemouth,Player Goals,Pablo,West Ham United,Bournemouth,2.5,201,Sportsbet,49,289,15192643,557278053,2659629525
West Ham United v Bournemouth,West Ham United,Bournemouth,Player Goals,Aaron Wan-Bissaka,West Ham United,Bournemouth,2.5,251,Sportsbet,49,289,15192643,557278053,2659629509
West Ham United v Bournemouth,West Ham United,Bournemouth,Player Goals,Adama Traor<c3><a9>,NA,NA,2.5,251,Sportsbet,49,289,15192643,557278053,2659629510
West Ham United v Bournemouth,West Ham United,Bournemouth,Player Goals,Axel Disasi,Chelsea,West Ham United,2.5,251,Sportsbet,49,289,15192643,557278053,2659629511
West Ham United v Bournemouth,West Ham United,Bournemouth,Player Goals,El Hadji Malick Diouf,West Ham United,Bournemouth,2.5,251,Sportsbet,49,289,15192643,557278053,2659629514
West Ham United v Bournemouth,West Ham United,Bournemouth,Player Goals,Ezra Mayers,West Ham United,Bournemouth,2.5,251,Sportsbet,49,289,15192643,557278053,2659629515
West Ham United v Bournemouth,West Ham United,Bournemouth,Player Goals,Jean-Clair Todibo,West Ham United,Bournemouth,2.5,251,Sportsbet,49,289,15192643,557278053,2659629517
West Ham United v Bournemouth,West Ham United,Bournemouth,Player Goals,Konstantinos Mavropanos,West Ham United,Bournemouth,2.5,251,Sportsbet,49,289,15192643,557278053,2659629518
West Ham United v Bournemouth,West Ham United,Bournemouth,Player Goals,Kyle Walker-Peters,West Ham United,Bournemouth,2.5,251,Sportsbet,49,289,15192643,557278053,2659629519
West Ham United v Bournemouth,West Ham United,Bournemouth,Player Goals,Lewis Orford,West Ham United,Bournemouth,2.5,251,Sportsbet,49,289,15192643,557278053,2659629520
West Ham United v Bournemouth,West Ham United,Bournemouth,Player Goals,Mateus Fernandes,West Ham United,Bournemouth,2.5,251,Sportsbet,49,289,15192643,557278053,2659629521
West Ham United v Bournemouth,West Ham United,Bournemouth,Player Goals,Mateus Fernandes,Southampton,West Ham United,2.5,251,Sportsbet,49,289,15192643,557278053,2659629521
West Ham United v Bournemouth,West Ham United,Bournemouth,Player Goals,Max Kilman,NA,NA,2.5,251,Sportsbet,49,289,15192643,557278053,2659629522
West Ham United v Bournemouth,West Ham United,Bournemouth,Player Goals,Mohamadou Kante,NA,NA,2.5,251,Sportsbet,49,289,15192643,557278053,2659629523
West Ham United v Bournemouth,West Ham United,Bournemouth,Player Goals,Ollie Scarles,NA,NA,2.5,251,Sportsbet,49,289,15192643,557278053,2659629524
West Ham United v Bournemouth,West Ham United,Bournemouth,Player Goals,Soungoutou Magassa,West Ham United,Bournemouth,2.5,251,Sportsbet,49,289,15192643,557278053,2659629526
West Ham United v Bournemouth,West Ham United,Bournemouth,Player Goals,Tomas Soucek,NA,NA,2.5,251,Sportsbet,49,289,15192643,557278053,2659629528
West Ham United v Bournemouth,West Ham United,Bournemouth,Player Goals,Junior Kroupi,NA,NA,2.5,46,Sportsbet,49,289,15192643,557278053,2659629937
West Ham United v Bournemouth,West Ham United,Bournemouth,Player Goals,Evanilson,Bournemouth,West Ham United,2.5,71,Sportsbet,49,289,15192643,557278053,2659629939
West Ham United v Bournemouth,West Ham United,Bournemouth,Player Goals,Rayan,NA,NA,2.5,81,Sportsbet,49,289,15192643,557278053,2659629944
West Ham United v Bournemouth,West Ham United,Bournemouth,Player Goals,Enes Unal,NA,NA,2.5,101,Sportsbet,49,289,15192643,557278053,2659629938
West Ham United v Bournemouth,West Ham United,Bournemouth,Player Goals,David Brooks,Bournemouth,West Ham United,2.5,201,Sportsbet,49,289,15192643,557278053,2659629936
West Ham United v Bournemouth,West Ham United,Bournemouth,Player Goals,Marcus Tavernier,Bournemouth,West Ham United,2.5,201,Sportsbet,49,289,15192643,557278053,2659629943
West Ham United v Bournemouth,West Ham United,Bournemouth,Player Goals,Remy Rees-Dottin,Bournemouth,West Ham United,2.5,226,Sportsbet,49,289,15192643,557278053,2659629945
West Ham United v Bournemouth,West Ham United,Bournemouth,Player Goals,Adam Smith,Bournemouth,West Ham United,2.5,251,Sportsbet,49,289,15192643,557278053,2659629529
West Ham United v Bournemouth,West Ham United,Bournemouth,Player Goals,Adrien Truffert,Bournemouth,West Ham United,2.5,251,Sportsbet,49,289,15192643,557278053,2659629530
West Ham United v Bournemouth,West Ham United,Bournemouth,Player Goals,Alex Jimenez,NA,NA,2.5,251,Sportsbet,49,289,15192643,557278053,2659629531
West Ham United v Bournemouth,West Ham United,Bournemouth,Player Goals,Alex Scott,Bournemouth,West Ham United,2.5,251,Sportsbet,49,289,15192643,557278053,2659629532
West Ham United v Bournemouth,West Ham United,Bournemouth,Player Goals,Alex Toth,NA,NA,2.5,251,Sportsbet,49,289,15192643,557278053,2659629933
West Ham United v Bournemouth,West Ham United,Bournemouth,Player Goals,Amine Adli,Bournemouth,West Ham United,2.5,251,Sportsbet,49,289,15192643,557278053,2659629934
West Ham United v Bournemouth,West Ham United,Bournemouth,Player Goals,Bafode Diakite,NA,NA,2.5,251,Sportsbet,49,289,15192643,557278053,2659629935
West Ham United v Bournemouth,West Ham United,Bournemouth,Player Goals,James Hill,Bournemouth,West Ham United,2.5,251,Sportsbet,49,289,15192643,557278053,2659629940
West Ham United v Bournemouth,West Ham United,Bournemouth,Player Goals,Lewis Cook,Bournemouth,West Ham United,2.5,251,Sportsbet,49,289,15192643,557278053,2659629941
West Ham United v Bournemouth,West Ham United,Bournemouth,Player Goals,Marcos Senesi,Bournemouth,West Ham United,2.5,251,Sportsbet,49,289,15192643,557278053,2659629942
West Ham United v Bournemouth,West Ham United,Bournemouth,Player Goals,Ryan Christie,Bournemouth,West Ham United,2.5,251,Sportsbet,49,289,15192643,557278053,2659629946
West Ham United v Bournemouth,West Ham United,Bournemouth,Player Goals,Tyler Adams,Bournemouth,West Ham United,2.5,251,Sportsbet,49,289,15192643,557278053,2659629947
West Ham United v Bournemouth,West Ham United,Bournemouth,Player Goals,Veljko Milosavljevic,Bournemouth,West Ham United,2.5,251,Sportsbet,49,289,15192643,557278053,2659629948
Manchester City v Newcastle United,Manchester City,Newcastle United,Player Goals,Erling Haaland,Manchester City,Newcastle United,0.5,1.57,Sportsbet,49,289,15192642,557282394,2659645997
Manchester City v Newcastle United,Manchester City,Newcastle United,Player Goals,Omar Marmoush,Manchester City,Newcastle United,0.5,1.91,Sportsbet,49,289,15192642,557282394,2659646006
Manchester City v Newcastle United,Manchester City,Newcastle United,Player Goals,Antoine Semenyo,Manchester City,Newcastle United,0.5,2.5,Sportsbet,49,289,15192642,557282394,2659645995
Manchester City v Newcastle United,Manchester City,Newcastle United,Player Goals,Antoine Semenyo,Bournemouth,Manchester City,0.5,2.5,Sportsbet,49,289,15192642,557282394,2659645995
Manchester City v Newcastle United,Manchester City,Newcastle United,Player Goals,Phil Foden,Manchester City,Newcastle United,0.5,2.88,Sportsbet,49,289,15192642,557282394,2659646007
Manchester City v Newcastle United,Manchester City,Newcastle United,Player Goals,Rayan Cherki,Manchester City,Newcastle United,0.5,2.75,Sportsbet,49,289,15192642,557282394,2659646009
Manchester City v Newcastle United,Manchester City,Newcastle United,Player Goals,J<c3><a9>r<c3><a9>my Doku,NA,NA,0.5,3.6,Sportsbet,49,289,15192642,557282394,2659645998
Manchester City v Newcastle United,Manchester City,Newcastle United,Player Goals,Savinho,Manchester City,Newcastle United,0.5,3.6,Sportsbet,49,289,15192642,557282394,2659646214
Manchester City v Newcastle United,Manchester City,Newcastle United,Player Goals,Tijjani Reijnders,Manchester City,Newcastle United,0.5,3.4,Sportsbet,49,289,15192642,557282394,2659646216
Manchester City v Newcastle United,Manchester City,Newcastle United,Player Goals,Rodri,Manchester City,Newcastle United,0.5,5.5,Sportsbet,49,289,15192642,557282394,2659646211
Manchester City v Newcastle United,Manchester City,Newcastle United,Player Goals,Ryan McAidoo,Manchester City,Newcastle United,0.5,5,Sportsbet,49,289,15192642,557282394,2659646213
Manchester City v Newcastle United,Manchester City,Newcastle United,Player Goals,Bernardo Silva,Manchester City,Newcastle United,0.5,6,Sportsbet,49,289,15192642,557282394,2659645996
Manchester City v Newcastle United,Manchester City,Newcastle United,Player Goals,Marc Gu<c3><a9>hi,NA,NA,0.5,6,Sportsbet,49,289,15192642,557282394,2659646000
Manchester City v Newcastle United,Manchester City,Newcastle United,Player Goals,Nico Gonzalez,NA,NA,0.5,6,Sportsbet,49,289,15192642,557282394,2659646004
Manchester City v Newcastle United,Manchester City,Newcastle United,Player Goals,Nico O'Reilly,Manchester City,Newcastle United,0.5,6.5,Sportsbet,49,289,15192642,557282394,2659646005
Manchester City v Newcastle United,Manchester City,Newcastle United,Player Goals,Rayan A<c3><af>t-Nouri,NA,NA,0.5,6.5,Sportsbet,49,289,15192642,557282394,2659646008
Manchester City v Newcastle United,Manchester City,Newcastle United,Player Goals,Matheus Nunes,Manchester City,Newcastle United,0.5,8,Sportsbet,49,289,15192642,557282394,2659646001
Manchester City v Newcastle United,Manchester City,Newcastle United,Player Goals,Rico Lewis,Manchester City,Newcastle United,0.5,8.5,Sportsbet,49,289,15192642,557282394,2659646010
Manchester City v Newcastle United,Manchester City,Newcastle United,Player Goals,John Stones,Manchester City,Newcastle United,0.5,9,Sportsbet,49,289,15192642,557282394,2659645999
Manchester City v Newcastle United,Manchester City,Newcastle United,Player Goals,Stephen Mfuni,Manchester City,Newcastle United,0.5,10,Sportsbet,49,289,15192642,557282394,2659646215
Manchester City v Newcastle United,Manchester City,Newcastle United,Player Goals,Abdukodir Khusanov,Manchester City,Newcastle United,0.5,11,Sportsbet,49,289,15192642,557282394,2659645994
Manchester City v Newcastle United,Manchester City,Newcastle United,Player Goals,Nathan Ak<c3><a9>,NA,NA,0.5,11,Sportsbet,49,289,15192642,557282394,2659646003
Manchester City v Newcastle United,Manchester City,Newcastle United,Player Goals,R<c3><ba>ben Dias,NA,NA,0.5,13,Sportsbet,49,289,15192642,557282394,2659646212
Manchester City v Newcastle United,Manchester City,Newcastle United,Player Goals,Max Alleyne,Manchester City,Newcastle United,0.5,14,Sportsbet,49,289,15192642,557282394,2659646002
Manchester City v Newcastle United,Manchester City,Newcastle United,Player Goals,Anthony Gordon,Newcastle United,Manchester City,0.5,3.75,Sportsbet,49,289,15192642,557282394,2659646219
Manchester City v Newcastle United,Manchester City,Newcastle United,Player Goals,Nick Woltemade,Newcastle United,Manchester City,0.5,3.6,Sportsbet,49,289,15192642,557282394,2659646232
Manchester City v Newcastle United,Manchester City,Newcastle United,Player Goals,Yoane Wissa,Newcastle United,Manchester City,0.5,3.6,Sportsbet,49,289,15192642,557282394,2659646238
Manchester City v Newcastle United,Manchester City,Newcastle United,Player Goals,Harvey Barnes,Newcastle United,Manchester City,0.5,4.33,Sportsbet,49,289,15192642,557282394,2659646222
Manchester City v Newcastle United,Manchester City,Newcastle United,Player Goals,Sean Neave,Newcastle United,Manchester City,0.5,4.5,Sportsbet,49,289,15192642,557282394,2659646235
Manchester City v Newcastle United,Manchester City,Newcastle United,Player Goals,William Osula,Newcastle United,Manchester City,0.5,4,Sportsbet,49,289,15192642,557282394,2659646237
Manchester City v Newcastle United,Manchester City,Newcastle United,Player Goals,Anthony Elanga,Newcastle United,Manchester City,0.5,5.5,Sportsbet,49,289,15192642,557282394,2659646218
Manchester City v Newcastle United,Manchester City,Newcastle United,Player Goals,Jacob Murphy,Newcastle United,Manchester City,0.5,5,Sportsbet,49,289,15192642,557282394,2659646223
Manchester City v Newcastle United,Manchester City,Newcastle United,Player Goals,Jacob Ramsey,Newcastle United,Manchester City,0.5,6.5,Sportsbet,49,289,15192642,557282394,2659646224
Manchester City v Newcastle United,Manchester City,Newcastle United,Player Goals,Joelinton,Newcastle United,Manchester City,0.5,7,Sportsbet,49,289,15192642,557282394,2659646225
Manchester City v Newcastle United,Manchester City,Newcastle United,Player Goals,Joe Willock,Newcastle United,Manchester City,0.5,8,Sportsbet,49,289,15192642,557282394,2659646226
Manchester City v Newcastle United,Manchester City,Newcastle United,Player Goals,Sandro Tonali,Newcastle United,Manchester City,0.5,9,Sportsbet,49,289,15192642,557282394,2659646234
Manchester City v Newcastle United,Manchester City,Newcastle United,Player Goals,Lewis Miley,Newcastle United,Manchester City,0.5,10,Sportsbet,49,289,15192642,557282394,2659646230
Manchester City v Newcastle United,Manchester City,Newcastle United,Player Goals,Malick Thiaw,Newcastle United,Manchester City,0.5,11,Sportsbet,49,289,15192642,557282394,2659646231
Manchester City v Newcastle United,Manchester City,Newcastle United,Player Goals,Sam Alabi,Newcastle United,Manchester City,0.5,12,Sportsbet,49,289,15192642,557282394,2659646233
Manchester City v Newcastle United,Manchester City,Newcastle United,Player Goals,Dan Burn,Newcastle United,Manchester City,0.5,13,Sportsbet,49,289,15192642,557282394,2659646220
Manchester City v Newcastle United,Manchester City,Newcastle United,Player Goals,Lewis Hall,Newcastle United,Manchester City,0.5,13,Sportsbet,49,289,15192642,557282394,2659646229
Manchester City v Newcastle United,Manchester City,Newcastle United,Player Goals,Kieran Trippier,Newcastle United,Manchester City,0.5,15,Sportsbet,49,289,15192642,557282394,2659646227
Manchester City v Newcastle United,Manchester City,Newcastle United,Player Goals,Sven Botman,Newcastle United,Manchester City,0.5,15,Sportsbet,49,289,15192642,557282394,2659646236
Manchester City v Newcastle United,Manchester City,Newcastle United,Player Goals,Leo Shahar,Newcastle United,Manchester City,0.5,20,Sportsbet,49,289,15192642,557282394,2659646228
Manchester City v Newcastle United,Manchester City,Newcastle United,Player Goals,Alex Murphy,Newcastle United,Manchester City,0.5,21,Sportsbet,49,289,15192642,557282394,2659646217
Manchester City v Newcastle United,Manchester City,Newcastle United,Player Goals,Emil Krafth,Newcastle United,Manchester City,0.5,26,Sportsbet,49,289,15192642,557282394,2659646221
Manchester City v Newcastle United,Manchester City,Newcastle United,Player Goals,Erling Haaland,Manchester City,Newcastle United,1.5,3.75,Sportsbet,49,289,15192642,557282412,2659646775
Manchester City v Newcastle United,Manchester City,Newcastle United,Player Goals,Omar Marmoush,Manchester City,Newcastle United,1.5,5,Sportsbet,49,289,15192642,557282412,2659646784
Manchester City v Newcastle United,Manchester City,Newcastle United,Player Goals,Antoine Semenyo,Manchester City,Newcastle United,1.5,8.5,Sportsbet,49,289,15192642,557282412,2659646773
Manchester City v Newcastle United,Manchester City,Newcastle United,Player Goals,Antoine Semenyo,Bournemouth,Manchester City,1.5,8.5,Sportsbet,49,289,15192642,557282412,2659646773
Manchester City v Newcastle United,Manchester City,Newcastle United,Player Goals,Rayan Cherki,Manchester City,Newcastle United,1.5,10,Sportsbet,49,289,15192642,557282412,2659646787
Manchester City v Newcastle United,Manchester City,Newcastle United,Player Goals,Phil Foden,Manchester City,Newcastle United,1.5,11,Sportsbet,49,289,15192642,557282412,2659646785
Manchester City v Newcastle United,Manchester City,Newcastle United,Player Goals,Tijjani Reijnders,Manchester City,Newcastle United,1.5,15,Sportsbet,49,289,15192642,557282412,2659646794
Manchester City v Newcastle United,Manchester City,Newcastle United,Player Goals,J<c3><a9>r<c3><a9>my Doku,NA,NA,1.5,18,Sportsbet,49,289,15192642,557282412,2659646776
Manchester City v Newcastle United,Manchester City,Newcastle United,Player Goals,Savinho,Manchester City,Newcastle United,1.5,18,Sportsbet,49,289,15192642,557282412,2659646792
Manchester City v Newcastle United,Manchester City,Newcastle United,Player Goals,Ryan McAidoo,Manchester City,Newcastle United,1.5,41,Sportsbet,49,289,15192642,557282412,2659646791
Manchester City v Newcastle United,Manchester City,Newcastle United,Player Goals,Rodri,Manchester City,Newcastle United,1.5,46,Sportsbet,49,289,15192642,557282412,2659646789
Manchester City v Newcastle United,Manchester City,Newcastle United,Player Goals,Bernardo Silva,Manchester City,Newcastle United,1.5,51,Sportsbet,49,289,15192642,557282412,2659646774
Manchester City v Newcastle United,Manchester City,Newcastle United,Player Goals,Nico Gonzalez,NA,NA,1.5,56,Sportsbet,49,289,15192642,557282412,2659646782
Manchester City v Newcastle United,Manchester City,Newcastle United,Player Goals,Rayan A<c3><af>t-Nouri,NA,NA,1.5,61,Sportsbet,49,289,15192642,557282412,2659646786
Manchester City v Newcastle United,Manchester City,Newcastle United,Player Goals,Marc Gu<c3><a9>hi,NA,NA,1.5,67,Sportsbet,49,289,15192642,557282412,2659646778
Manchester City v Newcastle United,Manchester City,Newcastle United,Player Goals,Nico O'Reilly,Manchester City,Newcastle United,1.5,67,Sportsbet,49,289,15192642,557282412,2659646783
Manchester City v Newcastle United,Manchester City,Newcastle United,Player Goals,Matheus Nunes,Manchester City,Newcastle United,1.5,101,Sportsbet,49,289,15192642,557282412,2659646779
Manchester City v Newcastle United,Manchester City,Newcastle United,Player Goals,John Stones,Manchester City,Newcastle United,1.5,126,Sportsbet,49,289,15192642,557282412,2659646777
Manchester City v Newcastle United,Manchester City,Newcastle United,Player Goals,Rico Lewis,Manchester City,Newcastle United,1.5,126,Sportsbet,49,289,15192642,557282412,2659646788
Manchester City v Newcastle United,Manchester City,Newcastle United,Player Goals,Abdukodir Khusanov,Manchester City,Newcastle United,1.5,201,Sportsbet,49,289,15192642,557282412,2659646772
Manchester City v Newcastle United,Manchester City,Newcastle United,Player Goals,Max Alleyne,Manchester City,Newcastle United,1.5,201,Sportsbet,49,289,15192642,557282412,2659646780
Manchester City v Newcastle United,Manchester City,Newcastle United,Player Goals,Nathan Ak<c3><a9>,NA,NA,1.5,201,Sportsbet,49,289,15192642,557282412,2659646781
Manchester City v Newcastle United,Manchester City,Newcastle United,Player Goals,R<c3><ba>ben Dias,NA,NA,1.5,201,Sportsbet,49,289,15192642,557282412,2659646790
Manchester City v Newcastle United,Manchester City,Newcastle United,Player Goals,Stephen Mfuni,Manchester City,Newcastle United,1.5,201,Sportsbet,49,289,15192642,557282412,2659646793
Manchester City v Newcastle United,Manchester City,Newcastle United,Player Goals,Yoane Wissa,Newcastle United,Manchester City,1.5,17,Sportsbet,49,289,15192642,557282412,2659645810
Manchester City v Newcastle United,Manchester City,Newcastle United,Player Goals,Nick Woltemade,Newcastle United,Manchester City,1.5,18,Sportsbet,49,289,15192642,557282412,2659646810
Manchester City v Newcastle United,Manchester City,Newcastle United,Player Goals,Anthony Gordon,Newcastle United,Manchester City,1.5,19,Sportsbet,49,289,15192642,557282412,2659646797
Manchester City v Newcastle United,Manchester City,Newcastle United,Player Goals,William Osula,Newcastle United,Manchester City,1.5,21,Sportsbet,49,289,15192642,557282412,2659645809
Manchester City v Newcastle United,Manchester City,Newcastle United,Player Goals,Harvey Barnes,Newcastle United,Manchester City,1.5,23,Sportsbet,49,289,15192642,557282412,2659646800
Manchester City v Newcastle United,Manchester City,Newcastle United,Player Goals,Jacob Murphy,Newcastle United,Manchester City,1.5,31,Sportsbet,49,289,15192642,557282412,2659646801
Manchester City v Newcastle United,Manchester City,Newcastle United,Player Goals,Sean Neave,Newcastle United,Manchester City,1.5,31,Sportsbet,49,289,15192642,557282412,2659645807
Manchester City v Newcastle United,Manchester City,Newcastle United,Player Goals,Anthony Elanga,Newcastle United,Manchester City,1.5,41,Sportsbet,49,289,15192642,557282412,2659646796
Manchester City v Newcastle United,Manchester City,Newcastle United,Player Goals,Jacob Ramsey,Newcastle United,Manchester City,1.5,71,Sportsbet,49,289,15192642,557282412,2659646802
Manchester City v Newcastle United,Manchester City,Newcastle United,Player Goals,Joelinton,Newcastle United,Manchester City,1.5,81,Sportsbet,49,289,15192642,557282412,2659646803
Manchester City v Newcastle United,Manchester City,Newcastle United,Player Goals,Joe Willock,Newcastle United,Manchester City,1.5,91,Sportsbet,49,289,15192642,557282412,2659646804
Manchester City v Newcastle United,Manchester City,Newcastle United,Player Goals,Sandro Tonali,Newcastle United,Manchester City,1.5,126,Sportsbet,49,289,15192642,557282412,2659645806
Manchester City v Newcastle United,Manchester City,Newcastle United,Player Goals,Lewis Miley,Newcastle United,Manchester City,1.5,176,Sportsbet,49,289,15192642,557282412,2659646808
Manchester City v Newcastle United,Manchester City,Newcastle United,Player Goals,Alex Murphy,Newcastle United,Manchester City,1.5,201,Sportsbet,49,289,15192642,557282412,2659646795
Manchester City v Newcastle United,Manchester City,Newcastle United,Player Goals,Dan Burn,Newcastle United,Manchester City,1.5,201,Sportsbet,49,289,15192642,557282412,2659646798
Manchester City v Newcastle United,Manchester City,Newcastle United,Player Goals,Emil Krafth,Newcastle United,Manchester City,1.5,201,Sportsbet,49,289,15192642,557282412,2659646799
Manchester City v Newcastle United,Manchester City,Newcastle United,Player Goals,Kieran Trippier,Newcastle United,Manchester City,1.5,201,Sportsbet,49,289,15192642,557282412,2659646805
Manchester City v Newcastle United,Manchester City,Newcastle United,Player Goals,Leo Shahar,Newcastle United,Manchester City,1.5,201,Sportsbet,49,289,15192642,557282412,2659646806
Manchester City v Newcastle United,Manchester City,Newcastle United,Player Goals,Lewis Hall,Newcastle United,Manchester City,1.5,201,Sportsbet,49,289,15192642,557282412,2659646807
Manchester City v Newcastle United,Manchester City,Newcastle United,Player Goals,Malick Thiaw,Newcastle United,Manchester City,1.5,201,Sportsbet,49,289,15192642,557282412,2659646809
Manchester City v Newcastle United,Manchester City,Newcastle United,Player Goals,Sam Alabi,Newcastle United,Manchester City,1.5,201,Sportsbet,49,289,15192642,557282412,2659645805
Manchester City v Newcastle United,Manchester City,Newcastle United,Player Goals,Sven Botman,Newcastle United,Manchester City,1.5,201,Sportsbet,49,289,15192642,557282412,2659645808
Manchester City v Newcastle United,Manchester City,Newcastle United,Player Goals,Erling Haaland,Manchester City,Newcastle United,2.5,11,Sportsbet,49,289,15192642,557282410,2659646685
Manchester City v Newcastle United,Manchester City,Newcastle United,Player Goals,Omar Marmoush,Manchester City,Newcastle United,2.5,21,Sportsbet,49,289,15192642,557282410,2659646694
Manchester City v Newcastle United,Manchester City,Newcastle United,Player Goals,Antoine Semenyo,Manchester City,Newcastle United,2.5,46,Sportsbet,49,289,15192642,557282410,2659646683
Manchester City v Newcastle United,Manchester City,Newcastle United,Player Goals,Antoine Semenyo,Bournemouth,Manchester City,2.5,46,Sportsbet,49,289,15192642,557282410,2659646683
Manchester City v Newcastle United,Manchester City,Newcastle United,Player Goals,Rayan Cherki,Manchester City,Newcastle United,2.5,71,Sportsbet,49,289,15192642,557282410,2659646697
Manchester City v Newcastle United,Manchester City,Newcastle United,Player Goals,Phil Foden,Manchester City,Newcastle United,2.5,81,Sportsbet,49,289,15192642,557282410,2659646695
Manchester City v Newcastle United,Manchester City,Newcastle United,Player Goals,Tijjani Reijnders,Manchester City,Newcastle United,2.5,151,Sportsbet,49,289,15192642,557282410,2659646704
Manchester City v Newcastle United,Manchester City,Newcastle United,Player Goals,Savinho,Manchester City,Newcastle United,2.5,176,Sportsbet,49,289,15192642,557282410,2659646702
Manchester City v Newcastle United,Manchester City,Newcastle United,Player Goals,J<c3><a9>r<c3><a9>my Doku,NA,NA,2.5,201,Sportsbet,49,289,15192642,557282410,2659646686
Manchester City v Newcastle United,Manchester City,Newcastle United,Player Goals,Abdukodir Khusanov,Manchester City,Newcastle United,2.5,251,Sportsbet,49,289,15192642,557282410,2659646682
Manchester City v Newcastle United,Manchester City,Newcastle United,Player Goals,Bernardo Silva,Manchester City,Newcastle United,2.5,251,Sportsbet,49,289,15192642,557282410,2659646684
Manchester City v Newcastle United,Manchester City,Newcastle United,Player Goals,John Stones,Manchester City,Newcastle United,2.5,251,Sportsbet,49,289,15192642,557282410,2659646687
Manchester City v Newcastle United,Manchester City,Newcastle United,Player Goals,Marc Gu<c3><a9>hi,NA,NA,2.5,251,Sportsbet,49,289,15192642,557282410,2659646688
Manchester City v Newcastle United,Manchester City,Newcastle United,Player Goals,Matheus Nunes,Manchester City,Newcastle United,2.5,251,Sportsbet,49,289,15192642,557282410,2659646689
Manchester City v Newcastle United,Manchester City,Newcastle United,Player Goals,Max Alleyne,Manchester City,Newcastle United,2.5,251,Sportsbet,49,289,15192642,557282410,2659646690
Manchester City v Newcastle United,Manchester City,Newcastle United,Player Goals,Nathan Ak<c3><a9>,NA,NA,2.5,251,Sportsbet,49,289,15192642,557282410,2659646691
Manchester City v Newcastle United,Manchester City,Newcastle United,Player Goals,Nico Gonzalez,NA,NA,2.5,251,Sportsbet,49,289,15192642,557282410,2659646692
Manchester City v Newcastle United,Manchester City,Newcastle United,Player Goals,Nico O'Reilly,Manchester City,Newcastle United,2.5,251,Sportsbet,49,289,15192642,557282410,2659646693
Manchester City v Newcastle United,Manchester City,Newcastle United,Player Goals,Rayan A<c3><af>t-Nouri,NA,NA,2.5,251,Sportsbet,49,289,15192642,557282410,2659646696
Manchester City v Newcastle United,Manchester City,Newcastle United,Player Goals,Rico Lewis,Manchester City,Newcastle United,2.5,251,Sportsbet,49,289,15192642,557282410,2659646698
Manchester City v Newcastle United,Manchester City,Newcastle United,Player Goals,Rodri,Manchester City,Newcastle United,2.5,251,Sportsbet,49,289,15192642,557282410,2659646699
Manchester City v Newcastle United,Manchester City,Newcastle United,Player Goals,R<c3><ba>ben Dias,NA,NA,2.5,251,Sportsbet,49,289,15192642,557282410,2659646700
Manchester City v Newcastle United,Manchester City,Newcastle United,Player Goals,Ryan McAidoo,Manchester City,Newcastle United,2.5,251,Sportsbet,49,289,15192642,557282410,2659646701
Manchester City v Newcastle United,Manchester City,Newcastle United,Player Goals,Stephen Mfuni,Manchester City,Newcastle United,2.5,251,Sportsbet,49,289,15192642,557282410,2659646703
Manchester City v Newcastle United,Manchester City,Newcastle United,Player Goals,Yoane Wissa,Newcastle United,Manchester City,2.5,151,Sportsbet,49,289,15192642,557282410,2659646726
Manchester City v Newcastle United,Manchester City,Newcastle United,Player Goals,Anthony Gordon,Newcastle United,Manchester City,2.5,176,Sportsbet,49,289,15192642,557282410,2659646707
Manchester City v Newcastle United,Manchester City,Newcastle United,Player Goals,Nick Woltemade,Newcastle United,Manchester City,2.5,176,Sportsbet,49,289,15192642,557282410,2659646720
Manchester City v Newcastle United,Manchester City,Newcastle United,Player Goals,William Osula,Newcastle United,Manchester City,2.5,226,Sportsbet,49,289,15192642,557282410,2659646725
Manchester City v Newcastle United,Manchester City,Newcastle United,Player Goals,Alex Murphy,Newcastle United,Manchester City,2.5,251,Sportsbet,49,289,15192642,557282410,2659646705
Manchester City v Newcastle United,Manchester City,Newcastle United,Player Goals,Anthony Elanga,Newcastle United,Manchester City,2.5,251,Sportsbet,49,289,15192642,557282410,2659646706
Manchester City v Newcastle United,Manchester City,Newcastle United,Player Goals,Dan Burn,Newcastle United,Manchester City,2.5,251,Sportsbet,49,289,15192642,557282410,2659646708
Manchester City v Newcastle United,Manchester City,Newcastle United,Player Goals,Emil Krafth,Newcastle United,Manchester City,2.5,251,Sportsbet,49,289,15192642,557282410,2659646709
Manchester City v Newcastle United,Manchester City,Newcastle United,Player Goals,Harvey Barnes,Newcastle United,Manchester City,2.5,251,Sportsbet,49,289,15192642,557282410,2659646710
Manchester City v Newcastle United,Manchester City,Newcastle United,Player Goals,Jacob Murphy,Newcastle United,Manchester City,2.5,251,Sportsbet,49,289,15192642,557282410,2659646711
Manchester City v Newcastle United,Manchester City,Newcastle United,Player Goals,Jacob Ramsey,Newcastle United,Manchester City,2.5,251,Sportsbet,49,289,15192642,557282410,2659646712
Manchester City v Newcastle United,Manchester City,Newcastle United,Player Goals,Joe Willock,Newcastle United,Manchester City,2.5,251,Sportsbet,49,289,15192642,557282410,2659646714
Manchester City v Newcastle United,Manchester City,Newcastle United,Player Goals,Joelinton,Newcastle United,Manchester City,2.5,251,Sportsbet,49,289,15192642,557282410,2659646713
Manchester City v Newcastle United,Manchester City,Newcastle United,Player Goals,Kieran Trippier,Newcastle United,Manchester City,2.5,251,Sportsbet,49,289,15192642,557282410,2659646715
Manchester City v Newcastle United,Manchester City,Newcastle United,Player Goals,Leo Shahar,Newcastle United,Manchester City,2.5,251,Sportsbet,49,289,15192642,557282410,2659646716
Manchester City v Newcastle United,Manchester City,Newcastle United,Player Goals,Lewis Hall,Newcastle United,Manchester City,2.5,251,Sportsbet,49,289,15192642,557282410,2659646717
Manchester City v Newcastle United,Manchester City,Newcastle United,Player Goals,Lewis Miley,Newcastle United,Manchester City,2.5,251,Sportsbet,49,289,15192642,557282410,2659646718
Manchester City v Newcastle United,Manchester City,Newcastle United,Player Goals,Malick Thiaw,Newcastle United,Manchester City,2.5,251,Sportsbet,49,289,15192642,557282410,2659646719
Manchester City v Newcastle United,Manchester City,Newcastle United,Player Goals,Sam Alabi,Newcastle United,Manchester City,2.5,251,Sportsbet,49,289,15192642,557282410,2659646721
Manchester City v Newcastle United,Manchester City,Newcastle United,Player Goals,Sandro Tonali,Newcastle United,Manchester City,2.5,251,Sportsbet,49,289,15192642,557282410,2659646722
Manchester City v Newcastle United,Manchester City,Newcastle United,Player Goals,Sean Neave,Newcastle United,Manchester City,2.5,251,Sportsbet,49,289,15192642,557282410,2659646723
Manchester City v Newcastle United,Manchester City,Newcastle United,Player Goals,Sven Botman,Newcastle United,Manchester City,2.5,251,Sportsbet,49,289,15192642,557282410,2659646724
Crystal Palace v Wolverhampton Wanderers,Crystal Palace,Wolverhampton Wanderers,Player Goals,Brennan Johnson,Tottenham Hotspur,Crystal Palace,0.5,2.88,Sportsbet,49,289,15192640,557465758,2660541582
Crystal Palace v Wolverhampton Wanderers,Crystal Palace,Wolverhampton Wanderers,Player Goals,Brennan Johnson,Crystal Palace,Wolverhampton Wanderers,0.5,2.88,Sportsbet,49,289,15192640,557465758,2660541582
Crystal Palace v Wolverhampton Wanderers,Crystal Palace,Wolverhampton Wanderers,Player Goals,Christantus Uche,Crystal Palace,Wolverhampton Wanderers,0.5,2.5,Sportsbet,49,289,15192640,557465758,2660541586
Crystal Palace v Wolverhampton Wanderers,Crystal Palace,Wolverhampton Wanderers,Player Goals,Evann Guessand,Aston Villa,Crystal Palace,0.5,2.75,Sportsbet,49,289,15192640,557465758,2660541590
Crystal Palace v Wolverhampton Wanderers,Crystal Palace,Wolverhampton Wanderers,Player Goals,Isma<c3><af>la Sarr,NA,NA,0.5,2.88,Sportsbet,49,289,15192640,557465758,2660542020
Crystal Palace v Wolverhampton Wanderers,Crystal Palace,Wolverhampton Wanderers,Player Goals,J<c3><b8>rgen Strand Larsen,NA,NA,0.5,2.25,Sportsbet,49,289,15192640,557465758,2660542024
Crystal Palace v Wolverhampton Wanderers,Crystal Palace,Wolverhampton Wanderers,Player Goals,Ben Casey,Crystal Palace,Wolverhampton Wanderers,0.5,3.1,Sportsbet,49,289,15192640,557465758,2660541580
Crystal Palace v Wolverhampton Wanderers,Crystal Palace,Wolverhampton Wanderers,Player Goals,Yeremy Pino,NA,NA,0.5,3.75,Sportsbet,49,289,15192640,557465758,2660542032
Crystal Palace v Wolverhampton Wanderers,Crystal Palace,Wolverhampton Wanderers,Player Goals,Justin Devenny,Crystal Palace,Wolverhampton Wanderers,0.5,4,Sportsbet,49,289,15192640,557465758,2660542025
Crystal Palace v Wolverhampton Wanderers,Crystal Palace,Wolverhampton Wanderers,Player Goals,Joel Drakes-Thomas,NA,NA,0.5,5.5,Sportsbet,49,289,15192640,557465758,2660542023
Crystal Palace v Wolverhampton Wanderers,Crystal Palace,Wolverhampton Wanderers,Player Goals,Daichi Kamada,Crystal Palace,Wolverhampton Wanderers,0.5,6,Sportsbet,49,289,15192640,557465758,2660541587
Crystal Palace v Wolverhampton Wanderers,Crystal Palace,Wolverhampton Wanderers,Player Goals,Daniel Mu<c3><b1>oz,NA,NA,0.5,6,Sportsbet,49,289,15192640,557465758,2660541588
Crystal Palace v Wolverhampton Wanderers,Crystal Palace,Wolverhampton Wanderers,Player Goals,Jefferson Lerma,Crystal Palace,Wolverhampton Wanderers,0.5,7.5,Sportsbet,49,289,15192640,557465758,2660542022
Crystal Palace v Wolverhampton Wanderers,Crystal Palace,Wolverhampton Wanderers,Player Goals,Rio Cardines,Crystal Palace,Wolverhampton Wanderers,0.5,7.5,Sportsbet,49,289,15192640,557465758,2660542029
Crystal Palace v Wolverhampton Wanderers,Crystal Palace,Wolverhampton Wanderers,Player Goals,Caleb Kporha,Crystal Palace,Wolverhampton Wanderers,0.5,8.5,Sportsbet,49,289,15192640,557465758,2660541583
Crystal Palace v Wolverhampton Wanderers,Crystal Palace,Wolverhampton Wanderers,Player Goals,Adam Wharton,Crystal Palace,Wolverhampton Wanderers,0.5,9,Sportsbet,49,289,15192640,557465758,2660541579
Crystal Palace v Wolverhampton Wanderers,Crystal Palace,Wolverhampton Wanderers,Player Goals,Chadi Riad,Crystal Palace,Wolverhampton Wanderers,0.5,9,Sportsbet,49,289,15192640,557465758,2660541584
Crystal Palace v Wolverhampton Wanderers,Crystal Palace,Wolverhampton Wanderers,Player Goals,Maxence Lacroix,Crystal Palace,Wolverhampton Wanderers,0.5,9,Sportsbet,49,289,15192640,557465758,2660542027
Crystal Palace v Wolverhampton Wanderers,Crystal Palace,Wolverhampton Wanderers,Player Goals,Nathaniel Clyne,Crystal Palace,Wolverhampton Wanderers,0.5,9,Sportsbet,49,289,15192640,557465758,2660542028
Crystal Palace v Wolverhampton Wanderers,Crystal Palace,Wolverhampton Wanderers,Player Goals,Will Hughes,Crystal Palace,Wolverhampton Wanderers,0.5,9,Sportsbet,49,289,15192640,557465758,2660542031
Crystal Palace v Wolverhampton Wanderers,Crystal Palace,Wolverhampton Wanderers,Player Goals,Borna Sosa,Crystal Palace,Wolverhampton Wanderers,0.5,10,Sportsbet,49,289,15192640,557465758,2660541581
Crystal Palace v Wolverhampton Wanderers,Crystal Palace,Wolverhampton Wanderers,Player Goals,Chris Richards,Crystal Palace,Wolverhampton Wanderers,0.5,10,Sportsbet,49,289,15192640,557465758,2660541585
Crystal Palace v Wolverhampton Wanderers,Crystal Palace,Wolverhampton Wanderers,Player Goals,Kaden Rodney,Crystal Palace,Wolverhampton Wanderers,0.5,10,Sportsbet,49,289,15192640,557465758,2660542026
Crystal Palace v Wolverhampton Wanderers,Crystal Palace,Wolverhampton Wanderers,Player Goals,George King,Crystal Palace,Wolverhampton Wanderers,0.5,12,Sportsbet,49,289,15192640,557465758,2660541591
Crystal Palace v Wolverhampton Wanderers,Crystal Palace,Wolverhampton Wanderers,Player Goals,Jaydee Canvot,Crystal Palace,Wolverhampton Wanderers,0.5,12,Sportsbet,49,289,15192640,557465758,2660542021
Crystal Palace v Wolverhampton Wanderers,Crystal Palace,Wolverhampton Wanderers,Player Goals,Dean Benamar,Crystal Palace,Wolverhampton Wanderers,0.5,15,Sportsbet,49,289,15192640,557465758,2660541589
Crystal Palace v Wolverhampton Wanderers,Crystal Palace,Wolverhampton Wanderers,Player Goals,Tyrick Mitchell,Crystal Palace,Wolverhampton Wanderers,0.5,15,Sportsbet,49,289,15192640,557465758,2660542030
Crystal Palace v Wolverhampton Wanderers,Crystal Palace,Wolverhampton Wanderers,Player Goals,Adam Armstrong,Southampton,Crystal Palace,0.5,4,Sportsbet,49,289,15192640,557465758,2660542033
Crystal Palace v Wolverhampton Wanderers,Crystal Palace,Wolverhampton Wanderers,Player Goals,Tolu Arokodare,Wolverhampton Wanderers,Crystal Palace,0.5,4.5,Sportsbet,49,289,15192640,557465758,2660542049
Crystal Palace v Wolverhampton Wanderers,Crystal Palace,Wolverhampton Wanderers,Player Goals,Mateus Mane,NA,NA,0.5,5,Sportsbet,49,289,15192640,557465758,2660542044
Crystal Palace v Wolverhampton Wanderers,Crystal Palace,Wolverhampton Wanderers,Player Goals,Tom Edozie,NA,NA,0.5,6.5,Sportsbet,49,289,15192640,557465758,2660542050
Crystal Palace v Wolverhampton Wanderers,Crystal Palace,Wolverhampton Wanderers,Player Goals,Jean-Ricner Bellegarde,Wolverhampton Wanderers,Crystal Palace,0.5,7.5,Sportsbet,49,289,15192640,557465758,2660542039
Crystal Palace v Wolverhampton Wanderers,Crystal Palace,Wolverhampton Wanderers,Player Goals,Rodrigo Gomes,Wolverhampton Wanderers,Crystal Palace,0.5,7.5,Sportsbet,49,289,15192640,557465758,2660542047
Crystal Palace v Wolverhampton Wanderers,Crystal Palace,Wolverhampton Wanderers,Player Goals,Angel Gomes,NA,NA,0.5,11,Sportsbet,49,289,15192640,557465758,2660542035
Crystal Palace v Wolverhampton Wanderers,Crystal Palace,Wolverhampton Wanderers,Player Goals,Ladislav Krejci,Wolverhampton Wanderers,Crystal Palace,0.5,13,Sportsbet,49,289,15192640,557465758,2660542042
Crystal Palace v Wolverhampton Wanderers,Crystal Palace,Wolverhampton Wanderers,Player Goals,Jackson Tchatchoua,Wolverhampton Wanderers,Crystal Palace,0.5,14,Sportsbet,49,289,15192640,557465758,2660542038
Crystal Palace v Wolverhampton Wanderers,Crystal Palace,Wolverhampton Wanderers,Player Goals,Jo<c3><a3>o Gomes,NA,NA,0.5,14,Sportsbet,49,289,15192640,557465758,2660542041
Crystal Palace v Wolverhampton Wanderers,Crystal Palace,Wolverhampton Wanderers,Player Goals,Yerson Mosquera,Wolverhampton Wanderers,Crystal Palace,0.5,14,Sportsbet,49,289,15192640,557465758,2660542052
Crystal Palace v Wolverhampton Wanderers,Crystal Palace,Wolverhampton Wanderers,Player Goals,David Moller Wolfe,NA,NA,0.5,15,Sportsbet,49,289,15192640,557465758,2660542036
Crystal Palace v Wolverhampton Wanderers,Crystal Palace,Wolverhampton Wanderers,Player Goals,Jerome Abbey,NA,NA,0.5,15,Sportsbet,49,289,15192640,557465758,2660542040
Crystal Palace v Wolverhampton Wanderers,Crystal Palace,Wolverhampton Wanderers,Player Goals,Matt Doherty,Wolverhampton Wanderers,Crystal Palace,0.5,17,Sportsbet,49,289,15192640,557465758,2660542045
Crystal Palace v Wolverhampton Wanderers,Crystal Palace,Wolverhampton Wanderers,Player Goals,Hugo Bueno,Wolverhampton Wanderers,Crystal Palace,0.5,18,Sportsbet,49,289,15192640,557465758,2660542037
Crystal Palace v Wolverhampton Wanderers,Crystal Palace,Wolverhampton Wanderers,Player Goals,Santiago Bueno,Wolverhampton Wanderers,Crystal Palace,0.5,20,Sportsbet,49,289,15192640,557465758,2660542048
Crystal Palace v Wolverhampton Wanderers,Crystal Palace,Wolverhampton Wanderers,Player Goals,Luke Rawlings,Wolverhampton Wanderers,Crystal Palace,0.5,21,Sportsbet,49,289,15192640,557465758,2660542043
Crystal Palace v Wolverhampton Wanderers,Crystal Palace,Wolverhampton Wanderers,Player Goals,Toti,Wolverhampton Wanderers,Crystal Palace,0.5,21,Sportsbet,49,289,15192640,557465758,2660542051
Crystal Palace v Wolverhampton Wanderers,Crystal Palace,Wolverhampton Wanderers,Player Goals,Andre,NA,NA,0.5,23,Sportsbet,49,289,15192640,557465758,2660542034
Crystal Palace v Wolverhampton Wanderers,Crystal Palace,Wolverhampton Wanderers,Player Goals,Pedro Lima,Wolverhampton Wanderers,Crystal Palace,0.5,23,Sportsbet,49,289,15192640,557465758,2660542046
Crystal Palace v Wolverhampton Wanderers,Crystal Palace,Wolverhampton Wanderers,Player Goals,J<c3><b8>rgen Strand Larsen,NA,NA,1.5,7,Sportsbet,49,289,15192640,557465776,2660541391
Crystal Palace v Wolverhampton Wanderers,Crystal Palace,Wolverhampton Wanderers,Player Goals,Christantus Uche,Crystal Palace,Wolverhampton Wanderers,1.5,9.5,Sportsbet,49,289,15192640,557465776,2660541381
Crystal Palace v Wolverhampton Wanderers,Crystal Palace,Wolverhampton Wanderers,Player Goals,Evann Guessand,Aston Villa,Crystal Palace,1.5,10,Sportsbet,49,289,15192640,557465776,2660541385
Crystal Palace v Wolverhampton Wanderers,Crystal Palace,Wolverhampton Wanderers,Player Goals,Brennan Johnson,Tottenham Hotspur,Crystal Palace,1.5,12,Sportsbet,49,289,15192640,557465776,2660541377
Crystal Palace v Wolverhampton Wanderers,Crystal Palace,Wolverhampton Wanderers,Player Goals,Brennan Johnson,Crystal Palace,Wolverhampton Wanderers,1.5,12,Sportsbet,49,289,15192640,557465776,2660541377
Crystal Palace v Wolverhampton Wanderers,Crystal Palace,Wolverhampton Wanderers,Player Goals,Isma<c3><af>la Sarr,NA,NA,1.5,12,Sportsbet,49,289,15192640,557465776,2660541387
Crystal Palace v Wolverhampton Wanderers,Crystal Palace,Wolverhampton Wanderers,Player Goals,Ben Casey,Crystal Palace,Wolverhampton Wanderers,1.5,13,Sportsbet,49,289,15192640,557465776,2660541375
Crystal Palace v Wolverhampton Wanderers,Crystal Palace,Wolverhampton Wanderers,Player Goals,Yeremy Pino,NA,NA,1.5,20,Sportsbet,49,289,15192640,557465776,2660541599
Crystal Palace v Wolverhampton Wanderers,Crystal Palace,Wolverhampton Wanderers,Player Goals,Justin Devenny,Crystal Palace,Wolverhampton Wanderers,1.5,21,Sportsbet,49,289,15192640,557465776,2660541592
Crystal Palace v Wolverhampton Wanderers,Crystal Palace,Wolverhampton Wanderers,Player Goals,Joel Drakes-Thomas,NA,NA,1.5,46,Sportsbet,49,289,15192640,557465776,2660541390
Crystal Palace v Wolverhampton Wanderers,Crystal Palace,Wolverhampton Wanderers,Player Goals,Daichi Kamada,Crystal Palace,Wolverhampton Wanderers,1.5,51,Sportsbet,49,289,15192640,557465776,2660541382
Crystal Palace v Wolverhampton Wanderers,Crystal Palace,Wolverhampton Wanderers,Player Goals,Daniel Mu<c3><b1>oz,NA,NA,1.5,56,Sportsbet,49,289,15192640,557465776,2660541383
Crystal Palace v Wolverhampton Wanderers,Crystal Palace,Wolverhampton Wanderers,Player Goals,Jefferson Lerma,Crystal Palace,Wolverhampton Wanderers,1.5,81,Sportsbet,49,289,15192640,557465776,2660541389
Crystal Palace v Wolverhampton Wanderers,Crystal Palace,Wolverhampton Wanderers,Player Goals,Rio Cardines,Crystal Palace,Wolverhampton Wanderers,1.5,91,Sportsbet,49,289,15192640,557465776,2660541596
Crystal Palace v Wolverhampton Wanderers,Crystal Palace,Wolverhampton Wanderers,Player Goals,Caleb Kporha,Crystal Palace,Wolverhampton Wanderers,1.5,101,Sportsbet,49,289,15192640,557465776,2660541378
Crystal Palace v Wolverhampton Wanderers,Crystal Palace,Wolverhampton Wanderers,Player Goals,Adam Wharton,Crystal Palace,Wolverhampton Wanderers,1.5,126,Sportsbet,49,289,15192640,557465776,2660541374
Crystal Palace v Wolverhampton Wanderers,Crystal Palace,Wolverhampton Wanderers,Player Goals,Chadi Riad,Crystal Palace,Wolverhampton Wanderers,1.5,126,Sportsbet,49,289,15192640,557465776,2660541379
Crystal Palace v Wolverhampton Wanderers,Crystal Palace,Wolverhampton Wanderers,Player Goals,Maxence Lacroix,Crystal Palace,Wolverhampton Wanderers,1.5,126,Sportsbet,49,289,15192640,557465776,2660541594
Crystal Palace v Wolverhampton Wanderers,Crystal Palace,Wolverhampton Wanderers,Player Goals,Nathaniel Clyne,Crystal Palace,Wolverhampton Wanderers,1.5,126,Sportsbet,49,289,15192640,557465776,2660541595
Crystal Palace v Wolverhampton Wanderers,Crystal Palace,Wolverhampton Wanderers,Player Goals,Chris Richards,Crystal Palace,Wolverhampton Wanderers,1.5,151,Sportsbet,49,289,15192640,557465776,2660541380
Crystal Palace v Wolverhampton Wanderers,Crystal Palace,Wolverhampton Wanderers,Player Goals,Will Hughes,Crystal Palace,Wolverhampton Wanderers,1.5,151,Sportsbet,49,289,15192640,557465776,2660541598
Crystal Palace v Wolverhampton Wanderers,Crystal Palace,Wolverhampton Wanderers,Player Goals,Borna Sosa,Crystal Palace,Wolverhampton Wanderers,1.5,176,Sportsbet,49,289,15192640,557465776,2660541376
Crystal Palace v Wolverhampton Wanderers,Crystal Palace,Wolverhampton Wanderers,Player Goals,Dean Benamar,Crystal Palace,Wolverhampton Wanderers,1.5,201,Sportsbet,49,289,15192640,557465776,2660541384
Crystal Palace v Wolverhampton Wanderers,Crystal Palace,Wolverhampton Wanderers,Player Goals,George King,Crystal Palace,Wolverhampton Wanderers,1.5,201,Sportsbet,49,289,15192640,557465776,2660541386
Crystal Palace v Wolverhampton Wanderers,Crystal Palace,Wolverhampton Wanderers,Player Goals,Jaydee Canvot,Crystal Palace,Wolverhampton Wanderers,1.5,201,Sportsbet,49,289,15192640,557465776,2660541388
Crystal Palace v Wolverhampton Wanderers,Crystal Palace,Wolverhampton Wanderers,Player Goals,Kaden Rodney,Crystal Palace,Wolverhampton Wanderers,1.5,201,Sportsbet,49,289,15192640,557465776,2660541593
Crystal Palace v Wolverhampton Wanderers,Crystal Palace,Wolverhampton Wanderers,Player Goals,Tyrick Mitchell,Crystal Palace,Wolverhampton Wanderers,1.5,201,Sportsbet,49,289,15192640,557465776,2660541597
Crystal Palace v Wolverhampton Wanderers,Crystal Palace,Wolverhampton Wanderers,Player Goals,Adam Armstrong,Southampton,Crystal Palace,1.5,23,Sportsbet,49,289,15192640,557465776,2660541600
Crystal Palace v Wolverhampton Wanderers,Crystal Palace,Wolverhampton Wanderers,Player Goals,Tolu Arokodare,Wolverhampton Wanderers,Crystal Palace,1.5,26,Sportsbet,49,289,15192640,557465776,2660541616
Crystal Palace v Wolverhampton Wanderers,Crystal Palace,Wolverhampton Wanderers,Player Goals,Mateus Mane,NA,NA,1.5,36,Sportsbet,49,289,15192640,557465776,2660541611
Crystal Palace v Wolverhampton Wanderers,Crystal Palace,Wolverhampton Wanderers,Player Goals,Tom Edozie,NA,NA,1.5,76,Sportsbet,49,289,15192640,557465776,2660541617
Crystal Palace v Wolverhampton Wanderers,Crystal Palace,Wolverhampton Wanderers,Player Goals,Jean-Ricner Bellegarde,Wolverhampton Wanderers,Crystal Palace,1.5,81,Sportsbet,49,289,15192640,557465776,2660541606
Crystal Palace v Wolverhampton Wanderers,Crystal Palace,Wolverhampton Wanderers,Player Goals,Rodrigo Gomes,Wolverhampton Wanderers,Crystal Palace,1.5,81,Sportsbet,49,289,15192640,557465776,2660541614
Crystal Palace v Wolverhampton Wanderers,Crystal Palace,Wolverhampton Wanderers,Player Goals,Andre,NA,NA,1.5,201,Sportsbet,49,289,15192640,557465776,2660541601
Crystal Palace v Wolverhampton Wanderers,Crystal Palace,Wolverhampton Wanderers,Player Goals,Angel Gomes,NA,NA,1.5,201,Sportsbet,49,289,15192640,557465776,2660541602
Crystal Palace v Wolverhampton Wanderers,Crystal Palace,Wolverhampton Wanderers,Player Goals,David Moller Wolfe,NA,NA,1.5,201,Sportsbet,49,289,15192640,557465776,2660541603
Crystal Palace v Wolverhampton Wanderers,Crystal Palace,Wolverhampton Wanderers,Player Goals,Hugo Bueno,Wolverhampton Wanderers,Crystal Palace,1.5,201,Sportsbet,49,289,15192640,557465776,2660541604
Crystal Palace v Wolverhampton Wanderers,Crystal Palace,Wolverhampton Wanderers,Player Goals,Jackson Tchatchoua,Wolverhampton Wanderers,Crystal Palace,1.5,201,Sportsbet,49,289,15192640,557465776,2660541605
Crystal Palace v Wolverhampton Wanderers,Crystal Palace,Wolverhampton Wanderers,Player Goals,Jerome Abbey,NA,NA,1.5,201,Sportsbet,49,289,15192640,557465776,2660541607
Crystal Palace v Wolverhampton Wanderers,Crystal Palace,Wolverhampton Wanderers,Player Goals,Jo<c3><a3>o Gomes,NA,NA,1.5,201,Sportsbet,49,289,15192640,557465776,2660541608
Crystal Palace v Wolverhampton Wanderers,Crystal Palace,Wolverhampton Wanderers,Player Goals,Ladislav Krejci,Wolverhampton Wanderers,Crystal Palace,1.5,201,Sportsbet,49,289,15192640,557465776,2660541609
Crystal Palace v Wolverhampton Wanderers,Crystal Palace,Wolverhampton Wanderers,Player Goals,Luke Rawlings,Wolverhampton Wanderers,Crystal Palace,1.5,201,Sportsbet,49,289,15192640,557465776,2660541610
Crystal Palace v Wolverhampton Wanderers,Crystal Palace,Wolverhampton Wanderers,Player Goals,Matt Doherty,Wolverhampton Wanderers,Crystal Palace,1.5,201,Sportsbet,49,289,15192640,557465776,2660541612
Crystal Palace v Wolverhampton Wanderers,Crystal Palace,Wolverhampton Wanderers,Player Goals,Pedro Lima,Wolverhampton Wanderers,Crystal Palace,1.5,201,Sportsbet,49,289,15192640,557465776,2660541613
Crystal Palace v Wolverhampton Wanderers,Crystal Palace,Wolverhampton Wanderers,Player Goals,Santiago Bueno,Wolverhampton Wanderers,Crystal Palace,1.5,201,Sportsbet,49,289,15192640,557465776,2660541615
Crystal Palace v Wolverhampton Wanderers,Crystal Palace,Wolverhampton Wanderers,Player Goals,Toti,Wolverhampton Wanderers,Crystal Palace,1.5,201,Sportsbet,49,289,15192640,557465776,2660541618
Crystal Palace v Wolverhampton Wanderers,Crystal Palace,Wolverhampton Wanderers,Player Goals,Yerson Mosquera,Wolverhampton Wanderers,Crystal Palace,1.5,201,Sportsbet,49,289,15192640,557465776,2660541619
Crystal Palace v Wolverhampton Wanderers,Crystal Palace,Wolverhampton Wanderers,Player Goals,J<c3><b8>rgen Strand Larsen,NA,NA,2.5,36,Sportsbet,49,289,15192640,557465774,2660541299
Crystal Palace v Wolverhampton Wanderers,Crystal Palace,Wolverhampton Wanderers,Player Goals,Christantus Uche,Crystal Palace,Wolverhampton Wanderers,2.5,56,Sportsbet,49,289,15192640,557465774,2660541289
Crystal Palace v Wolverhampton Wanderers,Crystal Palace,Wolverhampton Wanderers,Player Goals,Evann Guessand,Aston Villa,Crystal Palace,2.5,71,Sportsbet,49,289,15192640,557465774,2660541293
Crystal Palace v Wolverhampton Wanderers,Crystal Palace,Wolverhampton Wanderers,Player Goals,Brennan Johnson,Tottenham Hotspur,Crystal Palace,2.5,91,Sportsbet,49,289,15192640,557465774,2660541285
Crystal Palace v Wolverhampton Wanderers,Crystal Palace,Wolverhampton Wanderers,Player Goals,Brennan Johnson,Crystal Palace,Wolverhampton Wanderers,2.5,91,Sportsbet,49,289,15192640,557465774,2660541285
Crystal Palace v Wolverhampton Wanderers,Crystal Palace,Wolverhampton Wanderers,Player Goals,Isma<c3><af>la Sarr,NA,NA,2.5,91,Sportsbet,49,289,15192640,557465774,2660541295
Crystal Palace v Wolverhampton Wanderers,Crystal Palace,Wolverhampton Wanderers,Player Goals,Ben Casey,Crystal Palace,Wolverhampton Wanderers,2.5,101,Sportsbet,49,289,15192640,557465774,2660541283
Crystal Palace v Wolverhampton Wanderers,Crystal Palace,Wolverhampton Wanderers,Player Goals,Justin Devenny,Crystal Palace,Wolverhampton Wanderers,2.5,226,Sportsbet,49,289,15192640,557465774,2660541300
Crystal Palace v Wolverhampton Wanderers,Crystal Palace,Wolverhampton Wanderers,Player Goals,Yeremy Pino,NA,NA,2.5,226,Sportsbet,49,289,15192640,557465774,2660541307
Crystal Palace v Wolverhampton Wanderers,Crystal Palace,Wolverhampton Wanderers,Player Goals,Adam Wharton,Crystal Palace,Wolverhampton Wanderers,2.5,251,Sportsbet,49,289,15192640,557465774,2660541282
Crystal Palace v Wolverhampton Wanderers,Crystal Palace,Wolverhampton Wanderers,Player Goals,Borna Sosa,Crystal Palace,Wolverhampton Wanderers,2.5,251,Sportsbet,49,289,15192640,557465774,2660541284
Crystal Palace v Wolverhampton Wanderers,Crystal Palace,Wolverhampton Wanderers,Player Goals,Caleb Kporha,Crystal Palace,Wolverhampton Wanderers,2.5,251,Sportsbet,49,289,15192640,557465774,2660541286
Crystal Palace v Wolverhampton Wanderers,Crystal Palace,Wolverhampton Wanderers,Player Goals,Chadi Riad,Crystal Palace,Wolverhampton Wanderers,2.5,251,Sportsbet,49,289,15192640,557465774,2660541287
Crystal Palace v Wolverhampton Wanderers,Crystal Palace,Wolverhampton Wanderers,Player Goals,Chris Richards,Crystal Palace,Wolverhampton Wanderers,2.5,251,Sportsbet,49,289,15192640,557465774,2660541288
Crystal Palace v Wolverhampton Wanderers,Crystal Palace,Wolverhampton Wanderers,Player Goals,Daichi Kamada,Crystal Palace,Wolverhampton Wanderers,2.5,251,Sportsbet,49,289,15192640,557465774,2660541290
Crystal Palace v Wolverhampton Wanderers,Crystal Palace,Wolverhampton Wanderers,Player Goals,Daniel Mu<c3><b1>oz,NA,NA,2.5,251,Sportsbet,49,289,15192640,557465774,2660541291
Crystal Palace v Wolverhampton Wanderers,Crystal Palace,Wolverhampton Wanderers,Player Goals,Dean Benamar,Crystal Palace,Wolverhampton Wanderers,2.5,251,Sportsbet,49,289,15192640,557465774,2660541292
Crystal Palace v Wolverhampton Wanderers,Crystal Palace,Wolverhampton Wanderers,Player Goals,George King,Crystal Palace,Wolverhampton Wanderers,2.5,251,Sportsbet,49,289,15192640,557465774,2660541294
Crystal Palace v Wolverhampton Wanderers,Crystal Palace,Wolverhampton Wanderers,Player Goals,Jaydee Canvot,Crystal Palace,Wolverhampton Wanderers,2.5,251,Sportsbet,49,289,15192640,557465774,2660541296
Crystal Palace v Wolverhampton Wanderers,Crystal Palace,Wolverhampton Wanderers,Player Goals,Jefferson Lerma,Crystal Palace,Wolverhampton Wanderers,2.5,251,Sportsbet,49,289,15192640,557465774,2660541297
Crystal Palace v Wolverhampton Wanderers,Crystal Palace,Wolverhampton Wanderers,Player Goals,Joel Drakes-Thomas,NA,NA,2.5,251,Sportsbet,49,289,15192640,557465774,2660541298
Crystal Palace v Wolverhampton Wanderers,Crystal Palace,Wolverhampton Wanderers,Player Goals,Kaden Rodney,Crystal Palace,Wolverhampton Wanderers,2.5,251,Sportsbet,49,289,15192640,557465774,2660541301
Crystal Palace v Wolverhampton Wanderers,Crystal Palace,Wolverhampton Wanderers,Player Goals,Maxence Lacroix,Crystal Palace,Wolverhampton Wanderers,2.5,251,Sportsbet,49,289,15192640,557465774,2660541302
Crystal Palace v Wolverhampton Wanderers,Crystal Palace,Wolverhampton Wanderers,Player Goals,Nathaniel Clyne,Crystal Palace,Wolverhampton Wanderers,2.5,251,Sportsbet,49,289,15192640,557465774,2660541303
Crystal Palace v Wolverhampton Wanderers,Crystal Palace,Wolverhampton Wanderers,Player Goals,Rio Cardines,Crystal Palace,Wolverhampton Wanderers,2.5,251,Sportsbet,49,289,15192640,557465774,2660541304
Crystal Palace v Wolverhampton Wanderers,Crystal Palace,Wolverhampton Wanderers,Player Goals,Tyrick Mitchell,Crystal Palace,Wolverhampton Wanderers,2.5,251,Sportsbet,49,289,15192640,557465774,2660541305
Crystal Palace v Wolverhampton Wanderers,Crystal Palace,Wolverhampton Wanderers,Player Goals,Will Hughes,Crystal Palace,Wolverhampton Wanderers,2.5,251,Sportsbet,49,289,15192640,557465774,2660541306
Crystal Palace v Wolverhampton Wanderers,Crystal Palace,Wolverhampton Wanderers,Player Goals,Adam Armstrong,Southampton,Crystal Palace,2.5,251,Sportsbet,49,289,15192640,557465774,2660541308
Crystal Palace v Wolverhampton Wanderers,Crystal Palace,Wolverhampton Wanderers,Player Goals,Andre,NA,NA,2.5,251,Sportsbet,49,289,15192640,557465774,2660541309
Crystal Palace v Wolverhampton Wanderers,Crystal Palace,Wolverhampton Wanderers,Player Goals,Angel Gomes,NA,NA,2.5,251,Sportsbet,49,289,15192640,557465774,2660541310
Crystal Palace v Wolverhampton Wanderers,Crystal Palace,Wolverhampton Wanderers,Player Goals,David Moller Wolfe,NA,NA,2.5,251,Sportsbet,49,289,15192640,557465774,2660541311
Crystal Palace v Wolverhampton Wanderers,Crystal Palace,Wolverhampton Wanderers,Player Goals,Hugo Bueno,Wolverhampton Wanderers,Crystal Palace,2.5,251,Sportsbet,49,289,15192640,557465774,2660541312
Crystal Palace v Wolverhampton Wanderers,Crystal Palace,Wolverhampton Wanderers,Player Goals,Jackson Tchatchoua,Wolverhampton Wanderers,Crystal Palace,2.5,251,Sportsbet,49,289,15192640,557465774,2660541313
Crystal Palace v Wolverhampton Wanderers,Crystal Palace,Wolverhampton Wanderers,Player Goals,Jean-Ricner Bellegarde,Wolverhampton Wanderers,Crystal Palace,2.5,251,Sportsbet,49,289,15192640,557465774,2660541314
Crystal Palace v Wolverhampton Wanderers,Crystal Palace,Wolverhampton Wanderers,Player Goals,Jerome Abbey,NA,NA,2.5,251,Sportsbet,49,289,15192640,557465774,2660541315
Crystal Palace v Wolverhampton Wanderers,Crystal Palace,Wolverhampton Wanderers,Player Goals,Jo<c3><a3>o Gomes,NA,NA,2.5,251,Sportsbet,49,289,15192640,557465774,2660541316
Crystal Palace v Wolverhampton Wanderers,Crystal Palace,Wolverhampton Wanderers,Player Goals,Ladislav Krejci,Wolverhampton Wanderers,Crystal Palace,2.5,251,Sportsbet,49,289,15192640,557465774,2660541317
Crystal Palace v Wolverhampton Wanderers,Crystal Palace,Wolverhampton Wanderers,Player Goals,Luke Rawlings,Wolverhampton Wanderers,Crystal Palace,2.5,251,Sportsbet,49,289,15192640,557465774,2660541318
Crystal Palace v Wolverhampton Wanderers,Crystal Palace,Wolverhampton Wanderers,Player Goals,Mateus Mane,NA,NA,2.5,251,Sportsbet,49,289,15192640,557465774,2660541319
Crystal Palace v Wolverhampton Wanderers,Crystal Palace,Wolverhampton Wanderers,Player Goals,Matt Doherty,Wolverhampton Wanderers,Crystal Palace,2.5,251,Sportsbet,49,289,15192640,557465774,2660541320
Crystal Palace v Wolverhampton Wanderers,Crystal Palace,Wolverhampton Wanderers,Player Goals,Pedro Lima,Wolverhampton Wanderers,Crystal Palace,2.5,251,Sportsbet,49,289,15192640,557465774,2660541321
Crystal Palace v Wolverhampton Wanderers,Crystal Palace,Wolverhampton Wanderers,Player Goals,Rodrigo Gomes,Wolverhampton Wanderers,Crystal Palace,2.5,251,Sportsbet,49,289,15192640,557465774,2660541322
Crystal Palace v Wolverhampton Wanderers,Crystal Palace,Wolverhampton Wanderers,Player Goals,Santiago Bueno,Wolverhampton Wanderers,Crystal Palace,2.5,251,Sportsbet,49,289,15192640,557465774,2660541323
Crystal Palace v Wolverhampton Wanderers,Crystal Palace,Wolverhampton Wanderers,Player Goals,Tolu Arokodare,Wolverhampton Wanderers,Crystal Palace,2.5,251,Sportsbet,49,289,15192640,557465774,2660541324
Crystal Palace v Wolverhampton Wanderers,Crystal Palace,Wolverhampton Wanderers,Player Goals,Tom Edozie,NA,NA,2.5,251,Sportsbet,49,289,15192640,557465774,2660541325
Crystal Palace v Wolverhampton Wanderers,Crystal Palace,Wolverhampton Wanderers,Player Goals,Toti,Wolverhampton Wanderers,Crystal Palace,2.5,251,Sportsbet,49,289,15192640,557465774,2660541326
Crystal Palace v Wolverhampton Wanderers,Crystal Palace,Wolverhampton Wanderers,Player Goals,Yerson Mosquera,Wolverhampton Wanderers,Crystal Palace,2.5,251,Sportsbet,49,289,15192640,557465774,2660541327
Nottingham Forest v Liverpool,Nottingham Forest,Liverpool,Player Goals,Igor Jesus,Nottingham Forest,Liverpool,0.5,3.3,Sportsbet,49,289,15192641,557460097,2660515779
Nottingham Forest v Liverpool,Nottingham Forest,Liverpool,Player Goals,Lorenzo Lucca,Nottingham Forest,Liverpool,0.5,3.1,Sportsbet,49,289,15192641,557460097,2660515782
Nottingham Forest v Liverpool,Nottingham Forest,Liverpool,Player Goals,Taiwo Awoniyi,Nottingham Forest,Liverpool,0.5,3.1,Sportsbet,49,289,15192641,557460097,2660515794
Nottingham Forest v Liverpool,Nottingham Forest,Liverpool,Player Goals,Morgan Gibbs-White,Nottingham Forest,Liverpool,0.5,4.5,Sportsbet,49,289,15192641,557460097,2660515785
Nottingham Forest v Liverpool,Nottingham Forest,Liverpool,Player Goals,Callum Hudson-Odoi,Nottingham Forest,Liverpool,0.5,5.5,Sportsbet,49,289,15192641,557460097,2660515774
Nottingham Forest v Liverpool,Nottingham Forest,Liverpool,Player Goals,Dan Ndoye,Nottingham Forest,Liverpool,0.5,5,Sportsbet,49,289,15192641,557460097,2660515775
Nottingham Forest v Liverpool,Nottingham Forest,Liverpool,Player Goals,James McAtee,Nottingham Forest,Liverpool,0.5,5,Sportsbet,49,289,15192641,557460097,2660515781
Nottingham Forest v Liverpool,Nottingham Forest,Liverpool,Player Goals,Nicol<c3><a1>s Dom<c3><ad>nguez,NA,NA,0.5,5.5,Sportsbet,49,289,15192641,557460097,2660515788
Nottingham Forest v Liverpool,Nottingham Forest,Liverpool,Player Goals,Omari Hutchinson,Nottingham Forest,Liverpool,0.5,5,Sportsbet,49,289,15192641,557460097,2660515792
Nottingham Forest v Liverpool,Nottingham Forest,Liverpool,Player Goals,Dilane Bakwa,Nottingham Forest,Liverpool,0.5,6.5,Sportsbet,49,289,15192641,557460097,2660515776
Nottingham Forest v Liverpool,Nottingham Forest,Liverpool,Player Goals,Elliot Anderson,Nottingham Forest,Liverpool,0.5,8.5,Sportsbet,49,289,15192641,557460097,2660515777
Nottingham Forest v Liverpool,Nottingham Forest,Liverpool,Player Goals,Ibrahim Sangar<c3><a9>,NA,NA,0.5,9.5,Sportsbet,49,289,15192641,557460097,2660515778
Nottingham Forest v Liverpool,Nottingham Forest,Liverpool,Player Goals,Neco Williams,Nottingham Forest,Liverpool,0.5,9.5,Sportsbet,49,289,15192641,557460097,2660515787
Nottingham Forest v Liverpool,Nottingham Forest,Liverpool,Player Goals,Ryan Yates,Nottingham Forest,Liverpool,0.5,9,Sportsbet,49,289,15192641,557460097,2660515793
Nottingham Forest v Liverpool,Nottingham Forest,Liverpool,Player Goals,Nikola Milenkovi<c4><87>,NA,NA,0.5,11,Sportsbet,49,289,15192641,557460097,2660515790
Nottingham Forest v Liverpool,Nottingham Forest,Liverpool,Player Goals,Nicolo Savona,NA,NA,0.5,13,Sportsbet,49,289,15192641,557460097,2660515789
Nottingham Forest v Liverpool,Nottingham Forest,Liverpool,Player Goals,Luca Netz,NA,NA,0.5,15,Sportsbet,49,289,15192641,557460097,2660515783
Nottingham Forest v Liverpool,Nottingham Forest,Liverpool,Player Goals,Murillo,Nottingham Forest,Liverpool,0.5,15,Sportsbet,49,289,15192641,557460097,2660515786
Nottingham Forest v Liverpool,Nottingham Forest,Liverpool,Player Goals,Jair Cunha,Nottingham Forest,Liverpool,0.5,17,Sportsbet,49,289,15192641,557460097,2660515780
Nottingham Forest v Liverpool,Nottingham Forest,Liverpool,Player Goals,Morato,Nottingham Forest,Liverpool,0.5,20,Sportsbet,49,289,15192641,557460097,2660515784
Nottingham Forest v Liverpool,Nottingham Forest,Liverpool,Player Goals,Ola Aina,Nottingham Forest,Liverpool,0.5,20,Sportsbet,49,289,15192641,557460097,2660515791
Nottingham Forest v Liverpool,Nottingham Forest,Liverpool,Player Goals,Zach Abbott,Nottingham Forest,Liverpool,0.5,20,Sportsbet,49,289,15192641,557460097,2660515795
Nottingham Forest v Liverpool,Nottingham Forest,Liverpool,Player Goals,Hugo Ekitike,NA,NA,0.5,2.25,Sportsbet,49,289,15192641,557460097,2660515804
Nottingham Forest v Liverpool,Nottingham Forest,Liverpool,Player Goals,Mohamed Salah,Liverpool,Nottingham Forest,0.5,2.5,Sportsbet,49,289,15192641,557460097,2660515210
Nottingham Forest v Liverpool,Nottingham Forest,Liverpool,Player Goals,Cody Gakpo,Liverpool,Nottingham Forest,0.5,3.25,Sportsbet,49,289,15192641,557460097,2660515799
Nottingham Forest v Liverpool,Nottingham Forest,Liverpool,Player Goals,Federico Chiesa,Liverpool,Nottingham Forest,0.5,3.5,Sportsbet,49,289,15192641,557460097,2660515802
Nottingham Forest v Liverpool,Nottingham Forest,Liverpool,Player Goals,Rio Ngumoha,Liverpool,Nottingham Forest,0.5,3.6,Sportsbet,49,289,15192641,557460097,2660515211
Nottingham Forest v Liverpool,Nottingham Forest,Liverpool,Player Goals,Dominik Szoboszlai,Liverpool,Nottingham Forest,0.5,4,Sportsbet,49,289,15192641,557460097,2660515801
Nottingham Forest v Liverpool,Nottingham Forest,Liverpool,Player Goals,Florian Wirtz,Liverpool,Nottingham Forest,0.5,4.33,Sportsbet,49,289,15192641,557460097,2660515803
Nottingham Forest v Liverpool,Nottingham Forest,Liverpool,Player Goals,Alexis Mac Allister,Liverpool,Nottingham Forest,0.5,5.5,Sportsbet,49,289,15192641,557460097,2660515796
Nottingham Forest v Liverpool,Nottingham Forest,Liverpool,Player Goals,Curtis Jones,Liverpool,Nottingham Forest,0.5,5,Sportsbet,49,289,15192641,557460097,2660515800
Nottingham Forest v Liverpool,Nottingham Forest,Liverpool,Player Goals,Trey Nyoni,Liverpool,Nottingham Forest,0.5,5.5,Sportsbet,49,289,15192641,557460097,2660515213
Nottingham Forest v Liverpool,Nottingham Forest,Liverpool,Player Goals,Kieran Morrison,Liverpool,Nottingham Forest,0.5,6.5,Sportsbet,49,289,15192641,557460097,2660515208
Nottingham Forest v Liverpool,Nottingham Forest,Liverpool,Player Goals,Jeremie Frimpong,Liverpool,Nottingham Forest,0.5,7.5,Sportsbet,49,289,15192641,557460097,2660515806
Nottingham Forest v Liverpool,Nottingham Forest,Liverpool,Player Goals,Ryan Gravenberch,Liverpool,Nottingham Forest,0.5,7.5,Sportsbet,49,289,15192641,557460097,2660515212
Nottingham Forest v Liverpool,Nottingham Forest,Liverpool,Player Goals,Virgil van Dijk,Liverpool,Nottingham Forest,0.5,8,Sportsbet,49,289,15192641,557460097,2660515214
Nottingham Forest v Liverpool,Nottingham Forest,Liverpool,Player Goals,Calvin Ramsay,Liverpool,Nottingham Forest,0.5,11,Sportsbet,49,289,15192641,557460097,2660515798
Nottingham Forest v Liverpool,Nottingham Forest,Liverpool,Player Goals,Joe Gomez,Liverpool,Nottingham Forest,0.5,13,Sportsbet,49,289,15192641,557460097,2660515207
Nottingham Forest v Liverpool,Nottingham Forest,Liverpool,Player Goals,Milos Kerkez,Liverpool,Nottingham Forest,0.5,13,Sportsbet,49,289,15192641,557460097,2660515209
Nottingham Forest v Liverpool,Nottingham Forest,Liverpool,Player Goals,Andrew Robertson,Liverpool,Nottingham Forest,0.5,14,Sportsbet,49,289,15192641,557460097,2660515797
Nottingham Forest v Liverpool,Nottingham Forest,Liverpool,Player Goals,Ibrahima Konat<c3><a9>,NA,NA,0.5,14,Sportsbet,49,289,15192641,557460097,2660515805
Nottingham Forest v Liverpool,Nottingham Forest,Liverpool,Player Goals,Lorenzo Lucca,Nottingham Forest,Liverpool,1.5,13,Sportsbet,49,289,15192641,557460093,2660515174
Nottingham Forest v Liverpool,Nottingham Forest,Liverpool,Player Goals,Taiwo Awoniyi,Nottingham Forest,Liverpool,1.5,13,Sportsbet,49,289,15192641,557460093,2660515186
Nottingham Forest v Liverpool,Nottingham Forest,Liverpool,Player Goals,Igor Jesus,Nottingham Forest,Liverpool,1.5,14,Sportsbet,49,289,15192641,557460093,2660515171
Nottingham Forest v Liverpool,Nottingham Forest,Liverpool,Player Goals,Morgan Gibbs-White,Nottingham Forest,Liverpool,1.5,26,Sportsbet,49,289,15192641,557460093,2660515177
Nottingham Forest v Liverpool,Nottingham Forest,Liverpool,Player Goals,Dan Ndoye,Nottingham Forest,Liverpool,1.5,36,Sportsbet,49,289,15192641,557460093,2660515167
Nottingham Forest v Liverpool,Nottingham Forest,Liverpool,Player Goals,James McAtee,Nottingham Forest,Liverpool,1.5,36,Sportsbet,49,289,15192641,557460093,2660515173
Nottingham Forest v Liverpool,Nottingham Forest,Liverpool,Player Goals,Omari Hutchinson,Nottingham Forest,Liverpool,1.5,36,Sportsbet,49,289,15192641,557460093,2660515184
Nottingham Forest v Liverpool,Nottingham Forest,Liverpool,Player Goals,Callum Hudson-Odoi,Nottingham Forest,Liverpool,1.5,41,Sportsbet,49,289,15192641,557460093,2660515166
Nottingham Forest v Liverpool,Nottingham Forest,Liverpool,Player Goals,Nicol<c3><a1>s Dom<c3><ad>nguez,NA,NA,1.5,51,Sportsbet,49,289,15192641,557460093,2660515180
Nottingham Forest v Liverpool,Nottingham Forest,Liverpool,Player Goals,Dilane Bakwa,Nottingham Forest,Liverpool,1.5,61,Sportsbet,49,289,15192641,557460093,2660515168
Nottingham Forest v Liverpool,Nottingham Forest,Liverpool,Player Goals,Elliot Anderson,Nottingham Forest,Liverpool,1.5,101,Sportsbet,49,289,15192641,557460093,2660515169
Nottingham Forest v Liverpool,Nottingham Forest,Liverpool,Player Goals,Ryan Yates,Nottingham Forest,Liverpool,1.5,126,Sportsbet,49,289,15192641,557460093,2660515185
Nottingham Forest v Liverpool,Nottingham Forest,Liverpool,Player Goals,Ibrahim Sangar<c3><a9>,NA,NA,1.5,151,Sportsbet,49,289,15192641,557460093,2660515170
Nottingham Forest v Liverpool,Nottingham Forest,Liverpool,Player Goals,Neco Williams,Nottingham Forest,Liverpool,1.5,151,Sportsbet,49,289,15192641,557460093,2660515179
Nottingham Forest v Liverpool,Nottingham Forest,Liverpool,Player Goals,Nikola Milenkovi<c4><87>,NA,NA,1.5,176,Sportsbet,49,289,15192641,557460093,2660515182
Nottingham Forest v Liverpool,Nottingham Forest,Liverpool,Player Goals,Jair Cunha,Nottingham Forest,Liverpool,1.5,201,Sportsbet,49,289,15192641,557460093,2660515172
Nottingham Forest v Liverpool,Nottingham Forest,Liverpool,Player Goals,Luca Netz,NA,NA,1.5,201,Sportsbet,49,289,15192641,557460093,2660515175
Nottingham Forest v Liverpool,Nottingham Forest,Liverpool,Player Goals,Morato,Nottingham Forest,Liverpool,1.5,201,Sportsbet,49,289,15192641,557460093,2660515176
Nottingham Forest v Liverpool,Nottingham Forest,Liverpool,Player Goals,Murillo,Nottingham Forest,Liverpool,1.5,201,Sportsbet,49,289,15192641,557460093,2660515178
Nottingham Forest v Liverpool,Nottingham Forest,Liverpool,Player Goals,Nicolo Savona,NA,NA,1.5,201,Sportsbet,49,289,15192641,557460093,2660515181
Nottingham Forest v Liverpool,Nottingham Forest,Liverpool,Player Goals,Ola Aina,Nottingham Forest,Liverpool,1.5,201,Sportsbet,49,289,15192641,557460093,2660515183
Nottingham Forest v Liverpool,Nottingham Forest,Liverpool,Player Goals,Zach Abbott,Nottingham Forest,Liverpool,1.5,201,Sportsbet,49,289,15192641,557460093,2660515187
Nottingham Forest v Liverpool,Nottingham Forest,Liverpool,Player Goals,Hugo Ekitike,NA,NA,1.5,7,Sportsbet,49,289,15192641,557460093,2660515196
Nottingham Forest v Liverpool,Nottingham Forest,Liverpool,Player Goals,Mohamed Salah,Liverpool,Nottingham Forest,1.5,9,Sportsbet,49,289,15192641,557460093,2660515202
Nottingham Forest v Liverpool,Nottingham Forest,Liverpool,Player Goals,Cody Gakpo,Liverpool,Nottingham Forest,1.5,15,Sportsbet,49,289,15192641,557460093,2660515191
Nottingham Forest v Liverpool,Nottingham Forest,Liverpool,Player Goals,Federico Chiesa,Liverpool,Nottingham Forest,1.5,17,Sportsbet,49,289,15192641,557460093,2660515194
Nottingham Forest v Liverpool,Nottingham Forest,Liverpool,Player Goals,Rio Ngumoha,Liverpool,Nottingham Forest,1.5,19,Sportsbet,49,289,15192641,557460093,2660515203
Nottingham Forest v Liverpool,Nottingham Forest,Liverpool,Player Goals,Dominik Szoboszlai,Liverpool,Nottingham Forest,1.5,23,Sportsbet,49,289,15192641,557460093,2660515193
Nottingham Forest v Liverpool,Nottingham Forest,Liverpool,Player Goals,Florian Wirtz,Liverpool,Nottingham Forest,1.5,26,Sportsbet,49,289,15192641,557460093,2660515195
Nottingham Forest v Liverpool,Nottingham Forest,Liverpool,Player Goals,Curtis Jones,Liverpool,Nottingham Forest,1.5,36,Sportsbet,49,289,15192641,557460093,2660515192
Nottingham Forest v Liverpool,Nottingham Forest,Liverpool,Player Goals,Trey Nyoni,Liverpool,Nottingham Forest,1.5,41,Sportsbet,49,289,15192641,557460093,2660515205
Nottingham Forest v Liverpool,Nottingham Forest,Liverpool,Player Goals,Alexis Mac Allister,Liverpool,Nottingham Forest,1.5,46,Sportsbet,49,289,15192641,557460093,2660515188
Nottingham Forest v Liverpool,Nottingham Forest,Liverpool,Player Goals,Kieran Morrison,Liverpool,Nottingham Forest,1.5,61,Sportsbet,49,289,15192641,557460093,2660515200
Nottingham Forest v Liverpool,Nottingham Forest,Liverpool,Player Goals,Jeremie Frimpong,Liverpool,Nottingham Forest,1.5,81,Sportsbet,49,289,15192641,557460093,2660515198
Nottingham Forest v Liverpool,Nottingham Forest,Liverpool,Player Goals,Ryan Gravenberch,Liverpool,Nottingham Forest,1.5,91,Sportsbet,49,289,15192641,557460093,2660515204
Nottingham Forest v Liverpool,Nottingham Forest,Liverpool,Player Goals,Virgil van Dijk,Liverpool,Nottingham Forest,1.5,101,Sportsbet,49,289,15192641,557460093,2660515206
Nottingham Forest v Liverpool,Nottingham Forest,Liverpool,Player Goals,Andrew Robertson,Liverpool,Nottingham Forest,1.5,201,Sportsbet,49,289,15192641,557460093,2660515189
Nottingham Forest v Liverpool,Nottingham Forest,Liverpool,Player Goals,Calvin Ramsay,Liverpool,Nottingham Forest,1.5,201,Sportsbet,49,289,15192641,557460093,2660515190
Nottingham Forest v Liverpool,Nottingham Forest,Liverpool,Player Goals,Ibrahima Konat<c3><a9>,NA,NA,1.5,201,Sportsbet,49,289,15192641,557460093,2660515197
Nottingham Forest v Liverpool,Nottingham Forest,Liverpool,Player Goals,Joe Gomez,Liverpool,Nottingham Forest,1.5,201,Sportsbet,49,289,15192641,557460093,2660515199
Nottingham Forest v Liverpool,Nottingham Forest,Liverpool,Player Goals,Milos Kerkez,Liverpool,Nottingham Forest,1.5,201,Sportsbet,49,289,15192641,557460093,2660515201
Nottingham Forest v Liverpool,Nottingham Forest,Liverpool,Player Goals,Lorenzo Lucca,Nottingham Forest,Liverpool,2.5,101,Sportsbet,49,289,15192641,557460113,2660515092
Nottingham Forest v Liverpool,Nottingham Forest,Liverpool,Player Goals,Taiwo Awoniyi,Nottingham Forest,Liverpool,2.5,101,Sportsbet,49,289,15192641,557460113,2660515104
Nottingham Forest v Liverpool,Nottingham Forest,Liverpool,Player Goals,Igor Jesus,Nottingham Forest,Liverpool,2.5,126,Sportsbet,49,289,15192641,557460113,2660515089
Nottingham Forest v Liverpool,Nottingham Forest,Liverpool,Player Goals,Callum Hudson-Odoi,Nottingham Forest,Liverpool,2.5,251,Sportsbet,49,289,15192641,557460113,2660515602
Nottingham Forest v Liverpool,Nottingham Forest,Liverpool,Player Goals,Dan Ndoye,Nottingham Forest,Liverpool,2.5,251,Sportsbet,49,289,15192641,557460113,2660515603
Nottingham Forest v Liverpool,Nottingham Forest,Liverpool,Player Goals,Dilane Bakwa,Nottingham Forest,Liverpool,2.5,251,Sportsbet,49,289,15192641,557460113,2660515604
Nottingham Forest v Liverpool,Nottingham Forest,Liverpool,Player Goals,Elliot Anderson,Nottingham Forest,Liverpool,2.5,251,Sportsbet,49,289,15192641,557460113,2660515605
Nottingham Forest v Liverpool,Nottingham Forest,Liverpool,Player Goals,Ibrahim Sangar<c3><a9>,NA,NA,2.5,251,Sportsbet,49,289,15192641,557460113,2660515606
Nottingham Forest v Liverpool,Nottingham Forest,Liverpool,Player Goals,Jair Cunha,Nottingham Forest,Liverpool,2.5,251,Sportsbet,49,289,15192641,557460113,2660515090
Nottingham Forest v Liverpool,Nottingham Forest,Liverpool,Player Goals,James McAtee,Nottingham Forest,Liverpool,2.5,251,Sportsbet,49,289,15192641,557460113,2660515091
Nottingham Forest v Liverpool,Nottingham Forest,Liverpool,Player Goals,Luca Netz,NA,NA,2.5,251,Sportsbet,49,289,15192641,557460113,2660515093
Nottingham Forest v Liverpool,Nottingham Forest,Liverpool,Player Goals,Morato,Nottingham Forest,Liverpool,2.5,251,Sportsbet,49,289,15192641,557460113,2660515094
Nottingham Forest v Liverpool,Nottingham Forest,Liverpool,Player Goals,Morgan Gibbs-White,Nottingham Forest,Liverpool,2.5,251,Sportsbet,49,289,15192641,557460113,2660515095
Nottingham Forest v Liverpool,Nottingham Forest,Liverpool,Player Goals,Murillo,Nottingham Forest,Liverpool,2.5,251,Sportsbet,49,289,15192641,557460113,2660515096
Nottingham Forest v Liverpool,Nottingham Forest,Liverpool,Player Goals,Neco Williams,Nottingham Forest,Liverpool,2.5,251,Sportsbet,49,289,15192641,557460113,2660515097
Nottingham Forest v Liverpool,Nottingham Forest,Liverpool,Player Goals,Nicol<c3><a1>s Dom<c3><ad>nguez,NA,NA,2.5,251,Sportsbet,49,289,15192641,557460113,2660515098
Nottingham Forest v Liverpool,Nottingham Forest,Liverpool,Player Goals,Nicolo Savona,NA,NA,2.5,251,Sportsbet,49,289,15192641,557460113,2660515099
Nottingham Forest v Liverpool,Nottingham Forest,Liverpool,Player Goals,Nikola Milenkovi<c4><87>,NA,NA,2.5,251,Sportsbet,49,289,15192641,557460113,2660515100
Nottingham Forest v Liverpool,Nottingham Forest,Liverpool,Player Goals,Ola Aina,Nottingham Forest,Liverpool,2.5,251,Sportsbet,49,289,15192641,557460113,2660515101
Nottingham Forest v Liverpool,Nottingham Forest,Liverpool,Player Goals,Omari Hutchinson,Nottingham Forest,Liverpool,2.5,251,Sportsbet,49,289,15192641,557460113,2660515102
Nottingham Forest v Liverpool,Nottingham Forest,Liverpool,Player Goals,Ryan Yates,Nottingham Forest,Liverpool,2.5,251,Sportsbet,49,289,15192641,557460113,2660515103
Nottingham Forest v Liverpool,Nottingham Forest,Liverpool,Player Goals,Zach Abbott,Nottingham Forest,Liverpool,2.5,251,Sportsbet,49,289,15192641,557460113,2660515105
Nottingham Forest v Liverpool,Nottingham Forest,Liverpool,Player Goals,Hugo Ekitike,NA,NA,2.5,36,Sportsbet,49,289,15192641,557460113,2660515114
Nottingham Forest v Liverpool,Nottingham Forest,Liverpool,Player Goals,Mohamed Salah,Liverpool,Nottingham Forest,2.5,51,Sportsbet,49,289,15192641,557460113,2660515120
Nottingham Forest v Liverpool,Nottingham Forest,Liverpool,Player Goals,Cody Gakpo,Liverpool,Nottingham Forest,2.5,126,Sportsbet,49,289,15192641,557460113,2660515109
Nottingham Forest v Liverpool,Nottingham Forest,Liverpool,Player Goals,Federico Chiesa,Liverpool,Nottingham Forest,2.5,151,Sportsbet,49,289,15192641,557460113,2660515112
Nottingham Forest v Liverpool,Nottingham Forest,Liverpool,Player Goals,Rio Ngumoha,Liverpool,Nottingham Forest,2.5,201,Sportsbet,49,289,15192641,557460113,2660515121
Nottingham Forest v Liverpool,Nottingham Forest,Liverpool,Player Goals,Alexis Mac Allister,Liverpool,Nottingham Forest,2.5,251,Sportsbet,49,289,15192641,557460113,2660515106
Nottingham Forest v Liverpool,Nottingham Forest,Liverpool,Player Goals,Andrew Robertson,Liverpool,Nottingham Forest,2.5,251,Sportsbet,49,289,15192641,557460113,2660515107
Nottingham Forest v Liverpool,Nottingham Forest,Liverpool,Player Goals,Calvin Ramsay,Liverpool,Nottingham Forest,2.5,251,Sportsbet,49,289,15192641,557460113,2660515108
Nottingham Forest v Liverpool,Nottingham Forest,Liverpool,Player Goals,Curtis Jones,Liverpool,Nottingham Forest,2.5,251,Sportsbet,49,289,15192641,557460113,2660515110
Nottingham Forest v Liverpool,Nottingham Forest,Liverpool,Player Goals,Dominik Szoboszlai,Liverpool,Nottingham Forest,2.5,251,Sportsbet,49,289,15192641,557460113,2660515111
Nottingham Forest v Liverpool,Nottingham Forest,Liverpool,Player Goals,Florian Wirtz,Liverpool,Nottingham Forest,2.5,251,Sportsbet,49,289,15192641,557460113,2660515113
Nottingham Forest v Liverpool,Nottingham Forest,Liverpool,Player Goals,Ibrahima Konat<c3><a9>,NA,NA,2.5,251,Sportsbet,49,289,15192641,557460113,2660515115
Nottingham Forest v Liverpool,Nottingham Forest,Liverpool,Player Goals,Jeremie Frimpong,Liverpool,Nottingham Forest,2.5,251,Sportsbet,49,289,15192641,557460113,2660515116
Nottingham Forest v Liverpool,Nottingham Forest,Liverpool,Player Goals,Joe Gomez,Liverpool,Nottingham Forest,2.5,251,Sportsbet,49,289,15192641,557460113,2660515117
Nottingham Forest v Liverpool,Nottingham Forest,Liverpool,Player Goals,Kieran Morrison,Liverpool,Nottingham Forest,2.5,251,Sportsbet,49,289,15192641,557460113,2660515118
Nottingham Forest v Liverpool,Nottingham Forest,Liverpool,Player Goals,Milos Kerkez,Liverpool,Nottingham Forest,2.5,251,Sportsbet,49,289,15192641,557460113,2660515119
Nottingham Forest v Liverpool,Nottingham Forest,Liverpool,Player Goals,Ryan Gravenberch,Liverpool,Nottingham Forest,2.5,251,Sportsbet,49,289,15192641,557460113,2660515122
Nottingham Forest v Liverpool,Nottingham Forest,Liverpool,Player Goals,Trey Nyoni,Liverpool,Nottingham Forest,2.5,251,Sportsbet,49,289,15192641,557460113,2660515123
Nottingham Forest v Liverpool,Nottingham Forest,Liverpool,Player Goals,Virgil van Dijk,Liverpool,Nottingham Forest,2.5,251,Sportsbet,49,289,15192641,557460113,2660515124
Sunderland v  v Fulham,Sunderland v ,Fulham,Player Goals,Wilson Isidor,NA,NA,0.5,2.88,Sportsbet,49,289,15192647,557463940,2660533624
Sunderland v  v Fulham,Sunderland v ,Fulham,Player Goals,Brian Brobbey,NA,NA,0.5,3.2,Sportsbet,49,289,15192647,557463940,2660533605
Sunderland v  v Fulham,Sunderland v ,Fulham,Player Goals,Eliezer Mayenda,NA,NA,0.5,3.5,Sportsbet,49,289,15192647,557463940,2660533610
Sunderland v  v Fulham,Sunderland v ,Fulham,Player Goals,Chemsdine Talbi,NA,NA,0.5,4.33,Sportsbet,49,289,15192647,557463940,2660533606
Sunderland v  v Fulham,Sunderland v ,Fulham,Player Goals,Nilson Angulo,NA,NA,0.5,4.5,Sportsbet,49,289,15192647,557463940,2660533617
Sunderland v  v Fulham,Sunderland v ,Fulham,Player Goals,Chris Rigg,NA,NA,0.5,5,Sportsbet,49,289,15192647,557463940,2660533607
Sunderland v  v Fulham,Sunderland v ,Fulham,Player Goals,Djiamgone Jocelin Ta Bi,NA,NA,0.5,5.5,Sportsbet,49,289,15192647,557463940,2660533614
Sunderland v  v Fulham,Sunderland v ,Fulham,Player Goals,Enzo Le Fee,NA,NA,0.5,5.5,Sportsbet,49,289,15192647,557463940,2660533611
Sunderland v  v Fulham,Sunderland v ,Fulham,Player Goals,Habib Diarra,NA,NA,0.5,5.5,Sportsbet,49,289,15192647,557463940,2660533612
Sunderland v  v Fulham,Sunderland v ,Fulham,Player Goals,Romaine Mundle,NA,NA,0.5,5,Sportsbet,49,289,15192647,557463940,2660533622
Sunderland v  v Fulham,Sunderland v ,Fulham,Player Goals,Dan Ballard,NA,NA,0.5,7.5,Sportsbet,49,289,15192647,557463940,2660533608
Sunderland v  v Fulham,Sunderland v ,Fulham,Player Goals,Trai Hume,NA,NA,0.5,7,Sportsbet,49,289,15192647,557463940,2660533623
Sunderland v  v Fulham,Sunderland v ,Fulham,Player Goals,Omar Alderete,NA,NA,0.5,8,Sportsbet,49,289,15192647,557463940,2660533620
Sunderland v  v Fulham,Sunderland v ,Fulham,Player Goals,Lutsharel Geertruida,NA,NA,0.5,11,Sportsbet,49,289,15192647,557463940,2660533616
Sunderland v  v Fulham,Sunderland v ,Fulham,Player Goals,Nordi Mukiele,NA,NA,0.5,13,Sportsbet,49,289,15192647,557463940,2660533619
Sunderland v  v Fulham,Sunderland v ,Fulham,Player Goals,Dennis Cirkin,NA,NA,0.5,15,Sportsbet,49,289,15192647,557463940,2660533609
Sunderland v  v Fulham,Sunderland v ,Fulham,Player Goals,Jenson Jones,NA,NA,0.5,15,Sportsbet,49,289,15192647,557463940,2660533613
Sunderland v  v Fulham,Sunderland v ,Fulham,Player Goals,Luke O'Nien,NA,NA,0.5,15,Sportsbet,49,289,15192647,557463940,2660533615
Sunderland v  v Fulham,Sunderland v ,Fulham,Player Goals,Noah Sadiki,NA,NA,0.5,15,Sportsbet,49,289,15192647,557463940,2660533618
Sunderland v  v Fulham,Sunderland v ,Fulham,Player Goals,Reinildo Mandava,NA,NA,0.5,21,Sportsbet,49,289,15192647,557463940,2660533621
Sunderland v  v Fulham,Sunderland v ,Fulham,Player Goals,Ra<c3><ba>l Jim<c3><a9>nez,NA,NA,0.5,2.88,Sportsbet,49,289,15192647,557463940,2660533839
Sunderland v  v Fulham,Sunderland v ,Fulham,Player Goals,Rodrigo Muniz,Fulham,Sunderland v ,0.5,2.88,Sportsbet,49,289,15192647,557463940,2660533840
Sunderland v  v Fulham,Sunderland v ,Fulham,Player Goals,Harry Wilson,Fulham,Sunderland v ,0.5,3.75,Sportsbet,49,289,15192647,557463940,2660533830
Sunderland v  v Fulham,Sunderland v ,Fulham,Player Goals,Emile Smith Rowe,Fulham,Sunderland v ,0.5,4.5,Sportsbet,49,289,15192647,557463940,2660533828
Sunderland v  v Fulham,Sunderland v ,Fulham,Player Goals,Jonah Kusi-Asare,Fulham,Sunderland v ,0.5,4.2,Sportsbet,49,289,15192647,557463940,2660533833
Sunderland v  v Fulham,Sunderland v ,Fulham,Player Goals,Joshua King,NA,NA,0.5,5,Sportsbet,49,289,15192647,557463940,2660533835
Sunderland v  v Fulham,Sunderland v ,Fulham,Player Goals,Kevin,Fulham,Sunderland v ,0.5,5,Sportsbet,49,289,15192647,557463940,2660533837
Sunderland v  v Fulham,Sunderland v ,Fulham,Player Goals,Oscar Bobb,Manchester City,Sunderland v ,0.5,5,Sportsbet,49,289,15192647,557463940,2660533838
Sunderland v  v Fulham,Sunderland v ,Fulham,Player Goals,Samuel Chukwueze,Fulham,Sunderland v ,0.5,5,Sportsbet,49,289,15192647,557463940,2660533843
Sunderland v  v Fulham,Sunderland v ,Fulham,Player Goals,Alex Iwobi,Fulham,Sunderland v ,0.5,6.5,Sportsbet,49,289,15192647,557463940,2660533625
Sunderland v  v Fulham,Sunderland v ,Fulham,Player Goals,Ryan Sessegnon,Fulham,Sunderland v ,0.5,6,Sportsbet,49,289,15192647,557463940,2660533841
Sunderland v  v Fulham,Sunderland v ,Fulham,Player Goals,Seth Ridgeon,Fulham,Sunderland v ,0.5,6.5,Sportsbet,49,289,15192647,557463940,2660533846
Sunderland v  v Fulham,Sunderland v ,Fulham,Player Goals,Tom Cairney,Fulham,Sunderland v ,0.5,8,Sportsbet,49,289,15192647,557463940,2660533848
Sunderland v  v Fulham,Sunderland v ,Fulham,Player Goals,Sa<c5><a1>a Luki<c4><87>,NA,NA,0.5,9,Sportsbet,49,289,15192647,557463940,2660533845
Sunderland v  v Fulham,Sunderland v ,Fulham,Player Goals,Harrison Reed,Fulham,Sunderland v ,0.5,12,Sportsbet,49,289,15192647,557463940,2660533829
Sunderland v  v Fulham,Sunderland v ,Fulham,Player Goals,Jorge Cuenca,Fulham,Sunderland v ,0.5,13,Sportsbet,49,289,15192647,557463940,2660533834
Sunderland v  v Fulham,Sunderland v ,Fulham,Player Goals,Sander Berge,Fulham,Sunderland v ,0.5,14,Sportsbet,49,289,15192647,557463940,2660533844
Sunderland v  v Fulham,Sunderland v ,Fulham,Player Goals,Calvin Bassey,Fulham,Sunderland v ,0.5,15,Sportsbet,49,289,15192647,557463940,2660533827
Sunderland v  v Fulham,Sunderland v ,Fulham,Player Goals,Issa Diop,Fulham,Sunderland v ,0.5,18,Sportsbet,49,289,15192647,557463940,2660533831
Sunderland v  v Fulham,Sunderland v ,Fulham,Player Goals,Joachim Andersen,Fulham,Sunderland v ,0.5,18,Sportsbet,49,289,15192647,557463940,2660533832
Sunderland v  v Fulham,Sunderland v ,Fulham,Player Goals,Timothy Castagne,Fulham,Sunderland v ,0.5,18,Sportsbet,49,289,15192647,557463940,2660533847
Sunderland v  v Fulham,Sunderland v ,Fulham,Player Goals,Antonee Robinson,Fulham,Sunderland v ,0.5,21,Sportsbet,49,289,15192647,557463940,2660533826
Sunderland v  v Fulham,Sunderland v ,Fulham,Player Goals,Kenny Tete,Fulham,Sunderland v ,0.5,21,Sportsbet,49,289,15192647,557463940,2660533836
Sunderland v  v Fulham,Sunderland v ,Fulham,Player Goals,Samuel Amissah,NA,NA,0.5,21,Sportsbet,49,289,15192647,557463940,2660533842
Sunderland v  v Fulham,Sunderland v ,Fulham,Player Goals,Wilson Isidor,NA,NA,1.5,11,Sportsbet,49,289,15192647,557463958,2660534185
Sunderland v  v Fulham,Sunderland v ,Fulham,Player Goals,Brian Brobbey,NA,NA,1.5,13,Sportsbet,49,289,15192647,557463958,2660534166
Sunderland v  v Fulham,Sunderland v ,Fulham,Player Goals,Eliezer Mayenda,NA,NA,1.5,17,Sportsbet,49,289,15192647,557463958,2660534171
Sunderland v  v Fulham,Sunderland v ,Fulham,Player Goals,Chemsdine Talbi,NA,NA,1.5,26,Sportsbet,49,289,15192647,557463958,2660534167
Sunderland v  v Fulham,Sunderland v ,Fulham,Player Goals,Nilson Angulo,NA,NA,1.5,31,Sportsbet,49,289,15192647,557463958,2660534178
Sunderland v  v Fulham,Sunderland v ,Fulham,Player Goals,Romaine Mundle,NA,NA,1.5,34,Sportsbet,49,289,15192647,557463958,2660534183
Sunderland v  v Fulham,Sunderland v ,Fulham,Player Goals,Chris Rigg,NA,NA,1.5,36,Sportsbet,49,289,15192647,557463958,2660534168
Sunderland v  v Fulham,Sunderland v ,Fulham,Player Goals,Djiamgone Jocelin Ta Bi,NA,NA,1.5,46,Sportsbet,49,289,15192647,557463958,2660534175
Sunderland v  v Fulham,Sunderland v ,Fulham,Player Goals,Enzo Le Fee,NA,NA,1.5,46,Sportsbet,49,289,15192647,557463958,2660534172
Sunderland v  v Fulham,Sunderland v ,Fulham,Player Goals,Habib Diarra,NA,NA,1.5,46,Sportsbet,49,289,15192647,557463958,2660534173
Sunderland v  v Fulham,Sunderland v ,Fulham,Player Goals,Trai Hume,NA,NA,1.5,71,Sportsbet,49,289,15192647,557463958,2660534184
Sunderland v  v Fulham,Sunderland v ,Fulham,Player Goals,Dan Ballard,NA,NA,1.5,91,Sportsbet,49,289,15192647,557463958,2660534169
Sunderland v  v Fulham,Sunderland v ,Fulham,Player Goals,Omar Alderete,NA,NA,1.5,101,Sportsbet,49,289,15192647,557463958,2660534181
Sunderland v  v Fulham,Sunderland v ,Fulham,Player Goals,Dennis Cirkin,NA,NA,1.5,201,Sportsbet,49,289,15192647,557463958,2660534170
Sunderland v  v Fulham,Sunderland v ,Fulham,Player Goals,Jenson Jones,NA,NA,1.5,201,Sportsbet,49,289,15192647,557463958,2660534174
Sunderland v  v Fulham,Sunderland v ,Fulham,Player Goals,Luke O'Nien,NA,NA,1.5,201,Sportsbet,49,289,15192647,557463958,2660534176
Sunderland v  v Fulham,Sunderland v ,Fulham,Player Goals,Lutsharel Geertruida,NA,NA,1.5,201,Sportsbet,49,289,15192647,557463958,2660534177
Sunderland v  v Fulham,Sunderland v ,Fulham,Player Goals,Noah Sadiki,NA,NA,1.5,201,Sportsbet,49,289,15192647,557463958,2660534179
Sunderland v  v Fulham,Sunderland v ,Fulham,Player Goals,Nordi Mukiele,NA,NA,1.5,201,Sportsbet,49,289,15192647,557463958,2660534180
Sunderland v  v Fulham,Sunderland v ,Fulham,Player Goals,Reinildo Mandava,NA,NA,1.5,201,Sportsbet,49,289,15192647,557463958,2660534182
Sunderland v  v Fulham,Sunderland v ,Fulham,Player Goals,Ra<c3><ba>l Jim<c3><a9>nez,NA,NA,1.5,12,Sportsbet,49,289,15192647,557463958,2660534200
Sunderland v  v Fulham,Sunderland v ,Fulham,Player Goals,Rodrigo Muniz,Fulham,Sunderland v ,1.5,12,Sportsbet,49,289,15192647,557463958,2660534201
Sunderland v  v Fulham,Sunderland v ,Fulham,Player Goals,Harry Wilson,Fulham,Sunderland v ,1.5,21,Sportsbet,49,289,15192647,557463958,2660534191
Sunderland v  v Fulham,Sunderland v ,Fulham,Player Goals,Jonah Kusi-Asare,Fulham,Sunderland v ,1.5,23,Sportsbet,49,289,15192647,557463958,2660534194
Sunderland v  v Fulham,Sunderland v ,Fulham,Player Goals,Emile Smith Rowe,Fulham,Sunderland v ,1.5,26,Sportsbet,49,289,15192647,557463958,2660534189
Sunderland v  v Fulham,Sunderland v ,Fulham,Player Goals,Oscar Bobb,Manchester City,Sunderland v ,1.5,34,Sportsbet,49,289,15192647,557463958,2660534199
Sunderland v  v Fulham,Sunderland v ,Fulham,Player Goals,Joshua King,NA,NA,1.5,36,Sportsbet,49,289,15192647,557463958,2660534196
Sunderland v  v Fulham,Sunderland v ,Fulham,Player Goals,Kevin,Fulham,Sunderland v ,1.5,36,Sportsbet,49,289,15192647,557463958,2660534198
Sunderland v  v Fulham,Sunderland v ,Fulham,Player Goals,Samuel Chukwueze,Fulham,Sunderland v ,1.5,36,Sportsbet,49,289,15192647,557463958,2660534204
Sunderland v  v Fulham,Sunderland v ,Fulham,Player Goals,Ryan Sessegnon,Fulham,Sunderland v ,1.5,56,Sportsbet,49,289,15192647,557463958,2660534202
Sunderland v  v Fulham,Sunderland v ,Fulham,Player Goals,Seth Ridgeon,Fulham,Sunderland v ,1.5,61,Sportsbet,49,289,15192647,557463958,2660534207
Sunderland v  v Fulham,Sunderland v ,Fulham,Player Goals,Alex Iwobi,Fulham,Sunderland v ,1.5,71,Sportsbet,49,289,15192647,557463958,2660534186
Sunderland v  v Fulham,Sunderland v ,Fulham,Player Goals,Tom Cairney,Fulham,Sunderland v ,1.5,91,Sportsbet,49,289,15192647,557463958,2660534209
Sunderland v  v Fulham,Sunderland v ,Fulham,Player Goals,Sa<c5><a1>a Luki<c4><87>,NA,NA,1.5,126,Sportsbet,49,289,15192647,557463958,2660534206
Sunderland v  v Fulham,Sunderland v ,Fulham,Player Goals,Antonee Robinson,Fulham,Sunderland v ,1.5,201,Sportsbet,49,289,15192647,557463958,2660534187
Sunderland v  v Fulham,Sunderland v ,Fulham,Player Goals,Calvin Bassey,Fulham,Sunderland v ,1.5,201,Sportsbet,49,289,15192647,557463958,2660534188
Sunderland v  v Fulham,Sunderland v ,Fulham,Player Goals,Harrison Reed,Fulham,Sunderland v ,1.5,201,Sportsbet,49,289,15192647,557463958,2660534190
Sunderland v  v Fulham,Sunderland v ,Fulham,Player Goals,Issa Diop,Fulham,Sunderland v ,1.5,201,Sportsbet,49,289,15192647,557463958,2660534192
Sunderland v  v Fulham,Sunderland v ,Fulham,Player Goals,Joachim Andersen,Fulham,Sunderland v ,1.5,201,Sportsbet,49,289,15192647,557463958,2660534193
Sunderland v  v Fulham,Sunderland v ,Fulham,Player Goals,Jorge Cuenca,Fulham,Sunderland v ,1.5,201,Sportsbet,49,289,15192647,557463958,2660534195
Sunderland v  v Fulham,Sunderland v ,Fulham,Player Goals,Kenny Tete,Fulham,Sunderland v ,1.5,201,Sportsbet,49,289,15192647,557463958,2660534197
Sunderland v  v Fulham,Sunderland v ,Fulham,Player Goals,Samuel Amissah,NA,NA,1.5,201,Sportsbet,49,289,15192647,557463958,2660534203
Sunderland v  v Fulham,Sunderland v ,Fulham,Player Goals,Sander Berge,Fulham,Sunderland v ,1.5,201,Sportsbet,49,289,15192647,557463958,2660534205
Sunderland v  v Fulham,Sunderland v ,Fulham,Player Goals,Timothy Castagne,Fulham,Sunderland v ,1.5,201,Sportsbet,49,289,15192647,557463958,2660534208
Sunderland v  v Fulham,Sunderland v ,Fulham,Player Goals,Wilson Isidor,NA,NA,2.5,81,Sportsbet,49,289,15192647,557463956,2660534097
Sunderland v  v Fulham,Sunderland v ,Fulham,Player Goals,Brian Brobbey,NA,NA,2.5,101,Sportsbet,49,289,15192647,557463956,2660534078
Sunderland v  v Fulham,Sunderland v ,Fulham,Player Goals,Eliezer Mayenda,NA,NA,2.5,151,Sportsbet,49,289,15192647,557463956,2660534083
Sunderland v  v Fulham,Sunderland v ,Fulham,Player Goals,Chemsdine Talbi,NA,NA,2.5,251,Sportsbet,49,289,15192647,557463956,2660534079
Sunderland v  v Fulham,Sunderland v ,Fulham,Player Goals,Chris Rigg,NA,NA,2.5,251,Sportsbet,49,289,15192647,557463956,2660534080
Sunderland v  v Fulham,Sunderland v ,Fulham,Player Goals,Dan Ballard,NA,NA,2.5,251,Sportsbet,49,289,15192647,557463956,2660534081
Sunderland v  v Fulham,Sunderland v ,Fulham,Player Goals,Dennis Cirkin,NA,NA,2.5,251,Sportsbet,49,289,15192647,557463956,2660534082
Sunderland v  v Fulham,Sunderland v ,Fulham,Player Goals,Djiamgone Jocelin Ta Bi,NA,NA,2.5,251,Sportsbet,49,289,15192647,557463956,2660534087
Sunderland v  v Fulham,Sunderland v ,Fulham,Player Goals,Enzo Le Fee,NA,NA,2.5,251,Sportsbet,49,289,15192647,557463956,2660534084
Sunderland v  v Fulham,Sunderland v ,Fulham,Player Goals,Habib Diarra,NA,NA,2.5,251,Sportsbet,49,289,15192647,557463956,2660534085
Sunderland v  v Fulham,Sunderland v ,Fulham,Player Goals,Jenson Jones,NA,NA,2.5,251,Sportsbet,49,289,15192647,557463956,2660534086
Sunderland v  v Fulham,Sunderland v ,Fulham,Player Goals,Luke O'Nien,NA,NA,2.5,251,Sportsbet,49,289,15192647,557463956,2660534088
Sunderland v  v Fulham,Sunderland v ,Fulham,Player Goals,Lutsharel Geertruida,NA,NA,2.5,251,Sportsbet,49,289,15192647,557463956,2660534089
Sunderland v  v Fulham,Sunderland v ,Fulham,Player Goals,Nilson Angulo,NA,NA,2.5,251,Sportsbet,49,289,15192647,557463956,2660534090
Sunderland v  v Fulham,Sunderland v ,Fulham,Player Goals,Noah Sadiki,NA,NA,2.5,251,Sportsbet,49,289,15192647,557463956,2660534091
Sunderland v  v Fulham,Sunderland v ,Fulham,Player Goals,Nordi Mukiele,NA,NA,2.5,251,Sportsbet,49,289,15192647,557463956,2660534092
Sunderland v  v Fulham,Sunderland v ,Fulham,Player Goals,Omar Alderete,NA,NA,2.5,251,Sportsbet,49,289,15192647,557463956,2660534093
Sunderland v  v Fulham,Sunderland v ,Fulham,Player Goals,Reinildo Mandava,NA,NA,2.5,251,Sportsbet,49,289,15192647,557463956,2660534094
Sunderland v  v Fulham,Sunderland v ,Fulham,Player Goals,Romaine Mundle,NA,NA,2.5,251,Sportsbet,49,289,15192647,557463956,2660534095
Sunderland v  v Fulham,Sunderland v ,Fulham,Player Goals,Trai Hume,NA,NA,2.5,251,Sportsbet,49,289,15192647,557463956,2660534096
Sunderland v  v Fulham,Sunderland v ,Fulham,Player Goals,Rodrigo Muniz,Fulham,Sunderland v ,2.5,91,Sportsbet,49,289,15192647,557463956,2660534113
Sunderland v  v Fulham,Sunderland v ,Fulham,Player Goals,Ra<c3><ba>l Jim<c3><a9>nez,NA,NA,2.5,101,Sportsbet,49,289,15192647,557463956,2660534112
Sunderland v  v Fulham,Sunderland v ,Fulham,Player Goals,Harry Wilson,Fulham,Sunderland v ,2.5,201,Sportsbet,49,289,15192647,557463956,2660534103
Sunderland v  v Fulham,Sunderland v ,Fulham,Player Goals,Alex Iwobi,Fulham,Sunderland v ,2.5,251,Sportsbet,49,289,15192647,557463956,2660534098
Sunderland v  v Fulham,Sunderland v ,Fulham,Player Goals,Antonee Robinson,Fulham,Sunderland v ,2.5,251,Sportsbet,49,289,15192647,557463956,2660534099
Sunderland v  v Fulham,Sunderland v ,Fulham,Player Goals,Calvin Bassey,Fulham,Sunderland v ,2.5,251,Sportsbet,49,289,15192647,557463956,2660534100
Sunderland v  v Fulham,Sunderland v ,Fulham,Player Goals,Emile Smith Rowe,Fulham,Sunderland v ,2.5,251,Sportsbet,49,289,15192647,557463956,2660534101
Sunderland v  v Fulham,Sunderland v ,Fulham,Player Goals,Harrison Reed,Fulham,Sunderland v ,2.5,251,Sportsbet,49,289,15192647,557463956,2660534102
Sunderland v  v Fulham,Sunderland v ,Fulham,Player Goals,Issa Diop,Fulham,Sunderland v ,2.5,251,Sportsbet,49,289,15192647,557463956,2660534104
Sunderland v  v Fulham,Sunderland v ,Fulham,Player Goals,Joachim Andersen,Fulham,Sunderland v ,2.5,251,Sportsbet,49,289,15192647,557463956,2660534105
Sunderland v  v Fulham,Sunderland v ,Fulham,Player Goals,Jonah Kusi-Asare,Fulham,Sunderland v ,2.5,251,Sportsbet,49,289,15192647,557463956,2660534106
Sunderland v  v Fulham,Sunderland v ,Fulham,Player Goals,Jorge Cuenca,Fulham,Sunderland v ,2.5,251,Sportsbet,49,289,15192647,557463956,2660534107
Sunderland v  v Fulham,Sunderland v ,Fulham,Player Goals,Joshua King,NA,NA,2.5,251,Sportsbet,49,289,15192647,557463956,2660534108
Sunderland v  v Fulham,Sunderland v ,Fulham,Player Goals,Kenny Tete,Fulham,Sunderland v ,2.5,251,Sportsbet,49,289,15192647,557463956,2660534109
Sunderland v  v Fulham,Sunderland v ,Fulham,Player Goals,Kevin,Fulham,Sunderland v ,2.5,251,Sportsbet,49,289,15192647,557463956,2660534110
Sunderland v  v Fulham,Sunderland v ,Fulham,Player Goals,Oscar Bobb,Manchester City,Sunderland v ,2.5,251,Sportsbet,49,289,15192647,557463956,2660534111
Sunderland v  v Fulham,Sunderland v ,Fulham,Player Goals,Ryan Sessegnon,Fulham,Sunderland v ,2.5,251,Sportsbet,49,289,15192647,557463956,2660534114
Sunderland v  v Fulham,Sunderland v ,Fulham,Player Goals,Samuel Amissah,NA,NA,2.5,251,Sportsbet,49,289,15192647,557463956,2660534115
Sunderland v  v Fulham,Sunderland v ,Fulham,Player Goals,Samuel Chukwueze,Fulham,Sunderland v ,2.5,251,Sportsbet,49,289,15192647,557463956,2660534116
Sunderland v  v Fulham,Sunderland v ,Fulham,Player Goals,Sander Berge,Fulham,Sunderland v ,2.5,251,Sportsbet,49,289,15192647,557463956,2660534117
Sunderland v  v Fulham,Sunderland v ,Fulham,Player Goals,Sa<c5><a1>a Luki<c4><87>,NA,NA,2.5,251,Sportsbet,49,289,15192647,557463956,2660534118
Sunderland v  v Fulham,Sunderland v ,Fulham,Player Goals,Seth Ridgeon,Fulham,Sunderland v ,2.5,251,Sportsbet,49,289,15192647,557463956,2660534119
Sunderland v  v Fulham,Sunderland v ,Fulham,Player Goals,Timothy Castagne,Fulham,Sunderland v ,2.5,251,Sportsbet,49,289,15192647,557463956,2660534120
Sunderland v  v Fulham,Sunderland v ,Fulham,Player Goals,Tom Cairney,Fulham,Sunderland v ,2.5,251,Sportsbet,49,289,15192647,557463956,2660534121
Tottenham Hotspur v Arsenal,Tottenham Hotspur,Arsenal,Player Goals,Dominic Solanke,Tottenham Hotspur,Arsenal,0.5,4,Sportsbet,49,289,15192631,557460620,2660518081
Tottenham Hotspur v Arsenal,Tottenham Hotspur,Arsenal,Player Goals,Richarlison,Tottenham Hotspur,Arsenal,0.5,4.2,Sportsbet,49,289,15192631,557460620,2660518092
Tottenham Hotspur v Arsenal,Tottenham Hotspur,Arsenal,Player Goals,Mathys Tel,Tottenham Hotspur,Arsenal,0.5,5.5,Sportsbet,49,289,15192631,557460620,2660518086
Tottenham Hotspur v Arsenal,Tottenham Hotspur,Arsenal,Player Goals,Randal Kolo Muani,Tottenham Hotspur,Arsenal,0.5,5,Sportsbet,49,289,15192631,557460620,2660518091
Tottenham Hotspur v Arsenal,Tottenham Hotspur,Arsenal,Player Goals,Luca Williams-Barnett,NA,NA,0.5,6.5,Sportsbet,49,289,15192631,557460620,2660518085
Tottenham Hotspur v Arsenal,Tottenham Hotspur,Arsenal,Player Goals,Xavi Simons,Tottenham Hotspur,Arsenal,0.5,6,Sportsbet,49,289,15192631,557460620,2660518096
Tottenham Hotspur v Arsenal,Tottenham Hotspur,Arsenal,Player Goals,Conor Gallagher,Tottenham Hotspur,Arsenal,0.5,8.5,Sportsbet,49,289,15192631,557460620,2660518079
Tottenham Hotspur v Arsenal,Tottenham Hotspur,Arsenal,Player Goals,Tynan Thompson,Tottenham Hotspur,Arsenal,0.5,8,Sportsbet,49,289,15192631,557460620,2660518095
Tottenham Hotspur v Arsenal,Tottenham Hotspur,Arsenal,Player Goals,Archie Gray,Tottenham Hotspur,Arsenal,0.5,9,Sportsbet,49,289,15192631,557460620,2660518077
Tottenham Hotspur v Arsenal,Tottenham Hotspur,Arsenal,Player Goals,Joao Palhinha,NA,NA,0.5,9,Sportsbet,49,289,15192631,557460620,2660518083
Tottenham Hotspur v Arsenal,Tottenham Hotspur,Arsenal,Player Goals,Pape Matar Sarr,Tottenham Hotspur,Arsenal,0.5,9,Sportsbet,49,289,15192631,557460620,2660518088
Tottenham Hotspur v Arsenal,Tottenham Hotspur,Arsenal,Player Goals,Callum Olusesi,Tottenham Hotspur,Arsenal,0.5,10,Sportsbet,49,289,15192631,557460620,2660518078
Tottenham Hotspur v Arsenal,Tottenham Hotspur,Arsenal,Player Goals,Rio Kyerematen,Tottenham Hotspur,Arsenal,0.5,13,Sportsbet,49,289,15192631,557460620,2660518093
Tottenham Hotspur v Arsenal,Tottenham Hotspur,Arsenal,Player Goals,Micky van de Ven,Tottenham Hotspur,Arsenal,0.5,14,Sportsbet,49,289,15192631,557460620,2660518087
Tottenham Hotspur v Arsenal,Tottenham Hotspur,Arsenal,Player Goals,Djed Spence,Tottenham Hotspur,Arsenal,0.5,15,Sportsbet,49,289,15192631,557460620,2660518080
Tottenham Hotspur v Arsenal,Tottenham Hotspur,Arsenal,Player Goals,Pedro Porro,Tottenham Hotspur,Arsenal,0.5,15,Sportsbet,49,289,15192631,557460620,2660518089
Tottenham Hotspur v Arsenal,Tottenham Hotspur,Arsenal,Player Goals,Radu Dr<c4><83>gu<c8><99>in,NA,NA,0.5,18,Sportsbet,49,289,15192631,557460620,2660518090
Tottenham Hotspur v Arsenal,Tottenham Hotspur,Arsenal,Player Goals,Jun'ai Byfield,Tottenham Hotspur,Arsenal,0.5,19,Sportsbet,49,289,15192631,557460620,2660518084
Tottenham Hotspur v Arsenal,Tottenham Hotspur,Arsenal,Player Goals,Yves Bissouma,Tottenham Hotspur,Arsenal,0.5,19,Sportsbet,49,289,15192631,557460620,2660518097
Tottenham Hotspur v Arsenal,Tottenham Hotspur,Arsenal,Player Goals,James Rowswell,Tottenham Hotspur,Arsenal,0.5,26,Sportsbet,49,289,15192631,557460620,2660518082
Tottenham Hotspur v Arsenal,Tottenham Hotspur,Arsenal,Player Goals,Souza,Tottenham Hotspur,Arsenal,0.5,31,Sportsbet,49,289,15192631,557460620,2660518094
Tottenham Hotspur v Arsenal,Tottenham Hotspur,Arsenal,Player Goals,Bukayo Saka,Arsenal,Tottenham Hotspur,0.5,2.75,Sportsbet,49,289,15192631,557460620,2660518099
Tottenham Hotspur v Arsenal,Tottenham Hotspur,Arsenal,Player Goals,Gabriel Jesus,Arsenal,Tottenham Hotspur,0.5,2.4,Sportsbet,49,289,15192631,557460620,2660518466
Tottenham Hotspur v Arsenal,Tottenham Hotspur,Arsenal,Player Goals,Kai Havertz,Arsenal,Tottenham Hotspur,0.5,2.8,Sportsbet,49,289,15192631,557460620,2660518470
Tottenham Hotspur v Arsenal,Tottenham Hotspur,Arsenal,Player Goals,Viktor Gyokeres,NA,NA,0.5,2.3,Sportsbet,49,289,15192631,557460620,2660518480
Tottenham Hotspur v Arsenal,Tottenham Hotspur,Arsenal,Player Goals,Eberechi Eze,Arsenal,Tottenham Hotspur,0.5,3.4,Sportsbet,49,289,15192631,557460620,2660518465
Tottenham Hotspur v Arsenal,Tottenham Hotspur,Arsenal,Player Goals,Eberechi Eze,Crystal Palace,Tottenham Hotspur,0.5,3.4,Sportsbet,49,289,15192631,557460620,2660518465
Tottenham Hotspur v Arsenal,Tottenham Hotspur,Arsenal,Player Goals,Gabriel Martinelli,Arsenal,Tottenham Hotspur,0.5,3.4,Sportsbet,49,289,15192631,557460620,2660518468
Tottenham Hotspur v Arsenal,Tottenham Hotspur,Arsenal,Player Goals,Leandro Trossard,Arsenal,Tottenham Hotspur,0.5,3.25,Sportsbet,49,289,15192631,557460620,2660518471
Tottenham Hotspur v Arsenal,Tottenham Hotspur,Arsenal,Player Goals,Max Dowman,Arsenal,Tottenham Hotspur,0.5,3.6,Sportsbet,49,289,15192631,557460620,2660518475
Tottenham Hotspur v Arsenal,Tottenham Hotspur,Arsenal,Player Goals,Noni Madueke,Arsenal,Tottenham Hotspur,0.5,3.4,Sportsbet,49,289,15192631,557460620,2660518477
Tottenham Hotspur v Arsenal,Tottenham Hotspur,Arsenal,Player Goals,Declan Rice,Arsenal,Tottenham Hotspur,0.5,5.5,Sportsbet,49,289,15192631,557460620,2660518464
Tottenham Hotspur v Arsenal,Tottenham Hotspur,Arsenal,Player Goals,Martin <c3><98>degaard,NA,NA,0.5,5,Sportsbet,49,289,15192631,557460620,2660518473
Tottenham Hotspur v Arsenal,Tottenham Hotspur,Arsenal,Player Goals,Christian N<c3><b8>rgaard,NA,NA,0.5,6.5,Sportsbet,49,289,15192631,557460620,2660518100
Tottenham Hotspur v Arsenal,Tottenham Hotspur,Arsenal,Player Goals,Gabriel Magalh<c3><a3>es,NA,NA,0.5,6.5,Sportsbet,49,289,15192631,557460620,2660518467
Tottenham Hotspur v Arsenal,Tottenham Hotspur,Arsenal,Player Goals,Martin Zubimendi,NA,NA,0.5,6.5,Sportsbet,49,289,15192631,557460620,2660518474
Tottenham Hotspur v Arsenal,Tottenham Hotspur,Arsenal,Player Goals,Myles Lewis-Skelly,Arsenal,Tottenham Hotspur,0.5,6.5,Sportsbet,49,289,15192631,557460620,2660518476
Tottenham Hotspur v Arsenal,Tottenham Hotspur,Arsenal,Player Goals,Jurrien Timber,NA,NA,0.5,8,Sportsbet,49,289,15192631,557460620,2660518469
Tottenham Hotspur v Arsenal,Tottenham Hotspur,Arsenal,Player Goals,Riccardo Calafiori,Arsenal,Tottenham Hotspur,0.5,8.5,Sportsbet,49,289,15192631,557460620,2660518479
Tottenham Hotspur v Arsenal,Tottenham Hotspur,Arsenal,Player Goals,Piero Hincapie,NA,NA,0.5,10,Sportsbet,49,289,15192631,557460620,2660518478
Tottenham Hotspur v Arsenal,Tottenham Hotspur,Arsenal,Player Goals,William Saliba,Arsenal,Tottenham Hotspur,0.5,12,Sportsbet,49,289,15192631,557460620,2660518481
Tottenham Hotspur v Arsenal,Tottenham Hotspur,Arsenal,Player Goals,Ben White,Arsenal,Tottenham Hotspur,0.5,13,Sportsbet,49,289,15192631,557460620,2660518098
Tottenham Hotspur v Arsenal,Tottenham Hotspur,Arsenal,Player Goals,Cristhian Mosquera,Arsenal,Tottenham Hotspur,0.5,15,Sportsbet,49,289,15192631,557460620,2660518101
Tottenham Hotspur v Arsenal,Tottenham Hotspur,Arsenal,Player Goals,Marli Salmon,Arsenal,Tottenham Hotspur,0.5,20,Sportsbet,49,289,15192631,557460620,2660518472
Tottenham Hotspur v Arsenal,Tottenham Hotspur,Arsenal,Player Goals,Dominic Solanke,Tottenham Hotspur,Arsenal,1.5,21,Sportsbet,49,289,15192631,557460616,2660518225
Tottenham Hotspur v Arsenal,Tottenham Hotspur,Arsenal,Player Goals,Richarlison,Tottenham Hotspur,Arsenal,1.5,23,Sportsbet,49,289,15192631,557460616,2660518236
Tottenham Hotspur v Arsenal,Tottenham Hotspur,Arsenal,Player Goals,Randal Kolo Muani,Tottenham Hotspur,Arsenal,1.5,34,Sportsbet,49,289,15192631,557460616,2660518235
Tottenham Hotspur v Arsenal,Tottenham Hotspur,Arsenal,Player Goals,Mathys Tel,Tottenham Hotspur,Arsenal,1.5,41,Sportsbet,49,289,15192631,557460616,2660518230
Tottenham Hotspur v Arsenal,Tottenham Hotspur,Arsenal,Player Goals,Xavi Simons,Tottenham Hotspur,Arsenal,1.5,51,Sportsbet,49,289,15192631,557460616,2660518240
Tottenham Hotspur v Arsenal,Tottenham Hotspur,Arsenal,Player Goals,Luca Williams-Barnett,NA,NA,1.5,61,Sportsbet,49,289,15192631,557460616,2660518229
Tottenham Hotspur v Arsenal,Tottenham Hotspur,Arsenal,Player Goals,Conor Gallagher,Tottenham Hotspur,Arsenal,1.5,101,Sportsbet,49,289,15192631,557460616,2660518223
Tottenham Hotspur v Arsenal,Tottenham Hotspur,Arsenal,Player Goals,Tynan Thompson,Tottenham Hotspur,Arsenal,1.5,101,Sportsbet,49,289,15192631,557460616,2660518239
Tottenham Hotspur v Arsenal,Tottenham Hotspur,Arsenal,Player Goals,Pape Matar Sarr,Tottenham Hotspur,Arsenal,1.5,126,Sportsbet,49,289,15192631,557460616,2660518232
Tottenham Hotspur v Arsenal,Tottenham Hotspur,Arsenal,Player Goals,Archie Gray,Tottenham Hotspur,Arsenal,1.5,151,Sportsbet,49,289,15192631,557460616,2660518221
Tottenham Hotspur v Arsenal,Tottenham Hotspur,Arsenal,Player Goals,Joao Palhinha,NA,NA,1.5,151,Sportsbet,49,289,15192631,557460616,2660518227
Tottenham Hotspur v Arsenal,Tottenham Hotspur,Arsenal,Player Goals,Callum Olusesi,Tottenham Hotspur,Arsenal,1.5,201,Sportsbet,49,289,15192631,557460616,2660518222
Tottenham Hotspur v Arsenal,Tottenham Hotspur,Arsenal,Player Goals,Djed Spence,Tottenham Hotspur,Arsenal,1.5,201,Sportsbet,49,289,15192631,557460616,2660518224
Tottenham Hotspur v Arsenal,Tottenham Hotspur,Arsenal,Player Goals,James Rowswell,Tottenham Hotspur,Arsenal,1.5,201,Sportsbet,49,289,15192631,557460616,2660518226
Tottenham Hotspur v Arsenal,Tottenham Hotspur,Arsenal,Player Goals,Jun'ai Byfield,Tottenham Hotspur,Arsenal,1.5,201,Sportsbet,49,289,15192631,557460616,2660518228
Tottenham Hotspur v Arsenal,Tottenham Hotspur,Arsenal,Player Goals,Micky van de Ven,Tottenham Hotspur,Arsenal,1.5,201,Sportsbet,49,289,15192631,557460616,2660518231
Tottenham Hotspur v Arsenal,Tottenham Hotspur,Arsenal,Player Goals,Pedro Porro,Tottenham Hotspur,Arsenal,1.5,201,Sportsbet,49,289,15192631,557460616,2660518233
Tottenham Hotspur v Arsenal,Tottenham Hotspur,Arsenal,Player Goals,Radu Dr<c4><83>gu<c8><99>in,NA,NA,1.5,201,Sportsbet,49,289,15192631,557460616,2660518234
Tottenham Hotspur v Arsenal,Tottenham Hotspur,Arsenal,Player Goals,Rio Kyerematen,Tottenham Hotspur,Arsenal,1.5,201,Sportsbet,49,289,15192631,557460616,2660518237
Tottenham Hotspur v Arsenal,Tottenham Hotspur,Arsenal,Player Goals,Souza,Tottenham Hotspur,Arsenal,1.5,201,Sportsbet,49,289,15192631,557460616,2660518238
Tottenham Hotspur v Arsenal,Tottenham Hotspur,Arsenal,Player Goals,Yves Bissouma,Tottenham Hotspur,Arsenal,1.5,201,Sportsbet,49,289,15192631,557460616,2660518241
Tottenham Hotspur v Arsenal,Tottenham Hotspur,Arsenal,Player Goals,Viktor Gyokeres,NA,NA,1.5,7.5,Sportsbet,49,289,15192631,557460616,2660518262
Tottenham Hotspur v Arsenal,Tottenham Hotspur,Arsenal,Player Goals,Gabriel Jesus,Arsenal,Tottenham Hotspur,1.5,8.5,Sportsbet,49,289,15192631,557460616,2660518248
Tottenham Hotspur v Arsenal,Tottenham Hotspur,Arsenal,Player Goals,Bukayo Saka,Arsenal,Tottenham Hotspur,1.5,11,Sportsbet,49,289,15192631,557460616,2660518243
Tottenham Hotspur v Arsenal,Tottenham Hotspur,Arsenal,Player Goals,Kai Havertz,Arsenal,Tottenham Hotspur,1.5,11,Sportsbet,49,289,15192631,557460616,2660518252
Tottenham Hotspur v Arsenal,Tottenham Hotspur,Arsenal,Player Goals,Leandro Trossard,Arsenal,Tottenham Hotspur,1.5,14,Sportsbet,49,289,15192631,557460616,2660518253
Tottenham Hotspur v Arsenal,Tottenham Hotspur,Arsenal,Player Goals,Eberechi Eze,Arsenal,Tottenham Hotspur,1.5,15,Sportsbet,49,289,15192631,557460616,2660518247
Tottenham Hotspur v Arsenal,Tottenham Hotspur,Arsenal,Player Goals,Eberechi Eze,Crystal Palace,Tottenham Hotspur,1.5,15,Sportsbet,49,289,15192631,557460616,2660518247
Tottenham Hotspur v Arsenal,Tottenham Hotspur,Arsenal,Player Goals,Gabriel Martinelli,Arsenal,Tottenham Hotspur,1.5,15,Sportsbet,49,289,15192631,557460616,2660518250
Tottenham Hotspur v Arsenal,Tottenham Hotspur,Arsenal,Player Goals,Noni Madueke,Arsenal,Tottenham Hotspur,1.5,15,Sportsbet,49,289,15192631,557460616,2660518259
Tottenham Hotspur v Arsenal,Tottenham Hotspur,Arsenal,Player Goals,Max Dowman,Arsenal,Tottenham Hotspur,1.5,17,Sportsbet,49,289,15192631,557460616,2660518257
Tottenham Hotspur v Arsenal,Tottenham Hotspur,Arsenal,Player Goals,Martin <c3><98>degaard,NA,NA,1.5,34,Sportsbet,49,289,15192631,557460616,2660518255
Tottenham Hotspur v Arsenal,Tottenham Hotspur,Arsenal,Player Goals,Declan Rice,Arsenal,Tottenham Hotspur,1.5,46,Sportsbet,49,289,15192631,557460616,2660518246
Tottenham Hotspur v Arsenal,Tottenham Hotspur,Arsenal,Player Goals,Christian N<c3><b8>rgaard,NA,NA,1.5,56,Sportsbet,49,289,15192631,557460616,2660518244
Tottenham Hotspur v Arsenal,Tottenham Hotspur,Arsenal,Player Goals,Gabriel Magalh<c3><a3>es,NA,NA,1.5,61,Sportsbet,49,289,15192631,557460616,2660518249
Tottenham Hotspur v Arsenal,Tottenham Hotspur,Arsenal,Player Goals,Myles Lewis-Skelly,Arsenal,Tottenham Hotspur,1.5,67,Sportsbet,49,289,15192631,557460616,2660518258
Tottenham Hotspur v Arsenal,Tottenham Hotspur,Arsenal,Player Goals,Martin Zubimendi,NA,NA,1.5,71,Sportsbet,49,289,15192631,557460616,2660518256
Tottenham Hotspur v Arsenal,Tottenham Hotspur,Arsenal,Player Goals,Jurrien Timber,NA,NA,1.5,101,Sportsbet,49,289,15192631,557460616,2660518251
Tottenham Hotspur v Arsenal,Tottenham Hotspur,Arsenal,Player Goals,Riccardo Calafiori,Arsenal,Tottenham Hotspur,1.5,101,Sportsbet,49,289,15192631,557460616,2660518261
Tottenham Hotspur v Arsenal,Tottenham Hotspur,Arsenal,Player Goals,Piero Hincapie,NA,NA,1.5,151,Sportsbet,49,289,15192631,557460616,2660518260
Tottenham Hotspur v Arsenal,Tottenham Hotspur,Arsenal,Player Goals,Ben White,Arsenal,Tottenham Hotspur,1.5,201,Sportsbet,49,289,15192631,557460616,2660518242
Tottenham Hotspur v Arsenal,Tottenham Hotspur,Arsenal,Player Goals,Cristhian Mosquera,Arsenal,Tottenham Hotspur,1.5,201,Sportsbet,49,289,15192631,557460616,2660518245
Tottenham Hotspur v Arsenal,Tottenham Hotspur,Arsenal,Player Goals,Marli Salmon,Arsenal,Tottenham Hotspur,1.5,201,Sportsbet,49,289,15192631,557460616,2660518254
Tottenham Hotspur v Arsenal,Tottenham Hotspur,Arsenal,Player Goals,William Saliba,Arsenal,Tottenham Hotspur,1.5,201,Sportsbet,49,289,15192631,557460616,2660518263
Tottenham Hotspur v Arsenal,Tottenham Hotspur,Arsenal,Player Goals,Dominic Solanke,Tottenham Hotspur,Arsenal,2.5,226,Sportsbet,49,289,15192631,557460636,2660518139
Tottenham Hotspur v Arsenal,Tottenham Hotspur,Arsenal,Player Goals,Archie Gray,Tottenham Hotspur,Arsenal,2.5,251,Sportsbet,49,289,15192631,557460636,2660518135
Tottenham Hotspur v Arsenal,Tottenham Hotspur,Arsenal,Player Goals,Callum Olusesi,Tottenham Hotspur,Arsenal,2.5,251,Sportsbet,49,289,15192631,557460636,2660518136
Tottenham Hotspur v Arsenal,Tottenham Hotspur,Arsenal,Player Goals,Conor Gallagher,Tottenham Hotspur,Arsenal,2.5,251,Sportsbet,49,289,15192631,557460636,2660518137
Tottenham Hotspur v Arsenal,Tottenham Hotspur,Arsenal,Player Goals,Djed Spence,Tottenham Hotspur,Arsenal,2.5,251,Sportsbet,49,289,15192631,557460636,2660518138
Tottenham Hotspur v Arsenal,Tottenham Hotspur,Arsenal,Player Goals,James Rowswell,Tottenham Hotspur,Arsenal,2.5,251,Sportsbet,49,289,15192631,557460636,2660518140
Tottenham Hotspur v Arsenal,Tottenham Hotspur,Arsenal,Player Goals,Joao Palhinha,NA,NA,2.5,251,Sportsbet,49,289,15192631,557460636,2660518141
Tottenham Hotspur v Arsenal,Tottenham Hotspur,Arsenal,Player Goals,Jun'ai Byfield,Tottenham Hotspur,Arsenal,2.5,251,Sportsbet,49,289,15192631,557460636,2660518142
Tottenham Hotspur v Arsenal,Tottenham Hotspur,Arsenal,Player Goals,Luca Williams-Barnett,NA,NA,2.5,251,Sportsbet,49,289,15192631,557460636,2660518143
Tottenham Hotspur v Arsenal,Tottenham Hotspur,Arsenal,Player Goals,Mathys Tel,Tottenham Hotspur,Arsenal,2.5,251,Sportsbet,49,289,15192631,557460636,2660518144
Tottenham Hotspur v Arsenal,Tottenham Hotspur,Arsenal,Player Goals,Micky van de Ven,Tottenham Hotspur,Arsenal,2.5,251,Sportsbet,49,289,15192631,557460636,2660518145
Tottenham Hotspur v Arsenal,Tottenham Hotspur,Arsenal,Player Goals,Pape Matar Sarr,Tottenham Hotspur,Arsenal,2.5,251,Sportsbet,49,289,15192631,557460636,2660518146
Tottenham Hotspur v Arsenal,Tottenham Hotspur,Arsenal,Player Goals,Pedro Porro,Tottenham Hotspur,Arsenal,2.5,251,Sportsbet,49,289,15192631,557460636,2660518147
Tottenham Hotspur v Arsenal,Tottenham Hotspur,Arsenal,Player Goals,Radu Dr<c4><83>gu<c8><99>in,NA,NA,2.5,251,Sportsbet,49,289,15192631,557460636,2660518148
Tottenham Hotspur v Arsenal,Tottenham Hotspur,Arsenal,Player Goals,Randal Kolo Muani,Tottenham Hotspur,Arsenal,2.5,251,Sportsbet,49,289,15192631,557460636,2660518149
Tottenham Hotspur v Arsenal,Tottenham Hotspur,Arsenal,Player Goals,Richarlison,Tottenham Hotspur,Arsenal,2.5,251,Sportsbet,49,289,15192631,557460636,2660518150
Tottenham Hotspur v Arsenal,Tottenham Hotspur,Arsenal,Player Goals,Rio Kyerematen,Tottenham Hotspur,Arsenal,2.5,251,Sportsbet,49,289,15192631,557460636,2660518151
Tottenham Hotspur v Arsenal,Tottenham Hotspur,Arsenal,Player Goals,Souza,Tottenham Hotspur,Arsenal,2.5,251,Sportsbet,49,289,15192631,557460636,2660518152
Tottenham Hotspur v Arsenal,Tottenham Hotspur,Arsenal,Player Goals,Tynan Thompson,Tottenham Hotspur,Arsenal,2.5,251,Sportsbet,49,289,15192631,557460636,2660518153
Tottenham Hotspur v Arsenal,Tottenham Hotspur,Arsenal,Player Goals,Xavi Simons,Tottenham Hotspur,Arsenal,2.5,251,Sportsbet,49,289,15192631,557460636,2660518154
Tottenham Hotspur v Arsenal,Tottenham Hotspur,Arsenal,Player Goals,Yves Bissouma,Tottenham Hotspur,Arsenal,2.5,251,Sportsbet,49,289,15192631,557460636,2660518155
Tottenham Hotspur v Arsenal,Tottenham Hotspur,Arsenal,Player Goals,Viktor Gyokeres,NA,NA,2.5,41,Sportsbet,49,289,15192631,557460636,2660518176
Tottenham Hotspur v Arsenal,Tottenham Hotspur,Arsenal,Player Goals,Gabriel Jesus,Arsenal,Tottenham Hotspur,2.5,51,Sportsbet,49,289,15192631,557460636,2660518162
Tottenham Hotspur v Arsenal,Tottenham Hotspur,Arsenal,Player Goals,Kai Havertz,Arsenal,Tottenham Hotspur,2.5,71,Sportsbet,49,289,15192631,557460636,2660518166
Tottenham Hotspur v Arsenal,Tottenham Hotspur,Arsenal,Player Goals,Bukayo Saka,Arsenal,Tottenham Hotspur,2.5,76,Sportsbet,49,289,15192631,557460636,2660518157
Tottenham Hotspur v Arsenal,Tottenham Hotspur,Arsenal,Player Goals,Leandro Trossard,Arsenal,Tottenham Hotspur,2.5,126,Sportsbet,49,289,15192631,557460636,2660518167
Tottenham Hotspur v Arsenal,Tottenham Hotspur,Arsenal,Player Goals,Eberechi Eze,Arsenal,Tottenham Hotspur,2.5,151,Sportsbet,49,289,15192631,557460636,2660518161
Tottenham Hotspur v Arsenal,Tottenham Hotspur,Arsenal,Player Goals,Eberechi Eze,Crystal Palace,Tottenham Hotspur,2.5,151,Sportsbet,49,289,15192631,557460636,2660518161
Tottenham Hotspur v Arsenal,Tottenham Hotspur,Arsenal,Player Goals,Gabriel Martinelli,Arsenal,Tottenham Hotspur,2.5,151,Sportsbet,49,289,15192631,557460636,2660518164
Tottenham Hotspur v Arsenal,Tottenham Hotspur,Arsenal,Player Goals,Max Dowman,Arsenal,Tottenham Hotspur,2.5,151,Sportsbet,49,289,15192631,557460636,2660518171
Tottenham Hotspur v Arsenal,Tottenham Hotspur,Arsenal,Player Goals,Noni Madueke,Arsenal,Tottenham Hotspur,2.5,151,Sportsbet,49,289,15192631,557460636,2660518173
Tottenham Hotspur v Arsenal,Tottenham Hotspur,Arsenal,Player Goals,Ben White,Arsenal,Tottenham Hotspur,2.5,251,Sportsbet,49,289,15192631,557460636,2660518156
Tottenham Hotspur v Arsenal,Tottenham Hotspur,Arsenal,Player Goals,Christian N<c3><b8>rgaard,NA,NA,2.5,251,Sportsbet,49,289,15192631,557460636,2660518158
Tottenham Hotspur v Arsenal,Tottenham Hotspur,Arsenal,Player Goals,Cristhian Mosquera,Arsenal,Tottenham Hotspur,2.5,251,Sportsbet,49,289,15192631,557460636,2660518159
Tottenham Hotspur v Arsenal,Tottenham Hotspur,Arsenal,Player Goals,Declan Rice,Arsenal,Tottenham Hotspur,2.5,251,Sportsbet,49,289,15192631,557460636,2660518160
Tottenham Hotspur v Arsenal,Tottenham Hotspur,Arsenal,Player Goals,Gabriel Magalh<c3><a3>es,NA,NA,2.5,251,Sportsbet,49,289,15192631,557460636,2660518163
Tottenham Hotspur v Arsenal,Tottenham Hotspur,Arsenal,Player Goals,Jurrien Timber,NA,NA,2.5,251,Sportsbet,49,289,15192631,557460636,2660518165
Tottenham Hotspur v Arsenal,Tottenham Hotspur,Arsenal,Player Goals,Marli Salmon,Arsenal,Tottenham Hotspur,2.5,251,Sportsbet,49,289,15192631,557460636,2660518168
Tottenham Hotspur v Arsenal,Tottenham Hotspur,Arsenal,Player Goals,Martin <c3><98>degaard,NA,NA,2.5,251,Sportsbet,49,289,15192631,557460636,2660518169
Tottenham Hotspur v Arsenal,Tottenham Hotspur,Arsenal,Player Goals,Martin Zubimendi,NA,NA,2.5,251,Sportsbet,49,289,15192631,557460636,2660518170
Tottenham Hotspur v Arsenal,Tottenham Hotspur,Arsenal,Player Goals,Myles Lewis-Skelly,Arsenal,Tottenham Hotspur,2.5,251,Sportsbet,49,289,15192631,557460636,2660518172
Tottenham Hotspur v Arsenal,Tottenham Hotspur,Arsenal,Player Goals,Piero Hincapie,NA,NA,2.5,251,Sportsbet,49,289,15192631,557460636,2660518174
Tottenham Hotspur v Arsenal,Tottenham Hotspur,Arsenal,Player Goals,Riccardo Calafiori,Arsenal,Tottenham Hotspur,2.5,251,Sportsbet,49,289,15192631,557460636,2660518175
Tottenham Hotspur v Arsenal,Tottenham Hotspur,Arsenal,Player Goals,William Saliba,Arsenal,Tottenham Hotspur,2.5,251,Sportsbet,49,289,15192631,557460636,2660518177
Everton v Manchester United,Everton,Manchester United,Player Goals,Beto,Everton,Manchester United,0.5,3,Sportsbet,49,289,15192645,557465678,2660540238
Everton v Manchester United,Everton,Manchester United,Player Goals,Iliman Ndiaye,Everton,Manchester United,0.5,3.75,Sportsbet,49,289,15192645,557465678,2660540243
Everton v Manchester United,Everton,Manchester United,Player Goals,Thierno Barry,Everton,Manchester United,0.5,3.5,Sportsbet,49,289,15192645,557465678,2660540252
Everton v Manchester United,Everton,Manchester United,Player Goals,Charly Alcaraz,NA,NA,0.5,4.5,Sportsbet,49,289,15192645,557465678,2660540239
Everton v Manchester United,Everton,Manchester United,Player Goals,Tyler Dibling,Everton,Manchester United,0.5,4.5,Sportsbet,49,289,15192645,557465678,2660540254
Everton v Manchester United,Everton,Manchester United,Player Goals,Tyler Dibling,Southampton,Everton,0.5,4.5,Sportsbet,49,289,15192645,557465678,2660540254
Everton v Manchester United,Everton,Manchester United,Player Goals,Tyrique George,Chelsea,Everton,0.5,4,Sportsbet,49,289,15192645,557465678,2660540255
Everton v Manchester United,Everton,Manchester United,Player Goals,Dwight McNeil,Everton,Manchester United,0.5,5.5,Sportsbet,49,289,15192645,557465678,2660540240
Everton v Manchester United,Everton,Manchester United,Player Goals,Kiernan Dewsbury-Hall,Everton,Manchester United,0.5,5,Sportsbet,49,289,15192645,557465678,2660540247
Everton v Manchester United,Everton,Manchester United,Player Goals,Harrison Armstrong,Everton,Manchester United,0.5,6,Sportsbet,49,289,15192645,557465678,2660540241
Everton v Manchester United,Everton,Manchester United,Player Goals,Merlin Rohl,NA,NA,0.5,6.5,Sportsbet,49,289,15192645,557465678,2660540248
Everton v Manchester United,Everton,Manchester United,Player Goals,Michael Keane,Everton,Manchester United,0.5,7,Sportsbet,49,289,15192645,557465678,2660540249
Everton v Manchester United,Everton,Manchester United,Player Goals,Idrissa Gueye,Everton,Manchester United,0.5,11,Sportsbet,49,289,15192645,557465678,2660540242
Everton v Manchester United,Everton,Manchester United,Player Goals,James Garner,Everton,Manchester United,0.5,12,Sportsbet,49,289,15192645,557465678,2660540244
Everton v Manchester United,Everton,Manchester United,Player Goals,Tim Iroegbunam,Everton,Manchester United,0.5,12,Sportsbet,49,289,15192645,557465678,2660540253
Everton v Manchester United,Everton,Manchester United,Player Goals,Nathan Patterson,Everton,Manchester United,0.5,14,Sportsbet,49,289,15192645,557465678,2660540250
Everton v Manchester United,Everton,Manchester United,Player Goals,Adam Aznou,Everton,Manchester United,0.5,15,Sportsbet,49,289,15192645,557465678,2660540237
Everton v Manchester United,Everton,Manchester United,Player Goals,James Tarkowski,Everton,Manchester United,0.5,15,Sportsbet,49,289,15192645,557465678,2660540245
Everton v Manchester United,Everton,Manchester United,Player Goals,Jarrad Branthwaite,Everton,Manchester United,0.5,17,Sportsbet,49,289,15192645,557465678,2660540246
Everton v Manchester United,Everton,Manchester United,Player Goals,S<c3><a9>amus Coleman,NA,NA,0.5,19,Sportsbet,49,289,15192645,557465678,2660540251
Everton v Manchester United,Everton,Manchester United,Player Goals,Vitaliy Mykolenko,Everton,Manchester United,0.5,19,Sportsbet,49,289,15192645,557465678,2660540256
Everton v Manchester United,Everton,Manchester United,Player Goals,Benjamin Sesko,Manchester United,Everton,0.5,2.4,Sportsbet,49,289,15192645,557465678,2660540259
Everton v Manchester United,Everton,Manchester United,Player Goals,Bryan Mbeumo,Manchester United,Everton,0.5,2.5,Sportsbet,49,289,15192645,557465678,2660540261
Everton v Manchester United,Everton,Manchester United,Player Goals,Matheus Cunha,Manchester United,Everton,0.5,2.75,Sportsbet,49,289,15192645,557465678,2660540613
Everton v Manchester United,Everton,Manchester United,Player Goals,Amad Diallo,Manchester United,Everton,0.5,3.6,Sportsbet,49,289,15192645,557465678,2660540257
Everton v Manchester United,Everton,Manchester United,Player Goals,Bruno Fernandes,Manchester United,Everton,0.5,3,Sportsbet,49,289,15192645,557465678,2660540260
Everton v Manchester United,Everton,Manchester United,Player Goals,Joshua Zirkzee,Manchester United,Everton,0.5,3.1,Sportsbet,49,289,15192645,557465678,2660540606
Everton v Manchester United,Everton,Manchester United,Player Goals,Mason Mount,Manchester United,Everton,0.5,4,Sportsbet,49,289,15192645,557465678,2660540612
Everton v Manchester United,Everton,Manchester United,Player Goals,Shea Lacey,Manchester United,Everton,0.5,4,Sportsbet,49,289,15192645,557465678,2660540616
Everton v Manchester United,Everton,Manchester United,Player Goals,Casemiro,Manchester United,Everton,0.5,5,Sportsbet,49,289,15192645,557465678,2660540262
Everton v Manchester United,Everton,Manchester United,Player Goals,Jack Fletcher,Manchester United,Everton,0.5,7.5,Sportsbet,49,289,15192645,557465678,2660540265
Everton v Manchester United,Everton,Manchester United,Player Goals,Tyler Fletcher,Manchester United,Everton,0.5,7,Sportsbet,49,289,15192645,557465678,2660540617
Everton v Manchester United,Everton,Manchester United,Player Goals,Kobbie Mainoo,Manchester United,Everton,0.5,8,Sportsbet,49,289,15192645,557465678,2660540607
Everton v Manchester United,Everton,Manchester United,Player Goals,Harry Maguire,Manchester United,Everton,0.5,9,Sportsbet,49,289,15192645,557465678,2660540264
Everton v Manchester United,Everton,Manchester United,Player Goals,Diogo Dalot,Manchester United,Everton,0.5,10,Sportsbet,49,289,15192645,557465678,2660540263
Everton v Manchester United,Everton,Manchester United,Player Goals,Manuel Ugarte,Manchester United,Everton,0.5,10,Sportsbet,49,289,15192645,557465678,2660540611
Everton v Manchester United,Everton,Manchester United,Player Goals,Ayden Heaven,Manchester United,Everton,0.5,11,Sportsbet,49,289,15192645,557465678,2660540258
Everton v Manchester United,Everton,Manchester United,Player Goals,Luke Shaw,Manchester United,Everton,0.5,11,Sportsbet,49,289,15192645,557465678,2660540610
Everton v Manchester United,Everton,Manchester United,Player Goals,Matthijs de Ligt,Manchester United,Everton,0.5,11,Sportsbet,49,289,15192645,557465678,2660540614
Everton v Manchester United,Everton,Manchester United,Player Goals,Tyrell Malacia,Manchester United,Everton,0.5,11,Sportsbet,49,289,15192645,557465678,2660540618
Everton v Manchester United,Everton,Manchester United,Player Goals,Leny Yoro,Manchester United,Everton,0.5,12,Sportsbet,49,289,15192645,557465678,2660540608
Everton v Manchester United,Everton,Manchester United,Player Goals,Lisandro Mart<c3><ad>nez,NA,NA,0.5,12,Sportsbet,49,289,15192645,557465678,2660540609
Everton v Manchester United,Everton,Manchester United,Player Goals,Noussair Mazraoui,Manchester United,Everton,0.5,14,Sportsbet,49,289,15192645,557465678,2660540615
Everton v Manchester United,Everton,Manchester United,Player Goals,Beto,Everton,Manchester United,1.5,12,Sportsbet,49,289,15192645,557465674,2660540365
Everton v Manchester United,Everton,Manchester United,Player Goals,Thierno Barry,Everton,Manchester United,1.5,15,Sportsbet,49,289,15192645,557465674,2660540379
Everton v Manchester United,Everton,Manchester United,Player Goals,Iliman Ndiaye,Everton,Manchester United,1.5,19,Sportsbet,49,289,15192645,557465674,2660540370
Everton v Manchester United,Everton,Manchester United,Player Goals,Tyrique George,Chelsea,Everton,1.5,21,Sportsbet,49,289,15192645,557465674,2660540382
Everton v Manchester United,Everton,Manchester United,Player Goals,Tyler Dibling,Everton,Manchester United,1.5,31,Sportsbet,49,289,15192645,557465674,2660540381
Everton v Manchester United,Everton,Manchester United,Player Goals,Tyler Dibling,Southampton,Everton,1.5,31,Sportsbet,49,289,15192645,557465674,2660540381
Everton v Manchester United,Everton,Manchester United,Player Goals,Charly Alcaraz,NA,NA,1.5,34,Sportsbet,49,289,15192645,557465674,2660540366
Everton v Manchester United,Everton,Manchester United,Player Goals,Dwight McNeil,Everton,Manchester United,1.5,41,Sportsbet,49,289,15192645,557465674,2660540367
Everton v Manchester United,Everton,Manchester United,Player Goals,Kiernan Dewsbury-Hall,Everton,Manchester United,1.5,41,Sportsbet,49,289,15192645,557465674,2660540374
Everton v Manchester United,Everton,Manchester United,Player Goals,Harrison Armstrong,Everton,Manchester United,1.5,56,Sportsbet,49,289,15192645,557465674,2660540368
Everton v Manchester United,Everton,Manchester United,Player Goals,Merlin Rohl,NA,NA,1.5,67,Sportsbet,49,289,15192645,557465674,2660540375
Everton v Manchester United,Everton,Manchester United,Player Goals,Michael Keane,Everton,Manchester United,1.5,81,Sportsbet,49,289,15192645,557465674,2660540376
Everton v Manchester United,Everton,Manchester United,Player Goals,Adam Aznou,Everton,Manchester United,1.5,201,Sportsbet,49,289,15192645,557465674,2660540364
Everton v Manchester United,Everton,Manchester United,Player Goals,Idrissa Gueye,Everton,Manchester United,1.5,201,Sportsbet,49,289,15192645,557465674,2660540369
Everton v Manchester United,Everton,Manchester United,Player Goals,James Garner,Everton,Manchester United,1.5,201,Sportsbet,49,289,15192645,557465674,2660540371
Everton v Manchester United,Everton,Manchester United,Player Goals,James Tarkowski,Everton,Manchester United,1.5,201,Sportsbet,49,289,15192645,557465674,2660540372
Everton v Manchester United,Everton,Manchester United,Player Goals,Jarrad Branthwaite,Everton,Manchester United,1.5,201,Sportsbet,49,289,15192645,557465674,2660540373
Everton v Manchester United,Everton,Manchester United,Player Goals,Nathan Patterson,Everton,Manchester United,1.5,201,Sportsbet,49,289,15192645,557465674,2660540377
Everton v Manchester United,Everton,Manchester United,Player Goals,S<c3><a9>amus Coleman,NA,NA,1.5,201,Sportsbet,49,289,15192645,557465674,2660540378
Everton v Manchester United,Everton,Manchester United,Player Goals,Tim Iroegbunam,Everton,Manchester United,1.5,201,Sportsbet,49,289,15192645,557465674,2660540380
Everton v Manchester United,Everton,Manchester United,Player Goals,Vitaliy Mykolenko,Everton,Manchester United,1.5,201,Sportsbet,49,289,15192645,557465674,2660540383
Everton v Manchester United,Everton,Manchester United,Player Goals,Benjamin Sesko,Manchester United,Everton,1.5,8,Sportsbet,49,289,15192645,557465674,2660540386
Everton v Manchester United,Everton,Manchester United,Player Goals,Bryan Mbeumo,Manchester United,Everton,1.5,9.5,Sportsbet,49,289,15192645,557465674,2660540388
Everton v Manchester United,Everton,Manchester United,Player Goals,Matheus Cunha,Manchester United,Everton,1.5,10,Sportsbet,49,289,15192645,557465674,2660540400
Everton v Manchester United,Everton,Manchester United,Player Goals,Bruno Fernandes,Manchester United,Everton,1.5,12,Sportsbet,49,289,15192645,557465674,2660540387
Everton v Manchester United,Everton,Manchester United,Player Goals,Joshua Zirkzee,Manchester United,Everton,1.5,13,Sportsbet,49,289,15192645,557465674,2660540393
Everton v Manchester United,Everton,Manchester United,Player Goals,Amad Diallo,Manchester United,Everton,1.5,18,Sportsbet,49,289,15192645,557465674,2660540384
Everton v Manchester United,Everton,Manchester United,Player Goals,Mason Mount,Manchester United,Everton,1.5,21,Sportsbet,49,289,15192645,557465674,2660540399
Everton v Manchester United,Everton,Manchester United,Player Goals,Shea Lacey,Manchester United,Everton,1.5,23,Sportsbet,49,289,15192645,557465674,2660540403
Everton v Manchester United,Everton,Manchester United,Player Goals,Casemiro,Manchester United,Everton,1.5,36,Sportsbet,49,289,15192645,557465674,2660540389
Everton v Manchester United,Everton,Manchester United,Player Goals,Tyler Fletcher,Manchester United,Everton,1.5,76,Sportsbet,49,289,15192645,557465674,2660540404
Everton v Manchester United,Everton,Manchester United,Player Goals,Jack Fletcher,Manchester United,Everton,1.5,81,Sportsbet,49,289,15192645,557465674,2660540392
Everton v Manchester United,Everton,Manchester United,Player Goals,Kobbie Mainoo,Manchester United,Everton,1.5,81,Sportsbet,49,289,15192645,557465674,2660540394
Everton v Manchester United,Everton,Manchester United,Player Goals,Harry Maguire,Manchester United,Everton,1.5,126,Sportsbet,49,289,15192645,557465674,2660540391
Everton v Manchester United,Everton,Manchester United,Player Goals,Diogo Dalot,Manchester United,Everton,1.5,151,Sportsbet,49,289,15192645,557465674,2660540390
Everton v Manchester United,Everton,Manchester United,Player Goals,Manuel Ugarte,Manchester United,Everton,1.5,176,Sportsbet,49,289,15192645,557465674,2660540398
Everton v Manchester United,Everton,Manchester United,Player Goals,Tyrell Malacia,Manchester United,Everton,1.5,176,Sportsbet,49,289,15192645,557465674,2660540405
Everton v Manchester United,Everton,Manchester United,Player Goals,Ayden Heaven,Manchester United,Everton,1.5,201,Sportsbet,49,289,15192645,557465674,2660540385
Everton v Manchester United,Everton,Manchester United,Player Goals,Leny Yoro,Manchester United,Everton,1.5,201,Sportsbet,49,289,15192645,557465674,2660540395
Everton v Manchester United,Everton,Manchester United,Player Goals,Lisandro Mart<c3><ad>nez,NA,NA,1.5,201,Sportsbet,49,289,15192645,557465674,2660540396
Everton v Manchester United,Everton,Manchester United,Player Goals,Luke Shaw,Manchester United,Everton,1.5,201,Sportsbet,49,289,15192645,557465674,2660540397
Everton v Manchester United,Everton,Manchester United,Player Goals,Matthijs de Ligt,Manchester United,Everton,1.5,201,Sportsbet,49,289,15192645,557465674,2660540401
Everton v Manchester United,Everton,Manchester United,Player Goals,Noussair Mazraoui,Manchester United,Everton,1.5,201,Sportsbet,49,289,15192645,557465674,2660540402
Everton v Manchester United,Everton,Manchester United,Player Goals,Beto,Everton,Manchester United,2.5,91,Sportsbet,49,289,15192645,557465694,2660540281
Everton v Manchester United,Everton,Manchester United,Player Goals,Thierno Barry,Everton,Manchester United,2.5,151,Sportsbet,49,289,15192645,557465694,2660540295
Everton v Manchester United,Everton,Manchester United,Player Goals,Iliman Ndiaye,Everton,Manchester United,2.5,201,Sportsbet,49,289,15192645,557465694,2660540286
Everton v Manchester United,Everton,Manchester United,Player Goals,Tyrique George,Chelsea,Everton,2.5,201,Sportsbet,49,289,15192645,557465694,2660540298
Everton v Manchester United,Everton,Manchester United,Player Goals,Adam Aznou,Everton,Manchester United,2.5,251,Sportsbet,49,289,15192645,557465694,2660540280
Everton v Manchester United,Everton,Manchester United,Player Goals,Charly Alcaraz,NA,NA,2.5,251,Sportsbet,49,289,15192645,557465694,2660540282
Everton v Manchester United,Everton,Manchester United,Player Goals,Dwight McNeil,Everton,Manchester United,2.5,251,Sportsbet,49,289,15192645,557465694,2660540283
Everton v Manchester United,Everton,Manchester United,Player Goals,Harrison Armstrong,Everton,Manchester United,2.5,251,Sportsbet,49,289,15192645,557465694,2660540284
Everton v Manchester United,Everton,Manchester United,Player Goals,Idrissa Gueye,Everton,Manchester United,2.5,251,Sportsbet,49,289,15192645,557465694,2660540285
Everton v Manchester United,Everton,Manchester United,Player Goals,James Garner,Everton,Manchester United,2.5,251,Sportsbet,49,289,15192645,557465694,2660540287
Everton v Manchester United,Everton,Manchester United,Player Goals,James Tarkowski,Everton,Manchester United,2.5,251,Sportsbet,49,289,15192645,557465694,2660540288
Everton v Manchester United,Everton,Manchester United,Player Goals,Jarrad Branthwaite,Everton,Manchester United,2.5,251,Sportsbet,49,289,15192645,557465694,2660540289
Everton v Manchester United,Everton,Manchester United,Player Goals,Kiernan Dewsbury-Hall,Everton,Manchester United,2.5,251,Sportsbet,49,289,15192645,557465694,2660540290
Everton v Manchester United,Everton,Manchester United,Player Goals,Merlin Rohl,NA,NA,2.5,251,Sportsbet,49,289,15192645,557465694,2660540291
Everton v Manchester United,Everton,Manchester United,Player Goals,Michael Keane,Everton,Manchester United,2.5,251,Sportsbet,49,289,15192645,557465694,2660540292
Everton v Manchester United,Everton,Manchester United,Player Goals,Nathan Patterson,Everton,Manchester United,2.5,251,Sportsbet,49,289,15192645,557465694,2660540293
Everton v Manchester United,Everton,Manchester United,Player Goals,S<c3><a9>amus Coleman,NA,NA,2.5,251,Sportsbet,49,289,15192645,557465694,2660540294
Everton v Manchester United,Everton,Manchester United,Player Goals,Tim Iroegbunam,Everton,Manchester United,2.5,251,Sportsbet,49,289,15192645,557465694,2660540296
Everton v Manchester United,Everton,Manchester United,Player Goals,Tyler Dibling,Everton,Manchester United,2.5,251,Sportsbet,49,289,15192645,557465694,2660540297
Everton v Manchester United,Everton,Manchester United,Player Goals,Tyler Dibling,Southampton,Everton,2.5,251,Sportsbet,49,289,15192645,557465694,2660540297
Everton v Manchester United,Everton,Manchester United,Player Goals,Vitaliy Mykolenko,Everton,Manchester United,2.5,251,Sportsbet,49,289,15192645,557465694,2660540299
Everton v Manchester United,Everton,Manchester United,Player Goals,Benjamin Sesko,Manchester United,Everton,2.5,46,Sportsbet,49,289,15192645,557465694,2660540302
Everton v Manchester United,Everton,Manchester United,Player Goals,Bryan Mbeumo,Manchester United,Everton,2.5,56,Sportsbet,49,289,15192645,557465694,2660540304
Everton v Manchester United,Everton,Manchester United,Player Goals,Matheus Cunha,Manchester United,Everton,2.5,71,Sportsbet,49,289,15192645,557465694,2660540316
Everton v Manchester United,Everton,Manchester United,Player Goals,Bruno Fernandes,Manchester United,Everton,2.5,101,Sportsbet,49,289,15192645,557465694,2660540303
Everton v Manchester United,Everton,Manchester United,Player Goals,Joshua Zirkzee,Manchester United,Everton,2.5,101,Sportsbet,49,289,15192645,557465694,2660540309
Everton v Manchester United,Everton,Manchester United,Player Goals,Amad Diallo,Manchester United,Everton,2.5,176,Sportsbet,49,289,15192645,557465694,2660540300
Everton v Manchester United,Everton,Manchester United,Player Goals,Ayden Heaven,Manchester United,Everton,2.5,251,Sportsbet,49,289,15192645,557465694,2660540301
Everton v Manchester United,Everton,Manchester United,Player Goals,Casemiro,Manchester United,Everton,2.5,251,Sportsbet,49,289,15192645,557465694,2660540305
Everton v Manchester United,Everton,Manchester United,Player Goals,Diogo Dalot,Manchester United,Everton,2.5,251,Sportsbet,49,289,15192645,557465694,2660540306
Everton v Manchester United,Everton,Manchester United,Player Goals,Harry Maguire,Manchester United,Everton,2.5,251,Sportsbet,49,289,15192645,557465694,2660540307
Everton v Manchester United,Everton,Manchester United,Player Goals,Jack Fletcher,Manchester United,Everton,2.5,251,Sportsbet,49,289,15192645,557465694,2660540308
Everton v Manchester United,Everton,Manchester United,Player Goals,Kobbie Mainoo,Manchester United,Everton,2.5,251,Sportsbet,49,289,15192645,557465694,2660540310
Everton v Manchester United,Everton,Manchester United,Player Goals,Leny Yoro,Manchester United,Everton,2.5,251,Sportsbet,49,289,15192645,557465694,2660540311
Everton v Manchester United,Everton,Manchester United,Player Goals,Lisandro Mart<c3><ad>nez,NA,NA,2.5,251,Sportsbet,49,289,15192645,557465694,2660540312
Everton v Manchester United,Everton,Manchester United,Player Goals,Luke Shaw,Manchester United,Everton,2.5,251,Sportsbet,49,289,15192645,557465694,2660540313
Everton v Manchester United,Everton,Manchester United,Player Goals,Manuel Ugarte,Manchester United,Everton,2.5,251,Sportsbet,49,289,15192645,557465694,2660540314
Everton v Manchester United,Everton,Manchester United,Player Goals,Mason Mount,Manchester United,Everton,2.5,251,Sportsbet,49,289,15192645,557465694,2660540315
Everton v Manchester United,Everton,Manchester United,Player Goals,Matthijs de Ligt,Manchester United,Everton,2.5,251,Sportsbet,49,289,15192645,557465694,2660540317
Everton v Manchester United,Everton,Manchester United,Player Goals,Noussair Mazraoui,Manchester United,Everton,2.5,251,Sportsbet,49,289,15192645,557465694,2660540318
Everton v Manchester United,Everton,Manchester United,Player Goals,Shea Lacey,Manchester United,Everton,2.5,251,Sportsbet,49,289,15192645,557465694,2660540319
Everton v Manchester United,Everton,Manchester United,Player Goals,Tyler Fletcher,Manchester United,Everton,2.5,251,Sportsbet,49,289,15192645,557465694,2660540320
Everton v Manchester United,Everton,Manchester United,Player Goals,Tyrell Malacia,Manchester United,Everton,2.5,251,Sportsbet,49,289,15192645,557465694,2660540321
