match,start_time,market_name,home_team,away_team,player_name,player_team,opposition_team,line,over_price,agency
Bournemouth v Sunderland,2026-02-28T12:30:00.000Z,Player Goals,Bournemouth,Sunderland,Adam Smith,Bournemouth,Sunderland,0.5,11,TAB
Bournemouth v Sunderland,2026-02-28T12:30:00.000Z,Player Goals,Bournemouth,Sunderland,Adam Smith,Bournemouth,Sunderland,1.5,151,TAB
Bournemouth v Sunderland,2026-02-28T12:30:00.000Z,Player Goals,Bournemouth,Sunderland,Adam Smith,Bournemouth,Sunderland,2.5,301,TAB
Bournemouth v Sunderland,2026-02-28T12:30:00.000Z,Player Goals,Bournemouth,Sunderland,Adrien Truffert,Bournemouth,Sunderland,0.5,6.5,TAB
Bournemouth v Sunderland,2026-02-28T12:30:00.000Z,Player Goals,Bournemouth,Sunderland,Adrien Truffert,Bournemouth,Sunderland,1.5,81,TAB
Bournemouth v Sunderland,2026-02-28T12:30:00.000Z,Player Goals,Bournemouth,Sunderland,Adrien Truffert,Bournemouth,Sunderland,2.5,301,TAB
Bournemouth v Sunderland,2026-02-28T12:30:00.000Z,Player Goals,Bournemouth,Sunderland,Alex Jimenez,NA,NA,0.5,5,TAB
Bournemouth v Sunderland,2026-02-28T12:30:00.000Z,Player Goals,Bournemouth,Sunderland,Alex Jimenez,NA,NA,1.5,34,TAB
Bournemouth v Sunderland,2026-02-28T12:30:00.000Z,Player Goals,Bournemouth,Sunderland,Alex Jimenez,NA,NA,2.5,201,TAB
Bournemouth v Sunderland,2026-02-28T12:30:00.000Z,Player Goals,Bournemouth,Sunderland,Alex Scott,Bournemouth,Sunderland,0.5,5,TAB
Bournemouth v Sunderland,2026-02-28T12:30:00.000Z,Player Goals,Bournemouth,Sunderland,Alex Scott,Bournemouth,Sunderland,1.5,34,TAB
Bournemouth v Sunderland,2026-02-28T12:30:00.000Z,Player Goals,Bournemouth,Sunderland,Alex Scott,Bournemouth,Sunderland,2.5,201,TAB
Bournemouth v Sunderland,2026-02-28T12:30:00.000Z,Player Goals,Bournemouth,Sunderland,Alex Toth,NA,NA,0.5,5,TAB
Bournemouth v Sunderland,2026-02-28T12:30:00.000Z,Player Goals,Bournemouth,Sunderland,Alex Toth,NA,NA,1.5,34,TAB
Bournemouth v Sunderland,2026-02-28T12:30:00.000Z,Player Goals,Bournemouth,Sunderland,Alex Toth,NA,NA,2.5,201,TAB
Bournemouth v Sunderland,2026-02-28T12:30:00.000Z,Player Goals,Bournemouth,Sunderland,Amine Adli,Bournemouth,Sunderland,0.5,2.8,TAB
Bournemouth v Sunderland,2026-02-28T12:30:00.000Z,Player Goals,Bournemouth,Sunderland,Amine Adli,Bournemouth,Sunderland,1.5,10,TAB
Bournemouth v Sunderland,2026-02-28T12:30:00.000Z,Player Goals,Bournemouth,Sunderland,Amine Adli,Bournemouth,Sunderland,2.5,67,TAB
Bournemouth v Sunderland,2026-02-28T12:30:00.000Z,Player Goals,Bournemouth,Sunderland,Bafode Diakite,NA,NA,0.5,6.5,TAB
Bournemouth v Sunderland,2026-02-28T12:30:00.000Z,Player Goals,Bournemouth,Sunderland,Bafode Diakite,NA,NA,1.5,81,TAB
Bournemouth v Sunderland,2026-02-28T12:30:00.000Z,Player Goals,Bournemouth,Sunderland,Bafode Diakite,NA,NA,2.5,301,TAB
Bournemouth v Sunderland,2026-02-28T12:30:00.000Z,Player Goals,Bournemouth,Sunderland,Chemsdine Talbi,NA,NA,0.5,4,TAB
Bournemouth v Sunderland,2026-02-28T12:30:00.000Z,Player Goals,Bournemouth,Sunderland,Chemsdine Talbi,NA,NA,1.5,21,TAB
Bournemouth v Sunderland,2026-02-28T12:30:00.000Z,Player Goals,Bournemouth,Sunderland,Chemsdine Talbi,NA,NA,2.5,151,TAB
Bournemouth v Sunderland,2026-02-28T12:30:00.000Z,Player Goals,Bournemouth,Sunderland,Chris Rigg,NA,NA,0.5,5,TAB
Bournemouth v Sunderland,2026-02-28T12:30:00.000Z,Player Goals,Bournemouth,Sunderland,Chris Rigg,NA,NA,1.5,34,TAB
Bournemouth v Sunderland,2026-02-28T12:30:00.000Z,Player Goals,Bournemouth,Sunderland,Chris Rigg,NA,NA,2.5,201,TAB
Bournemouth v Sunderland,2026-02-28T12:30:00.000Z,Player Goals,Bournemouth,Sunderland,Dan Ballard,NA,NA,0.5,6,TAB
Bournemouth v Sunderland,2026-02-28T12:30:00.000Z,Player Goals,Bournemouth,Sunderland,Dan Ballard,NA,NA,1.5,67,TAB
Bournemouth v Sunderland,2026-02-28T12:30:00.000Z,Player Goals,Bournemouth,Sunderland,Dan Ballard,NA,NA,2.5,301,TAB
Bournemouth v Sunderland,2026-02-28T12:30:00.000Z,Player Goals,Bournemouth,Sunderland,David Brooks,Bournemouth,Sunderland,0.5,3.1,TAB
Bournemouth v Sunderland,2026-02-28T12:30:00.000Z,Player Goals,Bournemouth,Sunderland,David Brooks,Bournemouth,Sunderland,1.5,11,TAB
Bournemouth v Sunderland,2026-02-28T12:30:00.000Z,Player Goals,Bournemouth,Sunderland,David Brooks,Bournemouth,Sunderland,2.5,81,TAB
Bournemouth v Sunderland,2026-02-28T12:30:00.000Z,Player Goals,Bournemouth,Sunderland,Eli Kroupi,Bournemouth,Sunderland,0.5,2.05,TAB
Bournemouth v Sunderland,2026-02-28T12:30:00.000Z,Player Goals,Bournemouth,Sunderland,Eli Kroupi,Bournemouth,Sunderland,1.5,6.5,TAB
Bournemouth v Sunderland,2026-02-28T12:30:00.000Z,Player Goals,Bournemouth,Sunderland,Eli Kroupi,Bournemouth,Sunderland,2.5,21,TAB
Bournemouth v Sunderland,2026-02-28T12:30:00.000Z,Player Goals,Bournemouth,Sunderland,Eliezer Mayenda,NA,NA,0.5,3.2,TAB
Bournemouth v Sunderland,2026-02-28T12:30:00.000Z,Player Goals,Bournemouth,Sunderland,Eliezer Mayenda,NA,NA,1.5,12,TAB
Bournemouth v Sunderland,2026-02-28T12:30:00.000Z,Player Goals,Bournemouth,Sunderland,Eliezer Mayenda,NA,NA,2.5,81,TAB
Bournemouth v Sunderland,2026-02-28T12:30:00.000Z,Player Goals,Bournemouth,Sunderland,Enes Unal,NA,NA,0.5,2.3,TAB
Bournemouth v Sunderland,2026-02-28T12:30:00.000Z,Player Goals,Bournemouth,Sunderland,Enes Unal,NA,NA,1.5,7.5,TAB
Bournemouth v Sunderland,2026-02-28T12:30:00.000Z,Player Goals,Bournemouth,Sunderland,Enes Unal,NA,NA,2.5,26,TAB
Bournemouth v Sunderland,2026-02-28T12:30:00.000Z,Player Goals,Bournemouth,Sunderland,Enzo Le Fee,NA,NA,0.5,4.25,TAB
Bournemouth v Sunderland,2026-02-28T12:30:00.000Z,Player Goals,Bournemouth,Sunderland,Enzo Le Fee,NA,NA,1.5,26,TAB
Bournemouth v Sunderland,2026-02-28T12:30:00.000Z,Player Goals,Bournemouth,Sunderland,Enzo Le Fee,NA,NA,2.5,201,TAB
Bournemouth v Sunderland,2026-02-28T12:30:00.000Z,Player Goals,Bournemouth,Sunderland,Evanilson,Bournemouth,Sunderland,0.5,2.15,TAB
Bournemouth v Sunderland,2026-02-28T12:30:00.000Z,Player Goals,Bournemouth,Sunderland,Evanilson,Bournemouth,Sunderland,1.5,7,TAB
Bournemouth v Sunderland,2026-02-28T12:30:00.000Z,Player Goals,Bournemouth,Sunderland,Evanilson,Bournemouth,Sunderland,2.5,26,TAB
Bournemouth v Sunderland,2026-02-28T12:30:00.000Z,Player Goals,Bournemouth,Sunderland,Granit Xhaka,NA,NA,0.5,5.5,TAB
Bournemouth v Sunderland,2026-02-28T12:30:00.000Z,Player Goals,Bournemouth,Sunderland,Granit Xhaka,NA,NA,1.5,51,TAB
Bournemouth v Sunderland,2026-02-28T12:30:00.000Z,Player Goals,Bournemouth,Sunderland,Granit Xhaka,NA,NA,2.5,301,TAB
Bournemouth v Sunderland,2026-02-28T12:30:00.000Z,Player Goals,Bournemouth,Sunderland,Habib Diarra,NA,NA,0.5,5,TAB
Bournemouth v Sunderland,2026-02-28T12:30:00.000Z,Player Goals,Bournemouth,Sunderland,Habib Diarra,NA,NA,1.5,41,TAB
Bournemouth v Sunderland,2026-02-28T12:30:00.000Z,Player Goals,Bournemouth,Sunderland,Habib Diarra,NA,NA,2.5,201,TAB
Bournemouth v Sunderland,2026-02-28T12:30:00.000Z,Player Goals,Bournemouth,Sunderland,James Hill,Bournemouth,Sunderland,0.5,7.5,TAB
Bournemouth v Sunderland,2026-02-28T12:30:00.000Z,Player Goals,Bournemouth,Sunderland,James Hill,Bournemouth,Sunderland,1.5,101,TAB
Bournemouth v Sunderland,2026-02-28T12:30:00.000Z,Player Goals,Bournemouth,Sunderland,James Hill,Bournemouth,Sunderland,2.5,301,TAB
Bournemouth v Sunderland,2026-02-28T12:30:00.000Z,Player Goals,Bournemouth,Sunderland,Luke ONien,NA,NA,0.5,10,TAB
Bournemouth v Sunderland,2026-02-28T12:30:00.000Z,Player Goals,Bournemouth,Sunderland,Luke ONien,NA,NA,1.5,151,TAB
Bournemouth v Sunderland,2026-02-28T12:30:00.000Z,Player Goals,Bournemouth,Sunderland,Luke ONien,NA,NA,2.5,301,TAB
Bournemouth v Sunderland,2026-02-28T12:30:00.000Z,Player Goals,Bournemouth,Sunderland,Lutsharel Geertruida,NA,NA,0.5,7,TAB
Bournemouth v Sunderland,2026-02-28T12:30:00.000Z,Player Goals,Bournemouth,Sunderland,Lutsharel Geertruida,NA,NA,1.5,81,TAB
Bournemouth v Sunderland,2026-02-28T12:30:00.000Z,Player Goals,Bournemouth,Sunderland,Lutsharel Geertruida,NA,NA,2.5,301,TAB
Bournemouth v Sunderland,2026-02-28T12:30:00.000Z,Player Goals,Bournemouth,Sunderland,Marcos Senesi,Bournemouth,Sunderland,0.5,6.5,TAB
Bournemouth v Sunderland,2026-02-28T12:30:00.000Z,Player Goals,Bournemouth,Sunderland,Marcos Senesi,Bournemouth,Sunderland,1.5,81,TAB
Bournemouth v Sunderland,2026-02-28T12:30:00.000Z,Player Goals,Bournemouth,Sunderland,Marcos Senesi,Bournemouth,Sunderland,2.5,301,TAB
Bournemouth v Sunderland,2026-02-28T12:30:00.000Z,Player Goals,Bournemouth,Sunderland,Marcus Tavernier,Bournemouth,Sunderland,0.5,3.3,TAB
Bournemouth v Sunderland,2026-02-28T12:30:00.000Z,Player Goals,Bournemouth,Sunderland,Marcus Tavernier,Bournemouth,Sunderland,1.5,13,TAB
Bournemouth v Sunderland,2026-02-28T12:30:00.000Z,Player Goals,Bournemouth,Sunderland,Marcus Tavernier,Bournemouth,Sunderland,2.5,101,TAB
Bournemouth v Sunderland,2026-02-28T12:30:00.000Z,Player Goals,Bournemouth,Sunderland,Nilson Angulo,NA,NA,0.5,4,TAB
Bournemouth v Sunderland,2026-02-28T12:30:00.000Z,Player Goals,Bournemouth,Sunderland,Nilson Angulo,NA,NA,1.5,21,TAB
Bournemouth v Sunderland,2026-02-28T12:30:00.000Z,Player Goals,Bournemouth,Sunderland,Nilson Angulo,NA,NA,2.5,151,TAB
Bournemouth v Sunderland,2026-02-28T12:30:00.000Z,Player Goals,Bournemouth,Sunderland,Noah Sadiki,NA,NA,0.5,7.5,TAB
Bournemouth v Sunderland,2026-02-28T12:30:00.000Z,Player Goals,Bournemouth,Sunderland,Noah Sadiki,NA,NA,1.5,101,TAB
Bournemouth v Sunderland,2026-02-28T12:30:00.000Z,Player Goals,Bournemouth,Sunderland,Noah Sadiki,NA,NA,2.5,301,TAB
Bournemouth v Sunderland,2026-02-28T12:30:00.000Z,Player Goals,Bournemouth,Sunderland,Omar Alderete,NA,NA,0.5,7,TAB
Bournemouth v Sunderland,2026-02-28T12:30:00.000Z,Player Goals,Bournemouth,Sunderland,Omar Alderete,NA,NA,1.5,81,TAB
Bournemouth v Sunderland,2026-02-28T12:30:00.000Z,Player Goals,Bournemouth,Sunderland,Omar Alderete,NA,NA,2.5,301,TAB
Bournemouth v Sunderland,2026-02-28T12:30:00.000Z,Player Goals,Bournemouth,Sunderland,Rayan Rocha,NA,NA,0.5,2.4,TAB
Bournemouth v Sunderland,2026-02-28T12:30:00.000Z,Player Goals,Bournemouth,Sunderland,Rayan Rocha,NA,NA,1.5,8.5,TAB
Bournemouth v Sunderland,2026-02-28T12:30:00.000Z,Player Goals,Bournemouth,Sunderland,Rayan Rocha,NA,NA,2.5,34,TAB
Bournemouth v Sunderland,2026-02-28T12:30:00.000Z,Player Goals,Bournemouth,Sunderland,Ryan Christie,Bournemouth,Sunderland,0.5,5,TAB
Bournemouth v Sunderland,2026-02-28T12:30:00.000Z,Player Goals,Bournemouth,Sunderland,Ryan Christie,Bournemouth,Sunderland,1.5,34,TAB
Bournemouth v Sunderland,2026-02-28T12:30:00.000Z,Player Goals,Bournemouth,Sunderland,Ryan Christie,Bournemouth,Sunderland,2.5,201,TAB
Bournemouth v Sunderland,2026-02-28T12:30:00.000Z,Player Goals,Bournemouth,Sunderland,Trai Hume,NA,NA,0.5,6.5,TAB
Bournemouth v Sunderland,2026-02-28T12:30:00.000Z,Player Goals,Bournemouth,Sunderland,Trai Hume,NA,NA,1.5,81,TAB
Bournemouth v Sunderland,2026-02-28T12:30:00.000Z,Player Goals,Bournemouth,Sunderland,Trai Hume,NA,NA,2.5,301,TAB
Bournemouth v Sunderland,2026-02-28T12:30:00.000Z,Player Goals,Bournemouth,Sunderland,Tyler Adams,Bournemouth,Sunderland,0.5,6.5,TAB
Bournemouth v Sunderland,2026-02-28T12:30:00.000Z,Player Goals,Bournemouth,Sunderland,Tyler Adams,Bournemouth,Sunderland,1.5,81,TAB
Bournemouth v Sunderland,2026-02-28T12:30:00.000Z,Player Goals,Bournemouth,Sunderland,Tyler Adams,Bournemouth,Sunderland,2.5,301,TAB
Bournemouth v Sunderland,2026-02-28T12:30:00.000Z,Player Goals,Bournemouth,Sunderland,Veljko Milosavljevic,Bournemouth,Sunderland,0.5,7.5,TAB
Bournemouth v Sunderland,2026-02-28T12:30:00.000Z,Player Goals,Bournemouth,Sunderland,Veljko Milosavljevic,Bournemouth,Sunderland,1.5,101,TAB
Bournemouth v Sunderland,2026-02-28T12:30:00.000Z,Player Goals,Bournemouth,Sunderland,Veljko Milosavljevic,Bournemouth,Sunderland,2.5,301,TAB
Bournemouth v Sunderland,2026-02-28T12:30:00.000Z,Player Goals,Bournemouth,Sunderland,Wilson Isidor,NA,NA,0.5,3.1,TAB
Bournemouth v Sunderland,2026-02-28T12:30:00.000Z,Player Goals,Bournemouth,Sunderland,Wilson Isidor,NA,NA,1.5,11,TAB
Bournemouth v Sunderland,2026-02-28T12:30:00.000Z,Player Goals,Bournemouth,Sunderland,Wilson Isidor,NA,NA,2.5,81,TAB
Burnley v Brentford,2026-02-28T15:00:00.000Z,Player Goals,Burnley,Brentford,Aaron Hickey,Brentford,Burnley,0.5,8,TAB
Burnley v Brentford,2026-02-28T15:00:00.000Z,Player Goals,Burnley,Brentford,Aaron Hickey,Brentford,Burnley,1.5,101,TAB
Burnley v Brentford,2026-02-28T15:00:00.000Z,Player Goals,Burnley,Brentford,Aaron Hickey,Brentford,Burnley,2.5,301,TAB
Burnley v Brentford,2026-02-28T15:00:00.000Z,Player Goals,Burnley,Brentford,Ashley Barnes,NA,NA,0.5,3.6,TAB
Burnley v Brentford,2026-02-28T15:00:00.000Z,Player Goals,Burnley,Brentford,Ashley Barnes,NA,NA,1.5,15,TAB
Burnley v Brentford,2026-02-28T15:00:00.000Z,Player Goals,Burnley,Brentford,Ashley Barnes,NA,NA,2.5,101,TAB
Burnley v Brentford,2026-02-28T15:00:00.000Z,Player Goals,Burnley,Brentford,Bashir Humphreys,NA,NA,0.5,15,TAB
Burnley v Brentford,2026-02-28T15:00:00.000Z,Player Goals,Burnley,Brentford,Bashir Humphreys,NA,NA,1.5,201,TAB
Burnley v Brentford,2026-02-28T15:00:00.000Z,Player Goals,Burnley,Brentford,Bashir Humphreys,NA,NA,2.5,301,TAB
Burnley v Brentford,2026-02-28T15:00:00.000Z,Player Goals,Burnley,Brentford,Dango Ouattara,Brentford,Burnley,0.5,2.5,TAB
Burnley v Brentford,2026-02-28T15:00:00.000Z,Player Goals,Burnley,Brentford,Dango Ouattara,Brentford,Burnley,1.5,9,TAB
Burnley v Brentford,2026-02-28T15:00:00.000Z,Player Goals,Burnley,Brentford,Dango Ouattara,Brentford,Burnley,2.5,41,TAB
Burnley v Brentford,2026-02-28T15:00:00.000Z,Player Goals,Burnley,Brentford,Ethan Pinnock,Brentford,Burnley,0.5,7,TAB
Burnley v Brentford,2026-02-28T15:00:00.000Z,Player Goals,Burnley,Brentford,Ethan Pinnock,Brentford,Burnley,1.5,81,TAB
Burnley v Brentford,2026-02-28T15:00:00.000Z,Player Goals,Burnley,Brentford,Ethan Pinnock,Brentford,Burnley,2.5,301,TAB
Burnley v Brentford,2026-02-28T15:00:00.000Z,Player Goals,Burnley,Brentford,Florentino Luis,NA,NA,0.5,7,TAB
Burnley v Brentford,2026-02-28T15:00:00.000Z,Player Goals,Burnley,Brentford,Florentino Luis,NA,NA,1.5,81,TAB
Burnley v Brentford,2026-02-28T15:00:00.000Z,Player Goals,Burnley,Brentford,Florentino Luis,NA,NA,2.5,301,TAB
Burnley v Brentford,2026-02-28T15:00:00.000Z,Player Goals,Burnley,Brentford,Hannibal Mejbri,NA,NA,0.5,5.5,TAB
Burnley v Brentford,2026-02-28T15:00:00.000Z,Player Goals,Burnley,Brentford,Hannibal Mejbri,NA,NA,1.5,41,TAB
Burnley v Brentford,2026-02-28T15:00:00.000Z,Player Goals,Burnley,Brentford,Hannibal Mejbri,NA,NA,2.5,201,TAB
Burnley v Brentford,2026-02-28T15:00:00.000Z,Player Goals,Burnley,Brentford,Hjalmar Ekdal,NA,NA,0.5,11,TAB
Burnley v Brentford,2026-02-28T15:00:00.000Z,Player Goals,Burnley,Brentford,Hjalmar Ekdal,NA,NA,1.5,201,TAB
Burnley v Brentford,2026-02-28T15:00:00.000Z,Player Goals,Burnley,Brentford,Hjalmar Ekdal,NA,NA,2.5,301,TAB
Burnley v Brentford,2026-02-28T15:00:00.000Z,Player Goals,Burnley,Brentford,Igor Thiago,Brentford,Burnley,0.5,1.75,TAB
Burnley v Brentford,2026-02-28T15:00:00.000Z,Player Goals,Burnley,Brentford,Igor Thiago,Brentford,Burnley,1.5,4.75,TAB
Burnley v Brentford,2026-02-28T15:00:00.000Z,Player Goals,Burnley,Brentford,Igor Thiago,Brentford,Burnley,2.5,12,TAB
Burnley v Brentford,2026-02-28T15:00:00.000Z,Player Goals,Burnley,Brentford,Jacob Bruun Larsen,NA,NA,0.5,3.6,TAB
Burnley v Brentford,2026-02-28T15:00:00.000Z,Player Goals,Burnley,Brentford,Jacob Bruun Larsen,NA,NA,1.5,15,TAB
Burnley v Brentford,2026-02-28T15:00:00.000Z,Player Goals,Burnley,Brentford,Jacob Bruun Larsen,NA,NA,2.5,101,TAB
Burnley v Brentford,2026-02-28T15:00:00.000Z,Player Goals,Burnley,Brentford,Jaidon Anthony,NA,NA,0.5,3.5,TAB
Burnley v Brentford,2026-02-28T15:00:00.000Z,Player Goals,Burnley,Brentford,Jaidon Anthony,NA,NA,1.5,15,TAB
Burnley v Brentford,2026-02-28T15:00:00.000Z,Player Goals,Burnley,Brentford,Jaidon Anthony,NA,NA,2.5,101,TAB
Burnley v Brentford,2026-02-28T15:00:00.000Z,Player Goals,Burnley,Brentford,James Ward-Prowse,West Ham United,Burnley,0.5,5.5,TAB
Burnley v Brentford,2026-02-28T15:00:00.000Z,Player Goals,Burnley,Brentford,James Ward-Prowse,West Ham United,Burnley,1.5,41,TAB
Burnley v Brentford,2026-02-28T15:00:00.000Z,Player Goals,Burnley,Brentford,James Ward-Prowse,West Ham United,Burnley,2.5,201,TAB
Burnley v Brentford,2026-02-28T15:00:00.000Z,Player Goals,Burnley,Brentford,Joe Worrall,NA,NA,0.5,15,TAB
Burnley v Brentford,2026-02-28T15:00:00.000Z,Player Goals,Burnley,Brentford,Joe Worrall,NA,NA,1.5,201,TAB
Burnley v Brentford,2026-02-28T15:00:00.000Z,Player Goals,Burnley,Brentford,Joe Worrall,NA,NA,2.5,301,TAB
Burnley v Brentford,2026-02-28T15:00:00.000Z,Player Goals,Burnley,Brentford,Jordan Henderson,Brentford,Burnley,0.5,5.5,TAB
Burnley v Brentford,2026-02-28T15:00:00.000Z,Player Goals,Burnley,Brentford,Jordan Henderson,Brentford,Burnley,1.5,51,TAB
Burnley v Brentford,2026-02-28T15:00:00.000Z,Player Goals,Burnley,Brentford,Jordan Henderson,Brentford,Burnley,2.5,201,TAB
Burnley v Brentford,2026-02-28T15:00:00.000Z,Player Goals,Burnley,Brentford,Josh Laurent,NA,NA,0.5,5.5,TAB
Burnley v Brentford,2026-02-28T15:00:00.000Z,Player Goals,Burnley,Brentford,Josh Laurent,NA,NA,1.5,41,TAB
Burnley v Brentford,2026-02-28T15:00:00.000Z,Player Goals,Burnley,Brentford,Josh Laurent,NA,NA,2.5,201,TAB
Burnley v Brentford,2026-02-28T15:00:00.000Z,Player Goals,Burnley,Brentford,Kaye Furo,Brentford,Burnley,0.5,2.5,TAB
Burnley v Brentford,2026-02-28T15:00:00.000Z,Player Goals,Burnley,Brentford,Kaye Furo,Brentford,Burnley,1.5,9,TAB
Burnley v Brentford,2026-02-28T15:00:00.000Z,Player Goals,Burnley,Brentford,Kaye Furo,Brentford,Burnley,2.5,41,TAB
Burnley v Brentford,2026-02-28T15:00:00.000Z,Player Goals,Burnley,Brentford,Keane Lewis-Potter,Brentford,Burnley,0.5,3.3,TAB
Burnley v Brentford,2026-02-28T15:00:00.000Z,Player Goals,Burnley,Brentford,Keane Lewis-Potter,Brentford,Burnley,1.5,13,TAB
Burnley v Brentford,2026-02-28T15:00:00.000Z,Player Goals,Burnley,Brentford,Keane Lewis-Potter,Brentford,Burnley,2.5,101,TAB
Burnley v Brentford,2026-02-28T15:00:00.000Z,Player Goals,Burnley,Brentford,Kevin Schade,Brentford,Burnley,0.5,2.6,TAB
Burnley v Brentford,2026-02-28T15:00:00.000Z,Player Goals,Burnley,Brentford,Kevin Schade,Brentford,Burnley,1.5,9,TAB
Burnley v Brentford,2026-02-28T15:00:00.000Z,Player Goals,Burnley,Brentford,Kevin Schade,Brentford,Burnley,2.5,51,TAB
Burnley v Brentford,2026-02-28T15:00:00.000Z,Player Goals,Burnley,Brentford,Kristoffer Ajer,Brentford,Burnley,0.5,8,TAB
Burnley v Brentford,2026-02-28T15:00:00.000Z,Player Goals,Burnley,Brentford,Kristoffer Ajer,Brentford,Burnley,1.5,101,TAB
Burnley v Brentford,2026-02-28T15:00:00.000Z,Player Goals,Burnley,Brentford,Kristoffer Ajer,Brentford,Burnley,2.5,301,TAB
Burnley v Brentford,2026-02-28T15:00:00.000Z,Player Goals,Burnley,Brentford,Kyle Walker,NA,NA,0.5,15,TAB
Burnley v Brentford,2026-02-28T15:00:00.000Z,Player Goals,Burnley,Brentford,Kyle Walker,NA,NA,1.5,201,TAB
Burnley v Brentford,2026-02-28T15:00:00.000Z,Player Goals,Burnley,Brentford,Kyle Walker,NA,NA,2.5,301,TAB
Burnley v Brentford,2026-02-28T15:00:00.000Z,Player Goals,Burnley,Brentford,Lesley Ugochukwu,NA,NA,0.5,5.5,TAB
Burnley v Brentford,2026-02-28T15:00:00.000Z,Player Goals,Burnley,Brentford,Lesley Ugochukwu,NA,NA,1.5,41,TAB
Burnley v Brentford,2026-02-28T15:00:00.000Z,Player Goals,Burnley,Brentford,Lesley Ugochukwu,NA,NA,2.5,201,TAB
Burnley v Brentford,2026-02-28T15:00:00.000Z,Player Goals,Burnley,Brentford,Loum Tchaouna,NA,NA,0.5,4,TAB
Burnley v Brentford,2026-02-28T15:00:00.000Z,Player Goals,Burnley,Brentford,Loum Tchaouna,NA,NA,1.5,21,TAB
Burnley v Brentford,2026-02-28T15:00:00.000Z,Player Goals,Burnley,Brentford,Loum Tchaouna,NA,NA,2.5,151,TAB
Burnley v Brentford,2026-02-28T15:00:00.000Z,Player Goals,Burnley,Brentford,Lucas Pires,NA,NA,0.5,8.5,TAB
Burnley v Brentford,2026-02-28T15:00:00.000Z,Player Goals,Burnley,Brentford,Lucas Pires,NA,NA,1.5,101,TAB
Burnley v Brentford,2026-02-28T15:00:00.000Z,Player Goals,Burnley,Brentford,Lucas Pires,NA,NA,2.5,301,TAB
Burnley v Brentford,2026-02-28T15:00:00.000Z,Player Goals,Burnley,Brentford,Marcus Edwards,NA,NA,0.5,4,TAB
Burnley v Brentford,2026-02-28T15:00:00.000Z,Player Goals,Burnley,Brentford,Marcus Edwards,NA,NA,1.5,21,TAB
Burnley v Brentford,2026-02-28T15:00:00.000Z,Player Goals,Burnley,Brentford,Marcus Edwards,NA,NA,2.5,151,TAB
Burnley v Brentford,2026-02-28T15:00:00.000Z,Player Goals,Burnley,Brentford,Mathias Jensen,Brentford,Burnley,0.5,4.25,TAB
Burnley v Brentford,2026-02-28T15:00:00.000Z,Player Goals,Burnley,Brentford,Mathias Jensen,Brentford,Burnley,1.5,21,TAB
Burnley v Brentford,2026-02-28T15:00:00.000Z,Player Goals,Burnley,Brentford,Mathias Jensen,Brentford,Burnley,2.5,201,TAB
Burnley v Brentford,2026-02-28T15:00:00.000Z,Player Goals,Burnley,Brentford,Maxime Esteve,NA,NA,0.5,11,TAB
Burnley v Brentford,2026-02-28T15:00:00.000Z,Player Goals,Burnley,Brentford,Maxime Esteve,NA,NA,1.5,201,TAB
Burnley v Brentford,2026-02-28T15:00:00.000Z,Player Goals,Burnley,Brentford,Maxime Esteve,NA,NA,2.5,301,TAB
Burnley v Brentford,2026-02-28T15:00:00.000Z,Player Goals,Burnley,Brentford,Michael Kayode,Brentford,Burnley,0.5,8,TAB
Burnley v Brentford,2026-02-28T15:00:00.000Z,Player Goals,Burnley,Brentford,Michael Kayode,Brentford,Burnley,1.5,101,TAB
Burnley v Brentford,2026-02-28T15:00:00.000Z,Player Goals,Burnley,Brentford,Michael Kayode,Brentford,Burnley,2.5,301,TAB
Burnley v Brentford,2026-02-28T15:00:00.000Z,Player Goals,Burnley,Brentford,Mikkel Damsgaard,Brentford,Burnley,0.5,4,TAB
Burnley v Brentford,2026-02-28T15:00:00.000Z,Player Goals,Burnley,Brentford,Mikkel Damsgaard,Brentford,Burnley,1.5,21,TAB
Burnley v Brentford,2026-02-28T15:00:00.000Z,Player Goals,Burnley,Brentford,Mikkel Damsgaard,Brentford,Burnley,2.5,151,TAB
Burnley v Brentford,2026-02-28T15:00:00.000Z,Player Goals,Burnley,Brentford,Nathan Collins,Brentford,Burnley,0.5,7,TAB
Burnley v Brentford,2026-02-28T15:00:00.000Z,Player Goals,Burnley,Brentford,Nathan Collins,Brentford,Burnley,1.5,81,TAB
Burnley v Brentford,2026-02-28T15:00:00.000Z,Player Goals,Burnley,Brentford,Nathan Collins,Brentford,Burnley,2.5,301,TAB
Burnley v Brentford,2026-02-28T15:00:00.000Z,Player Goals,Burnley,Brentford,Quilindschy Hartman,NA,NA,0.5,8.5,TAB
Burnley v Brentford,2026-02-28T15:00:00.000Z,Player Goals,Burnley,Brentford,Quilindschy Hartman,NA,NA,1.5,101,TAB
Burnley v Brentford,2026-02-28T15:00:00.000Z,Player Goals,Burnley,Brentford,Quilindschy Hartman,NA,NA,2.5,301,TAB
Burnley v Brentford,2026-02-28T15:00:00.000Z,Player Goals,Burnley,Brentford,Reiss Nelson,Brentford,Burnley,0.5,2.8,TAB
Burnley v Brentford,2026-02-28T15:00:00.000Z,Player Goals,Burnley,Brentford,Reiss Nelson,Brentford,Burnley,1.5,10,TAB
Burnley v Brentford,2026-02-28T15:00:00.000Z,Player Goals,Burnley,Brentford,Reiss Nelson,Brentford,Burnley,2.5,67,TAB
Burnley v Brentford,2026-02-28T15:00:00.000Z,Player Goals,Burnley,Brentford,Rico Henry,Brentford,Burnley,0.5,8,TAB
Burnley v Brentford,2026-02-28T15:00:00.000Z,Player Goals,Burnley,Brentford,Rico Henry,Brentford,Burnley,1.5,101,TAB
Burnley v Brentford,2026-02-28T15:00:00.000Z,Player Goals,Burnley,Brentford,Rico Henry,Brentford,Burnley,2.5,301,TAB
Burnley v Brentford,2026-02-28T15:00:00.000Z,Player Goals,Burnley,Brentford,Romelle Donovan,Brentford,Burnley,0.5,3.1,TAB
Burnley v Brentford,2026-02-28T15:00:00.000Z,Player Goals,Burnley,Brentford,Romelle Donovan,Brentford,Burnley,1.5,11,TAB
Burnley v Brentford,2026-02-28T15:00:00.000Z,Player Goals,Burnley,Brentford,Romelle Donovan,Brentford,Burnley,2.5,81,TAB
Burnley v Brentford,2026-02-28T15:00:00.000Z,Player Goals,Burnley,Brentford,Sepp van den Berg,Brentford,Burnley,0.5,8,TAB
Burnley v Brentford,2026-02-28T15:00:00.000Z,Player Goals,Burnley,Brentford,Sepp van den Berg,Brentford,Burnley,1.5,101,TAB
Burnley v Brentford,2026-02-28T15:00:00.000Z,Player Goals,Burnley,Brentford,Sepp van den Berg,Brentford,Burnley,2.5,301,TAB
Burnley v Brentford,2026-02-28T15:00:00.000Z,Player Goals,Burnley,Brentford,Vitaly Janelt,Brentford,Burnley,0.5,6,TAB
Burnley v Brentford,2026-02-28T15:00:00.000Z,Player Goals,Burnley,Brentford,Vitaly Janelt,Brentford,Burnley,1.5,67,TAB
Burnley v Brentford,2026-02-28T15:00:00.000Z,Player Goals,Burnley,Brentford,Vitaly Janelt,Brentford,Burnley,2.5,301,TAB
Burnley v Brentford,2026-02-28T15:00:00.000Z,Player Goals,Burnley,Brentford,Yehor Yarmolyuk,NA,NA,0.5,5,TAB
Burnley v Brentford,2026-02-28T15:00:00.000Z,Player Goals,Burnley,Brentford,Yehor Yarmolyuk,NA,NA,1.5,41,TAB
Burnley v Brentford,2026-02-28T15:00:00.000Z,Player Goals,Burnley,Brentford,Yehor Yarmolyuk,NA,NA,2.5,201,TAB
Burnley v Brentford,2026-02-28T15:00:00.000Z,Player Goals,Burnley,Brentford,Zian Flemming,NA,NA,0.5,3.15,TAB
Burnley v Brentford,2026-02-28T15:00:00.000Z,Player Goals,Burnley,Brentford,Zian Flemming,NA,NA,1.5,12,TAB
Burnley v Brentford,2026-02-28T15:00:00.000Z,Player Goals,Burnley,Brentford,Zian Flemming,NA,NA,2.5,81,TAB
Liverpool v West Ham United,2026-02-28T15:00:00.000Z,Player Goals,Liverpool,West Ham United,Aaron Wan-Bissaka,West Ham United,Liverpool,0.5,17,TAB
Liverpool v West Ham United,2026-02-28T15:00:00.000Z,Player Goals,Liverpool,West Ham United,Aaron Wan-Bissaka,West Ham United,Liverpool,1.5,201,TAB
Liverpool v West Ham United,2026-02-28T15:00:00.000Z,Player Goals,Liverpool,West Ham United,Aaron Wan-Bissaka,West Ham United,Liverpool,2.5,301,TAB
Liverpool v West Ham United,2026-02-28T15:00:00.000Z,Player Goals,Liverpool,West Ham United,Adama Traor<c3><a9>,NA,NA,0.5,5,TAB
Liverpool v West Ham United,2026-02-28T15:00:00.000Z,Player Goals,Liverpool,West Ham United,Adama Traor<c3><a9>,NA,NA,1.5,34,TAB
Liverpool v West Ham United,2026-02-28T15:00:00.000Z,Player Goals,Liverpool,West Ham United,Adama Traor<c3><a9>,NA,NA,2.5,201,TAB
Liverpool v West Ham United,2026-02-28T15:00:00.000Z,Player Goals,Liverpool,West Ham United,Alexis Mac Allister,Liverpool,West Ham United,0.5,3.4,TAB
Liverpool v West Ham United,2026-02-28T15:00:00.000Z,Player Goals,Liverpool,West Ham United,Alexis Mac Allister,Liverpool,West Ham United,1.5,13,TAB
Liverpool v West Ham United,2026-02-28T15:00:00.000Z,Player Goals,Liverpool,West Ham United,Alexis Mac Allister,Liverpool,West Ham United,2.5,101,TAB
Liverpool v West Ham United,2026-02-28T15:00:00.000Z,Player Goals,Liverpool,West Ham United,Andrew Robertson,Liverpool,West Ham United,0.5,6.5,TAB
Liverpool v West Ham United,2026-02-28T15:00:00.000Z,Player Goals,Liverpool,West Ham United,Andrew Robertson,Liverpool,West Ham United,1.5,67,TAB
Liverpool v West Ham United,2026-02-28T15:00:00.000Z,Player Goals,Liverpool,West Ham United,Andrew Robertson,Liverpool,West Ham United,2.5,301,TAB
Liverpool v West Ham United,2026-02-28T15:00:00.000Z,Player Goals,Liverpool,West Ham United,Axel Disasi,Chelsea,Liverpool,0.5,10,TAB
Liverpool v West Ham United,2026-02-28T15:00:00.000Z,Player Goals,Liverpool,West Ham United,Axel Disasi,Chelsea,Liverpool,1.5,151,TAB
Liverpool v West Ham United,2026-02-28T15:00:00.000Z,Player Goals,Liverpool,West Ham United,Axel Disasi,Chelsea,Liverpool,2.5,301,TAB
Liverpool v West Ham United,2026-02-28T15:00:00.000Z,Player Goals,Liverpool,West Ham United,Callum Wilson,West Ham United,Liverpool,0.5,3.4,TAB
Liverpool v West Ham United,2026-02-28T15:00:00.000Z,Player Goals,Liverpool,West Ham United,Callum Wilson,West Ham United,Liverpool,1.5,13,TAB
Liverpool v West Ham United,2026-02-28T15:00:00.000Z,Player Goals,Liverpool,West Ham United,Callum Wilson,West Ham United,Liverpool,2.5,101,TAB
Liverpool v West Ham United,2026-02-28T15:00:00.000Z,Player Goals,Liverpool,West Ham United,Calvin Ramsay,Liverpool,West Ham United,0.5,6.5,TAB
Liverpool v West Ham United,2026-02-28T15:00:00.000Z,Player Goals,Liverpool,West Ham United,Calvin Ramsay,Liverpool,West Ham United,1.5,67,TAB
Liverpool v West Ham United,2026-02-28T15:00:00.000Z,Player Goals,Liverpool,West Ham United,Calvin Ramsay,Liverpool,West Ham United,2.5,301,TAB
Liverpool v West Ham United,2026-02-28T15:00:00.000Z,Player Goals,Liverpool,West Ham United,Cody Gakpo,Liverpool,West Ham United,0.5,2.05,TAB
Liverpool v West Ham United,2026-02-28T15:00:00.000Z,Player Goals,Liverpool,West Ham United,Cody Gakpo,Liverpool,West Ham United,1.5,6.5,TAB
Liverpool v West Ham United,2026-02-28T15:00:00.000Z,Player Goals,Liverpool,West Ham United,Cody Gakpo,Liverpool,West Ham United,2.5,21,TAB
Liverpool v West Ham United,2026-02-28T15:00:00.000Z,Player Goals,Liverpool,West Ham United,Crysencio Summerville,West Ham United,Liverpool,0.5,4,TAB
Liverpool v West Ham United,2026-02-28T15:00:00.000Z,Player Goals,Liverpool,West Ham United,Crysencio Summerville,West Ham United,Liverpool,1.5,21,TAB
Liverpool v West Ham United,2026-02-28T15:00:00.000Z,Player Goals,Liverpool,West Ham United,Crysencio Summerville,West Ham United,Liverpool,2.5,151,TAB
Liverpool v West Ham United,2026-02-28T15:00:00.000Z,Player Goals,Liverpool,West Ham United,Curtis Jones,Liverpool,West Ham United,0.5,3.9,TAB
Liverpool v West Ham United,2026-02-28T15:00:00.000Z,Player Goals,Liverpool,West Ham United,Curtis Jones,Liverpool,West Ham United,1.5,17,TAB
Liverpool v West Ham United,2026-02-28T15:00:00.000Z,Player Goals,Liverpool,West Ham United,Curtis Jones,Liverpool,West Ham United,2.5,151,TAB
Liverpool v West Ham United,2026-02-28T15:00:00.000Z,Player Goals,Liverpool,West Ham United,Dominik Szoboszlai,Liverpool,West Ham United,0.5,2.9,TAB
Liverpool v West Ham United,2026-02-28T15:00:00.000Z,Player Goals,Liverpool,West Ham United,Dominik Szoboszlai,Liverpool,West Ham United,1.5,11,TAB
Liverpool v West Ham United,2026-02-28T15:00:00.000Z,Player Goals,Liverpool,West Ham United,Dominik Szoboszlai,Liverpool,West Ham United,2.5,67,TAB
Liverpool v West Ham United,2026-02-28T15:00:00.000Z,Player Goals,Liverpool,West Ham United,El Hadji Malick Diouf,West Ham United,Liverpool,0.5,8,TAB
Liverpool v West Ham United,2026-02-28T15:00:00.000Z,Player Goals,Liverpool,West Ham United,El Hadji Malick Diouf,West Ham United,Liverpool,1.5,101,TAB
Liverpool v West Ham United,2026-02-28T15:00:00.000Z,Player Goals,Liverpool,West Ham United,El Hadji Malick Diouf,West Ham United,Liverpool,2.5,301,TAB
Liverpool v West Ham United,2026-02-28T15:00:00.000Z,Player Goals,Liverpool,West Ham United,Ezra Mayers,West Ham United,Liverpool,0.5,11,TAB
Liverpool v West Ham United,2026-02-28T15:00:00.000Z,Player Goals,Liverpool,West Ham United,Ezra Mayers,West Ham United,Liverpool,1.5,201,TAB
Liverpool v West Ham United,2026-02-28T15:00:00.000Z,Player Goals,Liverpool,West Ham United,Ezra Mayers,West Ham United,Liverpool,2.5,301,TAB
Liverpool v West Ham United,2026-02-28T15:00:00.000Z,Player Goals,Liverpool,West Ham United,Federico Chiesa,Liverpool,West Ham United,0.5,2.3,TAB
Liverpool v West Ham United,2026-02-28T15:00:00.000Z,Player Goals,Liverpool,West Ham United,Federico Chiesa,Liverpool,West Ham United,1.5,7.5,TAB
Liverpool v West Ham United,2026-02-28T15:00:00.000Z,Player Goals,Liverpool,West Ham United,Federico Chiesa,Liverpool,West Ham United,2.5,26,TAB
Liverpool v West Ham United,2026-02-28T15:00:00.000Z,Player Goals,Liverpool,West Ham United,Florian Wirtz,Liverpool,West Ham United,0.5,2.4,TAB
Liverpool v West Ham United,2026-02-28T15:00:00.000Z,Player Goals,Liverpool,West Ham United,Florian Wirtz,Liverpool,West Ham United,1.5,8.5,TAB
Liverpool v West Ham United,2026-02-28T15:00:00.000Z,Player Goals,Liverpool,West Ham United,Florian Wirtz,Liverpool,West Ham United,2.5,41,TAB
Liverpool v West Ham United,2026-02-28T15:00:00.000Z,Player Goals,Liverpool,West Ham United,Hugo Ekitike,NA,NA,0.5,1.62,TAB
Liverpool v West Ham United,2026-02-28T15:00:00.000Z,Player Goals,Liverpool,West Ham United,Hugo Ekitike,NA,NA,1.5,4.25,TAB
Liverpool v West Ham United,2026-02-28T15:00:00.000Z,Player Goals,Liverpool,West Ham United,Hugo Ekitike,NA,NA,2.5,11,TAB
Liverpool v West Ham United,2026-02-28T15:00:00.000Z,Player Goals,Liverpool,West Ham United,Ibrahima Konat<c3><a9>,NA,NA,0.5,8,TAB
Liverpool v West Ham United,2026-02-28T15:00:00.000Z,Player Goals,Liverpool,West Ham United,Ibrahima Konat<c3><a9>,NA,NA,1.5,101,TAB
Liverpool v West Ham United,2026-02-28T15:00:00.000Z,Player Goals,Liverpool,West Ham United,Ibrahima Konat<c3><a9>,NA,NA,2.5,301,TAB
Liverpool v West Ham United,2026-02-28T15:00:00.000Z,Player Goals,Liverpool,West Ham United,Jarrod Bowen,West Ham United,Liverpool,0.5,3.4,TAB
Liverpool v West Ham United,2026-02-28T15:00:00.000Z,Player Goals,Liverpool,West Ham United,Jarrod Bowen,West Ham United,Liverpool,1.5,13,TAB
Liverpool v West Ham United,2026-02-28T15:00:00.000Z,Player Goals,Liverpool,West Ham United,Jarrod Bowen,West Ham United,Liverpool,2.5,101,TAB
Liverpool v West Ham United,2026-02-28T15:00:00.000Z,Player Goals,Liverpool,West Ham United,Jean-Clair Todibo,West Ham United,Liverpool,0.5,11,TAB
Liverpool v West Ham United,2026-02-28T15:00:00.000Z,Player Goals,Liverpool,West Ham United,Jean-Clair Todibo,West Ham United,Liverpool,1.5,201,TAB
Liverpool v West Ham United,2026-02-28T15:00:00.000Z,Player Goals,Liverpool,West Ham United,Jean-Clair Todibo,West Ham United,Liverpool,2.5,301,TAB
Liverpool v West Ham United,2026-02-28T15:00:00.000Z,Player Goals,Liverpool,West Ham United,Joe Gomez,Liverpool,West Ham United,0.5,8,TAB
Liverpool v West Ham United,2026-02-28T15:00:00.000Z,Player Goals,Liverpool,West Ham United,Joe Gomez,Liverpool,West Ham United,1.5,101,TAB
Liverpool v West Ham United,2026-02-28T15:00:00.000Z,Player Goals,Liverpool,West Ham United,Joe Gomez,Liverpool,West Ham United,2.5,301,TAB
Liverpool v West Ham United,2026-02-28T15:00:00.000Z,Player Goals,Liverpool,West Ham United,Konstantinos Mavropanos,West Ham United,Liverpool,0.5,10,TAB
Liverpool v West Ham United,2026-02-28T15:00:00.000Z,Player Goals,Liverpool,West Ham United,Konstantinos Mavropanos,West Ham United,Liverpool,1.5,151,TAB
Liverpool v West Ham United,2026-02-28T15:00:00.000Z,Player Goals,Liverpool,West Ham United,Konstantinos Mavropanos,West Ham United,Liverpool,2.5,301,TAB
Liverpool v West Ham United,2026-02-28T15:00:00.000Z,Player Goals,Liverpool,West Ham United,Kyle Walker-Peters,West Ham United,Liverpool,0.5,10,TAB
Liverpool v West Ham United,2026-02-28T15:00:00.000Z,Player Goals,Liverpool,West Ham United,Kyle Walker-Peters,West Ham United,Liverpool,1.5,151,TAB
Liverpool v West Ham United,2026-02-28T15:00:00.000Z,Player Goals,Liverpool,West Ham United,Kyle Walker-Peters,West Ham United,Liverpool,2.5,301,TAB
Liverpool v West Ham United,2026-02-28T15:00:00.000Z,Player Goals,Liverpool,West Ham United,Mateus Fernandes,West Ham United,Liverpool,0.5,5,TAB
Liverpool v West Ham United,2026-02-28T15:00:00.000Z,Player Goals,Liverpool,West Ham United,Mateus Fernandes,Southampton,Liverpool,0.5,5,TAB
Liverpool v West Ham United,2026-02-28T15:00:00.000Z,Player Goals,Liverpool,West Ham United,Mateus Fernandes,West Ham United,Liverpool,1.5,34,TAB
Liverpool v West Ham United,2026-02-28T15:00:00.000Z,Player Goals,Liverpool,West Ham United,Mateus Fernandes,Southampton,Liverpool,1.5,34,TAB
Liverpool v West Ham United,2026-02-28T15:00:00.000Z,Player Goals,Liverpool,West Ham United,Mateus Fernandes,West Ham United,Liverpool,2.5,201,TAB
Liverpool v West Ham United,2026-02-28T15:00:00.000Z,Player Goals,Liverpool,West Ham United,Mateus Fernandes,Southampton,Liverpool,2.5,201,TAB
Liverpool v West Ham United,2026-02-28T15:00:00.000Z,Player Goals,Liverpool,West Ham United,Max Kilman,NA,NA,0.5,11,TAB
Liverpool v West Ham United,2026-02-28T15:00:00.000Z,Player Goals,Liverpool,West Ham United,Max Kilman,NA,NA,1.5,201,TAB
Liverpool v West Ham United,2026-02-28T15:00:00.000Z,Player Goals,Liverpool,West Ham United,Max Kilman,NA,NA,2.5,301,TAB
Liverpool v West Ham United,2026-02-28T15:00:00.000Z,Player Goals,Liverpool,West Ham United,Milos Kerkez,Liverpool,West Ham United,0.5,6.5,TAB
Liverpool v West Ham United,2026-02-28T15:00:00.000Z,Player Goals,Liverpool,West Ham United,Milos Kerkez,Liverpool,West Ham United,1.5,67,TAB
Liverpool v West Ham United,2026-02-28T15:00:00.000Z,Player Goals,Liverpool,West Ham United,Milos Kerkez,Liverpool,West Ham United,2.5,301,TAB
Liverpool v West Ham United,2026-02-28T15:00:00.000Z,Player Goals,Liverpool,West Ham United,Mohamadou Kante,NA,NA,0.5,6.5,TAB
Liverpool v West Ham United,2026-02-28T15:00:00.000Z,Player Goals,Liverpool,West Ham United,Mohamadou Kante,NA,NA,1.5,67,TAB
Liverpool v West Ham United,2026-02-28T15:00:00.000Z,Player Goals,Liverpool,West Ham United,Mohamadou Kante,NA,NA,2.5,301,TAB
Liverpool v West Ham United,2026-02-28T15:00:00.000Z,Player Goals,Liverpool,West Ham United,Mohamed Salah,Liverpool,West Ham United,0.5,1.75,TAB
Liverpool v West Ham United,2026-02-28T15:00:00.000Z,Player Goals,Liverpool,West Ham United,Mohamed Salah,Liverpool,West Ham United,1.5,4.75,TAB
Liverpool v West Ham United,2026-02-28T15:00:00.000Z,Player Goals,Liverpool,West Ham United,Mohamed Salah,Liverpool,West Ham United,2.5,12,TAB
Liverpool v West Ham United,2026-02-28T15:00:00.000Z,Player Goals,Liverpool,West Ham United,Oliver Scarles,West Ham United,Liverpool,0.5,7.5,TAB
Liverpool v West Ham United,2026-02-28T15:00:00.000Z,Player Goals,Liverpool,West Ham United,Oliver Scarles,West Ham United,Liverpool,1.5,101,TAB
Liverpool v West Ham United,2026-02-28T15:00:00.000Z,Player Goals,Liverpool,West Ham United,Oliver Scarles,West Ham United,Liverpool,2.5,301,TAB
Liverpool v West Ham United,2026-02-28T15:00:00.000Z,Player Goals,Liverpool,West Ham United,Rio Ngumoha,Liverpool,West Ham United,0.5,2.4,TAB
Liverpool v West Ham United,2026-02-28T15:00:00.000Z,Player Goals,Liverpool,West Ham United,Rio Ngumoha,Liverpool,West Ham United,1.5,8.5,TAB
Liverpool v West Ham United,2026-02-28T15:00:00.000Z,Player Goals,Liverpool,West Ham United,Rio Ngumoha,Liverpool,West Ham United,2.5,41,TAB
Liverpool v West Ham United,2026-02-28T15:00:00.000Z,Player Goals,Liverpool,West Ham United,Ryan Gravenberch,Liverpool,West Ham United,0.5,3.9,TAB
Liverpool v West Ham United,2026-02-28T15:00:00.000Z,Player Goals,Liverpool,West Ham United,Ryan Gravenberch,Liverpool,West Ham United,1.5,17,TAB
Liverpool v West Ham United,2026-02-28T15:00:00.000Z,Player Goals,Liverpool,West Ham United,Ryan Gravenberch,Liverpool,West Ham United,2.5,151,TAB
Liverpool v West Ham United,2026-02-28T15:00:00.000Z,Player Goals,Liverpool,West Ham United,Soungoutou Magassa,West Ham United,Liverpool,0.5,11,TAB
Liverpool v West Ham United,2026-02-28T15:00:00.000Z,Player Goals,Liverpool,West Ham United,Soungoutou Magassa,West Ham United,Liverpool,1.5,151,TAB
Liverpool v West Ham United,2026-02-28T15:00:00.000Z,Player Goals,Liverpool,West Ham United,Soungoutou Magassa,West Ham United,Liverpool,2.5,301,TAB
Liverpool v West Ham United,2026-02-28T15:00:00.000Z,Player Goals,Liverpool,West Ham United,Taty Castellanos,West Ham United,Liverpool,0.5,3.6,TAB
Liverpool v West Ham United,2026-02-28T15:00:00.000Z,Player Goals,Liverpool,West Ham United,Taty Castellanos,West Ham United,Liverpool,1.5,15,TAB
Liverpool v West Ham United,2026-02-28T15:00:00.000Z,Player Goals,Liverpool,West Ham United,Taty Castellanos,West Ham United,Liverpool,2.5,101,TAB
Liverpool v West Ham United,2026-02-28T15:00:00.000Z,Player Goals,Liverpool,West Ham United,Tomas Soucek,NA,NA,0.5,5,TAB
Liverpool v West Ham United,2026-02-28T15:00:00.000Z,Player Goals,Liverpool,West Ham United,Tomas Soucek,NA,NA,1.5,34,TAB
Liverpool v West Ham United,2026-02-28T15:00:00.000Z,Player Goals,Liverpool,West Ham United,Tomas Soucek,NA,NA,2.5,201,TAB
Liverpool v West Ham United,2026-02-28T15:00:00.000Z,Player Goals,Liverpool,West Ham United,Treymaurice Nyoni,NA,NA,0.5,3.1,TAB
Liverpool v West Ham United,2026-02-28T15:00:00.000Z,Player Goals,Liverpool,West Ham United,Treymaurice Nyoni,NA,NA,1.5,11,TAB
Liverpool v West Ham United,2026-02-28T15:00:00.000Z,Player Goals,Liverpool,West Ham United,Treymaurice Nyoni,NA,NA,2.5,81,TAB
Liverpool v West Ham United,2026-02-28T15:00:00.000Z,Player Goals,Liverpool,West Ham United,Virgil van Dijk,Liverpool,West Ham United,0.5,5.5,TAB
Liverpool v West Ham United,2026-02-28T15:00:00.000Z,Player Goals,Liverpool,West Ham United,Virgil van Dijk,Liverpool,West Ham United,1.5,51,TAB
Liverpool v West Ham United,2026-02-28T15:00:00.000Z,Player Goals,Liverpool,West Ham United,Virgil van Dijk,Liverpool,West Ham United,2.5,201,TAB
Newcastle United v Everton,2026-02-28T15:00:00.000Z,Player Goals,Newcastle United,Everton,Adam Aznou,Everton,Newcastle United,0.5,8.5,TAB
Newcastle United v Everton,2026-02-28T15:00:00.000Z,Player Goals,Newcastle United,Everton,Adam Aznou,Everton,Newcastle United,1.5,101,TAB
Newcastle United v Everton,2026-02-28T15:00:00.000Z,Player Goals,Newcastle United,Everton,Adam Aznou,Everton,Newcastle United,2.5,301,TAB
Newcastle United v Everton,2026-02-28T15:00:00.000Z,Player Goals,Newcastle United,Everton,Alex Murphy,Newcastle United,Everton,0.5,7.5,TAB
Newcastle United v Everton,2026-02-28T15:00:00.000Z,Player Goals,Newcastle United,Everton,Alex Murphy,Newcastle United,Everton,1.5,101,TAB
Newcastle United v Everton,2026-02-28T15:00:00.000Z,Player Goals,Newcastle United,Everton,Alex Murphy,Newcastle United,Everton,2.5,301,TAB
Newcastle United v Everton,2026-02-28T15:00:00.000Z,Player Goals,Newcastle United,Everton,Anthony Elanga,Newcastle United,Everton,0.5,2.9,TAB
Newcastle United v Everton,2026-02-28T15:00:00.000Z,Player Goals,Newcastle United,Everton,Anthony Elanga,Newcastle United,Everton,1.5,11,TAB
Newcastle United v Everton,2026-02-28T15:00:00.000Z,Player Goals,Newcastle United,Everton,Anthony Elanga,Newcastle United,Everton,2.5,81,TAB
Newcastle United v Everton,2026-02-28T15:00:00.000Z,Player Goals,Newcastle United,Everton,Anthony Gordon,Newcastle United,Everton,0.5,2.4,TAB
Newcastle United v Everton,2026-02-28T15:00:00.000Z,Player Goals,Newcastle United,Everton,Anthony Gordon,Newcastle United,Everton,1.5,8.5,TAB
Newcastle United v Everton,2026-02-28T15:00:00.000Z,Player Goals,Newcastle United,Everton,Anthony Gordon,Newcastle United,Everton,2.5,41,TAB
Newcastle United v Everton,2026-02-28T15:00:00.000Z,Player Goals,Newcastle United,Everton,Beto,Everton,Newcastle United,0.5,3,TAB
Newcastle United v Everton,2026-02-28T15:00:00.000Z,Player Goals,Newcastle United,Everton,Beto,Everton,Newcastle United,1.5,11,TAB
Newcastle United v Everton,2026-02-28T15:00:00.000Z,Player Goals,Newcastle United,Everton,Beto,Everton,Newcastle United,2.5,81,TAB
Newcastle United v Everton,2026-02-28T15:00:00.000Z,Player Goals,Newcastle United,Everton,Dan Burn,Newcastle United,Everton,0.5,7,TAB
Newcastle United v Everton,2026-02-28T15:00:00.000Z,Player Goals,Newcastle United,Everton,Dan Burn,Newcastle United,Everton,1.5,81,TAB
Newcastle United v Everton,2026-02-28T15:00:00.000Z,Player Goals,Newcastle United,Everton,Dan Burn,Newcastle United,Everton,2.5,301,TAB
Newcastle United v Everton,2026-02-28T15:00:00.000Z,Player Goals,Newcastle United,Everton,Dwight McNeil,Everton,Newcastle United,0.5,4.25,TAB
Newcastle United v Everton,2026-02-28T15:00:00.000Z,Player Goals,Newcastle United,Everton,Dwight McNeil,Everton,Newcastle United,1.5,26,TAB
Newcastle United v Everton,2026-02-28T15:00:00.000Z,Player Goals,Newcastle United,Everton,Dwight McNeil,Everton,Newcastle United,2.5,201,TAB
Newcastle United v Everton,2026-02-28T15:00:00.000Z,Player Goals,Newcastle United,Everton,Harrison Armstrong,Everton,Newcastle United,0.5,6,TAB
Newcastle United v Everton,2026-02-28T15:00:00.000Z,Player Goals,Newcastle United,Everton,Harrison Armstrong,Everton,Newcastle United,1.5,67,TAB
Newcastle United v Everton,2026-02-28T15:00:00.000Z,Player Goals,Newcastle United,Everton,Harrison Armstrong,Everton,Newcastle United,2.5,301,TAB
Newcastle United v Everton,2026-02-28T15:00:00.000Z,Player Goals,Newcastle United,Everton,Harvey Barnes,Newcastle United,Everton,0.5,2.4,TAB
Newcastle United v Everton,2026-02-28T15:00:00.000Z,Player Goals,Newcastle United,Everton,Harvey Barnes,Newcastle United,Everton,1.5,8.5,TAB
Newcastle United v Everton,2026-02-28T15:00:00.000Z,Player Goals,Newcastle United,Everton,Harvey Barnes,Newcastle United,Everton,2.5,41,TAB
Newcastle United v Everton,2026-02-28T15:00:00.000Z,Player Goals,Newcastle United,Everton,Idrissa Gueye,Everton,Newcastle United,0.5,6,TAB
Newcastle United v Everton,2026-02-28T15:00:00.000Z,Player Goals,Newcastle United,Everton,Idrissa Gueye,Everton,Newcastle United,1.5,67,TAB
Newcastle United v Everton,2026-02-28T15:00:00.000Z,Player Goals,Newcastle United,Everton,Idrissa Gueye,Everton,Newcastle United,2.5,301,TAB
Newcastle United v Everton,2026-02-28T15:00:00.000Z,Player Goals,Newcastle United,Everton,Iliman Ndiaye,Everton,Newcastle United,0.5,3.5,TAB
Newcastle United v Everton,2026-02-28T15:00:00.000Z,Player Goals,Newcastle United,Everton,Iliman Ndiaye,Everton,Newcastle United,1.5,15,TAB
Newcastle United v Everton,2026-02-28T15:00:00.000Z,Player Goals,Newcastle United,Everton,Iliman Ndiaye,Everton,Newcastle United,2.5,101,TAB
Newcastle United v Everton,2026-02-28T15:00:00.000Z,Player Goals,Newcastle United,Everton,Jacob Murphy,Newcastle United,Everton,0.5,3.25,TAB
Newcastle United v Everton,2026-02-28T15:00:00.000Z,Player Goals,Newcastle United,Everton,Jacob Murphy,Newcastle United,Everton,1.5,12,TAB
Newcastle United v Everton,2026-02-28T15:00:00.000Z,Player Goals,Newcastle United,Everton,Jacob Murphy,Newcastle United,Everton,2.5,101,TAB
Newcastle United v Everton,2026-02-28T15:00:00.000Z,Player Goals,Newcastle United,Everton,Jacob Ramsey,Newcastle United,Everton,0.5,3.9,TAB
Newcastle United v Everton,2026-02-28T15:00:00.000Z,Player Goals,Newcastle United,Everton,Jacob Ramsey,Newcastle United,Everton,1.5,17,TAB
Newcastle United v Everton,2026-02-28T15:00:00.000Z,Player Goals,Newcastle United,Everton,Jacob Ramsey,Newcastle United,Everton,2.5,151,TAB
Newcastle United v Everton,2026-02-28T15:00:00.000Z,Player Goals,Newcastle United,Everton,Jake O'Brien,Everton,Newcastle United,0.5,8.5,TAB
Newcastle United v Everton,2026-02-28T15:00:00.000Z,Player Goals,Newcastle United,Everton,Jake O'Brien,Everton,Newcastle United,1.5,101,TAB
Newcastle United v Everton,2026-02-28T15:00:00.000Z,Player Goals,Newcastle United,Everton,Jake O'Brien,Everton,Newcastle United,2.5,301,TAB
Newcastle United v Everton,2026-02-28T15:00:00.000Z,Player Goals,Newcastle United,Everton,James Garner,Everton,Newcastle United,0.5,5.5,TAB
Newcastle United v Everton,2026-02-28T15:00:00.000Z,Player Goals,Newcastle United,Everton,James Garner,Everton,Newcastle United,1.5,51,TAB
Newcastle United v Everton,2026-02-28T15:00:00.000Z,Player Goals,Newcastle United,Everton,James Garner,Everton,Newcastle United,2.5,301,TAB
Newcastle United v Everton,2026-02-28T15:00:00.000Z,Player Goals,Newcastle United,Everton,James Tarkowski,Everton,Newcastle United,0.5,8.5,TAB
Newcastle United v Everton,2026-02-28T15:00:00.000Z,Player Goals,Newcastle United,Everton,James Tarkowski,Everton,Newcastle United,1.5,101,TAB
Newcastle United v Everton,2026-02-28T15:00:00.000Z,Player Goals,Newcastle United,Everton,James Tarkowski,Everton,Newcastle United,2.5,301,TAB
Newcastle United v Everton,2026-02-28T15:00:00.000Z,Player Goals,Newcastle United,Everton,Jarrad Branthwaite,Everton,Newcastle United,0.5,8.5,TAB
Newcastle United v Everton,2026-02-28T15:00:00.000Z,Player Goals,Newcastle United,Everton,Jarrad Branthwaite,Everton,Newcastle United,1.5,101,TAB
Newcastle United v Everton,2026-02-28T15:00:00.000Z,Player Goals,Newcastle United,Everton,Jarrad Branthwaite,Everton,Newcastle United,2.5,301,TAB
Newcastle United v Everton,2026-02-28T15:00:00.000Z,Player Goals,Newcastle United,Everton,Joe Willock,Newcastle United,Everton,0.5,4.25,TAB
Newcastle United v Everton,2026-02-28T15:00:00.000Z,Player Goals,Newcastle United,Everton,Joe Willock,Newcastle United,Everton,1.5,26,TAB
Newcastle United v Everton,2026-02-28T15:00:00.000Z,Player Goals,Newcastle United,Everton,Joe Willock,Newcastle United,Everton,2.5,201,TAB
Newcastle United v Everton,2026-02-28T15:00:00.000Z,Player Goals,Newcastle United,Everton,Joelinton,Newcastle United,Everton,0.5,3.9,TAB
Newcastle United v Everton,2026-02-28T15:00:00.000Z,Player Goals,Newcastle United,Everton,Joelinton,Newcastle United,Everton,1.5,17,TAB
Newcastle United v Everton,2026-02-28T15:00:00.000Z,Player Goals,Newcastle United,Everton,Joelinton,Newcastle United,Everton,2.5,151,TAB
Newcastle United v Everton,2026-02-28T15:00:00.000Z,Player Goals,Newcastle United,Everton,Kieran Trippier,Newcastle United,Everton,0.5,7.5,TAB
Newcastle United v Everton,2026-02-28T15:00:00.000Z,Player Goals,Newcastle United,Everton,Kieran Trippier,Newcastle United,Everton,1.5,101,TAB
Newcastle United v Everton,2026-02-28T15:00:00.000Z,Player Goals,Newcastle United,Everton,Kieran Trippier,Newcastle United,Everton,2.5,301,TAB
Newcastle United v Everton,2026-02-28T15:00:00.000Z,Player Goals,Newcastle United,Everton,Kiernan Dewsbury-Hall,Everton,Newcastle United,0.5,4.25,TAB
Newcastle United v Everton,2026-02-28T15:00:00.000Z,Player Goals,Newcastle United,Everton,Kiernan Dewsbury-Hall,Everton,Newcastle United,1.5,26,TAB
Newcastle United v Everton,2026-02-28T15:00:00.000Z,Player Goals,Newcastle United,Everton,Kiernan Dewsbury-Hall,Everton,Newcastle United,2.5,201,TAB
Newcastle United v Everton,2026-02-28T15:00:00.000Z,Player Goals,Newcastle United,Everton,Leo Shahar,Newcastle United,Everton,0.5,12,TAB
Newcastle United v Everton,2026-02-28T15:00:00.000Z,Player Goals,Newcastle United,Everton,Leo Shahar,Newcastle United,Everton,1.5,151,TAB
Newcastle United v Everton,2026-02-28T15:00:00.000Z,Player Goals,Newcastle United,Everton,Leo Shahar,Newcastle United,Everton,2.5,301,TAB
Newcastle United v Everton,2026-02-28T15:00:00.000Z,Player Goals,Newcastle United,Everton,Lewis Hall,Newcastle United,Everton,0.5,7,TAB
Newcastle United v Everton,2026-02-28T15:00:00.000Z,Player Goals,Newcastle United,Everton,Lewis Hall,Newcastle United,Everton,1.5,81,TAB
Newcastle United v Everton,2026-02-28T15:00:00.000Z,Player Goals,Newcastle United,Everton,Lewis Hall,Newcastle United,Everton,2.5,301,TAB
Newcastle United v Everton,2026-02-28T15:00:00.000Z,Player Goals,Newcastle United,Everton,Malick Thiaw,Newcastle United,Everton,0.5,6,TAB
Newcastle United v Everton,2026-02-28T15:00:00.000Z,Player Goals,Newcastle United,Everton,Malick Thiaw,Newcastle United,Everton,1.5,51,TAB
Newcastle United v Everton,2026-02-28T15:00:00.000Z,Player Goals,Newcastle United,Everton,Malick Thiaw,Newcastle United,Everton,2.5,301,TAB
Newcastle United v Everton,2026-02-28T15:00:00.000Z,Player Goals,Newcastle United,Everton,Merlin Rohl,NA,NA,0.5,4.75,TAB
Newcastle United v Everton,2026-02-28T15:00:00.000Z,Player Goals,Newcastle United,Everton,Merlin Rohl,NA,NA,1.5,34,TAB
Newcastle United v Everton,2026-02-28T15:00:00.000Z,Player Goals,Newcastle United,Everton,Merlin Rohl,NA,NA,2.5,201,TAB
Newcastle United v Everton,2026-02-28T15:00:00.000Z,Player Goals,Newcastle United,Everton,Michael Keane,Everton,Newcastle United,0.5,7.5,TAB
Newcastle United v Everton,2026-02-28T15:00:00.000Z,Player Goals,Newcastle United,Everton,Michael Keane,Everton,Newcastle United,1.5,101,TAB
Newcastle United v Everton,2026-02-28T15:00:00.000Z,Player Goals,Newcastle United,Everton,Michael Keane,Everton,Newcastle United,2.5,301,TAB
Newcastle United v Everton,2026-02-28T15:00:00.000Z,Player Goals,Newcastle United,Everton,Nathan Patterson,Everton,Newcastle United,0.5,15,TAB
Newcastle United v Everton,2026-02-28T15:00:00.000Z,Player Goals,Newcastle United,Everton,Nathan Patterson,Everton,Newcastle United,1.5,201,TAB
Newcastle United v Everton,2026-02-28T15:00:00.000Z,Player Goals,Newcastle United,Everton,Nathan Patterson,Everton,Newcastle United,2.5,301,TAB
Newcastle United v Everton,2026-02-28T15:00:00.000Z,Player Goals,Newcastle United,Everton,Nick Woltemade,Newcastle United,Everton,0.5,2.1,TAB
Newcastle United v Everton,2026-02-28T15:00:00.000Z,Player Goals,Newcastle United,Everton,Nick Woltemade,Newcastle United,Everton,1.5,7,TAB
Newcastle United v Everton,2026-02-28T15:00:00.000Z,Player Goals,Newcastle United,Everton,Nick Woltemade,Newcastle United,Everton,2.5,21,TAB
Newcastle United v Everton,2026-02-28T15:00:00.000Z,Player Goals,Newcastle United,Everton,S<c3><a9>amus Coleman,NA,NA,0.5,13,TAB
Newcastle United v Everton,2026-02-28T15:00:00.000Z,Player Goals,Newcastle United,Everton,S<c3><a9>amus Coleman,NA,NA,1.5,201,TAB
Newcastle United v Everton,2026-02-28T15:00:00.000Z,Player Goals,Newcastle United,Everton,S<c3><a9>amus Coleman,NA,NA,2.5,301,TAB
Newcastle United v Everton,2026-02-28T15:00:00.000Z,Player Goals,Newcastle United,Everton,Sandro Tonali,Newcastle United,Everton,0.5,5,TAB
Newcastle United v Everton,2026-02-28T15:00:00.000Z,Player Goals,Newcastle United,Everton,Sandro Tonali,Newcastle United,Everton,1.5,41,TAB
Newcastle United v Everton,2026-02-28T15:00:00.000Z,Player Goals,Newcastle United,Everton,Sandro Tonali,Newcastle United,Everton,2.5,201,TAB
Newcastle United v Everton,2026-02-28T15:00:00.000Z,Player Goals,Newcastle United,Everton,Sven Botman,Newcastle United,Everton,0.5,7.5,TAB
Newcastle United v Everton,2026-02-28T15:00:00.000Z,Player Goals,Newcastle United,Everton,Sven Botman,Newcastle United,Everton,1.5,101,TAB
Newcastle United v Everton,2026-02-28T15:00:00.000Z,Player Goals,Newcastle United,Everton,Sven Botman,Newcastle United,Everton,2.5,301,TAB
Newcastle United v Everton,2026-02-28T15:00:00.000Z,Player Goals,Newcastle United,Everton,Thierno Barry,Everton,Newcastle United,0.5,3,TAB
Newcastle United v Everton,2026-02-28T15:00:00.000Z,Player Goals,Newcastle United,Everton,Thierno Barry,Everton,Newcastle United,1.5,11,TAB
Newcastle United v Everton,2026-02-28T15:00:00.000Z,Player Goals,Newcastle United,Everton,Thierno Barry,Everton,Newcastle United,2.5,81,TAB
Newcastle United v Everton,2026-02-28T15:00:00.000Z,Player Goals,Newcastle United,Everton,Tim Iroegbunam,Everton,Newcastle United,0.5,6.5,TAB
Newcastle United v Everton,2026-02-28T15:00:00.000Z,Player Goals,Newcastle United,Everton,Tim Iroegbunam,Everton,Newcastle United,1.5,67,TAB
Newcastle United v Everton,2026-02-28T15:00:00.000Z,Player Goals,Newcastle United,Everton,Tim Iroegbunam,Everton,Newcastle United,2.5,301,TAB
Newcastle United v Everton,2026-02-28T15:00:00.000Z,Player Goals,Newcastle United,Everton,Tyler Dibling,Everton,Newcastle United,0.5,4,TAB
Newcastle United v Everton,2026-02-28T15:00:00.000Z,Player Goals,Newcastle United,Everton,Tyler Dibling,Southampton,Newcastle United,0.5,4,TAB
Newcastle United v Everton,2026-02-28T15:00:00.000Z,Player Goals,Newcastle United,Everton,Tyler Dibling,Everton,Newcastle United,1.5,21,TAB
Newcastle United v Everton,2026-02-28T15:00:00.000Z,Player Goals,Newcastle United,Everton,Tyler Dibling,Southampton,Newcastle United,1.5,21,TAB
Newcastle United v Everton,2026-02-28T15:00:00.000Z,Player Goals,Newcastle United,Everton,Tyler Dibling,Everton,Newcastle United,2.5,151,TAB
Newcastle United v Everton,2026-02-28T15:00:00.000Z,Player Goals,Newcastle United,Everton,Tyler Dibling,Southampton,Newcastle United,2.5,151,TAB
Newcastle United v Everton,2026-02-28T15:00:00.000Z,Player Goals,Newcastle United,Everton,Tyrique George,Chelsea,Newcastle United,0.5,4,TAB
Newcastle United v Everton,2026-02-28T15:00:00.000Z,Player Goals,Newcastle United,Everton,Tyrique George,Chelsea,Newcastle United,1.5,21,TAB
Newcastle United v Everton,2026-02-28T15:00:00.000Z,Player Goals,Newcastle United,Everton,Tyrique George,Chelsea,Newcastle United,2.5,151,TAB
Newcastle United v Everton,2026-02-28T15:00:00.000Z,Player Goals,Newcastle United,Everton,Vitaliy Mykolenko,Everton,Newcastle United,0.5,10,TAB
Newcastle United v Everton,2026-02-28T15:00:00.000Z,Player Goals,Newcastle United,Everton,Vitaliy Mykolenko,Everton,Newcastle United,1.5,151,TAB
Newcastle United v Everton,2026-02-28T15:00:00.000Z,Player Goals,Newcastle United,Everton,Vitaliy Mykolenko,Everton,Newcastle United,2.5,301,TAB
Newcastle United v Everton,2026-02-28T15:00:00.000Z,Player Goals,Newcastle United,Everton,William Osula,Newcastle United,Everton,0.5,2.6,TAB
Newcastle United v Everton,2026-02-28T15:00:00.000Z,Player Goals,Newcastle United,Everton,William Osula,Newcastle United,Everton,1.5,9,TAB
Newcastle United v Everton,2026-02-28T15:00:00.000Z,Player Goals,Newcastle United,Everton,William Osula,Newcastle United,Everton,2.5,51,TAB
Newcastle United v Everton,2026-02-28T15:00:00.000Z,Player Goals,Newcastle United,Everton,Yoane Wissa,Newcastle United,Everton,0.5,2.15,TAB
Newcastle United v Everton,2026-02-28T15:00:00.000Z,Player Goals,Newcastle United,Everton,Yoane Wissa,Newcastle United,Everton,1.5,7,TAB
Newcastle United v Everton,2026-02-28T15:00:00.000Z,Player Goals,Newcastle United,Everton,Yoane Wissa,Newcastle United,Everton,2.5,26,TAB
Leeds United v Manchester City,2026-02-28T17:30:00.000Z,Player Goals,Leeds United,Manchester City,Abdukodir Khusanov,Manchester City,Leeds United,0.5,9,TAB
Leeds United v Manchester City,2026-02-28T17:30:00.000Z,Player Goals,Leeds United,Manchester City,Abdukodir Khusanov,Manchester City,Leeds United,1.5,151,TAB
Leeds United v Manchester City,2026-02-28T17:30:00.000Z,Player Goals,Leeds United,Manchester City,Abdukodir Khusanov,Manchester City,Leeds United,2.5,301,TAB
Leeds United v Manchester City,2026-02-28T17:30:00.000Z,Player Goals,Leeds United,Manchester City,Antoine Semenyo,Manchester City,Leeds United,0.5,2.3,TAB
Leeds United v Manchester City,2026-02-28T17:30:00.000Z,Player Goals,Leeds United,Manchester City,Antoine Semenyo,Bournemouth,Leeds United,0.5,2.3,TAB
Leeds United v Manchester City,2026-02-28T17:30:00.000Z,Player Goals,Leeds United,Manchester City,Antoine Semenyo,Manchester City,Leeds United,1.5,8,TAB
Leeds United v Manchester City,2026-02-28T17:30:00.000Z,Player Goals,Leeds United,Manchester City,Antoine Semenyo,Bournemouth,Leeds United,1.5,8,TAB
Leeds United v Manchester City,2026-02-28T17:30:00.000Z,Player Goals,Leeds United,Manchester City,Antoine Semenyo,Manchester City,Leeds United,2.5,34,TAB
Leeds United v Manchester City,2026-02-28T17:30:00.000Z,Player Goals,Leeds United,Manchester City,Antoine Semenyo,Bournemouth,Leeds United,2.5,34,TAB
Leeds United v Manchester City,2026-02-28T17:30:00.000Z,Player Goals,Leeds United,Manchester City,Anton Stach,NA,NA,0.5,5,TAB
Leeds United v Manchester City,2026-02-28T17:30:00.000Z,Player Goals,Leeds United,Manchester City,Anton Stach,NA,NA,1.5,41,TAB
Leeds United v Manchester City,2026-02-28T17:30:00.000Z,Player Goals,Leeds United,Manchester City,Anton Stach,NA,NA,2.5,201,TAB
Leeds United v Manchester City,2026-02-28T17:30:00.000Z,Player Goals,Leeds United,Manchester City,Ao Tanaka,NA,NA,0.5,6,TAB
Leeds United v Manchester City,2026-02-28T17:30:00.000Z,Player Goals,Leeds United,Manchester City,Ao Tanaka,NA,NA,1.5,67,TAB
Leeds United v Manchester City,2026-02-28T17:30:00.000Z,Player Goals,Leeds United,Manchester City,Ao Tanaka,NA,NA,2.5,301,TAB
Leeds United v Manchester City,2026-02-28T17:30:00.000Z,Player Goals,Leeds United,Manchester City,Bernardo Silva,Manchester City,Leeds United,0.5,4,TAB
Leeds United v Manchester City,2026-02-28T17:30:00.000Z,Player Goals,Leeds United,Manchester City,Bernardo Silva,Manchester City,Leeds United,1.5,21,TAB
Leeds United v Manchester City,2026-02-28T17:30:00.000Z,Player Goals,Leeds United,Manchester City,Bernardo Silva,Manchester City,Leeds United,2.5,151,TAB
Leeds United v Manchester City,2026-02-28T17:30:00.000Z,Player Goals,Leeds United,Manchester City,Brenden Aaronson,NA,NA,0.5,4.75,TAB
Leeds United v Manchester City,2026-02-28T17:30:00.000Z,Player Goals,Leeds United,Manchester City,Brenden Aaronson,NA,NA,1.5,34,TAB
Leeds United v Manchester City,2026-02-28T17:30:00.000Z,Player Goals,Leeds United,Manchester City,Brenden Aaronson,NA,NA,2.5,201,TAB
Leeds United v Manchester City,2026-02-28T17:30:00.000Z,Player Goals,Leeds United,Manchester City,Daniel James,NA,NA,0.5,4,TAB
Leeds United v Manchester City,2026-02-28T17:30:00.000Z,Player Goals,Leeds United,Manchester City,Daniel James,NA,NA,1.5,21,TAB
Leeds United v Manchester City,2026-02-28T17:30:00.000Z,Player Goals,Leeds United,Manchester City,Daniel James,NA,NA,2.5,151,TAB
Leeds United v Manchester City,2026-02-28T17:30:00.000Z,Player Goals,Leeds United,Manchester City,Dominic Calvert-Lewin,NA,NA,0.5,2.8,TAB
Leeds United v Manchester City,2026-02-28T17:30:00.000Z,Player Goals,Leeds United,Manchester City,Dominic Calvert-Lewin,NA,NA,1.5,10,TAB
Leeds United v Manchester City,2026-02-28T17:30:00.000Z,Player Goals,Leeds United,Manchester City,Dominic Calvert-Lewin,NA,NA,2.5,51,TAB
Leeds United v Manchester City,2026-02-28T17:30:00.000Z,Player Goals,Leeds United,Manchester City,Erling Haaland,Manchester City,Leeds United,0.5,1.6,TAB
Leeds United v Manchester City,2026-02-28T17:30:00.000Z,Player Goals,Leeds United,Manchester City,Erling Haaland,Manchester City,Leeds United,1.5,4,TAB
Leeds United v Manchester City,2026-02-28T17:30:00.000Z,Player Goals,Leeds United,Manchester City,Erling Haaland,Manchester City,Leeds United,2.5,10,TAB
Leeds United v Manchester City,2026-02-28T17:30:00.000Z,Player Goals,Leeds United,Manchester City,Ethan Ampadu,NA,NA,0.5,10,TAB
Leeds United v Manchester City,2026-02-28T17:30:00.000Z,Player Goals,Leeds United,Manchester City,Ethan Ampadu,NA,NA,1.5,151,TAB
Leeds United v Manchester City,2026-02-28T17:30:00.000Z,Player Goals,Leeds United,Manchester City,Ethan Ampadu,NA,NA,2.5,301,TAB
Leeds United v Manchester City,2026-02-28T17:30:00.000Z,Player Goals,Leeds United,Manchester City,Gabriel Gudmundsson,NA,NA,0.5,9,TAB
Leeds United v Manchester City,2026-02-28T17:30:00.000Z,Player Goals,Leeds United,Manchester City,Gabriel Gudmundsson,NA,NA,1.5,151,TAB
Leeds United v Manchester City,2026-02-28T17:30:00.000Z,Player Goals,Leeds United,Manchester City,Gabriel Gudmundsson,NA,NA,2.5,301,TAB
Leeds United v Manchester City,2026-02-28T17:30:00.000Z,Player Goals,Leeds United,Manchester City,Ilia Gruev,NA,NA,0.5,9,TAB
Leeds United v Manchester City,2026-02-28T17:30:00.000Z,Player Goals,Leeds United,Manchester City,Ilia Gruev,NA,NA,1.5,151,TAB
Leeds United v Manchester City,2026-02-28T17:30:00.000Z,Player Goals,Leeds United,Manchester City,Ilia Gruev,NA,NA,2.5,301,TAB
Leeds United v Manchester City,2026-02-28T17:30:00.000Z,Player Goals,Leeds United,Manchester City,Jaka Bijol,NA,NA,0.5,9,TAB
Leeds United v Manchester City,2026-02-28T17:30:00.000Z,Player Goals,Leeds United,Manchester City,Jaka Bijol,NA,NA,1.5,151,TAB
Leeds United v Manchester City,2026-02-28T17:30:00.000Z,Player Goals,Leeds United,Manchester City,Jaka Bijol,NA,NA,2.5,301,TAB
Leeds United v Manchester City,2026-02-28T17:30:00.000Z,Player Goals,Leeds United,Manchester City,James Justin,Leicester City,Leeds United,0.5,9,TAB
Leeds United v Manchester City,2026-02-28T17:30:00.000Z,Player Goals,Leeds United,Manchester City,James Justin,Leicester City,Leeds United,1.5,151,TAB
Leeds United v Manchester City,2026-02-28T17:30:00.000Z,Player Goals,Leeds United,Manchester City,James Justin,Leicester City,Leeds United,2.5,301,TAB
Leeds United v Manchester City,2026-02-28T17:30:00.000Z,Player Goals,Leeds United,Manchester City,Jayden Bogle,NA,NA,0.5,8,TAB
Leeds United v Manchester City,2026-02-28T17:30:00.000Z,Player Goals,Leeds United,Manchester City,Jayden Bogle,NA,NA,1.5,101,TAB
Leeds United v Manchester City,2026-02-28T17:30:00.000Z,Player Goals,Leeds United,Manchester City,Jayden Bogle,NA,NA,2.5,301,TAB
Leeds United v Manchester City,2026-02-28T17:30:00.000Z,Player Goals,Leeds United,Manchester City,Joe Rodon,NA,NA,0.5,9,TAB
Leeds United v Manchester City,2026-02-28T17:30:00.000Z,Player Goals,Leeds United,Manchester City,Joe Rodon,NA,NA,1.5,151,TAB
Leeds United v Manchester City,2026-02-28T17:30:00.000Z,Player Goals,Leeds United,Manchester City,Joe Rodon,NA,NA,2.5,301,TAB
Leeds United v Manchester City,2026-02-28T17:30:00.000Z,Player Goals,Leeds United,Manchester City,Joel Piroe,NA,NA,0.5,3.4,TAB
Leeds United v Manchester City,2026-02-28T17:30:00.000Z,Player Goals,Leeds United,Manchester City,Joel Piroe,NA,NA,1.5,13,TAB
Leeds United v Manchester City,2026-02-28T17:30:00.000Z,Player Goals,Leeds United,Manchester City,Joel Piroe,NA,NA,2.5,101,TAB
Leeds United v Manchester City,2026-02-28T17:30:00.000Z,Player Goals,Leeds United,Manchester City,John Stones,Manchester City,Leeds United,0.5,6.5,TAB
Leeds United v Manchester City,2026-02-28T17:30:00.000Z,Player Goals,Leeds United,Manchester City,John Stones,Manchester City,Leeds United,1.5,67,TAB
Leeds United v Manchester City,2026-02-28T17:30:00.000Z,Player Goals,Leeds United,Manchester City,John Stones,Manchester City,Leeds United,2.5,301,TAB
Leeds United v Manchester City,2026-02-28T17:30:00.000Z,Player Goals,Leeds United,Manchester City,Lukas Nmecha,NA,NA,0.5,3.25,TAB
Leeds United v Manchester City,2026-02-28T17:30:00.000Z,Player Goals,Leeds United,Manchester City,Lukas Nmecha,NA,NA,1.5,12,TAB
Leeds United v Manchester City,2026-02-28T17:30:00.000Z,Player Goals,Leeds United,Manchester City,Lukas Nmecha,NA,NA,2.5,101,TAB
Leeds United v Manchester City,2026-02-28T17:30:00.000Z,Player Goals,Leeds United,Manchester City,Marc Gu<c3><a9>hi,NA,NA,0.5,5.5,TAB
Leeds United v Manchester City,2026-02-28T17:30:00.000Z,Player Goals,Leeds United,Manchester City,Marc Gu<c3><a9>hi,NA,NA,1.5,51,TAB
Leeds United v Manchester City,2026-02-28T17:30:00.000Z,Player Goals,Leeds United,Manchester City,Marc Gu<c3><a9>hi,NA,NA,2.5,301,TAB
Leeds United v Manchester City,2026-02-28T17:30:00.000Z,Player Goals,Leeds United,Manchester City,Matheus Nunes,Manchester City,Leeds United,0.5,5.5,TAB
Leeds United v Manchester City,2026-02-28T17:30:00.000Z,Player Goals,Leeds United,Manchester City,Matheus Nunes,Manchester City,Leeds United,1.5,51,TAB
Leeds United v Manchester City,2026-02-28T17:30:00.000Z,Player Goals,Leeds United,Manchester City,Matheus Nunes,Manchester City,Leeds United,2.5,301,TAB
Leeds United v Manchester City,2026-02-28T17:30:00.000Z,Player Goals,Leeds United,Manchester City,Nico Gonzalez,NA,NA,0.5,5,TAB
Leeds United v Manchester City,2026-02-28T17:30:00.000Z,Player Goals,Leeds United,Manchester City,Nico Gonzalez,NA,NA,1.5,41,TAB
Leeds United v Manchester City,2026-02-28T17:30:00.000Z,Player Goals,Leeds United,Manchester City,Nico Gonzalez,NA,NA,2.5,201,TAB
Leeds United v Manchester City,2026-02-28T17:30:00.000Z,Player Goals,Leeds United,Manchester City,Nico O'Reilly,Manchester City,Leeds United,0.5,4.5,TAB
Leeds United v Manchester City,2026-02-28T17:30:00.000Z,Player Goals,Leeds United,Manchester City,Nico O'Reilly,Manchester City,Leeds United,1.5,26,TAB
Leeds United v Manchester City,2026-02-28T17:30:00.000Z,Player Goals,Leeds United,Manchester City,Nico O'Reilly,Manchester City,Leeds United,2.5,201,TAB
Leeds United v Manchester City,2026-02-28T17:30:00.000Z,Player Goals,Leeds United,Manchester City,Omar Marmoush,Manchester City,Leeds United,0.5,2.2,TAB
Leeds United v Manchester City,2026-02-28T17:30:00.000Z,Player Goals,Leeds United,Manchester City,Omar Marmoush,Manchester City,Leeds United,1.5,7.5,TAB
Leeds United v Manchester City,2026-02-28T17:30:00.000Z,Player Goals,Leeds United,Manchester City,Omar Marmoush,Manchester City,Leeds United,2.5,26,TAB
Leeds United v Manchester City,2026-02-28T17:30:00.000Z,Player Goals,Leeds United,Manchester City,Pascal Struijk,NA,NA,0.5,6.5,TAB
Leeds United v Manchester City,2026-02-28T17:30:00.000Z,Player Goals,Leeds United,Manchester City,Pascal Struijk,NA,NA,1.5,67,TAB
Leeds United v Manchester City,2026-02-28T17:30:00.000Z,Player Goals,Leeds United,Manchester City,Pascal Struijk,NA,NA,2.5,301,TAB
Leeds United v Manchester City,2026-02-28T17:30:00.000Z,Player Goals,Leeds United,Manchester City,Phil Foden,Manchester City,Leeds United,0.5,2.7,TAB
Leeds United v Manchester City,2026-02-28T17:30:00.000Z,Player Goals,Leeds United,Manchester City,Phil Foden,Manchester City,Leeds United,1.5,10,TAB
Leeds United v Manchester City,2026-02-28T17:30:00.000Z,Player Goals,Leeds United,Manchester City,Phil Foden,Manchester City,Leeds United,2.5,51,TAB
Leeds United v Manchester City,2026-02-28T17:30:00.000Z,Player Goals,Leeds United,Manchester City,R<c3><ba>ben Dias,NA,NA,0.5,7.5,TAB
Leeds United v Manchester City,2026-02-28T17:30:00.000Z,Player Goals,Leeds United,Manchester City,R<c3><ba>ben Dias,NA,NA,1.5,101,TAB
Leeds United v Manchester City,2026-02-28T17:30:00.000Z,Player Goals,Leeds United,Manchester City,R<c3><ba>ben Dias,NA,NA,2.5,301,TAB
Leeds United v Manchester City,2026-02-28T17:30:00.000Z,Player Goals,Leeds United,Manchester City,Rayan A<c3><af>t-Nouri,NA,NA,0.5,5.5,TAB
Leeds United v Manchester City,2026-02-28T17:30:00.000Z,Player Goals,Leeds United,Manchester City,Rayan A<c3><af>t-Nouri,NA,NA,1.5,51,TAB
Leeds United v Manchester City,2026-02-28T17:30:00.000Z,Player Goals,Leeds United,Manchester City,Rayan A<c3><af>t-Nouri,NA,NA,2.5,301,TAB
Leeds United v Manchester City,2026-02-28T17:30:00.000Z,Player Goals,Leeds United,Manchester City,Rayan Cherki,Manchester City,Leeds United,0.5,2.7,TAB
Leeds United v Manchester City,2026-02-28T17:30:00.000Z,Player Goals,Leeds United,Manchester City,Rayan Cherki,Manchester City,Leeds United,1.5,10,TAB
Leeds United v Manchester City,2026-02-28T17:30:00.000Z,Player Goals,Leeds United,Manchester City,Rayan Cherki,Manchester City,Leeds United,2.5,51,TAB
Leeds United v Manchester City,2026-02-28T17:30:00.000Z,Player Goals,Leeds United,Manchester City,Rico Lewis,Manchester City,Leeds United,0.5,7.5,TAB
Leeds United v Manchester City,2026-02-28T17:30:00.000Z,Player Goals,Leeds United,Manchester City,Rico Lewis,Manchester City,Leeds United,1.5,101,TAB
Leeds United v Manchester City,2026-02-28T17:30:00.000Z,Player Goals,Leeds United,Manchester City,Rico Lewis,Manchester City,Leeds United,2.5,301,TAB
Leeds United v Manchester City,2026-02-28T17:30:00.000Z,Player Goals,Leeds United,Manchester City,Rodri,Manchester City,Leeds United,0.5,4.5,TAB
Leeds United v Manchester City,2026-02-28T17:30:00.000Z,Player Goals,Leeds United,Manchester City,Rodri,Manchester City,Leeds United,1.5,26,TAB
Leeds United v Manchester City,2026-02-28T17:30:00.000Z,Player Goals,Leeds United,Manchester City,Rodri,Manchester City,Leeds United,2.5,201,TAB
Leeds United v Manchester City,2026-02-28T17:30:00.000Z,Player Goals,Leeds United,Manchester City,Savinho,Manchester City,Leeds United,0.5,3.4,TAB
Leeds United v Manchester City,2026-02-28T17:30:00.000Z,Player Goals,Leeds United,Manchester City,Savinho,Manchester City,Leeds United,1.5,13,TAB
Leeds United v Manchester City,2026-02-28T17:30:00.000Z,Player Goals,Leeds United,Manchester City,Savinho,Manchester City,Leeds United,2.5,101,TAB
Leeds United v Manchester City,2026-02-28T17:30:00.000Z,Player Goals,Leeds United,Manchester City,Sean Longstaff,NA,NA,0.5,6.5,TAB
Leeds United v Manchester City,2026-02-28T17:30:00.000Z,Player Goals,Leeds United,Manchester City,Sean Longstaff,NA,NA,1.5,67,TAB
Leeds United v Manchester City,2026-02-28T17:30:00.000Z,Player Goals,Leeds United,Manchester City,Sean Longstaff,NA,NA,2.5,301,TAB
Leeds United v Manchester City,2026-02-28T17:30:00.000Z,Player Goals,Leeds United,Manchester City,Sebastiaan Bornauw,NA,NA,0.5,9,TAB
Leeds United v Manchester City,2026-02-28T17:30:00.000Z,Player Goals,Leeds United,Manchester City,Sebastiaan Bornauw,NA,NA,1.5,151,TAB
Leeds United v Manchester City,2026-02-28T17:30:00.000Z,Player Goals,Leeds United,Manchester City,Sebastiaan Bornauw,NA,NA,2.5,301,TAB
Leeds United v Manchester City,2026-02-28T17:30:00.000Z,Player Goals,Leeds United,Manchester City,Tijjani Reijnders,Manchester City,Leeds United,0.5,3.6,TAB
Leeds United v Manchester City,2026-02-28T17:30:00.000Z,Player Goals,Leeds United,Manchester City,Tijjani Reijnders,Manchester City,Leeds United,1.5,15,TAB
Leeds United v Manchester City,2026-02-28T17:30:00.000Z,Player Goals,Leeds United,Manchester City,Tijjani Reijnders,Manchester City,Leeds United,2.5,101,TAB
Leeds United v Manchester City,2026-02-28T17:30:00.000Z,Player Goals,Leeds United,Manchester City,Wilfried Gnonto,NA,NA,0.5,4.25,TAB
Leeds United v Manchester City,2026-02-28T17:30:00.000Z,Player Goals,Leeds United,Manchester City,Wilfried Gnonto,NA,NA,1.5,26,TAB
Leeds United v Manchester City,2026-02-28T17:30:00.000Z,Player Goals,Leeds United,Manchester City,Wilfried Gnonto,NA,NA,2.5,201,TAB
Brighton & Hove Albion v Nottingham Forest,2026-03-01T14:00:00.000Z,Player Goals,Brighton & Hove Albion,Nottingham Forest,Callum Hudson-Odoi,Nottingham Forest,Brighton & Hove Albion,0.5,4.5,TAB
Brighton & Hove Albion v Nottingham Forest,2026-03-01T14:00:00.000Z,Player Goals,Brighton & Hove Albion,Nottingham Forest,Callum Hudson-Odoi,Nottingham Forest,Brighton & Hove Albion,1.5,26,TAB
Brighton & Hove Albion v Nottingham Forest,2026-03-01T14:00:00.000Z,Player Goals,Brighton & Hove Albion,Nottingham Forest,Callum Hudson-Odoi,Nottingham Forest,Brighton & Hove Albion,2.5,201,TAB
Brighton & Hove Albion v Nottingham Forest,2026-03-01T14:00:00.000Z,Player Goals,Brighton & Hove Albion,Nottingham Forest,Carlos Baleba,Brighton & Hove Albion,Nottingham Forest,0.5,6,TAB
Brighton & Hove Albion v Nottingham Forest,2026-03-01T14:00:00.000Z,Player Goals,Brighton & Hove Albion,Nottingham Forest,Carlos Baleba,Brighton & Hove Albion,Nottingham Forest,1.5,51,TAB
Brighton & Hove Albion v Nottingham Forest,2026-03-01T14:00:00.000Z,Player Goals,Brighton & Hove Albion,Nottingham Forest,Carlos Baleba,Brighton & Hove Albion,Nottingham Forest,2.5,401,TAB
Brighton & Hove Albion v Nottingham Forest,2026-03-01T14:00:00.000Z,Player Goals,Brighton & Hove Albion,Nottingham Forest,Charalambos Kostoulas,NA,NA,0.5,2.6,TAB
Brighton & Hove Albion v Nottingham Forest,2026-03-01T14:00:00.000Z,Player Goals,Brighton & Hove Albion,Nottingham Forest,Charalambos Kostoulas,NA,NA,1.5,11,TAB
Brighton & Hove Albion v Nottingham Forest,2026-03-01T14:00:00.000Z,Player Goals,Brighton & Hove Albion,Nottingham Forest,Charalambos Kostoulas,NA,NA,2.5,51,TAB
Brighton & Hove Albion v Nottingham Forest,2026-03-01T14:00:00.000Z,Player Goals,Brighton & Hove Albion,Nottingham Forest,Dan Ndoye,Nottingham Forest,Brighton & Hove Albion,0.5,5,TAB
Brighton & Hove Albion v Nottingham Forest,2026-03-01T14:00:00.000Z,Player Goals,Brighton & Hove Albion,Nottingham Forest,Dan Ndoye,Nottingham Forest,Brighton & Hove Albion,1.5,34,TAB
Brighton & Hove Albion v Nottingham Forest,2026-03-01T14:00:00.000Z,Player Goals,Brighton & Hove Albion,Nottingham Forest,Dan Ndoye,Nottingham Forest,Brighton & Hove Albion,2.5,301,TAB
Brighton & Hove Albion v Nottingham Forest,2026-03-01T14:00:00.000Z,Player Goals,Brighton & Hove Albion,Nottingham Forest,Danny Welbeck,Brighton & Hove Albion,Nottingham Forest,0.5,2.5,TAB
Brighton & Hove Albion v Nottingham Forest,2026-03-01T14:00:00.000Z,Player Goals,Brighton & Hove Albion,Nottingham Forest,Danny Welbeck,Brighton & Hove Albion,Nottingham Forest,1.5,10,TAB
Brighton & Hove Albion v Nottingham Forest,2026-03-01T14:00:00.000Z,Player Goals,Brighton & Hove Albion,Nottingham Forest,Danny Welbeck,Brighton & Hove Albion,Nottingham Forest,2.5,51,TAB
Brighton & Hove Albion v Nottingham Forest,2026-03-01T14:00:00.000Z,Player Goals,Brighton & Hove Albion,Nottingham Forest,Diego Gomez,NA,NA,0.5,4,TAB
Brighton & Hove Albion v Nottingham Forest,2026-03-01T14:00:00.000Z,Player Goals,Brighton & Hove Albion,Nottingham Forest,Diego Gomez,NA,NA,1.5,21,TAB
Brighton & Hove Albion v Nottingham Forest,2026-03-01T14:00:00.000Z,Player Goals,Brighton & Hove Albion,Nottingham Forest,Diego Gomez,NA,NA,2.5,151,TAB
Brighton & Hove Albion v Nottingham Forest,2026-03-01T14:00:00.000Z,Player Goals,Brighton & Hove Albion,Nottingham Forest,Dilane Bakwa,Nottingham Forest,Brighton & Hove Albion,0.5,5,TAB
Brighton & Hove Albion v Nottingham Forest,2026-03-01T14:00:00.000Z,Player Goals,Brighton & Hove Albion,Nottingham Forest,Dilane Bakwa,Nottingham Forest,Brighton & Hove Albion,1.5,34,TAB
Brighton & Hove Albion v Nottingham Forest,2026-03-01T14:00:00.000Z,Player Goals,Brighton & Hove Albion,Nottingham Forest,Dilane Bakwa,Nottingham Forest,Brighton & Hove Albion,2.5,301,TAB
Brighton & Hove Albion v Nottingham Forest,2026-03-01T14:00:00.000Z,Player Goals,Brighton & Hove Albion,Nottingham Forest,Elliot Anderson,Nottingham Forest,Brighton & Hove Albion,0.5,7,TAB
Brighton & Hove Albion v Nottingham Forest,2026-03-01T14:00:00.000Z,Player Goals,Brighton & Hove Albion,Nottingham Forest,Elliot Anderson,Nottingham Forest,Brighton & Hove Albion,1.5,81,TAB
Brighton & Hove Albion v Nottingham Forest,2026-03-01T14:00:00.000Z,Player Goals,Brighton & Hove Albion,Nottingham Forest,Elliot Anderson,Nottingham Forest,Brighton & Hove Albion,2.5,401,TAB
Brighton & Hove Albion v Nottingham Forest,2026-03-01T14:00:00.000Z,Player Goals,Brighton & Hove Albion,Nottingham Forest,Ferdi Kadioglu,NA,NA,0.5,7.5,TAB
Brighton & Hove Albion v Nottingham Forest,2026-03-01T14:00:00.000Z,Player Goals,Brighton & Hove Albion,Nottingham Forest,Ferdi Kadioglu,NA,NA,1.5,81,TAB
Brighton & Hove Albion v Nottingham Forest,2026-03-01T14:00:00.000Z,Player Goals,Brighton & Hove Albion,Nottingham Forest,Ferdi Kadioglu,NA,NA,2.5,401,TAB
Brighton & Hove Albion v Nottingham Forest,2026-03-01T14:00:00.000Z,Player Goals,Brighton & Hove Albion,Nottingham Forest,Georginio Rutter,Brighton & Hove Albion,Nottingham Forest,0.5,3.2,TAB
Brighton & Hove Albion v Nottingham Forest,2026-03-01T14:00:00.000Z,Player Goals,Brighton & Hove Albion,Nottingham Forest,Georginio Rutter,Brighton & Hove Albion,Nottingham Forest,1.5,15,TAB
Brighton & Hove Albion v Nottingham Forest,2026-03-01T14:00:00.000Z,Player Goals,Brighton & Hove Albion,Nottingham Forest,Georginio Rutter,Brighton & Hove Albion,Nottingham Forest,2.5,101,TAB
Brighton & Hove Albion v Nottingham Forest,2026-03-01T14:00:00.000Z,Player Goals,Brighton & Hove Albion,Nottingham Forest,Harry Howell,Brighton & Hove Albion,Nottingham Forest,0.5,4.25,TAB
Brighton & Hove Albion v Nottingham Forest,2026-03-01T14:00:00.000Z,Player Goals,Brighton & Hove Albion,Nottingham Forest,Harry Howell,Brighton & Hove Albion,Nottingham Forest,1.5,26,TAB
Brighton & Hove Albion v Nottingham Forest,2026-03-01T14:00:00.000Z,Player Goals,Brighton & Hove Albion,Nottingham Forest,Harry Howell,Brighton & Hove Albion,Nottingham Forest,2.5,201,TAB
Brighton & Hove Albion v Nottingham Forest,2026-03-01T14:00:00.000Z,Player Goals,Brighton & Hove Albion,Nottingham Forest,Ibrahim Sangar<c3><a9>,NA,NA,0.5,8.5,TAB
Brighton & Hove Albion v Nottingham Forest,2026-03-01T14:00:00.000Z,Player Goals,Brighton & Hove Albion,Nottingham Forest,Ibrahim Sangar<c3><a9>,NA,NA,1.5,101,TAB
Brighton & Hove Albion v Nottingham Forest,2026-03-01T14:00:00.000Z,Player Goals,Brighton & Hove Albion,Nottingham Forest,Ibrahim Sangar<c3><a9>,NA,NA,2.5,401,TAB
Brighton & Hove Albion v Nottingham Forest,2026-03-01T14:00:00.000Z,Player Goals,Brighton & Hove Albion,Nottingham Forest,Igor Jesus,Nottingham Forest,Brighton & Hove Albion,0.5,3,TAB
Brighton & Hove Albion v Nottingham Forest,2026-03-01T14:00:00.000Z,Player Goals,Brighton & Hove Albion,Nottingham Forest,Igor Jesus,Nottingham Forest,Brighton & Hove Albion,1.5,13,TAB
Brighton & Hove Albion v Nottingham Forest,2026-03-01T14:00:00.000Z,Player Goals,Brighton & Hove Albion,Nottingham Forest,Igor Jesus,Nottingham Forest,Brighton & Hove Albion,2.5,81,TAB
Brighton & Hove Albion v Nottingham Forest,2026-03-01T14:00:00.000Z,Player Goals,Brighton & Hove Albion,Nottingham Forest,Jack Hinshelwood,Brighton & Hove Albion,Nottingham Forest,0.5,6.5,TAB
Brighton & Hove Albion v Nottingham Forest,2026-03-01T14:00:00.000Z,Player Goals,Brighton & Hove Albion,Nottingham Forest,Jack Hinshelwood,Brighton & Hove Albion,Nottingham Forest,1.5,67,TAB
Brighton & Hove Albion v Nottingham Forest,2026-03-01T14:00:00.000Z,Player Goals,Brighton & Hove Albion,Nottingham Forest,Jack Hinshelwood,Brighton & Hove Albion,Nottingham Forest,2.5,401,TAB
Brighton & Hove Albion v Nottingham Forest,2026-03-01T14:00:00.000Z,Player Goals,Brighton & Hove Albion,Nottingham Forest,Jair Cunha,Nottingham Forest,Brighton & Hove Albion,0.5,15,TAB
Brighton & Hove Albion v Nottingham Forest,2026-03-01T14:00:00.000Z,Player Goals,Brighton & Hove Albion,Nottingham Forest,Jair Cunha,Nottingham Forest,Brighton & Hove Albion,1.5,201,TAB
Brighton & Hove Albion v Nottingham Forest,2026-03-01T14:00:00.000Z,Player Goals,Brighton & Hove Albion,Nottingham Forest,Jair Cunha,Nottingham Forest,Brighton & Hove Albion,2.5,401,TAB
Brighton & Hove Albion v Nottingham Forest,2026-03-01T14:00:00.000Z,Player Goals,Brighton & Hove Albion,Nottingham Forest,James McAtee,Nottingham Forest,Brighton & Hove Albion,0.5,4.75,TAB
Brighton & Hove Albion v Nottingham Forest,2026-03-01T14:00:00.000Z,Player Goals,Brighton & Hove Albion,Nottingham Forest,James McAtee,Nottingham Forest,Brighton & Hove Albion,1.5,34,TAB
Brighton & Hove Albion v Nottingham Forest,2026-03-01T14:00:00.000Z,Player Goals,Brighton & Hove Albion,Nottingham Forest,James McAtee,Nottingham Forest,Brighton & Hove Albion,2.5,201,TAB
Brighton & Hove Albion v Nottingham Forest,2026-03-01T14:00:00.000Z,Player Goals,Brighton & Hove Albion,Nottingham Forest,James Milner,Brighton & Hove Albion,Nottingham Forest,0.5,7.5,TAB
Brighton & Hove Albion v Nottingham Forest,2026-03-01T14:00:00.000Z,Player Goals,Brighton & Hove Albion,Nottingham Forest,James Milner,Brighton & Hove Albion,Nottingham Forest,1.5,81,TAB
Brighton & Hove Albion v Nottingham Forest,2026-03-01T14:00:00.000Z,Player Goals,Brighton & Hove Albion,Nottingham Forest,James Milner,Brighton & Hove Albion,Nottingham Forest,2.5,401,TAB
Brighton & Hove Albion v Nottingham Forest,2026-03-01T14:00:00.000Z,Player Goals,Brighton & Hove Albion,Nottingham Forest,Jan Paul van Hecke,Brighton & Hove Albion,Nottingham Forest,0.5,8,TAB
Brighton & Hove Albion v Nottingham Forest,2026-03-01T14:00:00.000Z,Player Goals,Brighton & Hove Albion,Nottingham Forest,Jan Paul van Hecke,Brighton & Hove Albion,Nottingham Forest,1.5,101,TAB
Brighton & Hove Albion v Nottingham Forest,2026-03-01T14:00:00.000Z,Player Goals,Brighton & Hove Albion,Nottingham Forest,Jan Paul van Hecke,Brighton & Hove Albion,Nottingham Forest,2.5,401,TAB
Brighton & Hove Albion v Nottingham Forest,2026-03-01T14:00:00.000Z,Player Goals,Brighton & Hove Albion,Nottingham Forest,Jo<c3><ab>l Veltman,NA,NA,0.5,12,TAB
Brighton & Hove Albion v Nottingham Forest,2026-03-01T14:00:00.000Z,Player Goals,Brighton & Hove Albion,Nottingham Forest,Jo<c3><ab>l Veltman,NA,NA,1.5,201,TAB
Brighton & Hove Albion v Nottingham Forest,2026-03-01T14:00:00.000Z,Player Goals,Brighton & Hove Albion,Nottingham Forest,Jo<c3><ab>l Veltman,NA,NA,2.5,401,TAB
Brighton & Hove Albion v Nottingham Forest,2026-03-01T14:00:00.000Z,Player Goals,Brighton & Hove Albion,Nottingham Forest,Kaoru Mitoma,Brighton & Hove Albion,Nottingham Forest,0.5,3.5,TAB
Brighton & Hove Albion v Nottingham Forest,2026-03-01T14:00:00.000Z,Player Goals,Brighton & Hove Albion,Nottingham Forest,Kaoru Mitoma,Brighton & Hove Albion,Nottingham Forest,1.5,15,TAB
Brighton & Hove Albion v Nottingham Forest,2026-03-01T14:00:00.000Z,Player Goals,Brighton & Hove Albion,Nottingham Forest,Kaoru Mitoma,Brighton & Hove Albion,Nottingham Forest,2.5,101,TAB
Brighton & Hove Albion v Nottingham Forest,2026-03-01T14:00:00.000Z,Player Goals,Brighton & Hove Albion,Nottingham Forest,Lewis Dunk,Brighton & Hove Albion,Nottingham Forest,0.5,8,TAB
Brighton & Hove Albion v Nottingham Forest,2026-03-01T14:00:00.000Z,Player Goals,Brighton & Hove Albion,Nottingham Forest,Lewis Dunk,Brighton & Hove Albion,Nottingham Forest,1.5,101,TAB
Brighton & Hove Albion v Nottingham Forest,2026-03-01T14:00:00.000Z,Player Goals,Brighton & Hove Albion,Nottingham Forest,Lewis Dunk,Brighton & Hove Albion,Nottingham Forest,2.5,401,TAB
Brighton & Hove Albion v Nottingham Forest,2026-03-01T14:00:00.000Z,Player Goals,Brighton & Hove Albion,Nottingham Forest,Lorenzo Lucca,Nottingham Forest,Brighton & Hove Albion,0.5,3,TAB
Brighton & Hove Albion v Nottingham Forest,2026-03-01T14:00:00.000Z,Player Goals,Brighton & Hove Albion,Nottingham Forest,Lorenzo Lucca,Nottingham Forest,Brighton & Hove Albion,1.5,13,TAB
Brighton & Hove Albion v Nottingham Forest,2026-03-01T14:00:00.000Z,Player Goals,Brighton & Hove Albion,Nottingham Forest,Lorenzo Lucca,Nottingham Forest,Brighton & Hove Albion,2.5,81,TAB
Brighton & Hove Albion v Nottingham Forest,2026-03-01T14:00:00.000Z,Player Goals,Brighton & Hove Albion,Nottingham Forest,Mats Wieffer,Brighton & Hove Albion,Nottingham Forest,0.5,6.5,TAB
Brighton & Hove Albion v Nottingham Forest,2026-03-01T14:00:00.000Z,Player Goals,Brighton & Hove Albion,Nottingham Forest,Mats Wieffer,Brighton & Hove Albion,Nottingham Forest,1.5,67,TAB
Brighton & Hove Albion v Nottingham Forest,2026-03-01T14:00:00.000Z,Player Goals,Brighton & Hove Albion,Nottingham Forest,Mats Wieffer,Brighton & Hove Albion,Nottingham Forest,2.5,401,TAB
Brighton & Hove Albion v Nottingham Forest,2026-03-01T14:00:00.000Z,Player Goals,Brighton & Hove Albion,Nottingham Forest,Maxim De Cuyper,Brighton & Hove Albion,Nottingham Forest,0.5,5.5,TAB
Brighton & Hove Albion v Nottingham Forest,2026-03-01T14:00:00.000Z,Player Goals,Brighton & Hove Albion,Nottingham Forest,Maxim De Cuyper,Brighton & Hove Albion,Nottingham Forest,1.5,51,TAB
Brighton & Hove Albion v Nottingham Forest,2026-03-01T14:00:00.000Z,Player Goals,Brighton & Hove Albion,Nottingham Forest,Maxim De Cuyper,Brighton & Hove Albion,Nottingham Forest,2.5,301,TAB
Brighton & Hove Albion v Nottingham Forest,2026-03-01T14:00:00.000Z,Player Goals,Brighton & Hove Albion,Nottingham Forest,Morato,Nottingham Forest,Brighton & Hove Albion,0.5,15,TAB
Brighton & Hove Albion v Nottingham Forest,2026-03-01T14:00:00.000Z,Player Goals,Brighton & Hove Albion,Nottingham Forest,Morato,Nottingham Forest,Brighton & Hove Albion,1.5,201,TAB
Brighton & Hove Albion v Nottingham Forest,2026-03-01T14:00:00.000Z,Player Goals,Brighton & Hove Albion,Nottingham Forest,Morato,Nottingham Forest,Brighton & Hove Albion,2.5,401,TAB
Brighton & Hove Albion v Nottingham Forest,2026-03-01T14:00:00.000Z,Player Goals,Brighton & Hove Albion,Nottingham Forest,Morgan Gibbs-White,Nottingham Forest,Brighton & Hove Albion,0.5,4.25,TAB
Brighton & Hove Albion v Nottingham Forest,2026-03-01T14:00:00.000Z,Player Goals,Brighton & Hove Albion,Nottingham Forest,Morgan Gibbs-White,Nottingham Forest,Brighton & Hove Albion,1.5,21,TAB
Brighton & Hove Albion v Nottingham Forest,2026-03-01T14:00:00.000Z,Player Goals,Brighton & Hove Albion,Nottingham Forest,Morgan Gibbs-White,Nottingham Forest,Brighton & Hove Albion,2.5,201,TAB
Brighton & Hove Albion v Nottingham Forest,2026-03-01T14:00:00.000Z,Player Goals,Brighton & Hove Albion,Nottingham Forest,Murillo,Nottingham Forest,Brighton & Hove Albion,0.5,12,TAB
Brighton & Hove Albion v Nottingham Forest,2026-03-01T14:00:00.000Z,Player Goals,Brighton & Hove Albion,Nottingham Forest,Murillo,Nottingham Forest,Brighton & Hove Albion,1.5,201,TAB
Brighton & Hove Albion v Nottingham Forest,2026-03-01T14:00:00.000Z,Player Goals,Brighton & Hove Albion,Nottingham Forest,Murillo,Nottingham Forest,Brighton & Hove Albion,2.5,401,TAB
Brighton & Hove Albion v Nottingham Forest,2026-03-01T14:00:00.000Z,Player Goals,Brighton & Hove Albion,Nottingham Forest,Neco Williams,Nottingham Forest,Brighton & Hove Albion,0.5,9,TAB
Brighton & Hove Albion v Nottingham Forest,2026-03-01T14:00:00.000Z,Player Goals,Brighton & Hove Albion,Nottingham Forest,Neco Williams,Nottingham Forest,Brighton & Hove Albion,1.5,101,TAB
Brighton & Hove Albion v Nottingham Forest,2026-03-01T14:00:00.000Z,Player Goals,Brighton & Hove Albion,Nottingham Forest,Neco Williams,Nottingham Forest,Brighton & Hove Albion,2.5,401,TAB
Brighton & Hove Albion v Nottingham Forest,2026-03-01T14:00:00.000Z,Player Goals,Brighton & Hove Albion,Nottingham Forest,Nicol<c3><a1>s Dom<c3><ad>nguez,NA,NA,0.5,6.5,TAB
Brighton & Hove Albion v Nottingham Forest,2026-03-01T14:00:00.000Z,Player Goals,Brighton & Hove Albion,Nottingham Forest,Nicol<c3><a1>s Dom<c3><ad>nguez,NA,NA,1.5,67,TAB
Brighton & Hove Albion v Nottingham Forest,2026-03-01T14:00:00.000Z,Player Goals,Brighton & Hove Albion,Nottingham Forest,Nicol<c3><a1>s Dom<c3><ad>nguez,NA,NA,2.5,401,TAB
Brighton & Hove Albion v Nottingham Forest,2026-03-01T14:00:00.000Z,Player Goals,Brighton & Hove Albion,Nottingham Forest,Nikola Milenkovi<c4><87>,NA,NA,0.5,10,TAB
Brighton & Hove Albion v Nottingham Forest,2026-03-01T14:00:00.000Z,Player Goals,Brighton & Hove Albion,Nottingham Forest,Nikola Milenkovi<c4><87>,NA,NA,1.5,151,TAB
Brighton & Hove Albion v Nottingham Forest,2026-03-01T14:00:00.000Z,Player Goals,Brighton & Hove Albion,Nottingham Forest,Nikola Milenkovi<c4><87>,NA,NA,2.5,401,TAB
Brighton & Hove Albion v Nottingham Forest,2026-03-01T14:00:00.000Z,Player Goals,Brighton & Hove Albion,Nottingham Forest,Ola Aina,Nottingham Forest,Brighton & Hove Albion,0.5,12,TAB
Brighton & Hove Albion v Nottingham Forest,2026-03-01T14:00:00.000Z,Player Goals,Brighton & Hove Albion,Nottingham Forest,Ola Aina,Nottingham Forest,Brighton & Hove Albion,1.5,201,TAB
Brighton & Hove Albion v Nottingham Forest,2026-03-01T14:00:00.000Z,Player Goals,Brighton & Hove Albion,Nottingham Forest,Ola Aina,Nottingham Forest,Brighton & Hove Albion,2.5,401,TAB
Brighton & Hove Albion v Nottingham Forest,2026-03-01T14:00:00.000Z,Player Goals,Brighton & Hove Albion,Nottingham Forest,Olivier Boscagli,Brighton & Hove Albion,Nottingham Forest,0.5,9,TAB
Brighton & Hove Albion v Nottingham Forest,2026-03-01T14:00:00.000Z,Player Goals,Brighton & Hove Albion,Nottingham Forest,Olivier Boscagli,Brighton & Hove Albion,Nottingham Forest,1.5,101,TAB
Brighton & Hove Albion v Nottingham Forest,2026-03-01T14:00:00.000Z,Player Goals,Brighton & Hove Albion,Nottingham Forest,Olivier Boscagli,Brighton & Hove Albion,Nottingham Forest,2.5,401,TAB
Brighton & Hove Albion v Nottingham Forest,2026-03-01T14:00:00.000Z,Player Goals,Brighton & Hove Albion,Nottingham Forest,Omari Hutchinson,Nottingham Forest,Brighton & Hove Albion,0.5,4.75,TAB
Brighton & Hove Albion v Nottingham Forest,2026-03-01T14:00:00.000Z,Player Goals,Brighton & Hove Albion,Nottingham Forest,Omari Hutchinson,Nottingham Forest,Brighton & Hove Albion,1.5,34,TAB
Brighton & Hove Albion v Nottingham Forest,2026-03-01T14:00:00.000Z,Player Goals,Brighton & Hove Albion,Nottingham Forest,Omari Hutchinson,Nottingham Forest,Brighton & Hove Albion,2.5,201,TAB
Brighton & Hove Albion v Nottingham Forest,2026-03-01T14:00:00.000Z,Player Goals,Brighton & Hove Albion,Nottingham Forest,Pascal Gross,NA,NA,0.5,4.75,TAB
Brighton & Hove Albion v Nottingham Forest,2026-03-01T14:00:00.000Z,Player Goals,Brighton & Hove Albion,Nottingham Forest,Pascal Gross,NA,NA,1.5,34,TAB
Brighton & Hove Albion v Nottingham Forest,2026-03-01T14:00:00.000Z,Player Goals,Brighton & Hove Albion,Nottingham Forest,Pascal Gross,NA,NA,2.5,301,TAB
Brighton & Hove Albion v Nottingham Forest,2026-03-01T14:00:00.000Z,Player Goals,Brighton & Hove Albion,Nottingham Forest,Ryan Yates,Nottingham Forest,Brighton & Hove Albion,0.5,7,TAB
Brighton & Hove Albion v Nottingham Forest,2026-03-01T14:00:00.000Z,Player Goals,Brighton & Hove Albion,Nottingham Forest,Ryan Yates,Nottingham Forest,Brighton & Hove Albion,1.5,81,TAB
Brighton & Hove Albion v Nottingham Forest,2026-03-01T14:00:00.000Z,Player Goals,Brighton & Hove Albion,Nottingham Forest,Ryan Yates,Nottingham Forest,Brighton & Hove Albion,2.5,401,TAB
Brighton & Hove Albion v Nottingham Forest,2026-03-01T14:00:00.000Z,Player Goals,Brighton & Hove Albion,Nottingham Forest,Yankuba Minteh,Brighton & Hove Albion,Nottingham Forest,0.5,3.5,TAB
Brighton & Hove Albion v Nottingham Forest,2026-03-01T14:00:00.000Z,Player Goals,Brighton & Hove Albion,Nottingham Forest,Yankuba Minteh,Brighton & Hove Albion,Nottingham Forest,1.5,15,TAB
Brighton & Hove Albion v Nottingham Forest,2026-03-01T14:00:00.000Z,Player Goals,Brighton & Hove Albion,Nottingham Forest,Yankuba Minteh,Brighton & Hove Albion,Nottingham Forest,2.5,101,TAB
Fulham v Tottenham Hotspur,2026-03-01T14:00:00.000Z,Player Goals,Fulham,Tottenham Hotspur,Alex Iwobi,Fulham,Tottenham Hotspur,0.5,3.8,TAB
Fulham v Tottenham Hotspur,2026-03-01T14:00:00.000Z,Player Goals,Fulham,Tottenham Hotspur,Alex Iwobi,Fulham,Tottenham Hotspur,1.5,17,TAB
Fulham v Tottenham Hotspur,2026-03-01T14:00:00.000Z,Player Goals,Fulham,Tottenham Hotspur,Alex Iwobi,Fulham,Tottenham Hotspur,2.5,151,TAB
Fulham v Tottenham Hotspur,2026-03-01T14:00:00.000Z,Player Goals,Fulham,Tottenham Hotspur,Antonee Robinson,Fulham,Tottenham Hotspur,0.5,9,TAB
Fulham v Tottenham Hotspur,2026-03-01T14:00:00.000Z,Player Goals,Fulham,Tottenham Hotspur,Antonee Robinson,Fulham,Tottenham Hotspur,1.5,101,TAB
Fulham v Tottenham Hotspur,2026-03-01T14:00:00.000Z,Player Goals,Fulham,Tottenham Hotspur,Antonee Robinson,Fulham,Tottenham Hotspur,2.5,401,TAB
Fulham v Tottenham Hotspur,2026-03-01T14:00:00.000Z,Player Goals,Fulham,Tottenham Hotspur,Archie Gray,Tottenham Hotspur,Fulham,0.5,9,TAB
Fulham v Tottenham Hotspur,2026-03-01T14:00:00.000Z,Player Goals,Fulham,Tottenham Hotspur,Archie Gray,Tottenham Hotspur,Fulham,1.5,101,TAB
Fulham v Tottenham Hotspur,2026-03-01T14:00:00.000Z,Player Goals,Fulham,Tottenham Hotspur,Archie Gray,Tottenham Hotspur,Fulham,2.5,401,TAB
Fulham v Tottenham Hotspur,2026-03-01T14:00:00.000Z,Player Goals,Fulham,Tottenham Hotspur,Callum Olusesi,Tottenham Hotspur,Fulham,0.5,6,TAB
Fulham v Tottenham Hotspur,2026-03-01T14:00:00.000Z,Player Goals,Fulham,Tottenham Hotspur,Callum Olusesi,Tottenham Hotspur,Fulham,1.5,51,TAB
Fulham v Tottenham Hotspur,2026-03-01T14:00:00.000Z,Player Goals,Fulham,Tottenham Hotspur,Callum Olusesi,Tottenham Hotspur,Fulham,2.5,401,TAB
Fulham v Tottenham Hotspur,2026-03-01T14:00:00.000Z,Player Goals,Fulham,Tottenham Hotspur,Calvin Bassey,Fulham,Tottenham Hotspur,0.5,11,TAB
Fulham v Tottenham Hotspur,2026-03-01T14:00:00.000Z,Player Goals,Fulham,Tottenham Hotspur,Calvin Bassey,Fulham,Tottenham Hotspur,1.5,151,TAB
Fulham v Tottenham Hotspur,2026-03-01T14:00:00.000Z,Player Goals,Fulham,Tottenham Hotspur,Calvin Bassey,Fulham,Tottenham Hotspur,2.5,401,TAB
Fulham v Tottenham Hotspur,2026-03-01T14:00:00.000Z,Player Goals,Fulham,Tottenham Hotspur,Conor Gallagher,Tottenham Hotspur,Fulham,0.5,6,TAB
Fulham v Tottenham Hotspur,2026-03-01T14:00:00.000Z,Player Goals,Fulham,Tottenham Hotspur,Conor Gallagher,Tottenham Hotspur,Fulham,1.5,51,TAB
Fulham v Tottenham Hotspur,2026-03-01T14:00:00.000Z,Player Goals,Fulham,Tottenham Hotspur,Conor Gallagher,Tottenham Hotspur,Fulham,2.5,401,TAB
Fulham v Tottenham Hotspur,2026-03-01T14:00:00.000Z,Player Goals,Fulham,Tottenham Hotspur,Djed Spence,Tottenham Hotspur,Fulham,0.5,10,TAB
Fulham v Tottenham Hotspur,2026-03-01T14:00:00.000Z,Player Goals,Fulham,Tottenham Hotspur,Djed Spence,Tottenham Hotspur,Fulham,1.5,151,TAB
Fulham v Tottenham Hotspur,2026-03-01T14:00:00.000Z,Player Goals,Fulham,Tottenham Hotspur,Djed Spence,Tottenham Hotspur,Fulham,2.5,401,TAB
Fulham v Tottenham Hotspur,2026-03-01T14:00:00.000Z,Player Goals,Fulham,Tottenham Hotspur,Dominic Solanke,Tottenham Hotspur,Fulham,0.5,2.9,TAB
Fulham v Tottenham Hotspur,2026-03-01T14:00:00.000Z,Player Goals,Fulham,Tottenham Hotspur,Dominic Solanke,Tottenham Hotspur,Fulham,1.5,13,TAB
Fulham v Tottenham Hotspur,2026-03-01T14:00:00.000Z,Player Goals,Fulham,Tottenham Hotspur,Dominic Solanke,Tottenham Hotspur,Fulham,2.5,67,TAB
Fulham v Tottenham Hotspur,2026-03-01T14:00:00.000Z,Player Goals,Fulham,Tottenham Hotspur,Emile Smith Rowe,Fulham,Tottenham Hotspur,0.5,3.3,TAB
Fulham v Tottenham Hotspur,2026-03-01T14:00:00.000Z,Player Goals,Fulham,Tottenham Hotspur,Emile Smith Rowe,Fulham,Tottenham Hotspur,1.5,15,TAB
Fulham v Tottenham Hotspur,2026-03-01T14:00:00.000Z,Player Goals,Fulham,Tottenham Hotspur,Emile Smith Rowe,Fulham,Tottenham Hotspur,2.5,101,TAB
Fulham v Tottenham Hotspur,2026-03-01T14:00:00.000Z,Player Goals,Fulham,Tottenham Hotspur,Harrison Reed,Fulham,Tottenham Hotspur,0.5,7,TAB
Fulham v Tottenham Hotspur,2026-03-01T14:00:00.000Z,Player Goals,Fulham,Tottenham Hotspur,Harrison Reed,Fulham,Tottenham Hotspur,1.5,81,TAB
Fulham v Tottenham Hotspur,2026-03-01T14:00:00.000Z,Player Goals,Fulham,Tottenham Hotspur,Harrison Reed,Fulham,Tottenham Hotspur,2.5,401,TAB
Fulham v Tottenham Hotspur,2026-03-01T14:00:00.000Z,Player Goals,Fulham,Tottenham Hotspur,Harry Wilson,Fulham,Tottenham Hotspur,0.5,2.6,TAB
Fulham v Tottenham Hotspur,2026-03-01T14:00:00.000Z,Player Goals,Fulham,Tottenham Hotspur,Harry Wilson,Fulham,Tottenham Hotspur,1.5,11,TAB
Fulham v Tottenham Hotspur,2026-03-01T14:00:00.000Z,Player Goals,Fulham,Tottenham Hotspur,Harry Wilson,Fulham,Tottenham Hotspur,2.5,51,TAB
Fulham v Tottenham Hotspur,2026-03-01T14:00:00.000Z,Player Goals,Fulham,Tottenham Hotspur,Issa Diop,Fulham,Tottenham Hotspur,0.5,9,TAB
Fulham v Tottenham Hotspur,2026-03-01T14:00:00.000Z,Player Goals,Fulham,Tottenham Hotspur,Issa Diop,Fulham,Tottenham Hotspur,1.5,101,TAB
Fulham v Tottenham Hotspur,2026-03-01T14:00:00.000Z,Player Goals,Fulham,Tottenham Hotspur,Issa Diop,Fulham,Tottenham Hotspur,2.5,401,TAB
Fulham v Tottenham Hotspur,2026-03-01T14:00:00.000Z,Player Goals,Fulham,Tottenham Hotspur,James Rowswell,Tottenham Hotspur,Fulham,0.5,15,TAB
Fulham v Tottenham Hotspur,2026-03-01T14:00:00.000Z,Player Goals,Fulham,Tottenham Hotspur,James Rowswell,Tottenham Hotspur,Fulham,1.5,201,TAB
Fulham v Tottenham Hotspur,2026-03-01T14:00:00.000Z,Player Goals,Fulham,Tottenham Hotspur,James Rowswell,Tottenham Hotspur,Fulham,2.5,401,TAB
Fulham v Tottenham Hotspur,2026-03-01T14:00:00.000Z,Player Goals,Fulham,Tottenham Hotspur,James Wilson,NA,NA,0.5,4.25,TAB
Fulham v Tottenham Hotspur,2026-03-01T14:00:00.000Z,Player Goals,Fulham,Tottenham Hotspur,James Wilson,NA,NA,1.5,21,TAB
Fulham v Tottenham Hotspur,2026-03-01T14:00:00.000Z,Player Goals,Fulham,Tottenham Hotspur,James Wilson,NA,NA,2.5,201,TAB
Fulham v Tottenham Hotspur,2026-03-01T14:00:00.000Z,Player Goals,Fulham,Tottenham Hotspur,Joachim Andersen,Fulham,Tottenham Hotspur,0.5,11,TAB
Fulham v Tottenham Hotspur,2026-03-01T14:00:00.000Z,Player Goals,Fulham,Tottenham Hotspur,Joachim Andersen,Fulham,Tottenham Hotspur,1.5,151,TAB
Fulham v Tottenham Hotspur,2026-03-01T14:00:00.000Z,Player Goals,Fulham,Tottenham Hotspur,Joachim Andersen,Fulham,Tottenham Hotspur,2.5,401,TAB
Fulham v Tottenham Hotspur,2026-03-01T14:00:00.000Z,Player Goals,Fulham,Tottenham Hotspur,Joao Palhinha,NA,NA,0.5,7,TAB
Fulham v Tottenham Hotspur,2026-03-01T14:00:00.000Z,Player Goals,Fulham,Tottenham Hotspur,Joao Palhinha,NA,NA,1.5,67,TAB
Fulham v Tottenham Hotspur,2026-03-01T14:00:00.000Z,Player Goals,Fulham,Tottenham Hotspur,Joao Palhinha,NA,NA,2.5,401,TAB
Fulham v Tottenham Hotspur,2026-03-01T14:00:00.000Z,Player Goals,Fulham,Tottenham Hotspur,Jorge Cuenca,Fulham,Tottenham Hotspur,0.5,9,TAB
Fulham v Tottenham Hotspur,2026-03-01T14:00:00.000Z,Player Goals,Fulham,Tottenham Hotspur,Jorge Cuenca,Fulham,Tottenham Hotspur,1.5,101,TAB
Fulham v Tottenham Hotspur,2026-03-01T14:00:00.000Z,Player Goals,Fulham,Tottenham Hotspur,Jorge Cuenca,Fulham,Tottenham Hotspur,2.5,401,TAB
Fulham v Tottenham Hotspur,2026-03-01T14:00:00.000Z,Player Goals,Fulham,Tottenham Hotspur,Joshua King,NA,NA,0.5,3.8,TAB
Fulham v Tottenham Hotspur,2026-03-01T14:00:00.000Z,Player Goals,Fulham,Tottenham Hotspur,Joshua King,NA,NA,1.5,17,TAB
Fulham v Tottenham Hotspur,2026-03-01T14:00:00.000Z,Player Goals,Fulham,Tottenham Hotspur,Joshua King,NA,NA,2.5,151,TAB
Fulham v Tottenham Hotspur,2026-03-01T14:00:00.000Z,Player Goals,Fulham,Tottenham Hotspur,Kenny Tete,Fulham,Tottenham Hotspur,0.5,9,TAB
Fulham v Tottenham Hotspur,2026-03-01T14:00:00.000Z,Player Goals,Fulham,Tottenham Hotspur,Kenny Tete,Fulham,Tottenham Hotspur,1.5,101,TAB
Fulham v Tottenham Hotspur,2026-03-01T14:00:00.000Z,Player Goals,Fulham,Tottenham Hotspur,Kenny Tete,Fulham,Tottenham Hotspur,2.5,401,TAB
Fulham v Tottenham Hotspur,2026-03-01T14:00:00.000Z,Player Goals,Fulham,Tottenham Hotspur,Kevin Danso,Tottenham Hotspur,Fulham,0.5,12,TAB
Fulham v Tottenham Hotspur,2026-03-01T14:00:00.000Z,Player Goals,Fulham,Tottenham Hotspur,Kevin Danso,Tottenham Hotspur,Fulham,1.5,201,TAB
Fulham v Tottenham Hotspur,2026-03-01T14:00:00.000Z,Player Goals,Fulham,Tottenham Hotspur,Kevin Danso,Tottenham Hotspur,Fulham,2.5,401,TAB
Fulham v Tottenham Hotspur,2026-03-01T14:00:00.000Z,Player Goals,Fulham,Tottenham Hotspur,Luca Williams-Barnett,NA,NA,0.5,3.9,TAB
Fulham v Tottenham Hotspur,2026-03-01T14:00:00.000Z,Player Goals,Fulham,Tottenham Hotspur,Luca Williams-Barnett,NA,NA,1.5,17,TAB
Fulham v Tottenham Hotspur,2026-03-01T14:00:00.000Z,Player Goals,Fulham,Tottenham Hotspur,Luca Williams-Barnett,NA,NA,2.5,151,TAB
Fulham v Tottenham Hotspur,2026-03-01T14:00:00.000Z,Player Goals,Fulham,Tottenham Hotspur,Mathys Tel,Tottenham Hotspur,Fulham,0.5,3.9,TAB
Fulham v Tottenham Hotspur,2026-03-01T14:00:00.000Z,Player Goals,Fulham,Tottenham Hotspur,Mathys Tel,Tottenham Hotspur,Fulham,1.5,17,TAB
Fulham v Tottenham Hotspur,2026-03-01T14:00:00.000Z,Player Goals,Fulham,Tottenham Hotspur,Mathys Tel,Tottenham Hotspur,Fulham,2.5,151,TAB
Fulham v Tottenham Hotspur,2026-03-01T14:00:00.000Z,Player Goals,Fulham,Tottenham Hotspur,Micky van de Ven,Tottenham Hotspur,Fulham,0.5,8,TAB
Fulham v Tottenham Hotspur,2026-03-01T14:00:00.000Z,Player Goals,Fulham,Tottenham Hotspur,Micky van de Ven,Tottenham Hotspur,Fulham,1.5,101,TAB
Fulham v Tottenham Hotspur,2026-03-01T14:00:00.000Z,Player Goals,Fulham,Tottenham Hotspur,Micky van de Ven,Tottenham Hotspur,Fulham,2.5,401,TAB
Fulham v Tottenham Hotspur,2026-03-01T14:00:00.000Z,Player Goals,Fulham,Tottenham Hotspur,Oscar Bobb,Manchester City,Fulham,0.5,3.8,TAB
Fulham v Tottenham Hotspur,2026-03-01T14:00:00.000Z,Player Goals,Fulham,Tottenham Hotspur,Oscar Bobb,Manchester City,Fulham,1.5,17,TAB
Fulham v Tottenham Hotspur,2026-03-01T14:00:00.000Z,Player Goals,Fulham,Tottenham Hotspur,Oscar Bobb,Manchester City,Fulham,2.5,151,TAB
Fulham v Tottenham Hotspur,2026-03-01T14:00:00.000Z,Player Goals,Fulham,Tottenham Hotspur,Pape Matar Sarr,Tottenham Hotspur,Fulham,0.5,7,TAB
Fulham v Tottenham Hotspur,2026-03-01T14:00:00.000Z,Player Goals,Fulham,Tottenham Hotspur,Pape Matar Sarr,Tottenham Hotspur,Fulham,1.5,67,TAB
Fulham v Tottenham Hotspur,2026-03-01T14:00:00.000Z,Player Goals,Fulham,Tottenham Hotspur,Pape Matar Sarr,Tottenham Hotspur,Fulham,2.5,401,TAB
Fulham v Tottenham Hotspur,2026-03-01T14:00:00.000Z,Player Goals,Fulham,Tottenham Hotspur,Pedro Porro,Tottenham Hotspur,Fulham,0.5,10,TAB
Fulham v Tottenham Hotspur,2026-03-01T14:00:00.000Z,Player Goals,Fulham,Tottenham Hotspur,Pedro Porro,Tottenham Hotspur,Fulham,1.5,151,TAB
Fulham v Tottenham Hotspur,2026-03-01T14:00:00.000Z,Player Goals,Fulham,Tottenham Hotspur,Pedro Porro,Tottenham Hotspur,Fulham,2.5,401,TAB
Fulham v Tottenham Hotspur,2026-03-01T14:00:00.000Z,Player Goals,Fulham,Tottenham Hotspur,Ra<c3><ba>l Jim<c3><a9>nez,NA,NA,0.5,2.2,TAB
Fulham v Tottenham Hotspur,2026-03-01T14:00:00.000Z,Player Goals,Fulham,Tottenham Hotspur,Ra<c3><ba>l Jim<c3><a9>nez,NA,NA,1.5,8,TAB
Fulham v Tottenham Hotspur,2026-03-01T14:00:00.000Z,Player Goals,Fulham,Tottenham Hotspur,Ra<c3><ba>l Jim<c3><a9>nez,NA,NA,2.5,26,TAB
Fulham v Tottenham Hotspur,2026-03-01T14:00:00.000Z,Player Goals,Fulham,Tottenham Hotspur,Radu Dr<c4><83>gu<c8><99>in,NA,NA,0.5,15,TAB
Fulham v Tottenham Hotspur,2026-03-01T14:00:00.000Z,Player Goals,Fulham,Tottenham Hotspur,Radu Dr<c4><83>gu<c8><99>in,NA,NA,1.5,201,TAB
Fulham v Tottenham Hotspur,2026-03-01T14:00:00.000Z,Player Goals,Fulham,Tottenham Hotspur,Radu Dr<c4><83>gu<c8><99>in,NA,NA,2.5,401,TAB
Fulham v Tottenham Hotspur,2026-03-01T14:00:00.000Z,Player Goals,Fulham,Tottenham Hotspur,Randal Kolo Muani,Tottenham Hotspur,Fulham,0.5,3.7,TAB
Fulham v Tottenham Hotspur,2026-03-01T14:00:00.000Z,Player Goals,Fulham,Tottenham Hotspur,Randal Kolo Muani,Tottenham Hotspur,Fulham,1.5,17,TAB
Fulham v Tottenham Hotspur,2026-03-01T14:00:00.000Z,Player Goals,Fulham,Tottenham Hotspur,Randal Kolo Muani,Tottenham Hotspur,Fulham,2.5,151,TAB
Fulham v Tottenham Hotspur,2026-03-01T14:00:00.000Z,Player Goals,Fulham,Tottenham Hotspur,Richarlison,Tottenham Hotspur,Fulham,0.5,3.15,TAB
Fulham v Tottenham Hotspur,2026-03-01T14:00:00.000Z,Player Goals,Fulham,Tottenham Hotspur,Richarlison,Tottenham Hotspur,Fulham,1.5,13,TAB
Fulham v Tottenham Hotspur,2026-03-01T14:00:00.000Z,Player Goals,Fulham,Tottenham Hotspur,Richarlison,Tottenham Hotspur,Fulham,2.5,81,TAB
Fulham v Tottenham Hotspur,2026-03-01T14:00:00.000Z,Player Goals,Fulham,Tottenham Hotspur,Rodrigo Muniz,Fulham,Tottenham Hotspur,0.5,2.4,TAB
Fulham v Tottenham Hotspur,2026-03-01T14:00:00.000Z,Player Goals,Fulham,Tottenham Hotspur,Rodrigo Muniz,Fulham,Tottenham Hotspur,1.5,9,TAB
Fulham v Tottenham Hotspur,2026-03-01T14:00:00.000Z,Player Goals,Fulham,Tottenham Hotspur,Rodrigo Muniz,Fulham,Tottenham Hotspur,2.5,41,TAB
Fulham v Tottenham Hotspur,2026-03-01T14:00:00.000Z,Player Goals,Fulham,Tottenham Hotspur,Ryan Sessegnon,Fulham,Tottenham Hotspur,0.5,4.25,TAB
Fulham v Tottenham Hotspur,2026-03-01T14:00:00.000Z,Player Goals,Fulham,Tottenham Hotspur,Ryan Sessegnon,Fulham,Tottenham Hotspur,1.5,21,TAB
Fulham v Tottenham Hotspur,2026-03-01T14:00:00.000Z,Player Goals,Fulham,Tottenham Hotspur,Ryan Sessegnon,Fulham,Tottenham Hotspur,2.5,201,TAB
Fulham v Tottenham Hotspur,2026-03-01T14:00:00.000Z,Player Goals,Fulham,Tottenham Hotspur,Sa<c5><a1>a Luki<c4><87>,NA,NA,0.5,7,TAB
Fulham v Tottenham Hotspur,2026-03-01T14:00:00.000Z,Player Goals,Fulham,Tottenham Hotspur,Sa<c5><a1>a Luki<c4><87>,NA,NA,1.5,81,TAB
Fulham v Tottenham Hotspur,2026-03-01T14:00:00.000Z,Player Goals,Fulham,Tottenham Hotspur,Sa<c5><a1>a Luki<c4><87>,NA,NA,2.5,401,TAB
Fulham v Tottenham Hotspur,2026-03-01T14:00:00.000Z,Player Goals,Fulham,Tottenham Hotspur,Sander Berge,Fulham,Tottenham Hotspur,0.5,7,TAB
Fulham v Tottenham Hotspur,2026-03-01T14:00:00.000Z,Player Goals,Fulham,Tottenham Hotspur,Sander Berge,Fulham,Tottenham Hotspur,1.5,81,TAB
Fulham v Tottenham Hotspur,2026-03-01T14:00:00.000Z,Player Goals,Fulham,Tottenham Hotspur,Sander Berge,Fulham,Tottenham Hotspur,2.5,401,TAB
Fulham v Tottenham Hotspur,2026-03-01T14:00:00.000Z,Player Goals,Fulham,Tottenham Hotspur,Souza Menezes,NA,NA,0.5,15,TAB
Fulham v Tottenham Hotspur,2026-03-01T14:00:00.000Z,Player Goals,Fulham,Tottenham Hotspur,Souza Menezes,NA,NA,1.5,201,TAB
Fulham v Tottenham Hotspur,2026-03-01T14:00:00.000Z,Player Goals,Fulham,Tottenham Hotspur,Souza Menezes,NA,NA,2.5,401,TAB
Fulham v Tottenham Hotspur,2026-03-01T14:00:00.000Z,Player Goals,Fulham,Tottenham Hotspur,Timothy Castagne,Fulham,Tottenham Hotspur,0.5,8,TAB
Fulham v Tottenham Hotspur,2026-03-01T14:00:00.000Z,Player Goals,Fulham,Tottenham Hotspur,Timothy Castagne,Fulham,Tottenham Hotspur,1.5,101,TAB
Fulham v Tottenham Hotspur,2026-03-01T14:00:00.000Z,Player Goals,Fulham,Tottenham Hotspur,Timothy Castagne,Fulham,Tottenham Hotspur,2.5,401,TAB
Fulham v Tottenham Hotspur,2026-03-01T14:00:00.000Z,Player Goals,Fulham,Tottenham Hotspur,Xavi Simons,Tottenham Hotspur,Fulham,0.5,4.75,TAB
Fulham v Tottenham Hotspur,2026-03-01T14:00:00.000Z,Player Goals,Fulham,Tottenham Hotspur,Xavi Simons,Tottenham Hotspur,Fulham,1.5,34,TAB
Fulham v Tottenham Hotspur,2026-03-01T14:00:00.000Z,Player Goals,Fulham,Tottenham Hotspur,Xavi Simons,Tottenham Hotspur,Fulham,2.5,301,TAB
Fulham v Tottenham Hotspur,2026-03-01T14:00:00.000Z,Player Goals,Fulham,Tottenham Hotspur,Yves Bissouma,Tottenham Hotspur,Fulham,0.5,10,TAB
Fulham v Tottenham Hotspur,2026-03-01T14:00:00.000Z,Player Goals,Fulham,Tottenham Hotspur,Yves Bissouma,Tottenham Hotspur,Fulham,1.5,151,TAB
Fulham v Tottenham Hotspur,2026-03-01T14:00:00.000Z,Player Goals,Fulham,Tottenham Hotspur,Yves Bissouma,Tottenham Hotspur,Fulham,2.5,401,TAB
Manchester United v Crystal Palace,2026-03-01T14:00:00.000Z,Player Goals,Manchester United,Crystal Palace,Adam Wharton,Crystal Palace,Manchester United,0.5,12,TAB
Manchester United v Crystal Palace,2026-03-01T14:00:00.000Z,Player Goals,Manchester United,Crystal Palace,Adam Wharton,Crystal Palace,Manchester United,1.5,201,TAB
Manchester United v Crystal Palace,2026-03-01T14:00:00.000Z,Player Goals,Manchester United,Crystal Palace,Adam Wharton,Crystal Palace,Manchester United,2.5,401,TAB
Manchester United v Crystal Palace,2026-03-01T14:00:00.000Z,Player Goals,Manchester United,Crystal Palace,Amad Diallo,Manchester United,Crystal Palace,0.5,2.9,TAB
Manchester United v Crystal Palace,2026-03-01T14:00:00.000Z,Player Goals,Manchester United,Crystal Palace,Amad Diallo,Manchester United,Crystal Palace,1.5,13,TAB
Manchester United v Crystal Palace,2026-03-01T14:00:00.000Z,Player Goals,Manchester United,Crystal Palace,Amad Diallo,Manchester United,Crystal Palace,2.5,81,TAB
Manchester United v Crystal Palace,2026-03-01T14:00:00.000Z,Player Goals,Manchester United,Crystal Palace,Ayden Heaven,Manchester United,Crystal Palace,0.5,9,TAB
Manchester United v Crystal Palace,2026-03-01T14:00:00.000Z,Player Goals,Manchester United,Crystal Palace,Ayden Heaven,Manchester United,Crystal Palace,1.5,101,TAB
Manchester United v Crystal Palace,2026-03-01T14:00:00.000Z,Player Goals,Manchester United,Crystal Palace,Ayden Heaven,Manchester United,Crystal Palace,2.5,401,TAB
Manchester United v Crystal Palace,2026-03-01T14:00:00.000Z,Player Goals,Manchester United,Crystal Palace,Benjamin Sesko,Manchester United,Crystal Palace,0.5,2.15,TAB
Manchester United v Crystal Palace,2026-03-01T14:00:00.000Z,Player Goals,Manchester United,Crystal Palace,Benjamin Sesko,Manchester United,Crystal Palace,1.5,7,TAB
Manchester United v Crystal Palace,2026-03-01T14:00:00.000Z,Player Goals,Manchester United,Crystal Palace,Benjamin Sesko,Manchester United,Crystal Palace,2.5,26,TAB
Manchester United v Crystal Palace,2026-03-01T14:00:00.000Z,Player Goals,Manchester United,Crystal Palace,Borna Sosa,Crystal Palace,Manchester United,0.5,13,TAB
Manchester United v Crystal Palace,2026-03-01T14:00:00.000Z,Player Goals,Manchester United,Crystal Palace,Borna Sosa,Crystal Palace,Manchester United,1.5,201,TAB
Manchester United v Crystal Palace,2026-03-01T14:00:00.000Z,Player Goals,Manchester United,Crystal Palace,Borna Sosa,Crystal Palace,Manchester United,2.5,401,TAB
Manchester United v Crystal Palace,2026-03-01T14:00:00.000Z,Player Goals,Manchester United,Crystal Palace,Brennan Johnson,Tottenham Hotspur,Manchester United,0.5,4.5,TAB
Manchester United v Crystal Palace,2026-03-01T14:00:00.000Z,Player Goals,Manchester United,Crystal Palace,Brennan Johnson,Crystal Palace,Manchester United,0.5,4.5,TAB
Manchester United v Crystal Palace,2026-03-01T14:00:00.000Z,Player Goals,Manchester United,Crystal Palace,Brennan Johnson,Tottenham Hotspur,Manchester United,1.5,26,TAB
Manchester United v Crystal Palace,2026-03-01T14:00:00.000Z,Player Goals,Manchester United,Crystal Palace,Brennan Johnson,Crystal Palace,Manchester United,1.5,26,TAB
Manchester United v Crystal Palace,2026-03-01T14:00:00.000Z,Player Goals,Manchester United,Crystal Palace,Brennan Johnson,Tottenham Hotspur,Manchester United,2.5,201,TAB
Manchester United v Crystal Palace,2026-03-01T14:00:00.000Z,Player Goals,Manchester United,Crystal Palace,Brennan Johnson,Crystal Palace,Manchester United,2.5,201,TAB
Manchester United v Crystal Palace,2026-03-01T14:00:00.000Z,Player Goals,Manchester United,Crystal Palace,Bruno Fernandes,Manchester United,Crystal Palace,0.5,2.4,TAB
Manchester United v Crystal Palace,2026-03-01T14:00:00.000Z,Player Goals,Manchester United,Crystal Palace,Bruno Fernandes,Manchester United,Crystal Palace,1.5,9,TAB
Manchester United v Crystal Palace,2026-03-01T14:00:00.000Z,Player Goals,Manchester United,Crystal Palace,Bruno Fernandes,Manchester United,Crystal Palace,2.5,41,TAB
Manchester United v Crystal Palace,2026-03-01T14:00:00.000Z,Player Goals,Manchester United,Crystal Palace,Bryan Mbeumo,Manchester United,Crystal Palace,0.5,2.15,TAB
Manchester United v Crystal Palace,2026-03-01T14:00:00.000Z,Player Goals,Manchester United,Crystal Palace,Bryan Mbeumo,Manchester United,Crystal Palace,1.5,7,TAB
Manchester United v Crystal Palace,2026-03-01T14:00:00.000Z,Player Goals,Manchester United,Crystal Palace,Bryan Mbeumo,Manchester United,Crystal Palace,2.5,26,TAB
Manchester United v Crystal Palace,2026-03-01T14:00:00.000Z,Player Goals,Manchester United,Crystal Palace,Casemiro,Manchester United,Crystal Palace,0.5,4.25,TAB
Manchester United v Crystal Palace,2026-03-01T14:00:00.000Z,Player Goals,Manchester United,Crystal Palace,Casemiro,Manchester United,Crystal Palace,1.5,26,TAB
Manchester United v Crystal Palace,2026-03-01T14:00:00.000Z,Player Goals,Manchester United,Crystal Palace,Casemiro,Manchester United,Crystal Palace,2.5,201,TAB
Manchester United v Crystal Palace,2026-03-01T14:00:00.000Z,Player Goals,Manchester United,Crystal Palace,Chadi Riad,Crystal Palace,Manchester United,0.5,15,TAB
Manchester United v Crystal Palace,2026-03-01T14:00:00.000Z,Player Goals,Manchester United,Crystal Palace,Chadi Riad,Crystal Palace,Manchester United,1.5,201,TAB
Manchester United v Crystal Palace,2026-03-01T14:00:00.000Z,Player Goals,Manchester United,Crystal Palace,Chadi Riad,Crystal Palace,Manchester United,2.5,401,TAB
Manchester United v Crystal Palace,2026-03-01T14:00:00.000Z,Player Goals,Manchester United,Crystal Palace,Chris Richards,Crystal Palace,Manchester United,0.5,13,TAB
Manchester United v Crystal Palace,2026-03-01T14:00:00.000Z,Player Goals,Manchester United,Crystal Palace,Chris Richards,Crystal Palace,Manchester United,1.5,201,TAB
Manchester United v Crystal Palace,2026-03-01T14:00:00.000Z,Player Goals,Manchester United,Crystal Palace,Chris Richards,Crystal Palace,Manchester United,2.5,401,TAB
Manchester United v Crystal Palace,2026-03-01T14:00:00.000Z,Player Goals,Manchester United,Crystal Palace,Chrisantus Uche,NA,NA,0.5,4.75,TAB
Manchester United v Crystal Palace,2026-03-01T14:00:00.000Z,Player Goals,Manchester United,Crystal Palace,Chrisantus Uche,NA,NA,1.5,26,TAB
Manchester United v Crystal Palace,2026-03-01T14:00:00.000Z,Player Goals,Manchester United,Crystal Palace,Chrisantus Uche,NA,NA,2.5,201,TAB
Manchester United v Crystal Palace,2026-03-01T14:00:00.000Z,Player Goals,Manchester United,Crystal Palace,Daichi Kamada,Crystal Palace,Manchester United,0.5,7.5,TAB
Manchester United v Crystal Palace,2026-03-01T14:00:00.000Z,Player Goals,Manchester United,Crystal Palace,Daichi Kamada,Crystal Palace,Manchester United,1.5,81,TAB
Manchester United v Crystal Palace,2026-03-01T14:00:00.000Z,Player Goals,Manchester United,Crystal Palace,Daichi Kamada,Crystal Palace,Manchester United,2.5,401,TAB
Manchester United v Crystal Palace,2026-03-01T14:00:00.000Z,Player Goals,Manchester United,Crystal Palace,Daniel Mu<c3><b1>oz,NA,NA,0.5,8,TAB
Manchester United v Crystal Palace,2026-03-01T14:00:00.000Z,Player Goals,Manchester United,Crystal Palace,Daniel Mu<c3><b1>oz,NA,NA,1.5,101,TAB
Manchester United v Crystal Palace,2026-03-01T14:00:00.000Z,Player Goals,Manchester United,Crystal Palace,Daniel Mu<c3><b1>oz,NA,NA,2.5,401,TAB
Manchester United v Crystal Palace,2026-03-01T14:00:00.000Z,Player Goals,Manchester United,Crystal Palace,Diogo Dalot,Manchester United,Crystal Palace,0.5,7.5,TAB
Manchester United v Crystal Palace,2026-03-01T14:00:00.000Z,Player Goals,Manchester United,Crystal Palace,Diogo Dalot,Manchester United,Crystal Palace,1.5,81,TAB
Manchester United v Crystal Palace,2026-03-01T14:00:00.000Z,Player Goals,Manchester United,Crystal Palace,Diogo Dalot,Manchester United,Crystal Palace,2.5,401,TAB
Manchester United v Crystal Palace,2026-03-01T14:00:00.000Z,Player Goals,Manchester United,Crystal Palace,Evann Guessand,Aston Villa,Manchester United,0.5,4,TAB
Manchester United v Crystal Palace,2026-03-01T14:00:00.000Z,Player Goals,Manchester United,Crystal Palace,Evann Guessand,Aston Villa,Manchester United,1.5,21,TAB
Manchester United v Crystal Palace,2026-03-01T14:00:00.000Z,Player Goals,Manchester United,Crystal Palace,Evann Guessand,Aston Villa,Manchester United,2.5,151,TAB
Manchester United v Crystal Palace,2026-03-01T14:00:00.000Z,Player Goals,Manchester United,Crystal Palace,Harry Maguire,Manchester United,Crystal Palace,0.5,6.5,TAB
Manchester United v Crystal Palace,2026-03-01T14:00:00.000Z,Player Goals,Manchester United,Crystal Palace,Harry Maguire,Manchester United,Crystal Palace,1.5,67,TAB
Manchester United v Crystal Palace,2026-03-01T14:00:00.000Z,Player Goals,Manchester United,Crystal Palace,Harry Maguire,Manchester United,Crystal Palace,2.5,401,TAB
Manchester United v Crystal Palace,2026-03-01T14:00:00.000Z,Player Goals,Manchester United,Crystal Palace,Isma<c3><af>la Sarr,NA,NA,0.5,4.5,TAB
Manchester United v Crystal Palace,2026-03-01T14:00:00.000Z,Player Goals,Manchester United,Crystal Palace,Isma<c3><af>la Sarr,NA,NA,1.5,26,TAB
Manchester United v Crystal Palace,2026-03-01T14:00:00.000Z,Player Goals,Manchester United,Crystal Palace,Isma<c3><af>la Sarr,NA,NA,2.5,201,TAB
Manchester United v Crystal Palace,2026-03-01T14:00:00.000Z,Player Goals,Manchester United,Crystal Palace,J<c3><b8>rgen Strand Larsen,NA,NA,0.5,3.3,TAB
Manchester United v Crystal Palace,2026-03-01T14:00:00.000Z,Player Goals,Manchester United,Crystal Palace,J<c3><b8>rgen Strand Larsen,NA,NA,1.5,15,TAB
Manchester United v Crystal Palace,2026-03-01T14:00:00.000Z,Player Goals,Manchester United,Crystal Palace,J<c3><b8>rgen Strand Larsen,NA,NA,2.5,101,TAB
Manchester United v Crystal Palace,2026-03-01T14:00:00.000Z,Player Goals,Manchester United,Crystal Palace,Jaydee Canvot,Crystal Palace,Manchester United,0.5,15,TAB
Manchester United v Crystal Palace,2026-03-01T14:00:00.000Z,Player Goals,Manchester United,Crystal Palace,Jaydee Canvot,Crystal Palace,Manchester United,1.5,201,TAB
Manchester United v Crystal Palace,2026-03-01T14:00:00.000Z,Player Goals,Manchester United,Crystal Palace,Jaydee Canvot,Crystal Palace,Manchester United,2.5,401,TAB
Manchester United v Crystal Palace,2026-03-01T14:00:00.000Z,Player Goals,Manchester United,Crystal Palace,Joshua Zirkzee,Manchester United,Crystal Palace,0.5,2.6,TAB
Manchester United v Crystal Palace,2026-03-01T14:00:00.000Z,Player Goals,Manchester United,Crystal Palace,Joshua Zirkzee,Manchester United,Crystal Palace,1.5,11,TAB
Manchester United v Crystal Palace,2026-03-01T14:00:00.000Z,Player Goals,Manchester United,Crystal Palace,Joshua Zirkzee,Manchester United,Crystal Palace,2.5,51,TAB
Manchester United v Crystal Palace,2026-03-01T14:00:00.000Z,Player Goals,Manchester United,Crystal Palace,Justin Devenny,Crystal Palace,Manchester United,0.5,6,TAB
Manchester United v Crystal Palace,2026-03-01T14:00:00.000Z,Player Goals,Manchester United,Crystal Palace,Justin Devenny,Crystal Palace,Manchester United,1.5,51,TAB
Manchester United v Crystal Palace,2026-03-01T14:00:00.000Z,Player Goals,Manchester United,Crystal Palace,Justin Devenny,Crystal Palace,Manchester United,2.5,401,TAB
Manchester United v Crystal Palace,2026-03-01T14:00:00.000Z,Player Goals,Manchester United,Crystal Palace,Kaden Rodney,Crystal Palace,Manchester United,0.5,13,TAB
Manchester United v Crystal Palace,2026-03-01T14:00:00.000Z,Player Goals,Manchester United,Crystal Palace,Kaden Rodney,Crystal Palace,Manchester United,1.5,201,TAB
Manchester United v Crystal Palace,2026-03-01T14:00:00.000Z,Player Goals,Manchester United,Crystal Palace,Kaden Rodney,Crystal Palace,Manchester United,2.5,401,TAB
Manchester United v Crystal Palace,2026-03-01T14:00:00.000Z,Player Goals,Manchester United,Crystal Palace,Kobbie Mainoo,Manchester United,Crystal Palace,0.5,5,TAB
Manchester United v Crystal Palace,2026-03-01T14:00:00.000Z,Player Goals,Manchester United,Crystal Palace,Kobbie Mainoo,Manchester United,Crystal Palace,1.5,34,TAB
Manchester United v Crystal Palace,2026-03-01T14:00:00.000Z,Player Goals,Manchester United,Crystal Palace,Kobbie Mainoo,Manchester United,Crystal Palace,2.5,301,TAB
Manchester United v Crystal Palace,2026-03-01T14:00:00.000Z,Player Goals,Manchester United,Crystal Palace,Leny Yoro,Manchester United,Crystal Palace,0.5,9,TAB
Manchester United v Crystal Palace,2026-03-01T14:00:00.000Z,Player Goals,Manchester United,Crystal Palace,Leny Yoro,Manchester United,Crystal Palace,1.5,101,TAB
Manchester United v Crystal Palace,2026-03-01T14:00:00.000Z,Player Goals,Manchester United,Crystal Palace,Leny Yoro,Manchester United,Crystal Palace,2.5,401,TAB
Manchester United v Crystal Palace,2026-03-01T14:00:00.000Z,Player Goals,Manchester United,Crystal Palace,Lisandro Mart<c3><ad>nez,NA,NA,0.5,7.5,TAB
Manchester United v Crystal Palace,2026-03-01T14:00:00.000Z,Player Goals,Manchester United,Crystal Palace,Lisandro Mart<c3><ad>nez,NA,NA,1.5,81,TAB
Manchester United v Crystal Palace,2026-03-01T14:00:00.000Z,Player Goals,Manchester United,Crystal Palace,Lisandro Mart<c3><ad>nez,NA,NA,2.5,401,TAB
Manchester United v Crystal Palace,2026-03-01T14:00:00.000Z,Player Goals,Manchester United,Crystal Palace,Luke Shaw,Manchester United,Crystal Palace,0.5,12,TAB
Manchester United v Crystal Palace,2026-03-01T14:00:00.000Z,Player Goals,Manchester United,Crystal Palace,Luke Shaw,Manchester United,Crystal Palace,1.5,201,TAB
Manchester United v Crystal Palace,2026-03-01T14:00:00.000Z,Player Goals,Manchester United,Crystal Palace,Luke Shaw,Manchester United,Crystal Palace,2.5,401,TAB
Manchester United v Crystal Palace,2026-03-01T14:00:00.000Z,Player Goals,Manchester United,Crystal Palace,Manuel Ugarte,Manchester United,Crystal Palace,0.5,6.5,TAB
Manchester United v Crystal Palace,2026-03-01T14:00:00.000Z,Player Goals,Manchester United,Crystal Palace,Manuel Ugarte,Manchester United,Crystal Palace,1.5,67,TAB
Manchester United v Crystal Palace,2026-03-01T14:00:00.000Z,Player Goals,Manchester United,Crystal Palace,Manuel Ugarte,Manchester United,Crystal Palace,2.5,401,TAB
Manchester United v Crystal Palace,2026-03-01T14:00:00.000Z,Player Goals,Manchester United,Crystal Palace,Matheus Cunha,Manchester United,Crystal Palace,0.5,2.15,TAB
Manchester United v Crystal Palace,2026-03-01T14:00:00.000Z,Player Goals,Manchester United,Crystal Palace,Matheus Cunha,Manchester United,Crystal Palace,1.5,7,TAB
Manchester United v Crystal Palace,2026-03-01T14:00:00.000Z,Player Goals,Manchester United,Crystal Palace,Matheus Cunha,Manchester United,Crystal Palace,2.5,26,TAB
Manchester United v Crystal Palace,2026-03-01T14:00:00.000Z,Player Goals,Manchester United,Crystal Palace,Maxence Lacroix,Crystal Palace,Manchester United,0.5,15,TAB
Manchester United v Crystal Palace,2026-03-01T14:00:00.000Z,Player Goals,Manchester United,Crystal Palace,Maxence Lacroix,Crystal Palace,Manchester United,1.5,201,TAB
Manchester United v Crystal Palace,2026-03-01T14:00:00.000Z,Player Goals,Manchester United,Crystal Palace,Maxence Lacroix,Crystal Palace,Manchester United,2.5,401,TAB
Manchester United v Crystal Palace,2026-03-01T14:00:00.000Z,Player Goals,Manchester United,Crystal Palace,Noussair Mazraoui,Manchester United,Crystal Palace,0.5,9,TAB
Manchester United v Crystal Palace,2026-03-01T14:00:00.000Z,Player Goals,Manchester United,Crystal Palace,Noussair Mazraoui,Manchester United,Crystal Palace,1.5,101,TAB
Manchester United v Crystal Palace,2026-03-01T14:00:00.000Z,Player Goals,Manchester United,Crystal Palace,Noussair Mazraoui,Manchester United,Crystal Palace,2.5,401,TAB
Manchester United v Crystal Palace,2026-03-01T14:00:00.000Z,Player Goals,Manchester United,Crystal Palace,Rio Cardines,Crystal Palace,Manchester United,0.5,12,TAB
Manchester United v Crystal Palace,2026-03-01T14:00:00.000Z,Player Goals,Manchester United,Crystal Palace,Rio Cardines,Crystal Palace,Manchester United,1.5,201,TAB
Manchester United v Crystal Palace,2026-03-01T14:00:00.000Z,Player Goals,Manchester United,Crystal Palace,Rio Cardines,Crystal Palace,Manchester United,2.5,401,TAB
Manchester United v Crystal Palace,2026-03-01T14:00:00.000Z,Player Goals,Manchester United,Crystal Palace,Tyrell Malacia,Manchester United,Crystal Palace,0.5,9,TAB
Manchester United v Crystal Palace,2026-03-01T14:00:00.000Z,Player Goals,Manchester United,Crystal Palace,Tyrell Malacia,Manchester United,Crystal Palace,1.5,101,TAB
Manchester United v Crystal Palace,2026-03-01T14:00:00.000Z,Player Goals,Manchester United,Crystal Palace,Tyrell Malacia,Manchester United,Crystal Palace,2.5,401,TAB
Manchester United v Crystal Palace,2026-03-01T14:00:00.000Z,Player Goals,Manchester United,Crystal Palace,Tyrick Mitchell,Crystal Palace,Manchester United,0.5,15,TAB
Manchester United v Crystal Palace,2026-03-01T14:00:00.000Z,Player Goals,Manchester United,Crystal Palace,Tyrick Mitchell,Crystal Palace,Manchester United,1.5,201,TAB
Manchester United v Crystal Palace,2026-03-01T14:00:00.000Z,Player Goals,Manchester United,Crystal Palace,Tyrick Mitchell,Crystal Palace,Manchester United,2.5,401,TAB
Manchester United v Crystal Palace,2026-03-01T14:00:00.000Z,Player Goals,Manchester United,Crystal Palace,Will Hughes,Crystal Palace,Manchester United,0.5,12,TAB
Manchester United v Crystal Palace,2026-03-01T14:00:00.000Z,Player Goals,Manchester United,Crystal Palace,Will Hughes,Crystal Palace,Manchester United,1.5,201,TAB
Manchester United v Crystal Palace,2026-03-01T14:00:00.000Z,Player Goals,Manchester United,Crystal Palace,Will Hughes,Crystal Palace,Manchester United,2.5,401,TAB
Manchester United v Crystal Palace,2026-03-01T14:00:00.000Z,Player Goals,Manchester United,Crystal Palace,Yeremy Pino,NA,NA,0.5,5,TAB
Manchester United v Crystal Palace,2026-03-01T14:00:00.000Z,Player Goals,Manchester United,Crystal Palace,Yeremy Pino,NA,NA,1.5,41,TAB
Manchester United v Crystal Palace,2026-03-01T14:00:00.000Z,Player Goals,Manchester United,Crystal Palace,Yeremy Pino,NA,NA,2.5,301,TAB
Arsenal v Chelsea,2026-03-01T16:30:00.000Z,Player Goals,Arsenal,Chelsea,Alejandro Garnacho,Chelsea,Arsenal,0.5,4.75,TAB
Arsenal v Chelsea,2026-03-01T16:30:00.000Z,Player Goals,Arsenal,Chelsea,Alejandro Garnacho,Chelsea,Arsenal,1.5,34,TAB
Arsenal v Chelsea,2026-03-01T16:30:00.000Z,Player Goals,Arsenal,Chelsea,Alejandro Garnacho,Chelsea,Arsenal,2.5,301,TAB
Arsenal v Chelsea,2026-03-01T16:30:00.000Z,Player Goals,Arsenal,Chelsea,Andrey Santos,Chelsea,Arsenal,0.5,7,TAB
Arsenal v Chelsea,2026-03-01T16:30:00.000Z,Player Goals,Arsenal,Chelsea,Andrey Santos,Chelsea,Arsenal,1.5,67,TAB
Arsenal v Chelsea,2026-03-01T16:30:00.000Z,Player Goals,Arsenal,Chelsea,Andrey Santos,Chelsea,Arsenal,2.5,401,TAB
Arsenal v Chelsea,2026-03-01T16:30:00.000Z,Player Goals,Arsenal,Chelsea,Ben White,Arsenal,Chelsea,0.5,10,TAB
Arsenal v Chelsea,2026-03-01T16:30:00.000Z,Player Goals,Arsenal,Chelsea,Ben White,Arsenal,Chelsea,1.5,151,TAB
Arsenal v Chelsea,2026-03-01T16:30:00.000Z,Player Goals,Arsenal,Chelsea,Ben White,Arsenal,Chelsea,2.5,401,TAB
Arsenal v Chelsea,2026-03-01T16:30:00.000Z,Player Goals,Arsenal,Chelsea,Beno<c3><ae>t Badiashile,NA,NA,0.5,17,TAB
Arsenal v Chelsea,2026-03-01T16:30:00.000Z,Player Goals,Arsenal,Chelsea,Beno<c3><ae>t Badiashile,NA,NA,1.5,301,TAB
Arsenal v Chelsea,2026-03-01T16:30:00.000Z,Player Goals,Arsenal,Chelsea,Beno<c3><ae>t Badiashile,NA,NA,2.5,401,TAB
Arsenal v Chelsea,2026-03-01T16:30:00.000Z,Player Goals,Arsenal,Chelsea,Bukayo Saka,Arsenal,Chelsea,0.5,2.5,TAB
Arsenal v Chelsea,2026-03-01T16:30:00.000Z,Player Goals,Arsenal,Chelsea,Bukayo Saka,Arsenal,Chelsea,1.5,11,TAB
Arsenal v Chelsea,2026-03-01T16:30:00.000Z,Player Goals,Arsenal,Chelsea,Bukayo Saka,Arsenal,Chelsea,2.5,51,TAB
Arsenal v Chelsea,2026-03-01T16:30:00.000Z,Player Goals,Arsenal,Chelsea,Christian N<c3><b8>rgaard,NA,NA,0.5,5.5,TAB
Arsenal v Chelsea,2026-03-01T16:30:00.000Z,Player Goals,Arsenal,Chelsea,Christian N<c3><b8>rgaard,NA,NA,1.5,51,TAB
Arsenal v Chelsea,2026-03-01T16:30:00.000Z,Player Goals,Arsenal,Chelsea,Christian N<c3><b8>rgaard,NA,NA,2.5,301,TAB
Arsenal v Chelsea,2026-03-01T16:30:00.000Z,Player Goals,Arsenal,Chelsea,Cole Palmer,Chelsea,Arsenal,0.5,4,TAB
Arsenal v Chelsea,2026-03-01T16:30:00.000Z,Player Goals,Arsenal,Chelsea,Cole Palmer,Chelsea,Arsenal,1.5,21,TAB
Arsenal v Chelsea,2026-03-01T16:30:00.000Z,Player Goals,Arsenal,Chelsea,Cole Palmer,Chelsea,Arsenal,2.5,151,TAB
Arsenal v Chelsea,2026-03-01T16:30:00.000Z,Player Goals,Arsenal,Chelsea,Cristhian Mosquera,Arsenal,Chelsea,0.5,10,TAB
Arsenal v Chelsea,2026-03-01T16:30:00.000Z,Player Goals,Arsenal,Chelsea,Cristhian Mosquera,Arsenal,Chelsea,1.5,151,TAB
Arsenal v Chelsea,2026-03-01T16:30:00.000Z,Player Goals,Arsenal,Chelsea,Cristhian Mosquera,Arsenal,Chelsea,2.5,401,TAB
Arsenal v Chelsea,2026-03-01T16:30:00.000Z,Player Goals,Arsenal,Chelsea,Declan Rice,Arsenal,Chelsea,0.5,4,TAB
Arsenal v Chelsea,2026-03-01T16:30:00.000Z,Player Goals,Arsenal,Chelsea,Declan Rice,Arsenal,Chelsea,1.5,21,TAB
Arsenal v Chelsea,2026-03-01T16:30:00.000Z,Player Goals,Arsenal,Chelsea,Declan Rice,Arsenal,Chelsea,2.5,151,TAB
Arsenal v Chelsea,2026-03-01T16:30:00.000Z,Player Goals,Arsenal,Chelsea,Eberechi Eze,Arsenal,Chelsea,0.5,3.1,TAB
Arsenal v Chelsea,2026-03-01T16:30:00.000Z,Player Goals,Arsenal,Chelsea,Eberechi Eze,Crystal Palace,Arsenal,0.5,3.1,TAB
Arsenal v Chelsea,2026-03-01T16:30:00.000Z,Player Goals,Arsenal,Chelsea,Eberechi Eze,Arsenal,Chelsea,1.5,13,TAB
Arsenal v Chelsea,2026-03-01T16:30:00.000Z,Player Goals,Arsenal,Chelsea,Eberechi Eze,Crystal Palace,Arsenal,1.5,13,TAB
Arsenal v Chelsea,2026-03-01T16:30:00.000Z,Player Goals,Arsenal,Chelsea,Eberechi Eze,Arsenal,Chelsea,2.5,81,TAB
Arsenal v Chelsea,2026-03-01T16:30:00.000Z,Player Goals,Arsenal,Chelsea,Eberechi Eze,Crystal Palace,Arsenal,2.5,81,TAB
Arsenal v Chelsea,2026-03-01T16:30:00.000Z,Player Goals,Arsenal,Chelsea,Enzo Fern<c3><a1>ndez,NA,NA,0.5,5.5,TAB
Arsenal v Chelsea,2026-03-01T16:30:00.000Z,Player Goals,Arsenal,Chelsea,Enzo Fern<c3><a1>ndez,NA,NA,1.5,41,TAB
Arsenal v Chelsea,2026-03-01T16:30:00.000Z,Player Goals,Arsenal,Chelsea,Enzo Fern<c3><a1>ndez,NA,NA,2.5,301,TAB
Arsenal v Chelsea,2026-03-01T16:30:00.000Z,Player Goals,Arsenal,Chelsea,Gabriel Jesus,Arsenal,Chelsea,0.5,2.3,TAB
Arsenal v Chelsea,2026-03-01T16:30:00.000Z,Player Goals,Arsenal,Chelsea,Gabriel Jesus,Arsenal,Chelsea,1.5,8.5,TAB
Arsenal v Chelsea,2026-03-01T16:30:00.000Z,Player Goals,Arsenal,Chelsea,Gabriel Jesus,Arsenal,Chelsea,2.5,34,TAB
Arsenal v Chelsea,2026-03-01T16:30:00.000Z,Player Goals,Arsenal,Chelsea,Gabriel Magalh<c3><a3>es,NA,NA,0.5,4.75,TAB
Arsenal v Chelsea,2026-03-01T16:30:00.000Z,Player Goals,Arsenal,Chelsea,Gabriel Magalh<c3><a3>es,NA,NA,1.5,34,TAB
Arsenal v Chelsea,2026-03-01T16:30:00.000Z,Player Goals,Arsenal,Chelsea,Gabriel Magalh<c3><a3>es,NA,NA,2.5,201,TAB
Arsenal v Chelsea,2026-03-01T16:30:00.000Z,Player Goals,Arsenal,Chelsea,Gabriel Martinelli,Arsenal,Chelsea,0.5,2.7,TAB
Arsenal v Chelsea,2026-03-01T16:30:00.000Z,Player Goals,Arsenal,Chelsea,Gabriel Martinelli,Arsenal,Chelsea,1.5,12,TAB
Arsenal v Chelsea,2026-03-01T16:30:00.000Z,Player Goals,Arsenal,Chelsea,Gabriel Martinelli,Arsenal,Chelsea,2.5,67,TAB
Arsenal v Chelsea,2026-03-01T16:30:00.000Z,Player Goals,Arsenal,Chelsea,Jo<c3><a3>o Pedro,NA,NA,0.5,4,TAB
Arsenal v Chelsea,2026-03-01T16:30:00.000Z,Player Goals,Arsenal,Chelsea,Jo<c3><a3>o Pedro,NA,NA,1.5,21,TAB
Arsenal v Chelsea,2026-03-01T16:30:00.000Z,Player Goals,Arsenal,Chelsea,Jo<c3><a3>o Pedro,NA,NA,2.5,151,TAB
Arsenal v Chelsea,2026-03-01T16:30:00.000Z,Player Goals,Arsenal,Chelsea,Jorrel Hato,Chelsea,Arsenal,0.5,17,TAB
Arsenal v Chelsea,2026-03-01T16:30:00.000Z,Player Goals,Arsenal,Chelsea,Jorrel Hato,Chelsea,Arsenal,1.5,301,TAB
Arsenal v Chelsea,2026-03-01T16:30:00.000Z,Player Goals,Arsenal,Chelsea,Jorrel Hato,Chelsea,Arsenal,2.5,401,TAB
Arsenal v Chelsea,2026-03-01T16:30:00.000Z,Player Goals,Arsenal,Chelsea,Josh Acheampong,Chelsea,Arsenal,0.5,15,TAB
Arsenal v Chelsea,2026-03-01T16:30:00.000Z,Player Goals,Arsenal,Chelsea,Josh Acheampong,Chelsea,Arsenal,1.5,201,TAB
Arsenal v Chelsea,2026-03-01T16:30:00.000Z,Player Goals,Arsenal,Chelsea,Josh Acheampong,Chelsea,Arsenal,2.5,401,TAB
Arsenal v Chelsea,2026-03-01T16:30:00.000Z,Player Goals,Arsenal,Chelsea,Jurrien Timber,NA,NA,0.5,7,TAB
Arsenal v Chelsea,2026-03-01T16:30:00.000Z,Player Goals,Arsenal,Chelsea,Jurrien Timber,NA,NA,1.5,81,TAB
Arsenal v Chelsea,2026-03-01T16:30:00.000Z,Player Goals,Arsenal,Chelsea,Jurrien Timber,NA,NA,2.5,401,TAB
Arsenal v Chelsea,2026-03-01T16:30:00.000Z,Player Goals,Arsenal,Chelsea,Leandro Trossard,Arsenal,Chelsea,0.5,2.6,TAB
Arsenal v Chelsea,2026-03-01T16:30:00.000Z,Player Goals,Arsenal,Chelsea,Leandro Trossard,Arsenal,Chelsea,1.5,11,TAB
Arsenal v Chelsea,2026-03-01T16:30:00.000Z,Player Goals,Arsenal,Chelsea,Leandro Trossard,Arsenal,Chelsea,2.5,51,TAB
Arsenal v Chelsea,2026-03-01T16:30:00.000Z,Player Goals,Arsenal,Chelsea,Liam Delap,Chelsea,Arsenal,0.5,4,TAB
Arsenal v Chelsea,2026-03-01T16:30:00.000Z,Player Goals,Arsenal,Chelsea,Liam Delap,Chelsea,Arsenal,1.5,21,TAB
Arsenal v Chelsea,2026-03-01T16:30:00.000Z,Player Goals,Arsenal,Chelsea,Liam Delap,Chelsea,Arsenal,2.5,201,TAB
Arsenal v Chelsea,2026-03-01T16:30:00.000Z,Player Goals,Arsenal,Chelsea,Malo Gusto,Chelsea,Arsenal,0.5,15,TAB
Arsenal v Chelsea,2026-03-01T16:30:00.000Z,Player Goals,Arsenal,Chelsea,Malo Gusto,Chelsea,Arsenal,1.5,201,TAB
Arsenal v Chelsea,2026-03-01T16:30:00.000Z,Player Goals,Arsenal,Chelsea,Malo Gusto,Chelsea,Arsenal,2.5,401,TAB
Arsenal v Chelsea,2026-03-01T16:30:00.000Z,Player Goals,Arsenal,Chelsea,Mamadou Sarr,NA,NA,0.5,15,TAB
Arsenal v Chelsea,2026-03-01T16:30:00.000Z,Player Goals,Arsenal,Chelsea,Mamadou Sarr,NA,NA,1.5,201,TAB
Arsenal v Chelsea,2026-03-01T16:30:00.000Z,Player Goals,Arsenal,Chelsea,Mamadou Sarr,NA,NA,2.5,401,TAB
Arsenal v Chelsea,2026-03-01T16:30:00.000Z,Player Goals,Arsenal,Chelsea,Marc Guiu,Chelsea,Arsenal,0.5,4.25,TAB
Arsenal v Chelsea,2026-03-01T16:30:00.000Z,Player Goals,Arsenal,Chelsea,Marc Guiu,Chelsea,Arsenal,1.5,21,TAB
Arsenal v Chelsea,2026-03-01T16:30:00.000Z,Player Goals,Arsenal,Chelsea,Marc Guiu,Chelsea,Arsenal,2.5,201,TAB
Arsenal v Chelsea,2026-03-01T16:30:00.000Z,Player Goals,Arsenal,Chelsea,Martin <c3><98>degaard,NA,NA,0.5,4,TAB
Arsenal v Chelsea,2026-03-01T16:30:00.000Z,Player Goals,Arsenal,Chelsea,Martin <c3><98>degaard,NA,NA,1.5,21,TAB
Arsenal v Chelsea,2026-03-01T16:30:00.000Z,Player Goals,Arsenal,Chelsea,Martin <c3><98>degaard,NA,NA,2.5,151,TAB
Arsenal v Chelsea,2026-03-01T16:30:00.000Z,Player Goals,Arsenal,Chelsea,Martin Zubimendi,NA,NA,0.5,5.5,TAB
Arsenal v Chelsea,2026-03-01T16:30:00.000Z,Player Goals,Arsenal,Chelsea,Martin Zubimendi,NA,NA,1.5,51,TAB
Arsenal v Chelsea,2026-03-01T16:30:00.000Z,Player Goals,Arsenal,Chelsea,Martin Zubimendi,NA,NA,2.5,301,TAB
Arsenal v Chelsea,2026-03-01T16:30:00.000Z,Player Goals,Arsenal,Chelsea,Mois<c3><a9>s Caicedo,NA,NA,0.5,12,TAB
Arsenal v Chelsea,2026-03-01T16:30:00.000Z,Player Goals,Arsenal,Chelsea,Mois<c3><a9>s Caicedo,NA,NA,1.5,201,TAB
Arsenal v Chelsea,2026-03-01T16:30:00.000Z,Player Goals,Arsenal,Chelsea,Mois<c3><a9>s Caicedo,NA,NA,2.5,401,TAB
Arsenal v Chelsea,2026-03-01T16:30:00.000Z,Player Goals,Arsenal,Chelsea,Myles Lewis-Skelly,Arsenal,Chelsea,0.5,10,TAB
Arsenal v Chelsea,2026-03-01T16:30:00.000Z,Player Goals,Arsenal,Chelsea,Myles Lewis-Skelly,Arsenal,Chelsea,1.5,151,TAB
Arsenal v Chelsea,2026-03-01T16:30:00.000Z,Player Goals,Arsenal,Chelsea,Myles Lewis-Skelly,Arsenal,Chelsea,2.5,401,TAB
Arsenal v Chelsea,2026-03-01T16:30:00.000Z,Player Goals,Arsenal,Chelsea,Noni Madueke,Arsenal,Chelsea,0.5,2.8,TAB
Arsenal v Chelsea,2026-03-01T16:30:00.000Z,Player Goals,Arsenal,Chelsea,Noni Madueke,Arsenal,Chelsea,1.5,12,TAB
Arsenal v Chelsea,2026-03-01T16:30:00.000Z,Player Goals,Arsenal,Chelsea,Noni Madueke,Arsenal,Chelsea,2.5,67,TAB
Arsenal v Chelsea,2026-03-01T16:30:00.000Z,Player Goals,Arsenal,Chelsea,Pedro Neto,Chelsea,Arsenal,0.5,5.5,TAB
Arsenal v Chelsea,2026-03-01T16:30:00.000Z,Player Goals,Arsenal,Chelsea,Pedro Neto,Chelsea,Arsenal,1.5,41,TAB
Arsenal v Chelsea,2026-03-01T16:30:00.000Z,Player Goals,Arsenal,Chelsea,Pedro Neto,Chelsea,Arsenal,2.5,301,TAB
Arsenal v Chelsea,2026-03-01T16:30:00.000Z,Player Goals,Arsenal,Chelsea,Piero Hincapie,NA,NA,0.5,10,TAB
Arsenal v Chelsea,2026-03-01T16:30:00.000Z,Player Goals,Arsenal,Chelsea,Piero Hincapie,NA,NA,1.5,151,TAB
Arsenal v Chelsea,2026-03-01T16:30:00.000Z,Player Goals,Arsenal,Chelsea,Piero Hincapie,NA,NA,2.5,401,TAB
Arsenal v Chelsea,2026-03-01T16:30:00.000Z,Player Goals,Arsenal,Chelsea,Reece James,Chelsea,Arsenal,0.5,12,TAB
Arsenal v Chelsea,2026-03-01T16:30:00.000Z,Player Goals,Arsenal,Chelsea,Reece James,Chelsea,Arsenal,1.5,201,TAB
Arsenal v Chelsea,2026-03-01T16:30:00.000Z,Player Goals,Arsenal,Chelsea,Reece James,Chelsea,Arsenal,2.5,401,TAB
Arsenal v Chelsea,2026-03-01T16:30:00.000Z,Player Goals,Arsenal,Chelsea,Riccardo Calafiori,Arsenal,Chelsea,0.5,7,TAB
Arsenal v Chelsea,2026-03-01T16:30:00.000Z,Player Goals,Arsenal,Chelsea,Riccardo Calafiori,Arsenal,Chelsea,1.5,81,TAB
Arsenal v Chelsea,2026-03-01T16:30:00.000Z,Player Goals,Arsenal,Chelsea,Riccardo Calafiori,Arsenal,Chelsea,2.5,401,TAB
Arsenal v Chelsea,2026-03-01T16:30:00.000Z,Player Goals,Arsenal,Chelsea,Tosin Adarabioyo,Chelsea,Arsenal,0.5,17,TAB
Arsenal v Chelsea,2026-03-01T16:30:00.000Z,Player Goals,Arsenal,Chelsea,Tosin Adarabioyo,Chelsea,Arsenal,1.5,301,TAB
Arsenal v Chelsea,2026-03-01T16:30:00.000Z,Player Goals,Arsenal,Chelsea,Tosin Adarabioyo,Chelsea,Arsenal,2.5,401,TAB
Arsenal v Chelsea,2026-03-01T16:30:00.000Z,Player Goals,Arsenal,Chelsea,Trevoh Chalobah,Chelsea,Arsenal,0.5,13,TAB
Arsenal v Chelsea,2026-03-01T16:30:00.000Z,Player Goals,Arsenal,Chelsea,Trevoh Chalobah,Chelsea,Arsenal,1.5,201,TAB
Arsenal v Chelsea,2026-03-01T16:30:00.000Z,Player Goals,Arsenal,Chelsea,Trevoh Chalobah,Chelsea,Arsenal,2.5,401,TAB
Arsenal v Chelsea,2026-03-01T16:30:00.000Z,Player Goals,Arsenal,Chelsea,Viktor Gyokeres,NA,NA,0.5,2.1,TAB
Arsenal v Chelsea,2026-03-01T16:30:00.000Z,Player Goals,Arsenal,Chelsea,Viktor Gyokeres,NA,NA,1.5,7,TAB
Arsenal v Chelsea,2026-03-01T16:30:00.000Z,Player Goals,Arsenal,Chelsea,Viktor Gyokeres,NA,NA,2.5,21,TAB
Arsenal v Chelsea,2026-03-01T16:30:00.000Z,Player Goals,Arsenal,Chelsea,William Saliba,Arsenal,Chelsea,0.5,10,TAB
Arsenal v Chelsea,2026-03-01T16:30:00.000Z,Player Goals,Arsenal,Chelsea,William Saliba,Arsenal,Chelsea,1.5,151,TAB
Arsenal v Chelsea,2026-03-01T16:30:00.000Z,Player Goals,Arsenal,Chelsea,William Saliba,Arsenal,Chelsea,2.5,401,TAB
